-- MySQL dump 10.13  Distrib 5.7.17, for macos10.12 (x86_64)
--
-- Host: 127.0.0.1    Database: inventory
-- ------------------------------------------------------
-- Server version	5.7.19

/*!40101 SET @OLD_CHARACTER_SET_CLIENT=@@CHARACTER_SET_CLIENT */;
/*!40101 SET @OLD_CHARACTER_SET_RESULTS=@@CHARACTER_SET_RESULTS */;
/*!40101 SET @OLD_COLLATION_CONNECTION=@@COLLATION_CONNECTION */;
/*!40101 SET NAMES utf8 */;
/*!40103 SET @OLD_TIME_ZONE=@@TIME_ZONE */;
/*!40103 SET TIME_ZONE='+00:00' */;
/*!40014 SET @OLD_UNIQUE_CHECKS=@@UNIQUE_CHECKS, UNIQUE_CHECKS=0 */;
/*!40014 SET @OLD_FOREIGN_KEY_CHECKS=@@FOREIGN_KEY_CHECKS, FOREIGN_KEY_CHECKS=0 */;
/*!40101 SET @OLD_SQL_MODE=@@SQL_MODE, SQL_MODE='NO_AUTO_VALUE_ON_ZERO' */;
/*!40111 SET @OLD_SQL_NOTES=@@SQL_NOTES, SQL_NOTES=0 */;

--
-- Table structure for table `action_log`
--
USE inventory;
DROP TABLE IF EXISTS `action_log`;
/*!40101 SET @saved_cs_client     = @@character_set_client */;
/*!40101 SET character_set_client = utf8 */;
CREATE TABLE `action_log` (
  `id` varchar(45) NOT NULL,
  `tenant_id` varchar(45) NOT NULL,
  `user_id` varchar(45) NOT NULL,
  `reference_id` varchar(45) NOT NULL,
  `reference_type` varchar(65) NOT NULL,
  `date_changed` datetime NOT NULL,
  `human_readable_action` varchar(150) DEFAULT NULL,
  `modified_reference_type` varchar(45) NOT NULL,
  PRIMARY KEY (`id`),
  KEY `reference_type_reference_id` (`reference_type`,`reference_id`),
  KEY `tenant_action_idx` (`tenant_id`),
  CONSTRAINT `tenant_action` FOREIGN KEY (`tenant_id`) REFERENCES `tz_tenant` (`id`) ON DELETE NO ACTION ON UPDATE NO ACTION
) ENGINE=InnoDB DEFAULT CHARSET=utf8;
/*!40101 SET character_set_client = @saved_cs_client */;

--
-- Dumping data for table `action_log`
--

LOCK TABLES `action_log` WRITE;
/*!40000 ALTER TABLE `action_log` DISABLE KEYS */;
/*!40000 ALTER TABLE `action_log` ENABLE KEYS */;
UNLOCK TABLES;

--
-- Temporary view structure for view `current_inventory`
--

DROP TABLE IF EXISTS `current_inventory`;
/*!50001 DROP VIEW IF EXISTS `current_inventory`*/;
SET @saved_cs_client     = @@character_set_client;
SET character_set_client = utf8;
/*!50001 CREATE VIEW `current_inventory` AS SELECT 
 1 AS `id`,
 1 AS `inventory`,
 1 AS `status`,
 1 AS `productId`,
 1 AS `distributor`,
 1 AS `vendor`,
 1 AS `distributor_type`,
 1 AS `totalCost`,
 1 AS `type`,
 1 AS `strainName`,
 1 AS `productName`,
 1 AS `Amount`,
 1 AS `unitOfMeasure`,
 1 AS `Total Mg THC`,
 1 AS `units`,
 1 AS `brand`,
 1 AS `classification`,
 1 AS `subtype`,
 1 AS `effect`,
 1 AS `flavor`,
 1 AS `general`,
 1 AS `sizes`,
 1 AS `priceSell`,
 1 AS `purchaseDate`,
 1 AS `goLiveDate`,
 1 AS `preExciseCost`,
 1 AS `po_status`,
 1 AS `sku`,
 1 AS `postExciseCost`*/;
SET character_set_client = @saved_cs_client;

--
-- Table structure for table `custom_batch_job`
--

DROP TABLE IF EXISTS `custom_batch_job`;
/*!40101 SET @saved_cs_client     = @@character_set_client */;
/*!40101 SET character_set_client = utf8 */;
CREATE TABLE `custom_batch_job` (
  `custom_batch_job_id` bigint(20) NOT NULL AUTO_INCREMENT,
  `report_name` varchar(25) DEFAULT NULL,
  `last_run_dtm` datetime DEFAULT NULL,
  PRIMARY KEY (`custom_batch_job_id`),
  UNIQUE KEY `report_last_run` (`report_name`)
) ENGINE=InnoDB DEFAULT CHARSET=utf8;
/*!40101 SET character_set_client = @saved_cs_client */;

--
-- Dumping data for table `custom_batch_job`
--

LOCK TABLES `custom_batch_job` WRITE;
/*!40000 ALTER TABLE `custom_batch_job` DISABLE KEYS */;
/*!40000 ALTER TABLE `custom_batch_job` ENABLE KEYS */;
UNLOCK TABLES;

--
-- Table structure for table `databasechangelog`
--

DROP TABLE IF EXISTS `databasechangelog`;
/*!40101 SET @saved_cs_client     = @@character_set_client */;
/*!40101 SET character_set_client = utf8 */;
CREATE TABLE `databasechangelog` (
  `ID` varchar(255) NOT NULL,
  `AUTHOR` varchar(255) NOT NULL,
  `FILENAME` varchar(255) NOT NULL,
  `DATEEXECUTED` datetime NOT NULL,
  `ORDEREXECUTED` int(11) NOT NULL,
  `EXECTYPE` varchar(10) NOT NULL,
  `MD5SUM` varchar(35) DEFAULT NULL,
  `DESCRIPTION` varchar(255) DEFAULT NULL,
  `COMMENTS` varchar(255) DEFAULT NULL,
  `TAG` varchar(255) DEFAULT NULL,
  `LIQUIBASE` varchar(20) DEFAULT NULL,
  `CONTEXTS` varchar(255) DEFAULT NULL,
  `LABELS` varchar(255) DEFAULT NULL,
  `DEPLOYMENT_ID` varchar(10) DEFAULT NULL
) ENGINE=InnoDB DEFAULT CHARSET=latin1;
/*!40101 SET character_set_client = @saved_cs_client */;

--
-- Dumping data for table `databasechangelog`
--

LOCK TABLES `databasechangelog` WRITE;
/*!40000 ALTER TABLE `databasechangelog` DISABLE KEYS */;
INSERT INTO `databasechangelog` VALUES ('90825a77-be22-4bbe-8c03-e596577a62ef','Jeff','classpath:db/changelog/databaseChangeLog-initial.xml','2020-02-17 13:20:08',1,'EXECUTED','7:991cfc0a470c626b5d1ff6f545d3f06f','sql','Change database default collation to utf8',NULL,'3.5.3',NULL,NULL,'1974408268'),('e658f940-775a-4699-841d-707edf8e4089','Jeff','classpath:db/changelog/databaseChangeLog-initial.xml','2020-02-17 13:20:10',2,'EXECUTED','7:c0dc9bd852151d2abc4462058ed82965','sqlFile','Create initial Inventory 2.0 tables',NULL,'3.5.3',NULL,NULL,'1974408268'),('ceeeffef-99d3-11e9-8608-0223de928cc2','Jeff','classpath:db/changelog/databaseChangeLog-initial.xml','2020-02-17 13:20:10',3,'EXECUTED','7:25c87c175de130b4de204afa25a09bc0','sql','Increase size of effective_code column',NULL,'3.5.3',NULL,NULL,'1974408268'),('8e5161bf-4cf9-4ff7-b0e5-641ab098ce7a','Jeff','classpath:db/changelog/databaseChangeLog-initial.xml','2020-02-17 13:20:10',4,'EXECUTED','7:2950533ff4aa8c630615b6c26c31c063','sql','Add Default Tenant',NULL,'3.5.3',NULL,NULL,'1974408268'),('4b394c74-9d35-422e-b820-72609e4c92c4','Jeff','classpath:db/changelog/databaseChangeLog-initial.xml','2020-02-17 13:20:10',5,'EXECUTED','7:b7ea976f34a1640eeb379557b0d124bb','sqlFile','Add Default Configuration',NULL,'3.5.3',NULL,NULL,'1974408268'),('067bb1ad-7112-4d3e-b233-61d47d98e23a','Jeff','classpath:db/changelog/databaseChangeLog-initial.xml','2020-02-17 13:20:10',6,'EXECUTED','7:2d9b0335ee9d8fbd6c884b8d081cb9c7','sqlFile','Add Default Type',NULL,'3.5.3',NULL,NULL,'1974408268'),('17c4b71e-9b47-453b-acca-130e3ac39e4f','Jeff','classpath:db/changelog/databaseChangeLog-initial.xml','2020-02-17 13:20:10',7,'EXECUTED','7:a5f57d131ee053f4cac0c5680a5a9704','sqlFile','Add Default Product Metadata',NULL,'3.5.3',NULL,NULL,'1974408268'),('402800916996EE7401699C3B893F0002','Jeff','classpath:db/changelog/databaseChangeLog-initial.xml','2020-02-17 13:20:10',8,'EXECUTED','7:92c4749f9b8e6a4d93dd5130ca5c92e2','sqlFile','Add Default Dropdown',NULL,'3.5.3',NULL,NULL,'1974408268'),('d130b6b6-3dab-4822-aa8f-4b225f362e96','Jeff','classpath:db/changelog/databaseChangeLog-initial.xml','2020-02-17 13:20:10',9,'EXECUTED','7:0feecb95d135033a53c438c22e1dc096','sqlFile','Add Default Label Data Mapper',NULL,'3.5.3',NULL,NULL,'1974408268'),('98ab1402-3687-425b-bc56-5dbc5925fc11','Jeff','classpath:db/changelog/databaseChangeLog-initial.xml','2020-02-17 13:20:10',10,'EXECUTED','7:78e9bf9987c674ca2893ab2bd0c5be90','sql; sqlFile','STRIP_NON_DIGIT function',NULL,'3.5.3',NULL,NULL,'1974408268'),('a7244c59-7be8-40b6-ab5f-11c01abdd7c2','Jeff','classpath:db/changelog/databaseChangeLog-initial.xml','2020-02-17 13:20:10',11,'EXECUTED','7:120ba48500296119d5569cdb484a5ef0','sqlFile','Treez 2.0 migration - distributor',NULL,'3.5.3',NULL,NULL,'1974408268'),('71e2db5f-bf5d-4deb-8f6a-0c738c4d6873','Jeff','classpath:db/changelog/databaseChangeLog-initial.xml','2020-02-17 13:20:10',12,'EXECUTED','7:e50cf9c3d01406b63232b04f3e6adc09','sqlFile','Treez 2.0 migration - location',NULL,'3.5.3',NULL,NULL,'1974408268'),('9e1381e8-40b4-46bc-b967-3e46dce2ab0d','Jeff','classpath:db/changelog/databaseChangeLog-initial.xml','2020-02-17 13:20:10',13,'EXECUTED','7:820672e9b86259e060a59bdc06742eab','sqlFile','Treez 2.0 migration - product',NULL,'3.5.3',NULL,NULL,'1974408268'),('eb018210-ac4f-41a8-974c-ce987f8e6dd0','Jeff','classpath:db/changelog/databaseChangeLog-initial.xml','2020-02-17 13:20:10',14,'EXECUTED','7:26aa66e2800802400446ddeca2c995b5','sqlFile','Treez 2.0 migration - product detail',NULL,'3.5.3',NULL,NULL,'1974408268'),('c0e8a46d-4d4c-4295-81ab-abb3e7568c2d','Jeff','classpath:db/changelog/databaseChangeLog-initial.xml','2020-02-17 13:20:10',15,'EXECUTED','7:05c63c75863d230b848efdbf160aa045','sqlFile','Treez 2.0 migration - invoice',NULL,'3.5.3',NULL,NULL,'1974408268'),('087b295c-9122-4dd5-b642-043d3f5fbce3','Jeff','classpath:db/changelog/databaseChangeLog-initial.xml','2020-02-17 13:20:10',16,'EXECUTED','7:8702788bc2936c3823693102f3b03d92','sqlFile','Treez 2.0 migration - invoice payment',NULL,'3.5.3',NULL,NULL,'1974408268'),('8b72a068-2ada-43c6-96af-b2d8d7e5b8b7','Stephen','classpath:db/changelog/databaseChangeLog-initial.xml','2020-02-17 13:20:10',17,'EXECUTED','7:b8edd5bfa22efb5348ca708311edf568','sql; sqlFile; sql','Treez 2.0 migration - Generate Barcodes',NULL,'3.5.3',NULL,NULL,'1974408268'),('c8dd3e90-44c3-48fc-b9cd-c1d66b62ed4c','Wade','classpath:db/changelog/databaseChangeLog-two_table_history.xml','2020-02-17 13:20:10',18,'EXECUTED','7:cb706831646817a501233cf35134092c','sql','Push migrated data into audit tables',NULL,'3.5.3',NULL,NULL,'1974408268'),('8d1fd18a-b1eb-4bb6-9825-814b82bc2ea5','Wade','classpath:db/changelog/databaseChangeLog-two_table_history.xml','2020-02-17 13:20:10',19,'EXECUTED','7:a1add10f64e62a33555819872ea37fce','sql','Push migrated data into audit tables',NULL,'3.5.3',NULL,NULL,'1974408268'),('10303cde-260d-48ff-8545-3c9de986f60e','Wade','classpath:db/changelog/databaseChangeLog-two_table_history.xml','2020-02-17 13:20:10',20,'EXECUTED','7:9f11c5cc25f8d6c52accb87903d59ef9','sql','Push migrated data into audit tables',NULL,'3.5.3',NULL,NULL,'1974408268'),('a81228eb-ec72-4d27-8bc6-6a3ddb8ac7ad','Wade','classpath:db/changelog/databaseChangeLog-two_table_history.xml','2020-02-17 13:20:10',21,'EXECUTED','7:abd811b142e1c584c8e32ce63088f778','sql','Push migrated data into audit tables',NULL,'3.5.3',NULL,NULL,'1974408268'),('73215920-3cef-4dc9-a5e2-01c942009391','Wade','classpath:db/changelog/databaseChangeLog-two_table_history.xml','2020-02-17 13:20:10',22,'EXECUTED','7:28d337f58486f79c0a2455daa0970939','sql','Push migrated data into audit tables',NULL,'3.5.3',NULL,NULL,'1974408268'),('e7bc139b-3165-4d2f-9a46-05a9a0cd82c9','Wade','classpath:db/changelog/databaseChangeLog-two_table_history.xml','2020-02-17 13:20:10',23,'EXECUTED','7:3518778e8794e0ace00c8cc07a14de99','sql','Push migrated data into audit tables',NULL,'3.5.3',NULL,NULL,'1974408268'),('0cef2faa-fee4-438a-9b8e-d8d4c9ac731f','Wade','classpath:db/changelog/databaseChangeLog-two_table_history.xml','2020-02-17 13:20:10',24,'EXECUTED','7:44e89b60e198a083dc0005463af8aa75','sql','Push migrated data into audit tables',NULL,'3.5.3',NULL,NULL,'1974408268'),('587aaa16-feab-457d-ac97-5f14afedd8e3','Wade','classpath:db/changelog/databaseChangeLog-two_table_history.xml','2020-02-17 13:20:10',25,'EXECUTED','7:5e265f116ef7db0cf4ee135b10e67a90','sql','Push migrated data into audit tables',NULL,'3.5.3',NULL,NULL,'1974408268'),('533321dd-8f56-4a34-9fa0-206cf3f02366','Wade','classpath:db/changelog/databaseChangeLog-two_table_history.xml','2020-02-17 13:20:10',26,'EXECUTED','7:14a0cbafa178e6203ec582ab4c23f285','sql','Push migrated data into audit tables',NULL,'3.5.3',NULL,NULL,'1974408268'),('774d22d7-c26e-46ad-9a65-9098a5298911','Wade','classpath:db/changelog/databaseChangeLog-two_table_history.xml','2020-02-17 13:20:10',27,'EXECUTED','7:c8e63fb41da5d737a96da92cddda4270','sql','Push migrated data into audit tables',NULL,'3.5.3',NULL,NULL,'1974408268'),('052340af-44d3-4bca-8611-7761b850fde1','Wade','classpath:db/changelog/databaseChangeLog-two_table_history.xml','2020-02-17 13:20:10',28,'EXECUTED','7:73627bcf4e97ed836419275052ee0517','sql','Push migrated data into audit tables',NULL,'3.5.3',NULL,NULL,'1974408268'),('f44b70f5-487e-4753-85db-f69b86b02cc5','Wade','classpath:db/changelog/databaseChangeLog-two_table_history.xml','2020-02-17 13:20:10',29,'EXECUTED','7:a21fa02c6c34f019444fb651ea954ffb','sql','Push migrated data into audit tables',NULL,'3.5.3',NULL,NULL,'1974408268'),('ae92893f-9db5-461f-9d6a-e82b73d5356a','Wade','classpath:db/changelog/databaseChangeLog-two_table_history.xml','2020-02-17 13:20:10',30,'EXECUTED','7:142484ac118b859b87b730a103f72c0b','sql','Push migrated data into audit tables',NULL,'3.5.3',NULL,NULL,'1974408268'),('1067e765-7410-4907-b465-9856debffc50','Wade','classpath:db/changelog/databaseChangeLog-two_table_history.xml','2020-02-17 13:20:10',31,'EXECUTED','7:410a336ace72e09b3d1ec9dc67db0b97','sql','Push migrated data into audit tables',NULL,'3.5.3',NULL,NULL,'1974408268'),('89a6ea9d-c295-412b-bf18-c6977df5c258','Wade','classpath:db/changelog/databaseChangeLog-two_table_history.xml','2020-02-17 13:20:10',32,'EXECUTED','7:e288cf48bb7857c6950b3bdccce0c012','sql','Push migrated data into audit tables',NULL,'3.5.3',NULL,NULL,'1974408268'),('bc572d64-c3d0-4092-b0d4-b832dd836c28','Wade','classpath:db/changelog/databaseChangeLog-two_table_history.xml','2020-02-17 13:20:10',33,'EXECUTED','7:bf401280d2a9438712f15267b610eaeb','sql','Push migrated data into audit tables',NULL,'3.5.3',NULL,NULL,'1974408268'),('6d3ea657-8c54-4772-8c9e-2228f04b9ac3','Wade','classpath:db/changelog/databaseChangeLog-two_table_history.xml','2020-02-17 13:20:10',34,'EXECUTED','7:cfa78915747f9192d1d2c9a045907ba3','sql','Push migrated data into audit tables',NULL,'3.5.3',NULL,NULL,'1974408268'),('c81133c3-5eb7-4fdf-8e47-9d82f84787e5','Wade','classpath:db/changelog/databaseChangeLog-two_table_history.xml','2020-02-17 13:20:10',35,'EXECUTED','7:688dd37c34533a4f8b2b7fd2f1b5c6a9','sql','Push migrated data into audit tables',NULL,'3.5.3',NULL,NULL,'1974408268'),('c026a7ee-618d-4763-a3fd-a0538b5f7323','Wade','classpath:db/changelog/databaseChangeLog-two_table_history.xml','2020-02-17 13:20:10',36,'EXECUTED','7:57815edbd5b78da869b428ccdd9adf78','sql','Push migrated data into audit tables',NULL,'3.5.3',NULL,NULL,'1974408268'),('b77873d2-5ebe-42ef-8d9c-e02cb2699925','Wade','classpath:db/changelog/databaseChangeLog-two_table_history.xml','2020-02-17 13:20:11',37,'EXECUTED','7:df4c07a7cbfc51ec1756df859d43ca17','sql','Push migrated data into audit tables',NULL,'3.5.3',NULL,NULL,'1974408268'),('af731cc2-e6c5-41da-8469-4777b55e9b5e','Wade','classpath:db/changelog/databaseChangeLog-two_table_history.xml','2020-02-17 13:20:11',38,'EXECUTED','7:3b49a91f33f4ec17ea8dc6286cdf8c16','sql','Push migrated data into audit tables',NULL,'3.5.3',NULL,NULL,'1974408268'),('263af331-7935-494b-a540-6f968ed503b6','Wade','classpath:db/changelog/databaseChangeLog-two_table_history.xml','2020-02-17 13:20:11',39,'EXECUTED','7:cdbc3822a340d0a6a5b9bdb423205ffa','sql','Push migrated data into audit tables',NULL,'3.5.3',NULL,NULL,'1974408268'),('0d22c75e-1a8f-49f7-8be4-509254908eb4','Wade','classpath:db/changelog/databaseChangeLog-two_table_history.xml','2020-02-17 13:20:11',40,'EXECUTED','7:23a8ff1b98c24301508bee81297e3cbe','sql','Push migrated data into audit tables',NULL,'3.5.3',NULL,NULL,'1974408268'),('992c86d4-c35e-4c88-bb9c-2c664ecb03d9','Wade','classpath:db/changelog/databaseChangeLog-two_table_history.xml','2020-02-17 13:20:11',41,'EXECUTED','7:fff1110454579f1c291e54606f6f696c','sql','Push migrated data into audit tables',NULL,'3.5.3',NULL,NULL,'1974408268'),('9b7d5bba-1ed5-4940-bdf8-8e65b326b101','Wade','classpath:db/changelog/databaseChangeLog-two_table_history.xml','2020-02-17 13:20:11',42,'EXECUTED','7:a8da8bae9971ee8b1603e33f281c1055','sql','Push migrated data into audit tables',NULL,'3.5.3',NULL,NULL,'1974408268'),('e064be93-7bdf-4a7a-ba15-b7743d1431b4','Wade','classpath:db/changelog/databaseChangeLog-two_table_history.xml','2020-02-17 13:20:11',43,'EXECUTED','7:5014e1a65a900e29d59ab29cd97c113b','sql','Push migrated data into audit tables',NULL,'3.5.3',NULL,NULL,'1974408268'),('d9342abd-831b-47b6-8820-d43413692298','Wade','classpath:db/changelog/databaseChangeLog-two_table_history.xml','2020-02-17 13:20:11',44,'EXECUTED','7:93a25c348c05dec326a4397db49c0a37','sql','Push migrated data into audit tables',NULL,'3.5.3',NULL,NULL,'1974408268'),('cc466efc-f6cc-4ab3-aff4-af84b3784beb','Wade','classpath:db/changelog/databaseChangeLog-two_table_history.xml','2020-02-17 13:20:11',45,'EXECUTED','7:6c45ce150bc63e37bf7155183a7fc799','sql','Push migrated data into audit tables',NULL,'3.5.3',NULL,NULL,'1974408268'),('df9e92b1-0eb8-4fa7-991c-15e90e30b205','Wade','classpath:db/changelog/databaseChangeLog-two_table_history.xml','2020-02-17 13:20:11',46,'EXECUTED','7:bd308ab5b473d07e24f98e48280671d7','sql','Push migrated data into audit tables',NULL,'3.5.3',NULL,NULL,'1974408268'),('6a9d29cc-ab38-4a69-8a7d-c4a775801621','Wade','classpath:db/changelog/databaseChangeLog-two_table_history.xml','2020-02-17 13:20:11',47,'EXECUTED','7:195f325bcf668e4524558690305b66fa','sql','Push migrated data into audit tables',NULL,'3.5.3',NULL,NULL,'1974408268'),('bf0a317b-c930-4a9f-9892-e2e753ad1942','Wade','classpath:db/changelog/databaseChangeLog-two_table_history.xml','2020-02-17 13:20:11',48,'EXECUTED','7:3b31afcf244517da57a0d74894237cba','sql','Push migrated data into audit tables',NULL,'3.5.3',NULL,NULL,'1974408268'),('6732ce96-5678-4f9e-9cb5-230ed2f12ce6','Wade','classpath:db/changelog/databaseChangeLog-two_table_history.xml','2020-02-17 13:20:11',49,'EXECUTED','7:5ccc9ba4f77e473d9e0a2916ba761401','sql','Push migrated data into audit tables',NULL,'3.5.3',NULL,NULL,'1974408268'),('55e254d8-4c79-4f58-8e37-0224d677a85a','Wade','classpath:db/changelog/databaseChangeLog-two_table_history.xml','2020-02-17 13:20:11',50,'EXECUTED','7:e0c0057799b7e7fba033948600881837','sql','Push migrated data into audit tables',NULL,'3.5.3',NULL,NULL,'1974408268'),('b984fe2d-cd91-4fcd-9678-3a4a8f3ab942','Wade','classpath:db/changelog/databaseChangeLog-two_table_history.xml','2020-02-17 13:20:11',51,'EXECUTED','7:12ec283dffe2965103b0e2be5f9f317f','sql','Push migrated data into audit tables',NULL,'3.5.3',NULL,NULL,'1974408268'),('188aa578-d93b-41bb-a5a5-e5d5379fa202','Wade','classpath:db/changelog/databaseChangeLog-two_table_history.xml','2020-02-17 13:20:11',52,'EXECUTED','7:9f9c910e35b8188c3fb3c906120de07f','sql','Push migrated data into audit tables',NULL,'3.5.3',NULL,NULL,'1974408268'),('b5ed0d6c-17a3-417b-9ce5-9190ec124f00','Wade','classpath:db/changelog/databaseChangeLog-two_table_history.xml','2020-02-17 13:20:11',53,'EXECUTED','7:05cf6734e5feefe2c4c18b83d24f6668','sql','Push migrated data into audit tables',NULL,'3.5.3',NULL,NULL,'1974408268'),('d413c5e0-0836-479b-bf2a-157fd591b01e','Wade','classpath:db/changelog/databaseChangeLog-two_table_history.xml','2020-02-17 13:20:11',54,'EXECUTED','7:cf15b12000094e24eac22a59768174fd','sql','Push migrated data into audit tables',NULL,'3.5.3',NULL,NULL,'1974408268'),('e20538d6-b478-4831-a40d-69d85a8584d9','Wade','classpath:db/changelog/databaseChangeLog-two_table_history.xml','2020-02-17 13:20:11',55,'EXECUTED','7:27160e6eef082371c4eea615e2a61b8a','sql','Push migrated data into audit tables',NULL,'3.5.3',NULL,NULL,'1974408268'),('4fd01da4-caac-4bc5-919a-776e84af2bff','Wade','classpath:db/changelog/databaseChangeLog-two_table_history.xml','2020-02-17 13:20:11',56,'EXECUTED','7:c81bd6af9f966d98be8098e69fe48bd0','sql','Push migrated data into audit tables',NULL,'3.5.3',NULL,NULL,'1974408268'),('2177fcd9-b7a0-47d6-95b1-81f068aa4286','Wade','classpath:db/changelog/databaseChangeLog-two_table_history.xml','2020-02-17 13:20:11',57,'EXECUTED','7:a23d317ab6c4a634adc2902fbcf76bb2','sql','Push migrated data into audit tables',NULL,'3.5.3',NULL,NULL,'1974408268'),('b1a1d781-b68f-46e4-80da-876f2a5ddc30','Wade','classpath:db/changelog/databaseChangeLog-two_table_history.xml','2020-02-17 13:20:11',58,'EXECUTED','7:a6a4acb6dbb45f8d0d5cead44214b64f','sql','Push migrated data into audit tables',NULL,'3.5.3',NULL,NULL,'1974408268'),('f8192767-36e7-4bda-93d1-90627ed41aee','Wade','classpath:db/changelog/databaseChangeLog-two_table_history.xml','2020-02-17 13:20:11',59,'EXECUTED','7:7d202bfbd2a0c310b4b8bc522c498e7d','sql','Push migrated data into audit tables',NULL,'3.5.3',NULL,NULL,'1974408268'),('74e38413-c054-4552-bb7e-7d6da402a595','Wade','classpath:db/changelog/databaseChangeLog-two_table_history.xml','2020-02-17 13:20:11',60,'EXECUTED','7:febac53d8f8ae1ea63ceb14515053b33','sql','Push migrated data into audit tables',NULL,'3.5.3',NULL,NULL,'1974408268'),('03b21347-ac7e-45e1-ab53-e6db7d30cba6','Wade','classpath:db/changelog/databaseChangeLog-two_table_history.xml','2020-02-17 13:20:11',61,'EXECUTED','7:98df96dba5c052689467034f721ff15a','sql','Push migrated data into audit tables',NULL,'3.5.3',NULL,NULL,'1974408268'),('ebcf7ba4-c723-46a5-81b4-ab1ab67fdcfb','Wade','classpath:db/changelog/databaseChangeLog-two_table_history.xml','2020-02-17 13:20:11',62,'EXECUTED','7:efa35d4f6e231e927b47545da81efd04','sql','Push migrated data into audit tables',NULL,'3.5.3',NULL,NULL,'1974408268'),('b19096c7-256f-4ab1-9a8e-fdf29cff337b','Wade','classpath:db/changelog/databaseChangeLog-two_table_history.xml','2020-02-17 13:20:11',63,'EXECUTED','7:c1ec3e675966c33198528141272d1794','sql','Push migrated data into audit tables',NULL,'3.5.3',NULL,NULL,'1974408268'),('788a4ff9-6850-4365-9b78-cd0a4db3f7aa','Wade','classpath:db/changelog/databaseChangeLog-two_table_history.xml','2020-02-17 13:20:11',64,'EXECUTED','7:4bd675ddc1d1574ed20982bb063594c9','sql','Push migrated data into audit tables',NULL,'3.5.3',NULL,NULL,'1974408268'),('aa920193-6c6d-4cac-8415-eb2bb3a28cfc','Wade','classpath:db/changelog/databaseChangeLog-two_table_history.xml','2020-02-17 13:20:11',65,'EXECUTED','7:eaf10c8bdf52f84fa0912ff11cee08f4','sql','Push migrated data into audit tables',NULL,'3.5.3',NULL,NULL,'1974408268'),('c168adb0-62b0-419d-b270-1ff66354a022','Wade','classpath:db/changelog/databaseChangeLog-two_table_history.xml','2020-02-17 13:20:11',66,'EXECUTED','7:b9db32b690d94a33134c81f6a5ad5409','sql','Push migrated data into audit tables',NULL,'3.5.3',NULL,NULL,'1974408268'),('35206429-db76-47d2-887b-b2e485b78442','Stephen','classpath:db/changelog/databaseChangeLog-2.0.3.xml','2020-02-17 13:20:11',67,'EXECUTED','7:ac74f953f2f96c98d15acc165005a7ba','sql','Add approver id to tz_reconciliation',NULL,'3.5.3',NULL,NULL,'1974408268'),('8014e556-1568-4e63-8502-a725f0b3e410','Stephen','classpath:db/changelog/databaseChangeLog-2.0.3.xml','2020-02-17 13:20:11',68,'EXECUTED','7:8527f857f76636d89063a7c60b328f2e','sql','Add approver id to tz_reconciliation_aud',NULL,'3.5.3',NULL,NULL,'1974408268'),('40880091694F8C1001694F8C10DF0001','Max','classpath:db/changelog/databaseChangeLog-2.0.3.xml','2020-02-17 13:20:11',69,'EXECUTED','7:78c6cbee734c210a1461cf240d07f0be','sql','add default menu cache expiry ttl minutes',NULL,'3.5.3',NULL,NULL,'1974408268'),('c0549a83-a9a0-4fd8-babd-c0c0e35bb0a5','Wade','classpath:db/changelog/databaseChangeLog-2.0.3.xml','2020-02-17 13:20:11',70,'EXECUTED','7:c110b98b820be3886c6ee160aea7a4d8','sql','Add fulltext index for searching products on online menu',NULL,'3.5.3',NULL,NULL,'1974408268'),('ce6b6260-1ffd-41c7-a873-798c1232b932','Wade','classpath:db/changelog/databaseChangeLog-2.0.3.xml','2020-02-17 13:20:11',71,'EXECUTED','7:5f997edceb0f841aaca47c0b877b0cd4','sql','Add fulltext index for searching products on online menu',NULL,'3.5.3',NULL,NULL,'1974408268'),('402800EA69A1FB430169A1FB43D50000','Jeremy','classpath:db/changelog/databaseChangeLog-2.0.3.xml','2020-02-17 13:20:11',72,'EXECUTED','7:40a408b02485fc776efb83c8144a2db5','sql','Add is sellable column to tz_location',NULL,'3.5.3',NULL,NULL,'1974408268'),('402800EA69A1FB430LOL169A2682A8E0002','Jeremy','classpath:db/changelog/databaseChangeLog-2.0.3.xml','2020-02-17 13:20:11',73,'EXECUTED','7:a19be7b6315e17566c0c432dca83ef7b','sql','Add is sellable column to tz_location_aud',NULL,'3.5.3',NULL,NULL,'1974408268'),('3ff1c957-bd49-4289-b15d-3f48207ccba2','Jeff','classpath:db/changelog/databaseChangeLog-2.0.3.xml','2020-02-17 13:20:11',74,'EXECUTED','7:8323bd08d32d342f4da272fbe51c0bd6','sql','Set FRONT OF HOUSE is_sellable to 1',NULL,'3.5.3',NULL,NULL,'1974408268'),('bb195554-1ca0-4ca6-98c4-24a6fee9ace4','Jeff','classpath:db/changelog/databaseChangeLog-2.0.3.xml','2020-02-17 13:20:11',75,'EXECUTED','7:d8dfddc07f4ce5a88fea3e7b185cfc1a','sql','Set FRONT OF HOUSE is_sellable to 1',NULL,'3.5.3',NULL,NULL,'1974408268'),('70cfcbe8-2e32-4299-8116-b77d9b5c5d35','Jeff','classpath:db/changelog/databaseChangeLog-2.0.3.xml','2020-02-17 13:20:11',76,'EXECUTED','7:bd2ae9b0c7cb6b327625f8bfa49bf29e','sql','Set TINCTURE is_cannabis = 1',NULL,'3.5.3',NULL,NULL,'1974408268'),('402800EA69A842BA0169A842BA6E000D0','Jeremy','classpath:db/changelog/databaseChangeLog-2.0.3.xml','2020-02-17 13:20:11',77,'EXECUTED','7:af058fb28987d81a3aea45834322b794','sql','',NULL,'3.5.3',NULL,NULL,'1974408268'),('402800EA69A842BA0169A84B9A9C00D01','Jeremy','classpath:db/changelog/databaseChangeLog-2.0.3.xml','2020-02-17 13:20:11',78,'EXECUTED','7:e3eb7b4c0d6a50d222a0c03833102c61','sql','',NULL,'3.5.3',NULL,NULL,'1974408268'),('3ce62eb9-5bff-4a76-9935-66ca2c26fd34','Stephen','classpath:db/changelog/databaseChangeLog-2.0.3.xml','2020-02-17 13:20:11',79,'EXECUTED','7:87641412d7385a69de177559e821507a','sql','Inventory Count by Package configuration',NULL,'3.5.3',NULL,NULL,'1974408268'),('e79653c8-4811-4b26-8f58-b4ec6fd80ddx','Max','classpath:db/changelog/databaseChangeLog-2.0.3.xml','2020-02-17 13:20:11',80,'EXECUTED','7:6fbd23f90be5c0434bff66bf1d08b407','sql','Add updated_at index to posper_ticketline',NULL,'3.5.3',NULL,NULL,'1974408268'),('6d9e4c83-9ee5-43d0-810b-5fb5cb11306a','Jeff','classpath:db/changelog/databaseChangeLog-2.0.4.xml','2020-02-17 13:20:11',81,'MARK_RAN','7:844af67e1a0ee6ef0b5cb15d02e354ab','sql','Fix migrated DRAFT invoices, cannot be accepted',NULL,'3.5.3',NULL,NULL,'1974408268'),('0d8293d7-d54c-488d-b593-8ae95071f3d0','Jeff','classpath:db/changelog/databaseChangeLog-2.0.5.xml','2020-02-17 13:20:11',82,'EXECUTED','7:ea99918d0ed60bb8075be40f1cebf196','sql','Fix column character limit for migration',NULL,'3.5.3',NULL,NULL,'1974408268'),('fb743f91-a338-43d6-a7b7-1d4cd4c184f7','Jeff','classpath:db/changelog/databaseChangeLog-2.0.5.xml','2020-02-17 13:20:11',83,'MARK_RAN','7:92fe1afbc2fdef4522f3bc74531445aa','sql','Migrate distributor license',NULL,'3.5.3',NULL,NULL,'1974408268'),('9e2fe849-fc92-4855-bc17-e550dd5e9362','Jeff','classpath:db/changelog/databaseChangeLog-2.0.5.xml','2020-02-17 13:20:11',84,'MARK_RAN','7:020bf90ae9b445e73a4d8ae8e6974afe','sql','Fix invalid datetime for customer_MMID_expiration',NULL,'3.5.3',NULL,NULL,'1974408268'),('a59e5e78-72e9-4548-be3f-46daba0e8f7b','Jeff','classpath:db/changelog/databaseChangeLog-2.0.5.xml','2020-02-17 13:20:11',85,'EXECUTED','7:dd2f1236486f0bae6a8bc3f057d7bb0d','sql','Fix column character limit to match tz_distributor',NULL,'3.5.3',NULL,NULL,'1974408268'),('402800EA69A842BA0169E4EEsdBC450005','Jeremy','classpath:db/changelog/databaseChangeLog-2.0.9.xml','2020-02-17 13:20:11',86,'EXECUTED','7:f56ad52f3c383b0ee8ec39b35e99aae3','sql','Moving Sell Via Fifo Config From inventory schema to Hints schema',NULL,'3.5.3',NULL,NULL,'1974408268'),('e530d04e-8aa6-4fe9-aa1c-5ec67e7a5743','Jeff','classpath:db/changelog/databaseChangeLog-2.0.9.xml','2020-02-17 13:20:11',87,'EXECUTED','7:75300041a3c623c7eb8ac539bd880a99','sqlFile','Bulk flower migration',NULL,'3.5.3',NULL,NULL,'1974408268'),('32c497d8-e6d5-40b8-9a26-2567f8ea503e','MAX','classpath:db/changelog/databaseChangeLog-2.0.10.xml','2020-02-17 13:20:11',88,'MARK_RAN','7:e571010671bb27fce3e8f2c25fc27253','sql','',NULL,'3.5.3',NULL,NULL,'1974408268'),('4028009169EFC3CB0169EFC3CBEF0000','Scott','classpath:db/changelog/databaseChangeLog-2.0.11.xml','2020-02-17 13:20:11',89,'EXECUTED','7:12e08d260d2470af0f7fe6ed42960a6d','sql','add date accepted column to invoice table',NULL,'3.5.3',NULL,NULL,'1974408268'),('8cb4513d-0fd1-467c-8958-e9b0218c50e3','Jeff','classpath:db/changelog/databaseChangeLog-2.0.12.xml','2020-02-17 13:20:11',90,'EXECUTED','7:92298a52b5bbcee7efe4c5c9a08ce89d','sql','Add batchId column to report_product',NULL,'3.5.3',NULL,NULL,'1974408268'),('402800916A2759AF016A2759AF1B0000','Scott','classpath:db/changelog/databaseChangeLog-2.0.15.xml','2020-02-17 13:20:11',91,'EXECUTED','7:3c023e0754517e72061b1d15b0e844a6','sql','remove THC field for CBD products',NULL,'3.5.3',NULL,NULL,'1974408268'),('6678a7d2-1b33-4f5a-9f88-f7e64716f029','Stephen','classpath:db/changelog/databaseChangeLog-2.0.16.xml','2020-02-17 13:20:11',92,'EXECUTED','7:143d51876072cc339eb9f33ee0e7aeac','sqlFile','Add medium_batch_label_prn configuration',NULL,'3.5.3',NULL,NULL,'1974408268'),('60edf636-a643-4be7-b49e-f109055aafbd','Stephen','classpath:db/changelog/databaseChangeLog-2.0.16.xml','2020-02-17 13:20:11',93,'EXECUTED','7:c2bd91df42c659dbb842b2a91a6ccce2','sql','Add label_type column to tz_label_data_mapper',NULL,'3.5.3',NULL,NULL,'1974408268'),('a1d6ae50-62a0-49d9-ae85-f65743b424a4','Stephen','classpath:db/changelog/databaseChangeLog-2.0.16.xml','2020-02-17 13:20:11',94,'EXECUTED','7:deb8b911d5d42f3688d726ba562037b6','sql','Add label_type column to tz_label_data_mapper_aud',NULL,'3.5.3',NULL,NULL,'1974408268'),('4c8e825d-1913-4c57-a2be-979c8fb0ae99','Stephen','classpath:db/changelog/databaseChangeLog-2.0.16.xml','2020-02-17 13:20:11',95,'EXECUTED','7:4152a99504d0b7bc2eba670728f76634','sql','Add default medium batch tz_label_data_mapper',NULL,'3.5.3',NULL,NULL,'1974408268'),('d4d305a8-a0b4-4ad7-b4b6-111f776265f3','Stephen','classpath:db/changelog/databaseChangeLog-2.0.16.xml','2020-02-17 13:20:11',96,'EXECUTED','7:0ac397a8a57873716dc519fe126a0f65','sql','Add default medium batch tz_label_data_mapper_aud',NULL,'3.5.3',NULL,NULL,'1974408268'),('94be8a7e-8f03-4c89-a5bf-c08552def542','Stephen','classpath:db/changelog/databaseChangeLog-2.0.16.xml','2020-02-17 13:20:11',97,'EXECUTED','7:c46a7cfed61b6f44e3d6b1ab6115fbe5','sql','update small retail label prn for alignment issues',NULL,'3.5.3',NULL,NULL,'1974408268'),('cdea468c-d8f1-4e2a-ad29-3db36d16e921','Stephen','classpath:db/changelog/databaseChangeLog-2.0.16.xml','2020-02-17 13:20:11',98,'EXECUTED','7:6832b6ce41db5a6aedfbb899ca5630b9','sql','update large retail label prn for alignment issues',NULL,'3.5.3',NULL,NULL,'1974408268'),('34b70145-7480-4bcb-b78a-2b39d3bca524','Stephen','classpath:db/changelog/databaseChangeLog-2.0.16.xml','2020-02-17 13:20:11',99,'EXECUTED','7:99c246e448e834e6dabede204dbdb893','sql','update medium_batch_label_prn configuration',NULL,'3.5.3',NULL,NULL,'1974408268'),('7ae42878-7107-451d-8285-eb6c45d42267','Stephen','classpath:db/changelog/databaseChangeLog-2.0.17.xml','2020-02-17 13:20:12',100,'EXECUTED','7:bef983966f6d8cffb130e13341d36e0d','sql','add last_reconciliation_id to inventory table',NULL,'3.5.3',NULL,NULL,'1974408268'),('41d82501-b0df-482c-af15-186d544d9944','Stephen','classpath:db/changelog/databaseChangeLog-2.0.17.xml','2020-02-17 13:20:12',101,'EXECUTED','7:7794d4f29e169c033dfab28eac01d018','sql','add last_reconciliation_id to inventory_aud table',NULL,'3.5.3',NULL,NULL,'1974408268'),('2dc20703-1f81-44ba-8501-4e7c1f62f2e8','Jeff','classpath:db/changelog/databaseChangeLog-2.0.19.xml','2020-02-17 13:20:12',102,'EXECUTED','7:25c87c175de130b4de204afa25a09bc0','sql','Increase size of effective_code column',NULL,'3.5.3',NULL,NULL,'1974408268'),('2d6830de-89f7-4987-8d9f-4d38f45f46ce','Konstantin','classpath:db/changelog/system_metadata/databaseChangeLog-PaymentFeeMetadata.xml','2020-02-17 13:20:12',103,'EXECUTED','7:9e2e03586bb7a83c4d897d3ba028024f','sqlFile','Add Payment Fee metadata to tz_product_metadata.',NULL,'3.5.3',NULL,NULL,'1974408268'),('e05a982d-7fa3-412b-91d5-7e8651521097','Konstantin','classpath:db/changelog/system_products/databaseChangeLog-PaymentFee.xml','2020-02-17 13:20:12',104,'MARK_RAN','7:16400a6316685918bcfbad50ca7718c6','sqlFile','Add Payment Fee product using create_product.sql.',NULL,'3.5.3',NULL,NULL,'1974408268'),('edab4f71-59e7-4126-aec7-7a2b8de39278','Konstantin','classpath:db/changelog/system_products_details/databaseChangeLog-PaymentFeeProductDetail.xml','2020-02-17 13:20:12',105,'EXECUTED','7:778008418c5ac05a892de5d9642f3f49','sql','Check before adding payment fee detail that depending changesets are executed.',NULL,'3.5.3',NULL,NULL,'1974408268'),('97d26496-8b32-41cb-a7e1-67f92731237d','Konstantin','classpath:db/changelog/system_products_details/databaseChangeLog-PaymentFeeProductDetail.xml','2020-02-17 13:20:12',106,'EXECUTED','7:896253006bfc0907179e89a31a255df4','sqlFile','Create product detail for Payment fee for DATA_CAP',NULL,'3.5.3',NULL,NULL,'1974408268'),('d404573e-3a89-42e2-8b07-c3ff4854b5e4','Wade','classpath:db/changelog/databaseChangeLog-drop_ref_id.xml','2020-02-17 13:20:12',107,'EXECUTED','7:3e09a5e4d22a707d593eb3345bfb31da','sql','Drop ref_id column',NULL,'3.5.3',NULL,NULL,'1974408268'),('5cca38bf-cda1-481d-a206-653906e61b39','Wade','classpath:db/changelog/databaseChangeLog-drop_ref_id.xml','2020-02-17 13:20:12',108,'EXECUTED','7:f19fb096419d69eca13ac66902647f32','sql','Drop ref_id column',NULL,'3.5.3',NULL,NULL,'1974408268'),('e9bc4f63-8c12-459c-a98b-c59aa0b5c1fe','Wade','classpath:db/changelog/databaseChangeLog-drop_ref_id.xml','2020-02-17 13:20:12',109,'EXECUTED','7:59cbe845938dd6b6f2f74c7cf6a91e7c','sql','Drop ref_id column',NULL,'3.5.3',NULL,NULL,'1974408268'),('b5ec7f83-8cf1-47f0-95ee-9ba2c33206a9','Wade','classpath:db/changelog/databaseChangeLog-drop_ref_id.xml','2020-02-17 13:20:12',110,'EXECUTED','7:b43cb69829442b095ea35a67d700a853','sql','Drop ref_id column',NULL,'3.5.3',NULL,NULL,'1974408268'),('dda22bb4-3074-4fb4-a510-334aaae4a3f6','Wade','classpath:db/changelog/databaseChangeLog-drop_ref_id.xml','2020-02-17 13:20:12',111,'EXECUTED','7:7da85273df2d77da583a076bad8c96cf','sql','Drop ref_id column',NULL,'3.5.3',NULL,NULL,'1974408268'),('1cc33812-f217-4940-97ad-dc32d364ab28','Wade','classpath:db/changelog/databaseChangeLog-drop_ref_id.xml','2020-02-17 13:20:12',112,'EXECUTED','7:48f5d732948e0009611d52ab77d6fe7a','sql','Drop ref_id column',NULL,'3.5.3',NULL,NULL,'1974408268'),('1a476745-3227-4744-83a9-faa531bc51c9','Wade','classpath:db/changelog/databaseChangeLog-drop_ref_id.xml','2020-02-17 13:20:12',113,'EXECUTED','7:21047dc5f87f64ba367520909f6ea049','sql','Drop ref_id column',NULL,'3.5.3',NULL,NULL,'1974408268'),('a8ee683c-513b-4529-95e3-4613a498bdc7','Wade','classpath:db/changelog/databaseChangeLog-drop_ref_id.xml','2020-02-17 13:20:12',114,'EXECUTED','7:466beaf04b76d5ace780140681b5f5d9','sql','Drop ref_id column',NULL,'3.5.3',NULL,NULL,'1974408268'),('7d813a2d-c4ae-438c-b2fc-28acd035f736','Wade','classpath:db/changelog/databaseChangeLog-drop_ref_id.xml','2020-02-17 13:20:12',115,'EXECUTED','7:5cc1250cda20f169080a2f7e64568b40','sql','Drop ref_id column',NULL,'3.5.3',NULL,NULL,'1974408268'),('9e27bb46-6a13-467f-90c0-c6581701c6af','Wade','classpath:db/changelog/databaseChangeLog-drop_ref_id.xml','2020-02-17 13:20:12',116,'EXECUTED','7:39c1ee3cf60418cfff7bdc243bfd82c4','sql','Drop ref_id column',NULL,'3.5.3',NULL,NULL,'1974408268'),('1e8202ec-c7e7-44a8-87a5-cb6b6193d0c7','Wade','classpath:db/changelog/databaseChangeLog-drop_ref_id.xml','2020-02-17 13:20:12',117,'EXECUTED','7:9d344ddc8cbf9bf53b65140c12bb46bc','sql','Drop ref_id column',NULL,'3.5.3',NULL,NULL,'1974408268'),('8b5108fa-94ba-48a2-b5b8-f9d076f78082','Wade','classpath:db/changelog/databaseChangeLog-drop_ref_id.xml','2020-02-17 13:20:12',118,'EXECUTED','7:76b5edc5629987215c45c4b7e49fc927','sql','Drop ref_id column',NULL,'3.5.3',NULL,NULL,'1974408268'),('e4bf3716-8b35-4f9e-82a5-f5dbbd9c0a27','Wade','classpath:db/changelog/databaseChangeLog-drop_ref_id.xml','2020-02-17 13:20:12',119,'EXECUTED','7:b72fadf4fabec41aafe5bf3bcb8237b1','sql','Drop ref_id column',NULL,'3.5.3',NULL,NULL,'1974408268'),('d25f3619-ed51-46e2-bca5-43fb633befe9','Wade','classpath:db/changelog/databaseChangeLog-drop_ref_id.xml','2020-02-17 13:20:12',120,'EXECUTED','7:33e1486559bf9810a2d213964e44dc3d','sql','Drop ref_id column',NULL,'3.5.3',NULL,NULL,'1974408268'),('9e0f5be4-770b-426d-be7b-7c835416ae9e','Wade','classpath:db/changelog/databaseChangeLog-drop_ref_id.xml','2020-02-17 13:20:12',121,'EXECUTED','7:1ff5f2c7f9ec6a449000e71cb08230ca','sql','Drop ref_id column',NULL,'3.5.3',NULL,NULL,'1974408268'),('ac662d2f-694f-44d3-8264-93e07a3b613e','Wade','classpath:db/changelog/databaseChangeLog-drop_ref_id.xml','2020-02-17 13:20:12',122,'EXECUTED','7:c5d82640528cbf382905d82494c8cb9f','sql','Drop ref_id column',NULL,'3.5.3',NULL,NULL,'1974408268'),('a00722fd-5f0d-4e00-9448-966db5eab4ef','Wade','classpath:db/changelog/databaseChangeLog-drop_ref_id.xml','2020-02-17 13:20:12',123,'EXECUTED','7:74f6f3a02c1a36bd3923d8b27d94c4a6','sql','Drop ref_id column',NULL,'3.5.3',NULL,NULL,'1974408268'),('9c2d3c6a-248b-4193-afad-3486fab29dd4','Wade','classpath:db/changelog/databaseChangeLog-drop_ref_id.xml','2020-02-17 13:20:12',124,'EXECUTED','7:51db19f3535e973ecc251a1b304ed922','sql','Drop ref_id column',NULL,'3.5.3',NULL,NULL,'1974408268'),('5669de15-331f-4b5f-bf05-17d4aafb0334','Wade','classpath:db/changelog/databaseChangeLog-drop_ref_id.xml','2020-02-17 13:20:12',125,'EXECUTED','7:6239ff2236ca76fe7081fa817e16e3db','sql','Drop ref_id column',NULL,'3.5.3',NULL,NULL,'1974408268'),('63cca4d5-050f-4ff2-bc44-f9ce3e654945','Wade','classpath:db/changelog/databaseChangeLog-drop_ref_id.xml','2020-02-17 13:20:12',126,'EXECUTED','7:1dba4275c241c8ba8d7c96bbe7cd5b65','sql','Drop ref_id column',NULL,'3.5.3',NULL,NULL,'1974408268'),('1572f2e9-92c7-4ffc-828c-6a03a23b0e29','Wade','classpath:db/changelog/databaseChangeLog-drop_ref_id.xml','2020-02-17 13:20:12',127,'EXECUTED','7:82cba3ad39e7c80c4843c533d89a9483','sql','Drop ref_id column',NULL,'3.5.3',NULL,NULL,'1974408268'),('47ce455a-7624-49a8-8991-fcbc7c4c0067','Wade','classpath:db/changelog/databaseChangeLog-drop_ref_id.xml','2020-02-17 13:20:12',128,'EXECUTED','7:d2e53a24e38b6c6f45c6733cc3ecaabd','sql','Drop ref_id column',NULL,'3.5.3',NULL,NULL,'1974408268'),('a5513d94-6b6e-4b66-93a3-b06f145956b7','Wade','classpath:db/changelog/databaseChangeLog-drop_ref_id.xml','2020-02-17 13:20:12',129,'EXECUTED','7:aac90be06566a25e31ce96b16df93054','sql','Drop ref_id column',NULL,'3.5.3',NULL,NULL,'1974408268'),('2fd964a4-e8d4-40b6-b1f4-c9ccd8ab2bde','Wade','classpath:db/changelog/databaseChangeLog-drop_ref_id.xml','2020-02-17 13:20:12',130,'EXECUTED','7:ff0791dc32c70aa349de345a81d24b68','sql','Drop ref_id column',NULL,'3.5.3',NULL,NULL,'1974408268'),('82e6d4e0-a318-418e-bbc5-966d135366b5','Wade','classpath:db/changelog/databaseChangeLog-drop_ref_id.xml','2020-02-17 13:20:12',131,'EXECUTED','7:5303698c67848c2c91facce7f94c03d4','sql','Drop ref_id column',NULL,'3.5.3',NULL,NULL,'1974408268'),('34847815-bb40-492b-b8ca-acc521e1b058','Wade','classpath:db/changelog/databaseChangeLog-drop_ref_id.xml','2020-02-17 13:20:13',132,'EXECUTED','7:700d2dfbb53b7092b5059bf908b6530a','sql','Drop ref_id column',NULL,'3.5.3',NULL,NULL,'1974408268'),('f5fd7bce-98c7-448a-9dfc-3f2d8c5b04c1','Wade','classpath:db/changelog/databaseChangeLog-drop_ref_id.xml','2020-02-17 13:20:13',133,'EXECUTED','7:65a1ced1653365086b8a8eec6a46d25f','sql','Drop ref_id column',NULL,'3.5.3',NULL,NULL,'1974408268'),('89841e7a-0cbd-403b-b671-802cb135312d','Wade','classpath:db/changelog/databaseChangeLog-drop_ref_id.xml','2020-02-17 13:20:13',134,'EXECUTED','7:886fe2453c0f1cd4b0538a4e2ee0a741','sql','Drop ref_id column',NULL,'3.5.3',NULL,NULL,'1974408268'),('e44fc4ac-67bf-47a7-b6f2-63ac11ded1b4','Wade','classpath:db/changelog/databaseChangeLog-drop_ref_id.xml','2020-02-17 13:20:13',135,'EXECUTED','7:e9adcf906d59444994d15b8af6fec73b','sql','Drop ref_id column',NULL,'3.5.3',NULL,NULL,'1974408268'),('1da3c304-8757-4bbb-901f-9bb80c434f7f','Wade','classpath:db/changelog/databaseChangeLog-drop_ref_id.xml','2020-02-17 13:20:13',136,'EXECUTED','7:dc5941bf7858f0e04748b88053bfc9a7','sql','Drop ref_id column',NULL,'3.5.3',NULL,NULL,'1974408268'),('a4fa18ff-d1ed-408a-8b9f-57a324378ea9','Wade','classpath:db/changelog/databaseChangeLog-drop_ref_id.xml','2020-02-17 13:20:13',137,'EXECUTED','7:5bda73c3fda26434c71f153e04169b96','sql','Drop ref_id column',NULL,'3.5.3',NULL,NULL,'1974408268'),('b94cfd3d-2173-48ff-8267-be6989902a60','Wade','classpath:db/changelog/databaseChangeLog-drop_ref_id.xml','2020-02-17 13:20:13',138,'EXECUTED','7:e86bc82ced69814c073e0337a10b0712','sql','Drop ref_id column',NULL,'3.5.3',NULL,NULL,'1974408268'),('7849a7db-4503-40ad-bfa1-0bd398ff67cb','Wade','classpath:db/changelog/databaseChangeLog-drop_ref_id.xml','2020-02-17 13:20:13',139,'EXECUTED','7:8c3d2773ae9f32e3a07559980855f4f1','sql','Drop ref_id column',NULL,'3.5.3',NULL,NULL,'1974408268'),('b5c8fd10-5788-427f-842e-72f4f82acc95','Wade','classpath:db/changelog/databaseChangeLog-drop_ref_id.xml','2020-02-17 13:20:13',140,'EXECUTED','7:6ef42259908b22cb410843c0edc7e610','sql','Drop ref_id column',NULL,'3.5.3',NULL,NULL,'1974408268'),('a05a6bce-9b4d-4c3d-be62-a282261724cf','Wade','classpath:db/changelog/databaseChangeLog-drop_ref_id.xml','2020-02-17 13:20:13',141,'EXECUTED','7:a491bdfd0b5722a0d72a38ef1b246cb8','sql','Drop ref_id column',NULL,'3.5.3',NULL,NULL,'1974408268'),('393de38e-8d99-4623-964a-7a3eab85780d','Wade','classpath:db/changelog/databaseChangeLog-drop_ref_id.xml','2020-02-17 13:20:13',142,'EXECUTED','7:dd33f13bcc00d3f2d6010b2d70dde4ab','sql','Drop ref_id column',NULL,'3.5.3',NULL,NULL,'1974408268'),('83aa8a63-ff1b-495f-ac68-dbbaa40e97e6','Wade','classpath:db/changelog/databaseChangeLog-drop_ref_id.xml','2020-02-17 13:20:13',143,'EXECUTED','7:aa088f2a3e11c650d18f6031cb360d7a','sql','Drop ref_id column',NULL,'3.5.3',NULL,NULL,'1974408268'),('c7a4fb3f-67b6-435a-9d89-6cb5d26814b2','Wade','classpath:db/changelog/databaseChangeLog-drop_ref_id.xml','2020-02-17 13:20:13',144,'EXECUTED','7:7bfa951039b4e50acd266573da4caced','sql','Drop ref_id column',NULL,'3.5.3',NULL,NULL,'1974408268'),('d67c4804-7442-4ac5-bcc9-8306ff42d843','Wade','classpath:db/changelog/databaseChangeLog-drop_ref_id.xml','2020-02-17 13:20:13',145,'EXECUTED','7:7c4d51a227171176595139e69c1eac5d','sql','Drop ref_id column',NULL,'3.5.3',NULL,NULL,'1974408268'),('b2b96dca-acb0-49b5-b17b-7122898dabff','Wade','classpath:db/changelog/databaseChangeLog-drop_ref_id.xml','2020-02-17 13:20:13',146,'EXECUTED','7:5198e5934c1153a8148fe63146144b95','sql','Drop ref_id column',NULL,'3.5.3',NULL,NULL,'1974408268'),('fc7761d9-e346-4527-a182-7cffeccff7e6','Wade','classpath:db/changelog/databaseChangeLog-drop_ref_id.xml','2020-02-17 13:20:13',147,'EXECUTED','7:97de173f41b7368328a3c0a4865678a6','sql','Drop ref_id column',NULL,'3.5.3',NULL,NULL,'1974408268'),('6c34dd68-ec7b-4446-96b0-a70a06befd38','Wade','classpath:db/changelog/databaseChangeLog-drop_ref_id.xml','2020-02-17 13:20:13',148,'EXECUTED','7:b79ee87319d3fc4b0aeb8db76ab3773b','sql','Drop ref_id column',NULL,'3.5.3',NULL,NULL,'1974408268'),('b9c5cc55-f0d9-42bd-80a7-197c7d8f0372','Wade','classpath:db/changelog/databaseChangeLog-drop_ref_id.xml','2020-02-17 13:20:13',149,'EXECUTED','7:72902591f067fc78d5eb1985b0c5e250','sql','Drop ref_id column',NULL,'3.5.3',NULL,NULL,'1974408268'),('0a2bd04d-07d7-4502-8bba-1129c6637f8d','Wade','classpath:db/changelog/databaseChangeLog-drop_ref_id.xml','2020-02-17 13:20:13',150,'EXECUTED','7:187b0ca0f1b1c75a38bac05e33fedfdf','sql','Drop ref_id column',NULL,'3.5.3',NULL,NULL,'1974408268'),('8bee0629-07c1-4e9b-9bf1-3765bc53a208','Wade','classpath:db/changelog/databaseChangeLog-drop_ref_id.xml','2020-02-17 13:20:13',151,'EXECUTED','7:9c80735037bdb42e829bd2bb6cfde348','sql','Drop ref_id column',NULL,'3.5.3',NULL,NULL,'1974408268'),('6f795e57-f009-4702-b638-6e85d7ba4af4','Wade','classpath:db/changelog/databaseChangeLog-drop_ref_id.xml','2020-02-17 13:20:13',152,'EXECUTED','7:b51bd968067236f3116946e99c50bf38','sql','Drop ref_id column',NULL,'3.5.3',NULL,NULL,'1974408268'),('d8851885-3a82-4d5f-a337-1de0b6b7932d','Wade','classpath:db/changelog/databaseChangeLog-drop_ref_id.xml','2020-02-17 13:20:13',153,'EXECUTED','7:f4fad97e87e4701c98b8fa68fbbec263','sql','Drop ref_id column',NULL,'3.5.3',NULL,NULL,'1974408268'),('a94b1cbb-1801-48e0-9694-8c52ce1f0164','Wade','classpath:db/changelog/databaseChangeLog-drop_ref_id.xml','2020-02-17 13:20:13',154,'EXECUTED','7:9b0423f38534dc297c932947904378e3','sql','Drop ref_id column',NULL,'3.5.3',NULL,NULL,'1974408268'),('f1ff1904-930e-4b95-bacc-e9bd38a89506','Wade','classpath:db/changelog/databaseChangeLog-drop_ref_id.xml','2020-02-17 13:20:13',155,'EXECUTED','7:97fd793c952f9b2bb7087e7610ddbfaf','sql','Drop ref_id column',NULL,'3.5.3',NULL,NULL,'1974408268'),('25675ad5-6954-4f87-a3d4-d3c2f5b10fca','Wade','classpath:db/changelog/databaseChangeLog-drop_ref_id.xml','2020-02-17 13:20:13',156,'EXECUTED','7:7b7a1ef273d5c3d93e0bcaa8bf46f9b1','sql','Drop ref_id column',NULL,'3.5.3',NULL,NULL,'1974408268'),('ea120ae7-a566-418d-9a0e-3fb680c2ccd1','Wade','classpath:db/changelog/databaseChangeLog-drop_ref_id.xml','2020-02-17 13:20:13',157,'EXECUTED','7:61602bfb90dd6387ecd6c806d3ba2f4f','sql','Drop ref_id column',NULL,'3.5.3',NULL,NULL,'1974408268'),('6db948ab-7e87-4cac-853c-088e211f03b3','Wade','classpath:db/changelog/databaseChangeLog-drop_ref_id.xml','2020-02-17 13:20:13',158,'EXECUTED','7:e663dd36d6219224ae414dfac84fb849','sql','Drop ref_id column',NULL,'3.5.3',NULL,NULL,'1974408268'),('a4e59b2c-f551-4204-bb27-4958166e5f5e','Wade','classpath:db/changelog/databaseChangeLog-drop_ref_id.xml','2020-02-17 13:20:13',159,'EXECUTED','7:12a355d130b172805ff57488dc6157ba','sql','Drop ref_id column',NULL,'3.5.3',NULL,NULL,'1974408268'),('797dc720-f701-4c10-a618-0410c771deae','Wade','classpath:db/changelog/databaseChangeLog-drop_ref_id.xml','2020-02-17 13:20:13',160,'EXECUTED','7:0a6863e93ac71c87c3c1eab88ef1d474','sql','Drop ref_id column',NULL,'3.5.3',NULL,NULL,'1974408268'),('27eec3b2-c252-4078-9802-6e09c9a61543','Wade','classpath:db/changelog/databaseChangeLog-drop_ref_id.xml','2020-02-17 13:20:13',161,'EXECUTED','7:8d242c113f9f6b57f7644dedc54237af','sql','Drop ref_id column',NULL,'3.5.3',NULL,NULL,'1974408268'),('a3ffbfd6-7463-4655-9685-b8126fb8b9fd','Wade','classpath:db/changelog/databaseChangeLog-drop_ref_id.xml','2020-02-17 13:20:13',162,'EXECUTED','7:5b0c533bc0b39cbb029aa7ad388bb869','sql','Drop ref_id column',NULL,'3.5.3',NULL,NULL,'1974408268'),('379a4444-2c3f-460c-8700-316bb02dd631','Wade','classpath:db/changelog/databaseChangeLog-drop_ref_id.xml','2020-02-17 13:20:13',163,'EXECUTED','7:06d527224f37f10035e4cf8d88f78674','sql','Drop ref_id column',NULL,'3.5.3',NULL,NULL,'1974408268'),('11172fa5-4d5c-4f4d-bc84-a947e18a687b','Wade','classpath:db/changelog/databaseChangeLog-drop_ref_id.xml','2020-02-17 13:20:13',164,'EXECUTED','7:4ae0705be10c9483c9dc2313fbc1bdf3','sql','Drop ref_id column',NULL,'3.5.3',NULL,NULL,'1974408268'),('8541a41b-aa6a-4e1a-9ebb-ac3c0cc415fe','Wade','classpath:db/changelog/databaseChangeLog-drop_ref_id.xml','2020-02-17 13:20:13',165,'EXECUTED','7:f871a1f2b0c7050aa044e58cb378f186','sql','Drop ref_id column',NULL,'3.5.3',NULL,NULL,'1974408268'),('37787628-a83a-45f1-9604-c73af20f5dee','Wade','classpath:db/changelog/databaseChangeLog-drop_ref_id.xml','2020-02-17 13:20:13',166,'EXECUTED','7:b346045e31fc085938b4f040ab2eed41','sql','Drop ref_id column',NULL,'3.5.3',NULL,NULL,'1974408268'),('38eaaa90-74dc-42ac-aa1f-15d34721f11e','Wade','classpath:db/changelog/databaseChangeLog-drop_ref_id.xml','2020-02-17 13:20:13',167,'EXECUTED','7:c97f0b3960f1b5d5fcdd509aa00abeaf','sql','Drop ref_id column',NULL,'3.5.3',NULL,NULL,'1974408268'),('3e2bf19a-ba0a-4cbe-8229-5a4f38b85ec7','Wade','classpath:db/changelog/databaseChangeLog-drop_ref_id.xml','2020-02-17 13:20:13',168,'EXECUTED','7:9551b9ccbe6cc78758b8c87889b3a7d9','sql','Drop ref_id column',NULL,'3.5.3',NULL,NULL,'1974408268'),('eb7124a7-45cd-4dec-b339-382d07041ce6','Wade','classpath:db/changelog/databaseChangeLog-drop_ref_id.xml','2020-02-17 13:20:13',169,'EXECUTED','7:5de4f3a6b7e45183a0fd9312ced5d2f9','sql','Drop ref_id column',NULL,'3.5.3',NULL,NULL,'1974408268'),('7f99b275-c95d-4284-ad6c-f10337843255','Wade','classpath:db/changelog/databaseChangeLog-drop_ref_id.xml','2020-02-17 13:20:13',170,'EXECUTED','7:57d1f81d71ed73d8f5fef20d8299eea1','sql','Drop ref_id column',NULL,'3.5.3',NULL,NULL,'1974408268'),('28e6901f-353f-42fe-98ee-b3fda337835b','Wade','classpath:db/changelog/databaseChangeLog-drop_ref_id.xml','2020-02-17 13:20:14',171,'EXECUTED','7:a3ffb937f5eae621a5fdf85e7d56d8dd','sql','Drop ref_id column',NULL,'3.5.3',NULL,NULL,'1974408268'),('16ee2f09-3e30-40ac-9c66-3bb70b2bfe8c','Wade','classpath:db/changelog/databaseChangeLog-drop_ref_id.xml','2020-02-17 13:20:14',172,'EXECUTED','7:a1428ed4ecdef9ba4a6b7fce67360f87','sql','Drop ref_id column',NULL,'3.5.3',NULL,NULL,'1974408268'),('28e5eb21-ee5e-4696-a716-0ea63aa2b3ab','Wade','classpath:db/changelog/databaseChangeLog-drop_ref_id.xml','2020-02-17 13:20:14',173,'EXECUTED','7:293c1e5601b8363862508c5353814eca','sql','Drop ref_id column',NULL,'3.5.3',NULL,NULL,'1974408268'),('78739120-b7b9-4c7f-baaf-b2d09895da4b','Wade','classpath:db/changelog/databaseChangeLog-drop_ref_id.xml','2020-02-17 13:20:14',174,'EXECUTED','7:71d6a36a5a7fa0b08e4a12d9ff4964a3','sql','Drop ref_id column',NULL,'3.5.3',NULL,NULL,'1974408268'),('64b75104-99cf-4fa5-9872-e69d4bd89c35','Wade','classpath:db/changelog/databaseChangeLog-drop_ref_id.xml','2020-02-17 13:20:14',175,'EXECUTED','7:0d587fb933b8dc445ef27cae57daad14','sql','Drop ref_id column',NULL,'3.5.3',NULL,NULL,'1974408268'),('5cf49bd9-e0c5-4d98-b8b8-25517c2fcfe2','Wade','classpath:db/changelog/databaseChangeLog-drop_ref_id.xml','2020-02-17 13:20:14',176,'EXECUTED','7:309458f8056fa1222a404d5c497165f2','sql','Drop ref_id column',NULL,'3.5.3',NULL,NULL,'1974408268'),('c06e1c4c-1034-4293-bf8c-34e059176486','Wade','classpath:db/changelog/databaseChangeLog-drop_ref_id.xml','2020-02-17 13:20:14',177,'EXECUTED','7:2ada32c14e40256b00ec3043593ba99b','sql','Drop ref_id column',NULL,'3.5.3',NULL,NULL,'1974408268'),('a94b667f-debc-41bb-bedb-4f2c7ead78fd','Wade','classpath:db/changelog/databaseChangeLog-drop_ref_id.xml','2020-02-17 13:20:14',178,'EXECUTED','7:62b144b4a5bd15174a8f213201ca03d4','sql','Drop ref_id column',NULL,'3.5.3',NULL,NULL,'1974408268'),('88174a09-5726-470c-a7a0-3e9655b339bf','Wade','classpath:db/changelog/databaseChangeLog-drop_ref_id.xml','2020-02-17 13:20:14',179,'EXECUTED','7:5d9d7d0c80ae52d1cfa870d071b317e1','sql','Drop ref_id column',NULL,'3.5.3',NULL,NULL,'1974408268'),('7cd357a0-e0eb-42f8-9e85-bf61991c8556','Wade','classpath:db/changelog/databaseChangeLog-drop_ref_id.xml','2020-02-17 13:20:14',180,'EXECUTED','7:dba1e15086baa24215378b17d7dc55d1','sql','Drop ref_id column',NULL,'3.5.3',NULL,NULL,'1974408268'),('b70f980f-b62f-4ad4-aa22-4dba57f2dd37','Wade','classpath:db/changelog/databaseChangeLog-drop_ref_id.xml','2020-02-17 13:20:14',181,'EXECUTED','7:761d91db0f9ce0b9e870f13b33292f19','sql','Drop ref_id column',NULL,'3.5.3',NULL,NULL,'1974408268'),('da199b10-6f2f-44d7-bc56-5961539cc9cf','Wade','classpath:db/changelog/databaseChangeLog-drop_ref_id.xml','2020-02-17 13:20:14',182,'EXECUTED','7:11fe388592acf7a62c6bdcb2e940d9dd','sql','Drop ref_id column',NULL,'3.5.3',NULL,NULL,'1974408268'),('80c0c23e-6021-40fe-9152-dfa9e61d0fd6','Wade','classpath:db/changelog/databaseChangeLog-drop_ref_id.xml','2020-02-17 13:20:14',183,'EXECUTED','7:4da65623590cf541d587fe06f847a064','sql','Drop ref_id column',NULL,'3.5.3',NULL,NULL,'1974408268'),('54a3fdd8-f2ee-4953-8267-7c291cddfcf4','Wade','classpath:db/changelog/databaseChangeLog-drop_ref_id.xml','2020-02-17 13:20:14',184,'EXECUTED','7:96c91efdd7ff604fa1bb4144c8df9164','sql','Drop ref_id column',NULL,'3.5.3',NULL,NULL,'1974408268'),('3e7bd12f-acab-4476-9d96-28195d0bc875','Wade','classpath:db/changelog/databaseChangeLog-drop_ref_id.xml','2020-02-17 13:20:14',185,'EXECUTED','7:e1b9fc917961d1a22dc4a26e43cbcfbc','sql','Drop ref_id column',NULL,'3.5.3',NULL,NULL,'1974408268'),('7bd86759-74e2-4832-bb1c-2000c92db8a9','Wade','classpath:db/changelog/databaseChangeLog-drop_ref_id.xml','2020-02-17 13:20:14',186,'EXECUTED','7:68977d792c4cfafb2956acba964534f8','sql','Drop ref_id column',NULL,'3.5.3',NULL,NULL,'1974408268'),('bdf41070-9977-4fd4-95b8-ba9ec0564377','Wade','classpath:db/changelog/databaseChangeLog-drop_ref_id.xml','2020-02-17 13:20:14',187,'EXECUTED','7:df8df587cacb8607f019d73d26c22e95','sql','Drop ref_id column',NULL,'3.5.3',NULL,NULL,'1974408268'),('2a2fc152-d24d-49fa-9c8f-4c98ddf9ee37','Wade','classpath:db/changelog/databaseChangeLog-drop_ref_id.xml','2020-02-17 13:20:14',188,'EXECUTED','7:459b92ee08bf6efc8a2eb4b7a54db068','sql','Drop ref_id column',NULL,'3.5.3',NULL,NULL,'1974408268'),('4386078d-d484-4455-ac45-ce37b25bb69d','Wade','classpath:db/changelog/databaseChangeLog-drop_ref_id.xml','2020-02-17 13:20:14',189,'EXECUTED','7:72859f04894dd4a470224f5c746dff35','sql','Drop ref_id column',NULL,'3.5.3',NULL,NULL,'1974408268'),('c836d0ef-e82d-4277-9bef-b0ae3f8e7584','Wade','classpath:db/changelog/databaseChangeLog-drop_ref_id.xml','2020-02-17 13:20:14',190,'EXECUTED','7:410480ae1c6632f5e7b5a0652ea4f12d','sql','Drop ref_id column',NULL,'3.5.3',NULL,NULL,'1974408268'),('9e692131-7cd5-4984-bdea-ff0239cd66c0','Wade','classpath:db/changelog/databaseChangeLog-drop_ref_id.xml','2020-02-17 13:20:14',191,'EXECUTED','7:4482c82886254b6c54228f7dc86775c5','sql','Drop ref_id column',NULL,'3.5.3',NULL,NULL,'1974408268'),('78eb3d63-f648-4aa1-a031-da48cf06f9f9','Wade','classpath:db/changelog/databaseChangeLog-drop_ref_id.xml','2020-02-17 13:20:14',192,'EXECUTED','7:3c61ca64fb8593d22845bc741ec50597','sql','Drop ref_id column',NULL,'3.5.3',NULL,NULL,'1974408268'),('b07ec7bc-cc20-41c8-ab36-faff9c8b9ab4','Wade','classpath:db/changelog/databaseChangeLog-drop_ref_id.xml','2020-02-17 13:20:14',193,'EXECUTED','7:276e7cd1fe3e219196782b7071b2eaaa','sql','Drop ref_id column',NULL,'3.5.3',NULL,NULL,'1974408268'),('04d37aca-c6a8-43ef-8c09-6815c4c622ec','Wade','classpath:db/changelog/databaseChangeLog-drop_ref_id.xml','2020-02-17 13:20:14',194,'EXECUTED','7:642ba47555918856933b3da47dd14493','sql','Drop ref_id column',NULL,'3.5.3',NULL,NULL,'1974408268'),('5335a6b1-9206-44f9-b3f8-14f937fcf383','Wade','classpath:db/changelog/databaseChangeLog-drop_ref_id.xml','2020-02-17 13:20:14',195,'EXECUTED','7:483eb155d2cd81a5eddccfaa99b6ac85','sql','Drop ref_id column',NULL,'3.5.3',NULL,NULL,'1974408268'),('5e436a96-a149-4368-9a75-cb9e05252393','Wade','classpath:db/changelog/databaseChangeLog-drop_ref_id.xml','2020-02-17 13:20:14',196,'EXECUTED','7:8bcdc65d01c8c3c08e8802a33f6e9a4e','sql','Drop ref_id column',NULL,'3.5.3',NULL,NULL,'1974408268'),('34a788f9-657b-4e66-a9d2-4757dd3e5191','Wade','classpath:db/changelog/databaseChangeLog-drop_ref_id.xml','2020-02-17 13:20:14',197,'EXECUTED','7:59e81b3ae1ca8850fcd2da6435720bf7','sql','Drop ref_id column',NULL,'3.5.3',NULL,NULL,'1974408268'),('3db2b82f-0067-4d8d-85c8-055b4d4949cd','Wade','classpath:db/changelog/databaseChangeLog-drop_ref_id.xml','2020-02-17 13:20:14',198,'EXECUTED','7:ea92d8273f2a01dbfe18aa9072dc0f2d','sql','Drop ref_id column',NULL,'3.5.3',NULL,NULL,'1974408268'),('f1b44e13-0dee-417b-bb65-ed7ec1f50e34','Wade','classpath:db/changelog/databaseChangeLog-drop_ref_id.xml','2020-02-17 13:20:14',199,'EXECUTED','7:e48d726665ddb53005082bc7f23812a1','sql','Drop ref_id column',NULL,'3.5.3',NULL,NULL,'1974408268'),('02d9f3cf-f42d-4bce-8ec6-6ef82882c0d3','Wade','classpath:db/changelog/databaseChangeLog-drop_ref_id.xml','2020-02-17 13:20:14',200,'EXECUTED','7:63efeb302e9ea358173abcbd3b5833b7','sql','Drop ref_id column',NULL,'3.5.3',NULL,NULL,'1974408268'),('52ef010b-24f8-404d-b064-ec46bfda98a1','Wade','classpath:db/changelog/databaseChangeLog-drop_ref_id.xml','2020-02-17 13:20:15',201,'EXECUTED','7:9294d4a003d439e68c4d170a5645ddae','sql','Drop ref_id column',NULL,'3.5.3',NULL,NULL,'1974408268'),('15055968-715c-4a4d-9191-93bcb92a38b5','Wade','classpath:db/changelog/databaseChangeLog-drop_ref_id.xml','2020-02-17 13:20:15',202,'EXECUTED','7:6897a980d25353413f61f64b5d95ccf8','sql','Drop ref_id column',NULL,'3.5.3',NULL,NULL,'1974408268'),('b89da777-9f58-4fbe-84c6-4ce60552a2f5','Wade','classpath:db/changelog/databaseChangeLog-drop_ref_id.xml','2020-02-17 13:20:15',203,'EXECUTED','7:a1039574c2e7a7b2cb1964ea602b0f47','sql','Drop ref_id column',NULL,'3.5.3',NULL,NULL,'1974408268'),('1bbe1a86-6291-46b1-9490-291f37135a81','Wade','classpath:db/changelog/databaseChangeLog-drop_ref_id.xml','2020-02-17 13:20:15',204,'EXECUTED','7:e2aacad6819977a456001fa3b3ed59d7','sql','Drop ref_id column',NULL,'3.5.3',NULL,NULL,'1974408268'),('05417cb1-425a-45d2-93dd-48e86d347341','Wade','classpath:db/changelog/databaseChangeLog-drop_ref_id.xml','2020-02-17 13:20:15',205,'EXECUTED','7:45ff795a8d8b2a9a28a581806d5be622','sql','Drop ref_id column',NULL,'3.5.3',NULL,NULL,'1974408268'),('bc73612b-7f93-4a3f-9999-5b959a12f789','Wade','classpath:db/changelog/databaseChangeLog-drop_ref_id.xml','2020-02-17 13:20:15',206,'EXECUTED','7:05ffabee1e9e2f5954a2ce564fd5be26','sql','Drop ref_id column',NULL,'3.5.3',NULL,NULL,'1974408268'),('61edf04b-f362-456c-842b-0568eca9dba3','Wade','classpath:db/changelog/databaseChangeLog-drop_ref_id.xml','2020-02-17 13:20:15',207,'EXECUTED','7:da54ae2257164ebbc982f12ddd0b0cb5','sql','Remove reference_ref_id',NULL,'3.5.3',NULL,NULL,'1974408268'),('3f7f0dde-7216-43c0-8414-30f45831c553','Wade','classpath:db/changelog/databaseChangeLog-drop_ref_id.xml','2020-02-17 13:20:15',208,'EXECUTED','7:0b4cfb0ed2168d0ad9d08f0f9e86d6e2','sql','Remove reference_ref_id',NULL,'3.5.3',NULL,NULL,'1974408268'),('8cb90eb8-c8a4-44bd-a96e-a46af2979ccb','Wade','classpath:db/changelog/databaseChangeLog-drop_ref_id.xml','2020-02-17 13:20:15',209,'EXECUTED','7:29d35d1f934e501bc32d8943fb73ce38','sql','Remove reference_ref_id',NULL,'3.5.3',NULL,NULL,'1974408268'),('35126a72-3413-4087-a7b4-aa814f0a67c6','Wade','classpath:db/changelog/databaseChangeLog-drop_ref_id.xml','2020-02-17 13:20:15',210,'EXECUTED','7:f1e3badcc0a3f3175c44ee7369acb733','sql','Remove reference_ref_id',NULL,'3.5.3',NULL,NULL,'1974408268'),('ed9760c4-a9ca-4f43-aad3-7b0ec4db5d04','Wade','classpath:db/changelog/databaseChangeLog-2.1.0.xml','2020-02-17 13:20:15',211,'EXECUTED','7:7ce5ee849e2a5e8b3e3282d2abfa8720','sql','Create inventory side tz_trace_treez_request_log',NULL,'3.5.3',NULL,NULL,'1974408268'),('953450d1-e50e-41e1-ada4-1bc806c5e905','Wade','classpath:db/changelog/databaseChangeLog-2.1.0.xml','2020-02-17 13:20:15',212,'EXECUTED','7:fcbbc520560540114a2ed476bd26073a','sql','Add async trace treez inventory adjustment config',NULL,'3.5.3',NULL,NULL,'1974408268'),('402800916A479925016A4799255E0000','Scott','classpath:db/changelog/databaseChangeLog-2.1.0.xml','2020-02-17 13:20:15',213,'EXECUTED','7:c05d005f681df9d9310d439397545f02','sql','add returned from POS column to inventory table',NULL,'3.5.3',NULL,NULL,'1974408268'),('402800EA69A842BA016A31C2F0580008','Jeremy','classpath:db/changelog/databaseChangeLog-2.1.0.xml','2020-02-17 13:20:15',214,'EXECUTED','7:56b87435f0b25ea80bb5714dc6bcfdde','sql','add tolerance column in tz_price_threshold',NULL,'3.5.3',NULL,NULL,'1974408268'),('402800EA69A842dBA016A31C398CC0009','Jeremy','classpath:db/changelog/databaseChangeLog-2.1.0.xml','2020-02-17 13:20:15',215,'EXECUTED','7:f133f6f486419ac3e97ff279e967415b','sql','',NULL,'3.5.3',NULL,NULL,'1974408268'),('402800EA6A4736B5016A4736B5FB0000','Jeremy','classpath:db/changelog/databaseChangeLog-2.1.0.xml','2020-02-17 13:20:15',216,'EXECUTED','7:a4bf6f83767a43de03989a242d34a678','sql','Adding Range mode column to tz_price_tier in order to\n            distinguish \"FIX_PRICE\" mode relevant to deli style',NULL,'3.5.3',NULL,NULL,'1974408268'),('402800EA6A4736B5016A4758C25A0002','Jeremy','classpath:db/changelog/databaseChangeLog-2.1.0.xml','2020-02-17 13:20:15',217,'EXECUTED','7:98ed133cfcbffb5c26080613b52f79c1','sql','Adding Range mode column to tz_price_tier_aud',NULL,'3.5.3',NULL,NULL,'1974408268'),('ae248340-ac04-452e-befd-7d0f4b4fc34c','Stephen','classpath:db/changelog/databaseChangeLog-2.1.0.xml','2020-02-17 13:20:15',218,'EXECUTED','7:9891b3012f7d801e3f3698501153b620','sql','increase character limit on package label',NULL,'3.5.3',NULL,NULL,'1974408268'),('6985216f-79f9-42d7-aa72-90bccdee5b11','Stephen','classpath:db/changelog/databaseChangeLog-2.1.0.xml','2020-02-17 13:20:15',219,'EXECUTED','7:5ffbabf07af91020220d3239fe1ac21f','sql','increase character limit on package label aud',NULL,'3.5.3',NULL,NULL,'1974408268'),('402800916A7AB07D016A7AD03CF70002','Scott','classpath:db/changelog/databaseChangeLog-2.1.0.xml','2020-02-17 13:20:15',220,'EXECUTED','7:9c1e564a5beda096db07c03d7ae14916','sql','move product details to new metadata and remove old metadata',NULL,'3.5.3',NULL,NULL,'1974408268'),('402800916A7AB07D016A7AD02A490001','Scott','classpath:db/changelog/databaseChangeLog-2.1.0.xml','2020-02-17 13:20:15',221,'EXECUTED','7:c40e2aad9bfcef7ee2861a0b5ec25714','sql','remove size/amount defaults for types that don\'t use them',NULL,'3.5.3',NULL,NULL,'1974408268'),('6cf80aca-4bed-4c55-b56b-3e5d1a367655','Jeff','classpath:db/changelog/databaseChangeLog-2.1.0.xml','2020-02-17 13:20:15',222,'EXECUTED','7:ee36784e3e982bbbcf138367c0ea94c6','sql','add inventory_sku column to report_product',NULL,'3.5.3',NULL,NULL,'1974408268'),('369e2085-e8c1-4e97-add3-931569187469','Jeff','classpath:db/changelog/databaseChangeLog-2.1.0.xml','2020-02-17 13:20:15',223,'EXECUTED','7:91f6aecb77426dcf3d8997aacb69deb4','sql','add inventory_sku column to report_product',NULL,'3.5.3',NULL,NULL,'1974408268'),('cb7d0bad-6195-4fdc-b752-5d064af75d65','Jeff','classpath:db/changelog/databaseChangeLog-2.1.0.xml','2020-02-17 13:20:15',224,'EXECUTED','7:b406f30385cdb4a4127fd65d447a0955','sql','Increase character limit on stateTrackingId report_discount',NULL,'3.5.3',NULL,NULL,'1974408268'),('1e91351c-bd69-448b-b9dd-37c418326fe4','Jeff','classpath:db/changelog/databaseChangeLog-2.1.0.xml','2020-02-17 13:20:15',225,'EXECUTED','7:c1a556b846b49a3ac03b1de9fa8e3b3c','sql','Increase character limit on stateTrackingId report_product',NULL,'3.5.3',NULL,NULL,'1974408268'),('d04764d31-07ff-4f67-a7d2-519ddd949175','Stephen','classpath:db/changelog/databaseChangeLog-2.1.0.xml','2020-02-17 13:20:16',226,'EXECUTED','7:0132af66eb7802d23d42b93b2ae1b0a7','sqlFile','Create tz_package table',NULL,'3.5.3',NULL,NULL,'1974408268'),('402800EA6A7F7AA9016A902985AF0004','Jeremy','classpath:db/changelog/databaseChangeLog-2.1.0.xml','2020-02-17 13:20:16',227,'EXECUTED','7:09737e41cfb96cd70d6c7aa413d265d3','sql','',NULL,'3.5.3',NULL,NULL,'1974408268'),('402800EA6A7F7AA9016A937B40150005','Jeremy','classpath:db/changelog/databaseChangeLog-2.1.0.xml','2020-02-17 13:20:16',228,'EXECUTED','7:7b7aac662db0814873bfed7c4b393030','sql','',NULL,'3.5.3',NULL,NULL,'1974408268'),('d87a0733-1972-4ac6-a0ac-5964ce9def37','Stephen','classpath:db/changelog/databaseChangeLog-2.1.0.xml','2020-02-17 13:20:16',229,'EXECUTED','7:6a2b2300e746d90703e095d31b094dcd','sql','',NULL,'3.5.3',NULL,NULL,'1974408268'),('402800EA6A7F7AA9016A93C3DD4D0006','Jeremy','classpath:db/changelog/databaseChangeLog-2.1.0.xml','2020-02-17 13:20:16',230,'EXECUTED','7:4ef7609ff09717755681fe0bc868255a','sql','',NULL,'3.5.3',NULL,NULL,'1974408268'),('8ac88ea0-1a4b-4fcf-a0d9-d3ee8c74dd62','Stephen','classpath:db/changelog/databaseChangeLog-2.1.0.xml','2020-02-17 13:20:16',231,'EXECUTED','7:11b8f074827f71bdf48a7ca621822a52','sql','',NULL,'3.5.3',NULL,NULL,'1974408268'),('402800EA6A7F7AA9016A94B6135F0009','Jeremy','classpath:db/changelog/databaseChangeLog-2.1.0.xml','2020-02-17 13:20:16',232,'EXECUTED','7:b69fb66d062d3f1ae9fb7f1234d7a2d1','sql','',NULL,'3.5.3',NULL,NULL,'1974408268'),('402800EA6A7F7AA9016A94F1951A000A','Jeremy','classpath:db/changelog/databaseChangeLog-2.1.0.xml','2020-02-17 13:20:16',233,'EXECUTED','7:07341e2dd6d5309c6a8df0acceca76c4','sql','',NULL,'3.5.3',NULL,NULL,'1974408268'),('402800EA6A7F7AA901d6A95816AC0000BD','Jeremy','classpath:db/changelog/databaseChangeLog-2.1.0.xml','2020-02-17 13:20:16',234,'EXECUTED','7:f6ece3ac671189bf99c8701149bb5aba','sql','',NULL,'3.5.3',NULL,NULL,'1974408268'),('402800EA6A7F7AA9016A95837822d000C','Jeremy','classpath:db/changelog/databaseChangeLog-2.1.0.xml','2020-02-17 13:20:16',235,'EXECUTED','7:52857c9d6ea98e17b52dba50163c2c57','sql','',NULL,'3.5.3',NULL,NULL,'1974408268'),('402800EA6A7F7AA9016A95898584000FD','Jeremy','classpath:db/changelog/databaseChangeLog-2.1.0.xml','2020-02-17 13:20:16',236,'EXECUTED','7:9a462f7b059bd53b86c8b5eed5888fd9','sql','',NULL,'3.5.3',NULL,NULL,'1974408268'),('402800EA6A7F7AA9016A958A8E480010','Jeremy','classpath:db/changelog/databaseChangeLog-2.1.0.xml','2020-02-17 13:20:16',237,'EXECUTED','7:d50b55ee6da7ec6aad230ecc9e9e6ae9','sql','',NULL,'3.5.3',NULL,NULL,'1974408268'),('0eababe0-a70b-4101-973a-31c42ae1f59e','Stephen','classpath:db/changelog/databaseChangeLog-2.1.0.xml','2020-02-17 13:20:16',238,'EXECUTED','7:598b9295211174ffac7af36cf70c311a','sql','',NULL,'3.5.3',NULL,NULL,'1974408268'),('e168ce27-ca14-4b8f-84d3-6e200fc93f6d','Stephen','classpath:db/changelog/databaseChangeLog-2.1.0.xml','2020-02-17 13:20:16',239,'EXECUTED','7:ef0c55699b5ce8aa6812665cd411749c','sql','',NULL,'3.5.3',NULL,NULL,'1974408268'),('402800EA6A7F7AA9016A98AFE2DA0011','Jeremy','classpath:db/changelog/databaseChangeLog-2.1.0.xml','2020-02-17 13:20:16',240,'EXECUTED','7:090b51e8253eefad9fccdc7329b12cb9','sql','',NULL,'3.5.3',NULL,NULL,'1974408268'),('402800EA6A7F7AA9016A990DBF310012','Jeremy','classpath:db/changelog/databaseChangeLog-2.1.0.xml','2020-02-17 13:20:16',241,'EXECUTED','7:17ce004b9d7985aeb8d38ef5d5d56878','sql','',NULL,'3.5.3',NULL,NULL,'1974408268'),('402800EA6A7F7AA9016A99583B230013','Jeremy','classpath:db/changelog/databaseChangeLog-2.1.0.xml','2020-02-17 13:20:16',242,'EXECUTED','7:420c46e7b0a52894c13936cf69e87b48','sql','',NULL,'3.5.3',NULL,NULL,'1974408268'),('402800EA6A7F7AA9016A9960B5940014','Jeremy','classpath:db/changelog/databaseChangeLog-2.1.0.xml','2020-02-17 13:20:16',243,'EXECUTED','7:845b455e65633b7863cddca4ec4dd070','sql','',NULL,'3.5.3',NULL,NULL,'1974408268'),('402800EA6A7F7AA9016A9961FDD70015','Jeremy','classpath:db/changelog/databaseChangeLog-2.1.0.xml','2020-02-17 13:20:16',244,'EXECUTED','7:021612b7995e4cb907ac68c2d951e24c','sql','',NULL,'3.5.3',NULL,NULL,'1974408268'),('15ebf0db-634a-426b-b267-2b102890bc9e','Stephen','classpath:db/changelog/databaseChangeLog-2.1.0.xml','2020-02-17 13:20:16',245,'EXECUTED','7:ce9c1e1c70b663b452dd6b6c2d706758','sql','',NULL,'3.5.3',NULL,NULL,'1974408268'),('aac804be-6dd9-43df-8875-cb733a58f4e5','Stephen','classpath:db/changelog/databaseChangeLog-2.1.0.xml','2020-02-17 13:20:16',246,'EXECUTED','7:a080dae94339ece2602f7ef3837030eb','sql','',NULL,'3.5.3',NULL,NULL,'1974408268'),('402800EA6AB2813C016AB3E14A39000E','Jeremy','classpath:db/changelog/databaseChangeLog-2.1.0.xml','2020-02-17 13:20:16',247,'EXECUTED','7:42965afd38fb4149f9ad2047676c80b3','sql','adds modified_reference_type column to action log',NULL,'3.5.3',NULL,NULL,'1974408268'),('402800EA6AB2813C016AB3E12EFE000C','Jeremy','classpath:db/changelog/databaseChangeLog-2.1.0.xml','2020-02-17 13:20:16',248,'EXECUTED','7:d21c1c8ad969d5d9300a2ebc954053bd','sql','removes default',NULL,'3.5.3',NULL,NULL,'1974408268'),('24581718-c5c9-48c3-b575-c92eab59f8ab','Jeff','classpath:db/changelog/databaseChangeLog-2.1.0.xml','2020-02-17 13:20:16',249,'MARK_RAN','7:30010bb04472d7878e18f85cf05d7575','sql','Clean up subtype data',NULL,'3.5.3',NULL,NULL,'1974408268'),('cd83450a-1df7-4c0f-a445-0ac423b299e7','Jeff','classpath:db/changelog/databaseChangeLog-2.1.0.xml','2020-02-17 13:20:16',250,'EXECUTED','7:d6ef57ac7a2b78ce3176196a093ebbd3','sql','Delete all existing subtype options',NULL,'3.5.3',NULL,NULL,'1974408268'),('35abdb68-b4ca-44bc-8aed-b3340a3f92e8','Jeff','classpath:db/changelog/databaseChangeLog-2.1.0.xml','2020-02-17 13:20:16',251,'EXECUTED','7:f2567780796c101eb0df53aed231700d','sql','Set subtype from open field to dropdown',NULL,'3.5.3',NULL,NULL,'1974408268'),('41a05269-5ce4-4a4b-b350-814baf7582fa','Jeff','classpath:db/changelog/databaseChangeLog-2.1.0.xml','2020-02-17 13:20:16',252,'EXECUTED','7:57557cc63ba659b90c9fd20c33f9ff03','sql','Add default subtype options',NULL,'3.5.3',NULL,NULL,'1974408268'),('9a87175c-a5bb-4ee7-bd29-282e11c96ff3','Jeff','classpath:db/changelog/databaseChangeLog-2.1.0.xml','2020-02-17 13:20:16',253,'EXECUTED','7:59045ff3bf661c3f63cd4b899f516d10','sql','Add subtypes from client',NULL,'3.5.3',NULL,NULL,'1974408268'),('ba1db385-b59f-4559-b42f-4f4ad2f442bf','Jeff','classpath:db/changelog/databaseChangeLog-2.1.0.xml','2020-02-17 13:20:16',254,'EXECUTED','7:a5bc0790307499a021ac123695716740','sql','Delete duplicate subtypes',NULL,'3.5.3',NULL,NULL,'1974408268'),('266425c5-a343-4a7e-8263-6c2e2050ad57','Jeff','classpath:db/changelog/databaseChangeLog-2.1.0.xml','2020-02-17 13:20:16',255,'EXECUTED','7:e7782e1a0d316f4d050863e701ddad1e','sql','Add audit entries for new subtypes',NULL,'3.5.3',NULL,NULL,'1974408268'),('402800916AB7D48B016AB7D48B930000','Scott','classpath:db/changelog/databaseChangeLog-2.1.0.xml','2020-02-17 13:20:16',256,'EXECUTED','7:7f7922d102146c30bb96f9e95a38ee4e','sql','remove preroll 2',NULL,'3.5.3',NULL,NULL,'1974408268'),('402800916AB7D48B016AB84FA6DA0001','Scott','classpath:db/changelog/databaseChangeLog-2.1.0.xml','2020-02-17 13:20:16',257,'EXECUTED','7:2d5ccd61f533208d5f8f58ab956ef2f6','sql','fix elixir spelling',NULL,'3.5.3',NULL,NULL,'1974408268'),('febd321a-5228-46f6-b880-08cc3524a280','Jeff','classpath:db/changelog/databaseChangeLog-2.1.0.xml','2020-02-17 13:20:16',258,'EXECUTED','7:ff17855045c68b7271fb67c8a5320a4b','sql','Drop table before recreating',NULL,'3.5.3',NULL,NULL,'1974408268'),('e1d6c8c3-b5be-4ff6-92c6-e566c3d7e6c7','Jeff','classpath:db/changelog/databaseChangeLog-2.1.0.xml','2020-02-17 13:20:16',259,'EXECUTED','7:567d616543c5f43ed0fcbd35b7f1535f','sql','Create table report_customer',NULL,'3.5.3',NULL,NULL,'1974408268'),('2d1196cf-6657-43b8-aab9-040aa8890999','Jeff','classpath:db/changelog/databaseChangeLog-2.1.0.xml','2020-02-17 13:20:16',260,'MARK_RAN','7:5abb520358230e4bce80557714d9c393','sql','migrate lab data from invoiceline to package',NULL,'3.5.3',NULL,NULL,'1974408268'),('43054416-850c-4785-8fe7-39d1b45c5a7c','Tim','classpath:db/changelog/databaseChangeLog-2.1.0.xml','2020-02-17 13:20:16',261,'MARK_RAN','7:62021e215c24ee15d37f6957d4222f65','sql','Set thresholds price_per with quantity_start of 0 to thresholds price_per with quantity_start of 1',NULL,'3.5.3',NULL,NULL,'1974408268'),('402800916A479925016A74C60AA80004','Scott','classpath:db/changelog/databaseChangeLog-2.2.0.xml','2020-02-17 13:20:17',262,'EXECUTED','7:83d460437a66c3547a39eb95d1939d40','sql','create state tracking category to type map',NULL,'3.5.3',NULL,NULL,'1974408268'),('402800916A479925016A7506DF4C0005','Scott','classpath:db/changelog/databaseChangeLog-2.2.0.xml','2020-02-17 13:20:17',263,'EXECUTED','7:c0b9ba901c8fb6da9328b68c86e1d3fc','sql','populate NV and MI Metrc category mappings',NULL,'3.5.3',NULL,NULL,'1974408268'),('402800916AB7D48B016ABDAF8288000D','Scott','classpath:db/changelog/databaseChangeLog-2.2.0.xml','2020-02-17 13:20:17',264,'EXECUTED','7:6dacd6fd08b6986f5d1d9e0d26692999','sql','populate NV and MI Metrc category mappings in aud table',NULL,'3.5.3',NULL,NULL,'1974408268'),('402800916AB7D48B016ABD92B4580003','Scott','classpath:db/changelog/databaseChangeLog-2.2.0.xml','2020-02-17 13:20:17',265,'EXECUTED','7:bceb9f31808c293cc98a127158e9a5dd','sql','',NULL,'3.5.3',NULL,NULL,'1974408268'),('402800916AB7D48B016ABE42BA57000F','Scott','classpath:db/changelog/databaseChangeLog-2.2.0.xml','2020-02-17 13:20:17',266,'EXECUTED','7:da8ff622e08100089c370b80aefa9cd9','sql','',NULL,'3.5.3',NULL,NULL,'1974408268'),('402800916AB7D48B016ABD98E22E0004','Scott','classpath:db/changelog/databaseChangeLog-2.2.0.xml','2020-02-17 13:20:17',267,'EXECUTED','7:a47f6b39f03cd7ee4df53f9880960aca','sql','',NULL,'3.5.3',NULL,NULL,'1974408268'),('402800916AB7D48B016ABD992C2E0005','Scott','classpath:db/changelog/databaseChangeLog-2.2.0.xml','2020-02-17 13:20:17',268,'EXECUTED','7:534cbd7dde8f0eb96aec46bd31f9aa60','sql','',NULL,'3.5.3',NULL,NULL,'1974408268'),('402800916AB7D48B016ABD9A606C0006','Scott','classpath:db/changelog/databaseChangeLog-2.2.0.xml','2020-02-17 13:20:17',269,'EXECUTED','7:b60bdbf358b85e0d9e22e9700d4d49bf','sql','',NULL,'3.5.3',NULL,NULL,'1974408268'),('402800916AB7D48B016ABDFE394F000E','Scott','classpath:db/changelog/databaseChangeLog-2.2.0.xml','2020-02-17 13:20:17',270,'EXECUTED','7:7ab92b567e2ab2f708dc0db80445be5f','sql','',NULL,'3.5.3',NULL,NULL,'1974408268'),('402800916AB7D48B016ABD9B12530007','Scott','classpath:db/changelog/databaseChangeLog-2.2.0.xml','2020-02-17 13:20:17',271,'EXECUTED','7:f844fedf7414a51340853c82bb607166','sql','',NULL,'3.5.3',NULL,NULL,'1974408268'),('402800916AB7D48B016ABD9B7FCA0008','Scott','classpath:db/changelog/databaseChangeLog-2.2.0.xml','2020-02-17 13:20:17',272,'EXECUTED','7:04cb561620e9d409d0683ae325670983','sql','',NULL,'3.5.3',NULL,NULL,'1974408268'),('402800916AB7D48B016ABD9C1F1B0009','Scott','classpath:db/changelog/databaseChangeLog-2.2.0.xml','2020-02-17 13:20:17',273,'MARK_RAN','7:04cb561620e9d409d0683ae325670983','sql','',NULL,'3.5.3',NULL,NULL,'1974408268'),('402800916AB7D48B016ABD9FEE63000A','Scott','classpath:db/changelog/databaseChangeLog-2.2.0.xml','2020-02-17 13:20:17',274,'EXECUTED','7:3ee45ba899ed99e3c353f94f546dc1ec','sql','',NULL,'3.5.3',NULL,NULL,'1974408268'),('402800916AB7D48B016ABD9FF9CB000B','Scott','classpath:db/changelog/databaseChangeLog-2.2.0.xml','2020-02-17 13:20:17',275,'EXECUTED','7:ecd45626f305ff42d5f37c0f3b7bda18','sql','',NULL,'3.5.3',NULL,NULL,'1974408268'),('402800916ADC1AF2016ADC1AF26F0000','Scott','classpath:db/changelog/databaseChangeLog-2.2.0.xml','2020-02-17 13:20:17',276,'EXECUTED','7:55392380cb2ea5768aece24690825475','sql','add dispensary license column to treez package',NULL,'3.5.3',NULL,NULL,'1974408268'),('402800916ADC1AF2016ADC1BCDB00001','Scott','classpath:db/changelog/databaseChangeLog-2.2.0.xml','2020-02-17 13:20:17',277,'EXECUTED','7:b2b314b18e5e2865b6ef55da72c68ef8','sql','add dispensary license column to treez package audit',NULL,'3.5.3',NULL,NULL,'1974408268'),('402800916ADC1AF2016ADC6EE4B90002`','Scott','classpath:db/changelog/databaseChangeLog-2.2.0.xml','2020-02-17 13:20:17',278,'EXECUTED','7:870b5870ba1654d09ef31a71f2d1fbc4','sql','make product ID nullable on tz package',NULL,'3.5.3',NULL,NULL,'1974408268'),('402800916ADC1AF2016ADC7894940003','Scott','classpath:db/changelog/databaseChangeLog-2.2.0.xml','2020-02-17 13:20:17',279,'EXECUTED','7:eb30b2a546dd9ddc9a04bbb8cd3d341b','sql','make product ID nullable on tz package',NULL,'3.5.3',NULL,NULL,'1974408268'),('402800916ADC1AF2016AE77409AF0004','Scott','classpath:db/changelog/databaseChangeLog-2.2.0.xml','2020-02-17 13:20:17',280,'EXECUTED','7:e2d20e2066177c8a135a351bf6b93426','sql','create join table for product and trace treez service products',NULL,'3.5.3',NULL,NULL,'1974408268'),('402800916ADC1AF2016AFF7C86F70006','Scott','classpath:db/changelog/databaseChangeLog-2.2.0.xml','2020-02-17 13:20:17',281,'EXECUTED','7:3cef4128dbf98f9ff4d0ac78547a5413','sql','create join table audit for product and trace treez service products',NULL,'3.5.3',NULL,NULL,'1974408268'),('402800916ADC1AF2016B01479C6C000A','Scott','classpath:db/changelog/databaseChangeLog-2.2.0.xml','2020-02-17 13:20:17',282,'EXECUTED','7:3bc50c2d0b702cc625f2dda3f13b73e6','sql','move PK from aud table to rev from ID',NULL,'3.5.3',NULL,NULL,'1974408268'),('402800916ADC1AF2016B04B9E245000B','Scott','classpath:db/changelog/databaseChangeLog-2.2.0.xml','2020-02-17 13:20:17',283,'EXECUTED','7:531f748448490064d8e0054632e963db','sql','populate CA Metrc category mappings',NULL,'3.5.3',NULL,NULL,'1974408268'),('402800916ADC1AF2016B04BA76F8000C','Scott','classpath:db/changelog/databaseChangeLog-2.2.0.xml','2020-02-17 13:20:17',284,'EXECUTED','7:4d1a80817e1ba14d4727cf7b78f14de7','sql','remove category type map audit table',NULL,'3.5.3',NULL,NULL,'1974408268'),('402800916ADC1AF2016B012ACDEA0008','Scott','classpath:db/changelog/databaseChangeLog-2.2.0.xml','2020-02-17 13:20:17',285,'EXECUTED','7:95315efc9156580f7edaebc71c1cb4e6','sql','remove Kief -> Extract category to type mapping',NULL,'3.5.3',NULL,NULL,'1974408268'),('af80d4ae-bc05-4d34-9435-5de154692e15','Stephen','classpath:db/changelog/databaseChangeLog-2.2.0.xml','2020-02-17 13:20:17',286,'EXECUTED','7:1524e8e442605e6c8eb63f0b5b536d7b','sql','change return location to pos return',NULL,'3.5.3',NULL,NULL,'1974408268'),('a3a90851-1f40-466e-90f7-8ef6b5236e52','Stephen','classpath:db/changelog/databaseChangeLog-2.2.0.xml','2020-02-17 13:20:17',287,'EXECUTED','7:93c0b6b99acedfc95390151bdab13be5','sql','change return location to pos return aud',NULL,'3.5.3',NULL,NULL,'1974408268'),('402800EA6B1F8298016B2A1608220003','Jeremy','classpath:db/changelog/databaseChangeLog-2.2.1.xml','2020-02-17 13:20:17',288,'EXECUTED','7:5e2d6493a988369aa54abb72f3419227','sql','Under Product Types: Beverage, CBD, Extract, Topical, Merch - Add Subtype: \'Other\'',NULL,'3.5.3',NULL,NULL,'1974408268'),('402800EA6B1F8298016B2A16DE670005','Jeremy','classpath:db/changelog/databaseChangeLog-2.2.1.xml','2020-02-17 13:20:17',289,'EXECUTED','7:e67ce4cf672fc2f2ae0b6386d15be80f','sql','Under Product Type: Plant - Remove \'Fresh Whole Plant\'',NULL,'3.5.3',NULL,NULL,'1974408268'),('402800EA6B1F8298016B2A170D1F0006','Jeremy','classpath:db/changelog/databaseChangeLog-2.2.1.xml','2020-02-17 13:20:17',290,'EXECUTED','7:382e435f8c5117a5cb8cfcd98bd2833f','sql','Under Product Type: Extract - add subtypes DIAMONDS, RSO, ISOLATE, CAVIAR',NULL,'3.5.3',NULL,NULL,'1974408268'),('402800EA6B1F8298016B2A1795BF0007','Jeremy','classpath:db/changelog/databaseChangeLog-2.2.1.xml','2020-02-17 13:20:17',291,'EXECUTED','7:85ed249a57d0939e33dafd70e255962a','sql','Under Product Type: Extract - Rename \'Hash Rosen\' to \'Hash Rosin\'',NULL,'3.5.3',NULL,NULL,'1974408268'),('402800EA6B1F8298016B2A18170C0009','Jeremy','classpath:db/changelog/databaseChangeLog-2.2.1.xml','2020-02-17 13:20:17',292,'EXECUTED','7:28d8898dba4ba309969976a065fc3467','sql','Under Product Type: Cartridge - Rename \'Standard\' to \'510 Thread\'',NULL,'3.5.3',NULL,NULL,'1974408268'),('402800EA6B1F8298016B2A1841C4000A','Jeremy','classpath:db/changelog/databaseChangeLog-2.2.1.xml','2020-02-17 13:20:17',293,'EXECUTED','7:9e4fefad084ba53456de8b2ec32dec84','sql','Under Product Type: Beverage - add subtypes (1) Water',NULL,'3.5.3',NULL,NULL,'1974408268'),('402800EA6B1F8298016B2A18CC41000B','Jeremy','classpath:db/changelog/databaseChangeLog-2.2.1.xml','2020-02-17 13:20:17',294,'EXECUTED','7:5ed23d24d7cffd03f88fe2895f9b0b7e','sql','Under Product Type: Pills - add subtype Tablet',NULL,'3.5.3',NULL,NULL,'1974408268'),('402800EA6B1F8298016B2A18F1A9000C','Jeremy','classpath:db/changelog/databaseChangeLog-2.2.1.xml','2020-02-17 13:20:17',295,'EXECUTED','7:00febe2ff1d4738eedd58ee76912264f','sql','Under Product Type: Tincture - add subtype Spray',NULL,'3.5.3',NULL,NULL,'1974408268'),('402800EA6B1F8298016B2A191C0A000D','Jeremy','classpath:db/changelog/databaseChangeLog-2.2.1.xml','2020-02-17 13:20:17',296,'EXECUTED','7:93884c52bf49702b32d13557294e6307','sql','Under Product Type: Topical - add subtype GEL',NULL,'3.5.3',NULL,NULL,'1974408268'),('6a22f90c-6c5b-4319-a1d4-6c33a1fb4405','Stephen','classpath:db/changelog/databaseChangeLog-2.2.1.xml','2020-02-17 13:20:17',297,'EXECUTED','7:d341ec9601e43e41c3e94a8ffb736c92','sql','Create tz_trace_treez_inventory_adjustment_log table',NULL,'3.5.3',NULL,NULL,'1974408268'),('5f7ec2a4-1862-4842-8abf-b16cb284d609','Stephen','classpath:db/changelog/databaseChangeLog-2.2.1.xml','2020-02-17 13:20:17',298,'EXECUTED','7:8ffbbaefc231aa30dd58f0b903b6a8cd','sql','Add endpoint column to tz_trace_treez_request_log table',NULL,'3.5.3',NULL,NULL,'1974408268'),('70f83cc7-a973-4796-be79-4bb964e0dca1','Stephen','classpath:db/changelog/databaseChangeLog-2.2.2.xml','2020-02-17 13:20:17',299,'EXECUTED','7:a1392d296a43e2c5ea8b2210bc934574','sql','Update tz_trace_treez_inventory_adjustment_log to reflect more trace treez data',NULL,'3.5.3',NULL,NULL,'1974408268'),('ca67d6e2-9555-4c40-abf7-3c391ef987b3','Jeff','classpath:db/changelog/databaseChangeLog-2.3.0.xml','2020-02-17 13:20:17',300,'EXECUTED','7:7002c681d93d45baaea95c834d0771c8','sql','Add more columns to report_discount',NULL,'3.5.3',NULL,NULL,'1974408268'),('402800916B4879B4016B488E8CDB0001','Scott','classpath:db/changelog/databaseChangeLog-2.3.0.xml','2020-02-17 13:20:17',301,'EXECUTED','7:46a9eef750addfe7b2be0812b99bfbca','sql','update medium inv label QR code to point to package label',NULL,'3.5.3',NULL,NULL,'1974408268'),('402800916B4879B4016B4899C5E20002','Scott','classpath:db/changelog/databaseChangeLog-2.3.0.xml','2020-02-17 13:20:17',302,'EXECUTED','7:98c549fe574376bc68fa4f1449d406c7','sql','update medium inv label QR code to point to package label',NULL,'3.5.3',NULL,NULL,'1974408268'),('402800916B4879B4016B52BFA18A0007','Scott','classpath:db/changelog/databaseChangeLog-2.3.0.xml','2020-02-17 13:20:17',303,'EXECUTED','7:04c5fb5db68949ce98bfc5e48eea45b6','sql','add QR code label data mapper for small labels',NULL,'3.5.3',NULL,NULL,'1974408268'),('402800916B4879B4016B52BB61230006','Scott','classpath:db/changelog/databaseChangeLog-2.3.0.xml','2020-02-17 13:20:17',304,'EXECUTED','7:c92c750e7c4905b5c9e1e7cb99b623ba','sql','add separate PRN for small label w/ QR code',NULL,'3.5.3',NULL,NULL,'1974408268'),('18d0f041-dbd5-4b0f-8afc-31613192e985','Jeff','classpath:db/changelog/databaseChangeLog-2.3.0.xml','2020-02-17 13:20:17',305,'EXECUTED','7:c062a352eb77558d32eaa1f2eaa99fae','sql','Add more columns to report_payment',NULL,'3.5.3',NULL,NULL,'1974408268'),('402800916B4879B4016B680A39B50009','Scott','classpath:db/changelog/databaseChangeLog-2.3.0.xml','2020-02-17 13:20:17',306,'EXECUTED','7:f20eb3a168a0c6600e658013084b7e44','sql','update medium label PRN to fit package label QR code',NULL,'3.5.3',NULL,NULL,'1974408268'),('402800916B4879B4016B6CF75807000A','Scott','classpath:db/changelog/databaseChangeLog-2.3.0.xml','2020-02-17 13:20:17',307,'EXECUTED','7:918165cfcaea1986b4a66f332b4247ba','sql','update small label PRN with QR code for better spacing',NULL,'3.5.3',NULL,NULL,'1974408268'),('8cce31b8-ee0a-4b89-81ff-0df9011cf297','Jeff','classpath:db/changelog/databaseChangeLog-2.3.1.xml','2020-02-17 13:20:20',308,'EXECUTED','7:bac77c914117a7610e2551fe2925b95b','sql','Alter index for tz_reason',NULL,'3.5.3',NULL,NULL,'1974408268'),('44e03de3-583b-4484-afd2-fa808ea50483','Jeff','classpath:db/changelog/databaseChangeLog-2.3.1.xml','2020-02-17 13:20:20',309,'EXECUTED','7:d23560d205596ea43001f4d097884261','sql','Add index for tz_package_aud',NULL,'3.5.3',NULL,NULL,'1974408268'),('e1f93f60-c5dc-4e57-81e2-2c0cb45b067f','Jeff','classpath:db/changelog/databaseChangeLog-2.3.1.xml','2020-02-17 13:20:21',310,'EXECUTED','7:9aa9032df9014b5f2ee2ce4a782438ea','sql','Alter index for tz_inventory_aud',NULL,'3.5.3',NULL,NULL,'1974408268'),('b4b84d48-22ce-403a-b3d7-f968e02ee8ec','Jeff','classpath:db/changelog/databaseChangeLog-2.3.1.xml','2020-02-17 13:20:21',311,'EXECUTED','7:c6dd369a7c8b4610ac659d76bf99a063','sql','Drop tz_reason_aud table',NULL,'3.5.3',NULL,NULL,'1974408268'),('afda68ce-5926-49f9-bb06-9c729a17e92a','Jeff','classpath:db/changelog/databaseChangeLog-2.3.1.xml','2020-02-17 13:20:21',312,'EXECUTED','7:bcea0be82ef313464b2ddb6f4a571dbf','sql','Change preroll default subtype to FLOWER',NULL,'3.5.3',NULL,NULL,'1974408268'),('2c973742-917d-4f0e-a488-3bdd87468703','Wade','classpath:db/changelog/databaseChangeLog-2.3.1.xml','2020-02-17 13:20:21',313,'EXECUTED','7:3c591852ff538df4900f8d5648ad2c96','sql','Add additional columns to tz_license to support state tracking license display requirements',NULL,'3.5.3',NULL,NULL,'1974408268'),('c3a53bf5-314f-46d3-a91f-c975c3acf608','Wade','classpath:db/changelog/databaseChangeLog-2.3.1.xml','2020-02-17 13:20:21',314,'EXECUTED','7:252ac565662c4a222525d8636445b33a','sql','Rename license_type column to reference_type in tz_license to better reflect polymorphic join pattern',NULL,'3.5.3',NULL,NULL,'1974408268'),('8c96ad52-e19d-415a-b3f2-1a966675d50d','Wade','classpath:db/changelog/databaseChangeLog-2.3.1.xml','2020-02-17 13:20:21',315,'EXECUTED','7:8e9919c8db6f2b4a6e41019dcecc9d30','sql','Add license_type column to tz_license to keep track of state tracking license types',NULL,'3.5.3',NULL,NULL,'1974408268'),('ad62669c-4a32-43c6-9b7d-e2681aaf8db6','Wade','classpath:db/changelog/databaseChangeLog-2.3.1.xml','2020-02-17 13:20:21',316,'EXECUTED','7:60ea0551dc0de4556277738560272112','sql','Update tz_license_aud to reflect tz_license changes',NULL,'3.5.3',NULL,NULL,'1974408268'),('402800916B4879B4016B95463A68000B','Scott','classpath:db/changelog/databaseChangeLog-2.3.2.xml','2020-02-17 13:20:21',317,'EXECUTED','7:353cc76b7961f2095776b4dd5d9623f3','sql','add action that created to credit note table',NULL,'3.5.3',NULL,NULL,'1974408268'),('402800916B4879B4016B9548560E000C','Scott','classpath:db/changelog/databaseChangeLog-2.3.2.xml','2020-02-17 13:20:21',318,'EXECUTED','7:f492603878965320701caacdbbb1f0a5','sql','add action that created to credit note table',NULL,'3.5.3',NULL,NULL,'1974408268'),('402800916B4879B4016B9692BE0A0011D','Scott','classpath:db/changelog/databaseChangeLog-2.3.2.xml','2020-02-17 13:20:21',319,'EXECUTED','7:0073e7bf3e3252092217f003ce53c6b1','sql','change transaction or credit to credit ID and add distributor ID column for credit payments',NULL,'3.5.3',NULL,NULL,'1974408268'),('402800916B4879B4016B968F82C0000F','Scott','classpath:db/changelog/databaseChangeLog-2.3.2.xml','2020-02-17 13:20:21',320,'EXECUTED','7:e9e66d6fa3aaa6be395eecbc00159884','sql','repeat above for audit table',NULL,'3.5.3',NULL,NULL,'1974408268'),('402800916B4879B4016B96774672000E','Scott','classpath:db/changelog/databaseChangeLog-2.3.2.xml','2020-02-17 13:20:21',321,'EXECUTED','7:57f411a7202f42b0baa035216bc9ef02','sql','migrate old credit note application payments to add distributor ID',NULL,'3.5.3',NULL,NULL,'1974408268'),('402800916B4879B4016B99FFAF210014','Scott','classpath:db/changelog/databaseChangeLog-2.3.2.xml','2020-02-17 13:20:21',322,'EXECUTED','7:b54595fc5fd18a812684287d5a7a2e27','sql','add credit balance column to distributor table',NULL,'3.5.3',NULL,NULL,'1974408268'),('402800916B4879B4016B9A01A43E0015','Scott','classpath:db/changelog/databaseChangeLog-2.3.2.xml','2020-02-17 13:20:21',323,'EXECUTED','7:fa358550cff4f6a115fb3a9c1e5935db','sql','add credit balance column to distributor audit table',NULL,'3.5.3',NULL,NULL,'1974408268'),('D402800916B4879B4016BB067AD28001A','Scott','classpath:db/changelog/databaseChangeLog-2.3.2.xml','2020-02-17 13:20:21',324,'EXECUTED','7:a2b54999fb69eb794995c57701f9f1fa','sql','populate credit balance column',NULL,'3.5.3',NULL,NULL,'1974408268'),('402800916B4879B4016B96981CDD0012','Scott','classpath:db/changelog/databaseChangeLog-2.3.2.xml','2020-02-17 13:20:21',325,'EXECUTED','7:89722d71deb521ca360cd50b574a58d4','sql','drop credit note applied table',NULL,'3.5.3',NULL,NULL,'1974408268'),('402800916B4879B4016B9698C49A0013','Scott','classpath:db/changelog/databaseChangeLog-2.3.2.xml','2020-02-17 13:20:21',326,'EXECUTED','7:4ac4bd2c87828ff0fe66eb9b8947354e','sql','drop credit note applied audit table',NULL,'3.5.3',NULL,NULL,'1974408268'),('402800916B4879B4016B9A47685F0017','Scott','classpath:db/changelog/databaseChangeLog-2.3.2.xml','2020-02-17 13:20:21',327,'EXECUTED','7:d2913ce4f03979ff767a9a7a4f34a2f1','sql','remove status column from credit note - no longer applicable',NULL,'3.5.3',NULL,NULL,'1974408268'),('402800916B4879B4016B9A5445F50018','Scott','classpath:db/changelog/databaseChangeLog-2.3.2.xml','2020-02-17 13:20:21',328,'EXECUTED','7:e8f427089c2bec8955df8aeccecbf4e1','sql','remove status column from credit note audit table',NULL,'3.5.3',NULL,NULL,'1974408268'),('fc0ecd3d-9bae-42fc-bbf2-fe3c17f1fe48','Stephen','classpath:db/changelog/databaseChangeLog-2.3.2.xml','2020-02-17 13:20:21',329,'EXECUTED','7:9c246be3f5d09a2b6240811f8fa53680','sql','Create default Quarantine location',NULL,'3.5.3',NULL,NULL,'1974408268'),('8ab6734c-596f-497d-9783-8f7840e5f418','Stephen','classpath:db/changelog/databaseChangeLog-2.3.2.xml','2020-02-17 13:20:21',330,'EXECUTED','7:2db15f9cfdcce4135af1ff1a2ba597f1','sql','Migrate POS Returns to batches in Return location',NULL,'3.5.3',NULL,NULL,'1974408268'),('f28999e7-aa08-4078-a6c9-99b22c84ab6f','Stephen','classpath:db/changelog/databaseChangeLog-2.3.2.xml','2020-02-17 13:20:21',331,'EXECUTED','7:f259c0344295553c2c0a04d27d90673e','sql','Migrate DP to batches in Quarantine location',NULL,'3.5.3',NULL,NULL,'1974408268'),('aecfb1c4-f14a-4cfc-ac71-1dd5de535350','Stephen','classpath:db/changelog/databaseChangeLog-2.3.2.xml','2020-02-17 13:20:21',332,'EXECUTED','7:023156e343f0058efaf09bd01281f1de','sql','drop unneeded columns tz_reconciliation',NULL,'3.5.3',NULL,NULL,'1974408268'),('d78109d3-220a-4127-adc6-f87ab1934248','Jeff','classpath:db/changelog/databaseChangeLog-2.3.2.xml','2020-02-17 13:20:21',333,'EXECUTED','7:378540320530af8cce1831f559a56211','sql','Fix package product from bad migration',NULL,'3.5.3',NULL,NULL,'1974408268'),('10b55080-2857-4b6c-868c-7143de09b226','Jeff','classpath:db/changelog/databaseChangeLog-2.3.2.xml','2020-02-17 13:20:21',334,'EXECUTED','7:d73cf1b2e26f0332352f673ea49e1fce','sql','Add discountLogId to report_discount primary key',NULL,'3.5.3',NULL,NULL,'1974408268'),('4cd8122a-8345-4276-995e-b9197cdfd743','Jeff','classpath:db/changelog/databaseChangeLog-2.3.2.xml','2020-02-17 13:20:21',335,'EXECUTED','7:64a0ab2f1753aac454f1efe80003bb71','sql','add 5 columns to report_product',NULL,'3.5.3',NULL,NULL,'1974408268'),('b42a6097-6905-448d-a6fd-aa90c46ee923','Max','classpath:db/changelog/databaseChangeLog-2.3.2.xml','2020-02-17 13:20:21',336,'EXECUTED','7:19b0146890c8101ff347161ee7724906','sql','Make the required amount field for Extract.\n            Make not required Total Mg THC for Extract and Cartridge.',NULL,'3.5.3',NULL,NULL,'1974408268'),('4b4b8e78-0471-403f-8402-bf7af38c6eb6','Stephen','classpath:db/changelog/databaseChangeLog-2.3.2.xml','2020-02-17 13:20:21',337,'EXECUTED','7:b92157462a6fb86598bc13c13bbf4d94','sql','Add is_tracked to tz_package to determine if package_label is a tracked label or not',NULL,'3.5.3',NULL,NULL,'1974408268'),('42e04423-ae9f-4b69-a641-40698e356ca3','Stephen','classpath:db/changelog/databaseChangeLog-2.3.2.xml','2020-02-17 13:20:21',338,'MARK_RAN','7:6b228fbd831338868fdc27732d85b9fb','sql','Update existing tracked packages with is_tracked',NULL,'3.5.3',NULL,NULL,'1974408268'),('57275f38-06e0-426d-b61e-e04a031e1696','Wade','classpath:db/changelog/databaseChangeLog-2.3.2.xml','2020-02-17 13:20:21',339,'EXECUTED','7:bceb35013dc77386bfadd361a0329777','sql','Show UoM and Amount on Edibles',NULL,'3.5.3',NULL,NULL,'1974408268'),('6d94a240-3311-46c0-a299-d74c0f3570dc','Wade','classpath:db/changelog/databaseChangeLog-2.3.2.xml','2020-02-17 13:20:21',340,'EXECUTED','7:c633813af1294f0d7a871fd6c0cc37f6','sql','Remove padding from Total Mg THC for Edibles',NULL,'3.5.3',NULL,NULL,'1974408268'),('b9c1bc7a-03c3-44dc-a2ba-f5ac0591135c','Wade','classpath:db/changelog/databaseChangeLog-2.3.2.xml','2020-02-17 13:20:21',341,'EXECUTED','7:735914d2b7a52f147ff6368a653de3dc','sql','Add UoM and Amount to Plants',NULL,'3.5.3',NULL,NULL,'1974408268'),('a44b3709-f745-462e-8fcc-b6ffd97037d8','Jeff','classpath:db/changelog/databaseChangeLog-2.3.2.xml','2020-02-17 13:20:21',342,'EXECUTED','7:367fd9c4a46490d2423ca18fd27d4618','sql','Migrate accepted date to 2.x for tz_invoice',NULL,'3.5.3',NULL,NULL,'1974408268'),('b9f0fb65-067a-41af-93ba-58a66c5a53df','Jeff','classpath:db/changelog/databaseChangeLog-2.3.2.xml','2020-02-17 13:20:21',343,'EXECUTED','7:5f03eb7b02c6e18f4e3111ef361246b1','sql','Migrate accepted date to 2.x for tz_package',NULL,'3.5.3',NULL,NULL,'1974408268'),('d39d9e23-8c8b-4a9f-b21b-9f61e6647e77','Jeff','classpath:db/changelog/databaseChangeLog-2.3.2.xml','2020-02-17 13:20:21',344,'EXECUTED','7:b53d80beb1e9ca0a87a4d9d3b424ab13','sql','Change Sub Type to Subtype in tz_product_metadata',NULL,'3.5.3',NULL,NULL,'1974408268'),('3d76f727-f750-4dae-9d0f-8d6ceff69b02','Jeff','classpath:db/changelog/databaseChangeLog-2.3.2.xml','2020-02-17 13:20:21',345,'EXECUTED','7:8c8512601391a37077b41b380a9fb3cb','sql','Change Sub Type to Subtype in tz_label_data_mapper',NULL,'3.5.3',NULL,NULL,'1974408268'),('9b289076-1070-4c2c-8ad9-d20686bbf16d','Jeff','classpath:db/changelog/databaseChangeLog-2.3.2.xml','2020-02-17 13:20:21',346,'EXECUTED','7:82a61164dd8a35b27b3a7fe0e28210eb','sql','Remove default values from fields that are not required',NULL,'3.5.3',NULL,NULL,'1974408268'),('402800916BE8171A016BE8171A730000','Scott','classpath:db/changelog/databaseChangeLog-2.3.2.xml','2020-02-17 13:20:21',347,'EXECUTED','7:31e328b86f0eaedf78dec85518f6c421','sql','delete all packages whose invoice lines were deleted',NULL,'3.5.3',NULL,NULL,'1974408268'),('402800916BE8171A016BE82B3CE60001','Scott','classpath:db/changelog/databaseChangeLog-2.3.2.xml','2020-02-17 13:20:21',348,'EXECUTED','7:ca13d1be66a91b29e5b5ad35d4a6b004','sql','delete all packages in audit table whose invoice lines were deleted',NULL,'3.5.3',NULL,NULL,'1974408268'),('D402800EA6BE335E4016BE335E4640000','Jeremy','classpath:db/changelog/databaseChangeLog-2.3.2.xml','2020-02-17 13:20:21',349,'MARK_RAN','7:97752fe885d4c7a36608f5c08e7a42ad','sql','Migrate missing received dates',NULL,'3.5.3',NULL,NULL,'1974408268'),('402800EA6BE335E4016BE34E1D560001','Jeremy','classpath:db/changelog/databaseChangeLog-2.3.2.xml','2020-02-17 13:20:21',350,'EXECUTED','7:34517c7ae733fd337e1393215e92acbe','sql','add last count date column to tz_inventory',NULL,'3.5.3',NULL,NULL,'1974408268'),('42126740-993d-4713-9084-53d52defdc55','Jeremy','classpath:db/changelog/databaseChangeLog-2.3.2.xml','2020-02-17 13:20:21',351,'EXECUTED','7:3dd5a5f06141b2d3762aa0c0b67fde11','sql','',NULL,'3.5.3',NULL,NULL,'1974408268'),('1a09efda-8e98-4495-ac2c-bd721abd27b6','Jeff','classpath:db/changelog/databaseChangeLog-2.3.2.xml','2020-02-17 13:20:21',352,'EXECUTED','7:5313339d1c592b3f94f14133831bb793','sql','Fix topical cannot add new product',NULL,'3.5.3',NULL,NULL,'1974408268'),('f895489d-a964-4a52-9cf7-d722aab4ee27','Jeff','classpath:db/changelog/databaseChangeLog-2.3.2.xml','2020-02-17 13:20:21',353,'EXECUTED','7:7a87c99acc39368d8bc7efe8eb2ed95a','sql','Set Extrct UoM to required when Amount is also required',NULL,'3.5.3',NULL,NULL,'1974408268'),('7d6bd4f4-4a51-4a1d-a224-c40bf1c68022','Jeff','classpath:db/changelog/databaseChangeLog-2.3.4.xml','2020-02-17 13:20:21',354,'EXECUTED','7:3c7c53ad0df05b2fef2a528580216e6c','sql','Hide bulk flower, shake, strain specific shake flower subtypes from CA',NULL,'3.5.3',NULL,NULL,'1974408268'),('994d61c0-5d4b-43a1-bdf6-6d3e5968f348','Jeff','classpath:db/changelog/databaseChangeLog-2.3.4.xml','2020-02-17 13:20:21',355,'EXECUTED','7:fbb181576723db37844fa8a30200e93b','sql','Add migrated package_label to tz_barcode',NULL,'3.5.3',NULL,NULL,'1974408268'),('4c97c101-aa0e-11e9-9404-00ffa938343a','Ilya','classpath:db/changelog/databaseChangeLog-2.4.0.xml','2020-02-17 13:20:21',356,'EXECUTED','7:8f4493cc86115c80b3f84ef6c0dbfa75','addColumn tableName=tz_product_metadata','add system name',NULL,'3.5.3',NULL,NULL,'1974408268'),('1b878046-c9a6-4fef-9b9c-732b55832e94','Jeff','classpath:db/changelog/databaseChangeLog-2.4.0.xml','2020-02-17 13:20:21',357,'EXECUTED','7:1d4659286a08458c470bcd942f42347f','addColumn tableName=tz_product_metadata_aud','add system name to aud',NULL,'3.5.3',NULL,NULL,'1974408268'),('2d78bf30-aa25-11e9-9404-00ffa938343a','Ilya','classpath:db/changelog/databaseChangeLog-2.4.0.xml','2020-02-17 13:20:21',358,'EXECUTED','7:4a9fabc20f37cc92a793f9e3815709f1','createIndex indexName=tz_product_metadata_system_name_type_unique_idx, tableName=tz_product_metadata','Add tz_product_metadata_system_name_type_unique_idx index to tz_product_metadata table',NULL,'3.5.3',NULL,NULL,'1974408268'),('9a712192-d390-48f0-97e0-c1a5bf6152bf','Ilya','classpath:db/changelog/databaseChangeLog-2.4.0.xml','2020-02-17 13:20:21',359,'EXECUTED','7:8485a8996912b1d8931c1044a9ea6893','sql','set default field_system_name',NULL,'3.5.3',NULL,NULL,'1974408268'),('baf687cd-45bb-4fc9-ab40-8ce6bb5a2446','Jeff','classpath:db/changelog/databaseChangeLog-2.4.0.xml','2020-02-17 13:20:22',360,'EXECUTED','7:9929d7846f3f8d50f738c0e3cc60fdb5','sql','set default field_system_name aud',NULL,'3.5.3',NULL,NULL,'1974408268'),('69cedd4f-3445-4a6f-ae07-61b40b246322','Jeff','classpath:db/changelog/databaseChangeLog-2.4.0.xml','2020-02-17 13:20:22',361,'EXECUTED','7:201827072482cbbc401b21eed59bf925','sql','Add Total Flower Weight to metadata (hidden)',NULL,'3.5.3',NULL,NULL,'1974408268'),('cbb9010c-f4a4-4e23-b800-ba5c55fde05e','Jeff','classpath:db/changelog/databaseChangeLog-2.4.0.xml','2020-02-17 13:20:22',362,'MARK_RAN','7:2bca1f79afd0b275adcab4d145767653','sql','Enable Total Flower Weight metadata for AZ',NULL,'3.5.3',NULL,NULL,'1974408268'),('a3613757-5702-40a8-8947-b3ad3b6e002e','Jeff','classpath:db/changelog/databaseChangeLog-2.4.0.xml','2020-02-17 13:20:22',363,'EXECUTED','7:2b5f77cd9866250e6f547ebc13074c48','sql','Add Gross Weight to metadata (hidden)',NULL,'3.5.3',NULL,NULL,'1974408268'),('d25a5c25-cd1f-4c0c-a107-2294ba4a7295','Jeff','classpath:db/changelog/databaseChangeLog-2.4.0.xml','2020-02-17 13:20:22',364,'MARK_RAN','7:1d2f623df77271cc0d6e90675b4fe002','sql','Enable Gross Weight metadata for AZ',NULL,'3.5.3',NULL,NULL,'1974408268'),('46d9158e-8754-4492-97f2-3a92eff6f1af','Jeff','classpath:db/changelog/databaseChangeLog-2.4.0.xml','2020-02-17 13:20:22',365,'EXECUTED','7:6721aee2c913874f16fd90c0812dbbbf','sql','Add Net Weight to metadata (hidden)',NULL,'3.5.3',NULL,NULL,'1974408268'),('3d22198a-d711-4a93-bb80-4a280b5d238e','Jeff','classpath:db/changelog/databaseChangeLog-2.4.0.xml','2020-02-17 13:20:22',366,'MARK_RAN','7:ec85c5bd8df0211ccbd47b5cddb978c7','sql','Enable Net Weight metadata for AZ',NULL,'3.5.3',NULL,NULL,'1974408268'),('7f3201dc-b4ee-41f1-acd4-e29984165db1','Jeff','classpath:db/changelog/databaseChangeLog-2.4.0.xml','2020-02-17 13:20:22',367,'EXECUTED','7:6423fab7450675d04f6c4e7da23ee7bb','sql','Add Strain Name to metadata (hidden)',NULL,'3.5.3',NULL,NULL,'1974408268'),('bf8ec7b0-0ff2-405b-9813-7486d68f49d4','Jeff','classpath:db/changelog/databaseChangeLog-2.4.0.xml','2020-02-17 13:20:22',368,'MARK_RAN','7:6aabb7b61da438fc58e59e7e77806e42','sql','Enable Strain Name metadata for AZ',NULL,'3.5.3',NULL,NULL,'1974408268'),('9d5dc524-112d-4044-a14e-00c2bced5c30','Jeff','classpath:db/changelog/databaseChangeLog-2.4.0.xml','2020-02-17 13:20:22',369,'MARK_RAN','7:3951a7d58c5772c83cf770c664918930','sql','Make Total Mg THC optional for AZ',NULL,'3.5.3',NULL,NULL,'1974408268'),('6c39dbab-4d5a-4a9d-ad4c-058a6dfef926','Jeff','classpath:db/changelog/databaseChangeLog-2.4.0.xml','2020-02-17 13:20:22',370,'EXECUTED','7:e4b231754d5fba783bdb1d65adcc8f38','sql','Migrate Total Flower Weight from v1',NULL,'3.5.3',NULL,NULL,'1974408268'),('d4d38098-7427-44de-bd69-a9a66fcd1f6c','Tim','classpath:db/changelog/databaseChangeLog-2.4.0.xml','2020-02-17 13:20:22',371,'EXECUTED','7:f28fd33833259bdadc666adf9789b131','sql','Undo previous change to hide bulk flower in tz_dropdown, un-hide bulk flower, shake, strain specific shake\n            flower subtypes from CA, to be filtered elsewhere based on DELI_ENABLED configuration',NULL,'3.5.3',NULL,NULL,'1974408268'),('86a364f9-3724-41c0-97e8-afdefe30e9df','Jeff','classpath:db/changelog/databaseChangeLog-2.4.0.xml','2020-02-17 13:20:22',372,'MARK_RAN','7:e3e4757979c410463808641ad13beade','sql','Fix tz_product start_date and original_start_date',NULL,'3.5.3',NULL,NULL,'1974408268'),('402800916C4EE3B4016C4EE3B4A40000','Scott','classpath:db/changelog/databaseChangeLog-2.4.0.xml','2020-02-17 13:20:22',373,'EXECUTED','7:fe67afdbb1a1277a647599761783aad9','sql','add missing category type map for other concentrate (weight - each)',NULL,'3.5.3',NULL,NULL,'1974408268'),('6fab491a-b559-11e9-845e-3faca122c887','Kevin','classpath:db/changelog/databaseChangeLog-2.5.0.xml','2020-02-17 13:20:22',374,'EXECUTED','7:db7869db15a7802d4baabd2223599183','sql','add new options to lab result dropdown',NULL,'3.5.3',NULL,NULL,'1974408268'),('d57d79b9-2399-49e7-ab19-6b9d419fab0e','Jon','classpath:db/changelog/databaseChangeLog-2.5.0.xml','2020-02-17 13:20:22',375,'EXECUTED','7:8416b71b62ba961b1a231f5959212eb9','sql','Updated CA to not show any CBD products',NULL,'3.5.3',NULL,NULL,'1974408268'),('3c601abd-db1a-45d9-bdea-72fe9e0879c1','Max','classpath:db/changelog/databaseChangeLog-2.5.0.xml','2020-02-17 13:20:22',376,'EXECUTED','7:b1b9c01b367436a26edcdb931bbae4ab','sql','add new options to UOM dropdown',NULL,'3.5.3',NULL,NULL,'1974408268'),('e5cd986c-e9fa-4451-a93e-ac4098b5f1b0','Jon','classpath:db/changelog/databaseChangeLog-2.5.0.xml','2020-02-17 13:20:22',377,'EXECUTED','7:b9d9ae8892f880032f33dbca45dfd44e','sql','Add Gross Weight for all cannabis products',NULL,'3.5.3',NULL,NULL,'1974408268'),('3de6848b-c33c-4ace-8ac8-cd2440c1b34c','Jon','classpath:db/changelog/databaseChangeLog-2.5.0.xml','2020-02-17 13:20:22',378,'MARK_RAN','7:b9a5c95a959312f4d8011e2fe52a1fa8','sql','Enable Gross Weight metadata for all cannabis products in AZ',NULL,'3.5.3',NULL,NULL,'1974408268'),('9a49d1c2-5634-485e-8106-1105a846e472','Jon','classpath:db/changelog/databaseChangeLog-2.5.0.xml','2020-02-17 13:20:22',379,'EXECUTED','7:fb2c53e47e37a79295df4da3b56a1cc6','sql','Add Net Weight for all cannabis products',NULL,'3.5.3',NULL,NULL,'1974408268'),('23fa20f8-e711-4800-a47a-aa2bc3fea01d','Jon','classpath:db/changelog/databaseChangeLog-2.5.0.xml','2020-02-17 13:20:22',380,'MARK_RAN','7:cb74852dcf3d5b72cfaab96b2cb4bc1b','sql','Enable Net Weight metadata for all cannabis products in AZ',NULL,'3.5.3',NULL,NULL,'1974408268'),('a8d54276-c397-11e9-90bd-7d2f72b1208c','Kevin','classpath:db/changelog/databaseChangeLog-2.5.0.xml','2020-02-17 13:20:22',381,'EXECUTED','7:79b15c9a6870558b2d58bdab0dc31961','sql','options to lab result dropdown',NULL,'3.5.3',NULL,NULL,'1974408268'),('7ca38985-bc79-449a-9710-96f9669508f2','Jeff','classpath:db/changelog/databaseChangeLog-2.5.0.xml','2020-02-17 13:20:22',382,'EXECUTED','7:42ed92e9f19c4e77ece99377de0a04d5','sql','fix preroll flower uom',NULL,'3.5.3',NULL,NULL,'1974408268'),('6616156b-f89d-4934-8fbf-fd7880dc80bf','Jeff','classpath:db/changelog/databaseChangeLog-2.5.0.xml','2020-02-17 13:20:22',383,'EXECUTED','7:2fff07f3427446fd8f0befc84f842c7c','sql','add new options to flower UOM dropdown',NULL,'3.5.3',NULL,NULL,'1974408268'),('402800916C96C18E016CB16196100001','Scott','classpath:db/changelog/databaseChangeLog-2.5.1.xml','2020-02-17 13:20:22',384,'EXECUTED','7:bc7937c00a73fc193d67e0b7cebfdea6','sql','add missing category type map for Nevada',NULL,'3.5.3',NULL,NULL,'1974408268'),('9c48607e-92ed-4f47-8045-daf1ad3e2061','Stephen','classpath:db/changelog/databaseChangeLog-2.5.1.xml','2020-02-17 13:20:22',385,'EXECUTED','7:d8f9ec110c7e3e9c31d930ce88cebb1d','sql','add adjustment_job_id to tz_trace_treez_inventory_adjustment_log',NULL,'3.5.3',NULL,NULL,'1974408268'),('237adbab-7f45-4f72-a001-0cabc5238131','Stephen','classpath:db/changelog/databaseChangeLog-2.5.1.xml','2020-02-17 13:20:22',386,'EXECUTED','7:de1363be78da9b2e31065b3f21b15b0b','sql','delete ASYNC_TRACE_TREEZ_PACKAGE_ADJUSTMENTS from tz_configuration',NULL,'3.5.3',NULL,NULL,'1974408268'),('0700187d-d352-4f65-a95b-7b4bd4883117','Jeff','classpath:db/changelog/databaseChangeLog-2.5.1.xml','2020-02-17 13:20:22',387,'EXECUTED','7:51365f066a40c84902c46daa735acd2f','sql','Add inventory_product_available_status index to tz_inventory',NULL,'3.5.3',NULL,NULL,'1974408268'),('96814eda-cc04-4a56-a767-304f1ec84eef','Jeff','classpath:db/changelog/databaseChangeLog-2.5.1.xml','2020-02-17 13:20:22',388,'EXECUTED','7:08652fd69233be12a4defb6e349eb550','sql','Add product_type_id index to tz_product',NULL,'3.5.3',NULL,NULL,'1974408268'),('c492d7fa-7bc2-486c-ac61-92be8129c721','Jeff','classpath:db/changelog/databaseChangeLog-2.5.1.xml','2020-02-17 13:20:24',389,'EXECUTED','7:f828900a4fea61871466a2d9c6c52259','sql','DROP duplicate index lab_data_reference',NULL,'3.5.3',NULL,NULL,'1974408268'),('3fce3ddb-ef21-4574-a6f6-7e6984851f01','Jeff','classpath:db/changelog/databaseChangeLog-2.5.1.xml','2020-02-17 13:20:29',390,'EXECUTED','7:ac5f482cf38623ae7bf5920f10d8cdb3','sql','DROP duplicate index product_detail_tenant_idx',NULL,'3.5.3',NULL,NULL,'1974408268'),('5e97a873-6570-4170-b554-7ab1133bbe9d','Jeff','classpath:db/changelog/databaseChangeLog-2.5.1.xml','2020-02-17 13:20:34',391,'EXECUTED','7:81f698a504d97d9397821ac7fc405bf0','sql','DROP duplicate index product_detail_product_idx',NULL,'3.5.3',NULL,NULL,'1974408268'),('2b265506-ba5c-4d04-89ac-46d3b2cb87ea','Jeff','classpath:db/changelog/databaseChangeLog-2.5.1.xml','2020-02-17 13:20:39',392,'EXECUTED','7:cd1bb9cbafd9fa90e02b4fdcffa1ec85','sql','DROP duplicate index product_detail_product_metadata_idx',NULL,'3.5.3',NULL,NULL,'1974408268'),('5960cdcf-ab1c-4f57-9c38-87fcdbd00002','Jeff','classpath:db/changelog/databaseChangeLog-2.5.1.xml','2020-02-17 13:20:42',393,'EXECUTED','7:5d609db12596609095a65d573a137812','sql','DROP duplicate index inventory_product_id_idx',NULL,'3.5.3',NULL,NULL,'1974408268'),('9382a6f5-a2fd-4851-8f7d-72e2fdda964b','Jeff','classpath:db/changelog/databaseChangeLog-2.5.1.xml','2020-02-17 13:20:45',394,'EXECUTED','7:29eb81358ef9d93452341229ef3fb44e','sql','DROP duplicate index inventory_invoice_line_fk_idx',NULL,'3.5.3',NULL,NULL,'1974408268'),('90f9ecc3-e1d0-459c-bbd5-f30d332bb8ed','Jeff','classpath:db/changelog/databaseChangeLog-2.5.1.xml','2020-02-17 13:20:48',395,'EXECUTED','7:f6e8b421a52bc3b4b60510ecf59c6135','sql','DROP duplicate index inventory_tenant_fk_idx',NULL,'3.5.3',NULL,NULL,'1974408268'),('656f64ef-39a3-4239-924d-65e25d27ffc8','Jeff','classpath:db/changelog/databaseChangeLog-2.5.4.xml','2020-02-17 13:20:48',396,'EXECUTED','7:7fe7ef4cd696791c3558e398afb2de0e','sql','Add missing tz_product_metadata_aud entries',NULL,'3.5.3',NULL,NULL,'1974408268'),('445db2fb-7048-4048-b77f-85f4c6b22e0f','Stephen','classpath:db/changelog/databaseChangeLog-2.5.4.xml','2020-02-17 13:20:48',397,'EXECUTED','7:d364219aa877c4d73afca2b742374060','sql','Add last_ticketline_id to tz_inventory',NULL,'3.5.3',NULL,NULL,'1974408268'),('adf48281-9259-4fc8-93c8-e8ea9d2db058','Dewey','classpath:db/changelog/databaseChangeLog-201910031540-pkg-qty-uom.xml','2020-02-17 13:20:49',398,'EXECUTED','7:760a2f2afad2405141e5874e95fda57e','sql','Update tz_package/_aud tables to be able to hold the original\n            quantity and uom from TraceTreez package at time of import.',NULL,'3.5.3',NULL,NULL,'1974408268'),('9377bb0c-46ac-4934-a48c-d366c70c95f1','Jeff','classpath:db/changelog/databaseChangeLog-201910141300-report-discount-index.xml','2020-02-17 13:20:49',399,'EXECUTED','7:4f22c7268214975471f1469dc2312a23','sql','Add index to report_discount for even catch up script',NULL,'3.5.3',NULL,NULL,'1974408268'),('162736a4-e0c5-44c2-b758-6bf4e1904e4e','Dewey','classpath:db/changelog/databaseChangeLog-201910161110-pkg-category.xml','2020-02-17 13:20:49',400,'EXECUTED','7:da6b4240669faa215f22433e20ebe0bf','sql','Update tz_package/_aud tables to be able to hold the original\n            category name from TraceTreez package at time of import.',NULL,'3.5.3',NULL,NULL,'1974408268'),('9377bb0c-46ac-4934-a48c-d366c70c95f1','Jeff','classpath:db/changelog/databaseChangeLog-201910171530-report-new-columns.xml','2020-02-17 13:20:49',401,'EXECUTED','7:b1924f456f6985e561bb8913b40048f2','sql','Add new columns to report_product',NULL,'3.5.3',NULL,NULL,'1974408268'),('a8dc68c5-0831-40b3-b2d0-0cb73bae8417','Jeff','classpath:db/changelog/databaseChangeLog-201910171530-report-new-columns.xml','2020-02-17 13:20:49',402,'EXECUTED','7:9186603a8734737c6cb6c04412efd499','sql','Add new columns to report_discount',NULL,'3.5.3',NULL,NULL,'1974408268'),('b2f26b56-bc44-4096-90f2-2eb21bbf1e78','Jeff','classpath:db/changelog/databaseChangeLog-201910181330-report-visitor.xml','2020-02-17 13:20:49',403,'EXECUTED','7:2bc28cc7cdab3199468641fb1941de0c','sql','Create table report_visitor',NULL,'3.5.3',NULL,NULL,'1974408268'),('3bd2b876-88f3-49ea-86c0-0a5d03c7c437','Jeff','classpath:db/changelog/databaseChangeLog-201910181620-report-product-caregiver-columns.xml','2020-02-17 13:20:49',404,'EXECUTED','7:760dc4884bb4a6440721cb7f030e564c','sql','Add caregiver columns to report_product',NULL,'3.5.3',NULL,NULL,'1974408268'),('8c824507-e7fd-4521-be67-59e5cb042b5a','Dewey','classpath:db/changelog/databaseChangeLog-201910181820-pkg-weight-volume.xml','2020-02-17 13:20:49',405,'EXECUTED','7:2c2d2107ad075f852e3a1273956c841a','sql','Update tz_package/_aud tables to be able to hold the original\n            volume and weight from TraceTreez package at time of import.',NULL,'3.5.3',NULL,NULL,'1974408268'),('4869e0a0-0ee5-4d72-ab64-605e0eace1d5','Dewey','classpath:db/changelog/databaseChangeLog-201910221013-pkg-item-uom.xml','2020-02-17 13:20:49',406,'EXECUTED','7:a0f3b9d159eb1940e7fc66ed3616f3da','sql','Update tz_package/_aud tables to be able to hold the original\n            product UoM from TraceTreez package at time of import.',NULL,'3.5.3',NULL,NULL,'1974408268'),('9b501bd9-a513-4909-bea0-b96b866e3e22','Dewey','classpath:db/changelog/databaseChangeLog-201910230136-pkg-weight-volume-uom.xml','2020-02-17 13:20:49',407,'EXECUTED','7:48cc07e741c0a4b43c913e3a54ad820e','sql','Update tz_package/_aud tables to be able to hold the original\n            volume UoM and weight UoM from TraceTreez package at time of import.',NULL,'3.5.3',NULL,NULL,'1974408268'),('a3f33ac0-e7ee-4682-baa6-c0b53d99668f','Jeff','classpath:db/changelog/databaseChangeLog-201910241710-michigan-product-fields.xml','2020-02-17 13:20:49',408,'EXECUTED','7:1c4def9b6966aad4067635ffee12df5e','sql','Add solid, liquibase misc subtype options',NULL,'3.5.3',NULL,NULL,'1974408268'),('eea9a979-a2d2-4211-af41-73f40c71f503','Jeff','classpath:db/changelog/databaseChangeLog-201910241710-michigan-product-fields.xml','2020-02-17 13:20:49',409,'MARK_RAN','7:dc8707f01c95bca2f8b7bff704c069be','sql','Add uom options to FLOWER_ALL_UOM for MI',NULL,'3.5.3',NULL,NULL,'1974408268'),('48836eac-e82b-48ac-bf05-1ab8d5067cf4','Jeff','classpath:db/changelog/databaseChangeLog-201910241710-michigan-product-fields.xml','2020-02-17 13:20:49',410,'MARK_RAN','7:914f8ac740a3a0bed0d3de0029407f17','sql','Add uom options to EXTRACT_ALL_UOM for MI',NULL,'3.5.3',NULL,NULL,'1974408268'),('e68fcecd-613a-4ea9-b65e-61ae364e79eb','Jeff','classpath:db/changelog/databaseChangeLog-201910241710-michigan-product-fields.xml','2020-02-17 13:20:49',411,'MARK_RAN','7:bd5d11b335bb7954593c9a04b3b05a79','sql','Add uom options to PLANT_ALL_UOM for MI',NULL,'3.5.3',NULL,NULL,'1974408268'),('36a967fe-a12b-4287-a1e2-47b36c695274','Jeff','classpath:db/changelog/databaseChangeLog-201910241710-michigan-product-fields.xml','2020-02-17 13:20:49',412,'MARK_RAN','7:a7b8c19cd6cef817cb00e9255d805770','sql','Add uom options to MISC_ALL_UOM for MI',NULL,'3.5.3',NULL,NULL,'1974408268'),('b4391ff2-5c69-4877-82d1-3b6bd1046660','Jeff','classpath:db/changelog/databaseChangeLog-201910241710-michigan-product-fields.xml','2020-02-17 13:20:49',413,'MARK_RAN','7:b7e6f2b121de1b3f51d9e425323fe0f3','sql','Add uom options to EDIBLE_ALL_UOM for MI',NULL,'3.5.3',NULL,NULL,'1974408268'),('5a16fe53-6622-4a47-9190-9de029008191','Jeff','classpath:db/changelog/databaseChangeLog-201910241710-michigan-product-fields.xml','2020-02-17 13:20:49',414,'MARK_RAN','7:ddec142cb4ff6ba611768175074ac1f1','sql','Add uom options to CARTRIDGE_ALL_UOM for MI',NULL,'3.5.3',NULL,NULL,'1974408268'),('16b90c5b-84a6-425a-be6d-ca9e23ae040b','Jeff','classpath:db/changelog/databaseChangeLog-201910241710-michigan-product-fields.xml','2020-02-17 13:20:49',415,'MARK_RAN','7:d11bce73396eee7a26d53790a26953a0','sql','Add uom options to PREROLL_ALL_UOM for MI',NULL,'3.5.3',NULL,NULL,'1974408268'),('70df395b-ae52-489d-bc5e-654fc02fad85','Jeff','classpath:db/changelog/databaseChangeLog-201910241710-michigan-product-fields.xml','2020-02-17 13:20:49',416,'MARK_RAN','7:c17d6416513cab7f380a2be2e3953f24','sql','Add uom options to PREROLL_INFUSED_UOM for MI',NULL,'3.5.3',NULL,NULL,'1974408268'),('b4430866-1db7-43f2-b04d-0013935f97ba','Jeff','classpath:db/changelog/databaseChangeLog-201910241710-michigan-product-fields.xml','2020-02-17 13:20:49',417,'MARK_RAN','7:23a0fb7d0813c5a8d5e541bd7071d614','sql','Add uom options to TINCTURE_ALL_UOM for MI',NULL,'3.5.3',NULL,NULL,'1974408268'),('02fea5f0-ed34-4c21-b195-395001371981','Jeff','classpath:db/changelog/databaseChangeLog-201910241710-michigan-product-fields.xml','2020-02-17 13:20:49',418,'MARK_RAN','7:33382c001f0ec4463e94e9d9ac5d86f6','sql','Add uom options to TINCTURE_ALL_UOM for MI',NULL,'3.5.3',NULL,NULL,'1974408268'),('34d0df97-90fa-4786-8d8e-41de04ec7da4','Jeff','classpath:db/changelog/databaseChangeLog-201910241710-michigan-product-fields.xml','2020-02-17 13:20:49',419,'MARK_RAN','7:a6d3e29febc913e2ea6107c97a87f23a','sql','Add uom options to BEVERAGE_ALL_UOM for MI',NULL,'3.5.3',NULL,NULL,'1974408268'),('ad8ad117-fe46-4978-a456-d7fac1ed0bde','Jeff','classpath:db/changelog/databaseChangeLog-201910241710-michigan-product-fields.xml','2020-02-17 13:20:49',420,'MARK_RAN','7:518e3581d96f1f473814f67057c4ff83','sql','Add uom options to MISC_LIQUID_UOM for MI',NULL,'3.5.3',NULL,NULL,'1974408268'),('3a50353a-2f95-4c0e-8f9b-9d4836307cca','Aleksei','classpath:db/changelog/system_metadata/lab_data_inherit/databaseChangeLog-LabDataInheritMetadata-Vintage.xml','2020-02-17 13:20:49',421,'EXECUTED','7:fbb1772026dc81ed51b10d7453fde1c6','sqlFile','Add lab data inherit flag metadata to all tz_product_metadata for vintage product types.',NULL,'3.5.3',NULL,NULL,'1974408268'),('12d6a92d-013e-4e24-b1c5-d74b267e9bc1','Aleksei','classpath:db/changelog/system_metadata/lab_data_inherit/databaseChangeLog-LabDataInheritMetadata-NonVintage.xml','2020-02-17 13:20:49',422,'EXECUTED','7:fbb1772026dc81ed51b10d7453fde1c6','sqlFile','Add lab data inherit flag metadata to all tz_product_metadata for vintage product types.',NULL,'3.5.3',NULL,NULL,'1974408268'),('8cfd5cb0-dd6d-49bb-a227-ed2ef26e4d1c','Aleksei','classpath:db/changelog/system_metadata/lab_data_inherit/databaseChangeLog-LabDataInheritMetadata-Preroll-Infused.xml','2020-02-17 13:20:49',423,'EXECUTED','7:8a10efe5261aefe89e6d44c0c6890518','dropIndex indexName=tz_product_metadata_system_name_type_unique_idx, tableName=tz_product_metadata; createIndex indexName=tz_product_metadata_system_name_type_unique_idx, tableName=tz_product_metadata; createIndex indexName=tz_product_metadata_sys...','Remove unique index from field_system_name. Add unique index to field_system_name plus infused_only',NULL,'3.5.3',NULL,NULL,'1974408268'),('4b1e02a5-a9ac-461d-acb6-7080b23c6312','Aleksei','classpath:db/changelog/system_metadata/lab_data_inherit/databaseChangeLog-LabDataInheritMetadata-Preroll-Infused.xml','2020-02-17 13:20:49',424,'EXECUTED','7:7a7330bf1adc8e0930b562d5bd3306f3','sqlFile','Add lab data inherit flag metadata to all tz_product_metadata for PRE_ROLL infused.',NULL,'3.5.3',NULL,NULL,'1974408268'),('431eedc8-a356-4ee9-8c98-206297c88178','Konstantin','classpath:db/changelog/databaseChangeLog-201910281600-tz-lab-data-range.xml','2020-02-17 13:20:49',425,'EXECUTED','7:354824051f7b602b0ae0f42a4bd02f49','renameColumn newColumnName=min_value, oldColumnName=value, tableName=tz_lab_data; addColumn tableName=tz_lab_data','Add min value and max value to tz_lab_data',NULL,'3.5.3',NULL,NULL,'1974408268'),('2040e789-4a3a-416f-9b6b-23491532eb19','Konstantin','classpath:db/changelog/databaseChangeLog-201910281600-tz-lab-data-range.xml','2020-02-17 13:20:49',426,'EXECUTED','7:b97c5f4dbfb574966335ac309de7a169','sql','Fill max_value by min_value in tz_lab_data',NULL,'3.5.3',NULL,NULL,'1974408268'),('8b7ebaec-98aa-4fa6-936d-a3d3d2025def','Konstantin','classpath:db/changelog/databaseChangeLog-201910281600-tz-lab-data-range.xml','2020-02-17 13:20:49',427,'EXECUTED','7:81f6ca6b284ae6c365950c24fc0adf80','renameColumn newColumnName=min_value, oldColumnName=value, tableName=tz_lab_data_aud; addColumn tableName=tz_lab_data_aud','Add min value and max value to tz_lab_data_aud',NULL,'3.5.3',NULL,NULL,'1974408268'),('72d8b92e-e979-47f0-ab42-c24a1ceb8b9f','Konstantin','classpath:db/changelog/databaseChangeLog-201910281600-tz-lab-data-range.xml','2020-02-17 13:20:49',428,'EXECUTED','7:f41b340e1461462b2d4c4b5cef32cba5','sql','Fill max_value by min_value in tz_lab_data_aud',NULL,'3.5.3',NULL,NULL,'1974408268'),('402881566E4BF53A016E615893550001','Scott','classpath:db/changelog/databaseChangeLog-201911121300-data-cap-to-dejavoo-fees.xml','2020-02-17 13:20:49',429,'EXECUTED','7:d43b8f4bbc29e6576c7fe10e8600036d','sql','change data cap to dejavoo to find fee product',NULL,'3.5.3',NULL,NULL,'1974408268'),('75b395b5-3ec8-4845-ae10-b9a6acaa92aa','Jeff','classpath:db/changelog/databaseChangeLog-201910281700-unique-constraint-tz-product-detail.xml','2020-02-17 13:20:49',430,'MARK_RAN','7:e11cd13dfa771428ea7800daedb2cde0','sql','Clean out duplicate prodcuct details before adding the unique constraint',NULL,'3.5.3',NULL,NULL,'1974408268'),('cc086d2d-4da1-4ce8-88f2-9e35bf444e88','Jeff','classpath:db/changelog/databaseChangeLog-201910281700-unique-constraint-tz-product-detail.xml','2020-02-17 13:20:49',431,'EXECUTED','7:b3996e33081a007fd593229afbbae310','sql','Add unique constraint to tz_product_detail',NULL,'3.5.3',NULL,NULL,'1974408268'),('a4965e91-9501-4891-9186-30c8908a8ee5','Jeff','classpath:db/changelog/databaseChangeLog-201911221500-migrate-dispensary-license.xml','2020-02-17 13:20:49',432,'MARK_RAN','7:e8a59812751483d90b285f2fb359c3ab','sql','Migrate dispensary license from v1 if metrc enabled',NULL,'3.5.3',NULL,NULL,'1974408268'),('126c2892-0d96-11ea-a3bc-dcc02c9c88d7','Jon/Stephen','classpath:db/changelog/databaseChangeLog-201911221803-add-fields-to-distributor.xml','2020-02-17 13:20:49',433,'EXECUTED','7:070b700f438efa79ba6531e1b601c8bd','sql','Add business_name and payment_method to distributor',NULL,'3.5.3',NULL,NULL,'1974408268'),('a1c51633-2b4f-42fb-8d0d-06a87b083808','Stephen','classpath:db/changelog/databaseChangeLog-201911221803-add-fields-to-distributor.xml','2020-02-17 13:20:49',434,'EXECUTED','7:53b1382c818ec82be04e89eab56dbff8','sql','Add options of payment method to dropdown',NULL,'3.5.3',NULL,NULL,'1974408268'),('5bb80048-98f7-4f67-b1a2-7e19558b3513','Wade','classpath:db/changelog/databaseChangeLog-201911260936-unit-tier-limbo.xml','2020-02-17 13:20:49',435,'MARK_RAN','7:3aa55c00ecc840232e4bfa44cde594f8','sql','Fix unit tier limbo',NULL,'3.5.3',NULL,NULL,'1974408268'),('2ea3488c-01ea-4574-86d5-2ffa31a6abf6','Jeff','classpath:db/changelog/databaseChangeLog-201912171700-payment-name-varchar-100.xml','2020-02-17 13:20:49',436,'EXECUTED','7:df3b16a154dd77440d62150613d6b4a5','sql','report_payment paymentName increase to varchar 100',NULL,'3.5.3',NULL,NULL,'1974408268'),('402800d6F24B62F016F2D4B62FE20030','Jeremy','classpath:db/changelog/databaseChangeLog-201920171700-payment-product-missing.xml','2020-02-17 13:20:49',437,'MARK_RAN','7:9f4300a1a024846791f6fff15f6fb085','sql','',NULL,'3.5.3',NULL,NULL,'1974408268'),('48782275-2e84-4ce6-a84b-8a932f92e18a','Stephen','classpath:db/changelog/databaseChangeLog-201912202000-migrate-single-to-multi-dispensary-license.xml','2020-02-17 13:20:49',438,'MARK_RAN','7:448da50f32dc27ebe0683461f3155eae','sql','insert dispensary license from config to tz_license',NULL,'3.5.3',NULL,NULL,'1974408268'),('ad2f7abe-7d6a-46a5-9ad2-683d3802b000','Stephen','classpath:db/changelog/databaseChangeLog-201912202000-migrate-single-to-multi-dispensary-license.xml','2020-02-17 13:20:49',439,'MARK_RAN','7:95715e62ee83ae69bb1d4343b5ed6125','sql','insert dispensary license 2 from config to tz_license',NULL,'3.5.3',NULL,NULL,'1974408268'),('5160ae4f-3bd0-4e72-9144-d970cd0d018f','Stephen','classpath:db/changelog/databaseChangeLog-201912172000-add-customer-type-to-tz-package.xml','2020-02-17 13:20:50',440,'EXECUTED','7:60f2db2f0716d8600a1a6c9362f65cba','sql','Add customer type to tz_package',NULL,'3.5.3',NULL,NULL,'1974408268'),('b892356c-fccb-4a23-ba81-26bbd5ce29b9','Wade','classpath:db/changelog/databaseChangeLog-202001051743-package-customer-type-idx.xml','2020-02-17 13:20:50',441,'EXECUTED','7:be5e977f452450000989044eff3c74da','sql','Add idx to tz_package for product and customer type',NULL,'3.5.3',NULL,NULL,'1974408268'),('6fd53292-8825-45f9-92a9-81d1f2b83b76','Jon','classpath:db/changelog/databaseChangeLog-201912161218-add-new-column-in-tz-location.xml','2020-02-17 13:20:50',442,'EXECUTED','7:be9a3bbde88e93bc0fd318fe766377a4','sql','Add is_default_selected column to tz_location',NULL,'3.5.3',NULL,NULL,'1974408268'),('7e3ea1d6-1cc5-4fd5-9787-78333622d29a','Jon','classpath:db/changelog/databaseChangeLog-201912161445-migrate-previous-default-location-over.xml','2020-02-17 13:20:50',443,'EXECUTED','7:004eaadd75bf428c219e03e96a89a80b','sql','Migrate default location in tz_location',NULL,'3.5.3',NULL,NULL,'1974408268'),('ed7d5ab2-4183-4ed9-b939-721e58f808ae','Stephen','classpath:db/changelog/databaseChangeLog-202001031502-add-default-inventory-type.xml','2020-02-17 13:20:50',444,'EXECUTED','7:f453ee29f845d1944fdd2a497ee8ea46','sql','',NULL,'3.5.3',NULL,NULL,'1974408268'),('12cd40b8-c28d-45cc-a5fc-60114b9f088a','Stephen','classpath:db/changelog/databaseChangeLog-202001031502-add-default-inventory-type.xml','2020-02-17 13:20:50',445,'EXECUTED','7:69a47bb5a8987076feeca39d732d300b','sql','',NULL,'3.5.3',NULL,NULL,'1974408268'),('a5eb1d81-a3af-41ed-98de-3d191c64e132','Stephen','classpath:db/changelog/databaseChangeLog-202001031800-add-inventory-type-and-license-to-invoice.xml','2020-02-17 13:20:50',446,'EXECUTED','7:0809f12169f99d1ec3ea27b98b3813ed','sql','',NULL,'3.5.3',NULL,NULL,'1974408268'),('83f0653c-d03f-4aa2-906a-55d21e95ff6c','Stephen','classpath:db/changelog/databaseChangeLog-202001031800-add-inventory-type-and-license-to-invoice.xml','2020-02-17 13:20:50',447,'EXECUTED','7:09c8792e1cd8929f9120a7fb5f8e7e5b','sql','',NULL,'3.5.3',NULL,NULL,'1974408268'),('fcc35eca-b059-4ca3-8f9a-8daf8434616c','Stephen','classpath:db/changelog/databaseChangeLog-202001031800-add-inventory-type-and-license-to-invoice.xml','2020-02-17 13:20:50',448,'EXECUTED','7:bda9abb735f81d9eedd0118ad2429082','sql','',NULL,'3.5.3',NULL,NULL,'1974408268'),('e12165d4-f3af-4537-af93-070a115ba5f2','Stephen','classpath:db/changelog/databaseChangeLog-202001091320-migrate-tz-package-customer-type-by-license.xml','2020-02-17 13:20:50',449,'EXECUTED','7:ae2729b108fd0e142c9b649cd26f4830','sql','Migrate tz_package to license\'s customer type',NULL,'3.5.3',NULL,NULL,'1974408268'),('bc8fabdc-12c2-42c9-94bc-5beb8627fb4a','Jon','classpath:db/changelog/databaseChangeLog-202001071540-add-inventory-type-to-product-report.xml','2020-02-17 13:20:50',450,'EXECUTED','7:97c1f758657d16898437024ed3fd58c6','sql','Add inventory_type column to product reports',NULL,'3.5.3',NULL,NULL,'1974408268'),('cf0963fc-631e-478e-80a4-0958796fab8c','Jon','classpath:db/changelog/databaseChangeLog-202001091442-add-inventory-type-to-discount-report.xml','2020-02-17 13:20:50',451,'EXECUTED','7:55c7b767c12c6acc9d9e0161538f0fef','sql','Add inventory_type column to discount reports',NULL,'3.5.3',NULL,NULL,'1974408268'),('d6c205f0-6974-4054-85fc-8633c4cb76fa','Jon','classpath:db/changelog/databaseChangeLog-202001131121-deactivate-licenses-not-in-dispensary-tracking-license.xml','2020-02-17 13:20:50',452,'EXECUTED','7:39d4a39f88c27ea72f693acb21cc9f8a','sql','Deactivate all licenses not in DISPENSARY_TRACKING_LICENSE',NULL,'3.5.3',NULL,NULL,'1974408268'),('0b4ef485-49e6-4600-b376-d3a8d21686e1','Jeff','classpath:db/changelog/databaseChangeLog-202001141130-qrcode-package-label-fix.xml','2020-02-17 13:20:50',453,'EXECUTED','7:ae3414e397e756085ac1e93e937bdc3c','sql','Add package_package_label index to tz_package',NULL,'3.5.3',NULL,NULL,'1974408268'),('43cc7e08-4f09-4628-9310-d746b90fcd49','Jeff','classpath:db/changelog/databaseChangeLog-202001141130-qrcode-package-label-fix.xml','2020-02-17 13:20:50',454,'MARK_RAN','7:b8cad877b498df7b17e2c757249210ea','sql','Deactivate barcode if package is inactive',NULL,'3.5.3',NULL,NULL,'1974408268'),('39d90cfc-e041-4a26-8643-3694c97b0af1','Jeff','classpath:db/changelog/databaseChangeLog-202001141130-qrcode-package-label-fix.xml','2020-02-17 13:20:50',455,'EXECUTED','7:bd6b2ffe65bdfb82122e6e2154b05807','sql','Add all package labels to tzBarcode',NULL,'3.5.3',NULL,NULL,'1974408268'),('21b17e85-471f-4e24-9263-5a6d9292edb9','Jeff','classpath:db/changelog/databaseChangeLog-202001211500-fix-gross-receipts-for-non-inv.xml','2020-02-17 13:20:50',456,'MARK_RAN','7:1e5bebcb2704de5c29d571b7905fafb6','sql','Fix gross receipts for non-inv',NULL,'3.5.3',NULL,NULL,'1974408268'),('a5c56211-e147-4001-bfa6-ed1fa6b4a544','Jeff','classpath:db/changelog/databaseChangeLog-202001151400-add-ticket-ticketline-created-report-product.xml','2020-02-17 13:20:50',457,'EXECUTED','7:2b8fc614030624f6cdda0c8e343266f1','sql','Add ticket_created_user and ticketline_created_user to report_product',NULL,'3.5.3',NULL,NULL,'1974408268'),('c55c3a09-dc5f-498d-8ad5-604fd220c4f8','Jeff','classpath:db/changelog/databaseChangeLog-202001231600-lab-data-update.xml','2020-02-17 13:20:50',458,'MARK_RAN','7:ed0dc1cd37685baf7ac1077226cef05c','sql','Rename CARYOHPLYN to CARYOPHYLLENE for tz_lab_data',NULL,'3.5.3',NULL,NULL,'1974408268'),('4ba1055d-95fe-4d6c-ad6a-44acc68b7817','Jeff','classpath:db/changelog/databaseChangeLog-202001231600-lab-data-update.xml','2020-02-17 13:20:50',459,'EXECUTED','7:4eb2f05bc57ea49ce94fbf448119b043','sql','Rename CARYOHPLYN to CARYOPHYLLENE for tz_dropdown',NULL,'3.5.3',NULL,NULL,'1974408268'),('10fb00ea-a30c-4304-a777-233b60c3ca5c','Jeff','classpath:db/changelog/databaseChangeLog-202001231600-lab-data-update.xml','2020-02-17 13:20:50',460,'EXECUTED','7:2069854489e642fe30fc44be5d019ae3','sql','Add THCA option to lab results',NULL,'3.5.3',NULL,NULL,'1974408268'),('fddb941f-2531-4f7e-992e-a660d0354e67','Jeff','classpath:db/changelog/databaseChangeLog-202001231130-fix-null-product-type.xml','2020-02-17 13:20:50',461,'MARK_RAN','7:ec4b7cbe78cf999d3871a8534e51885d','sql','Fix null productType for report_product',NULL,'3.5.3',NULL,NULL,'1974408268'),('671694e8-1532-4ee6-b3ba-3f2d8bc356bf','Jeff','classpath:db/changelog/databaseChangeLog-202002051400-report-last-updated.xml','2020-02-17 13:20:50',462,'EXECUTED','7:209bf7e8350a7fce28d843a5e66c5b09','sql','Add report_last_updated to report_customer',NULL,'3.5.3',NULL,NULL,'1974408268'),('3af17c49-4674-49f5-85b4-ff163361e59a','Jeff','classpath:db/changelog/databaseChangeLog-202002051400-report-last-updated.xml','2020-02-17 13:20:50',463,'EXECUTED','7:63401cd13506c473d2f607531e9a88c5','sql','Add report_last_updated to report_discount',NULL,'3.5.3',NULL,NULL,'1974408268'),('4df39818-a6f0-4017-a47a-602ed8c6a375','Jeff','classpath:db/changelog/databaseChangeLog-202002051400-report-last-updated.xml','2020-02-17 13:20:50',464,'EXECUTED','7:775990f504fb8d982421342227ed2814','sql','Add report_last_updated to report_payment',NULL,'3.5.3',NULL,NULL,'1974408268'),('96f87bf5-afef-4a70-8a77-24a6b2021606','Jeff','classpath:db/changelog/databaseChangeLog-202002051400-report-last-updated.xml','2020-02-17 13:20:50',465,'EXECUTED','7:70ccc314e43c432530885487534b3290','sql','Add report_last_updated to report_product',NULL,'3.5.3',NULL,NULL,'1974408268'),('c413af0f-0624-4704-85e4-c3e9e4146e19','Jeff','classpath:db/changelog/databaseChangeLog-202002051400-report-last-updated.xml','2020-02-17 13:20:50',466,'EXECUTED','7:8de120ad63ebfb555e59bfca1c26a99d','sql','Add report_last_updated to report_visitor',NULL,'3.5.3',NULL,NULL,'1974408268'),('184300dd-ab11-4b40-92c1-d6711b83584k','Max','classpath:db/changelog/databaseChangeLog-202002031200-sell-by-location.xml','2020-02-17 13:20:50',467,'EXECUTED','7:ba61cdec71f17ef0a2688c77da18b7ff','sql','adds tz_terminal, tz_terminal_aud, tz_location_terminal, tz_location_terminal_aud tables',NULL,'3.5.3',NULL,NULL,'1974408268'),('a36d34f2-a988-4845-9685-d4fe739c519o','Max','classpath:db/changelog/databaseChangeLog-202002031200-sell-by-location.xml','2020-02-17 13:20:50',468,'EXECUTED','7:4464151e1751b14199f43ed28004c82a','sql','add default sales channels',NULL,'3.5.3',NULL,NULL,'1974408268'),('9c4b4eef-48cf-4879-b8c7-dfccf02d694e','Jeff','classpath:db/changelog/databaseChangeLog-reports.xml','2020-02-17 13:20:50',469,'EXECUTED','7:440810ea2010d45410f24c91b8b45fbd','sql; sqlFile','report_payment_sp procedure',NULL,'3.5.3',NULL,NULL,'1974408268'),('c3bd820a-6328-4f35-a2c4-02e4f36f77b7','Jeff','classpath:db/changelog/databaseChangeLog-reports.xml','2020-02-17 13:20:51',470,'EXECUTED','7:4546ec45963f070c5d0a082035de627c','sql; sqlFile','report_product_sp procedure',NULL,'3.5.3',NULL,NULL,'1974408268'),('58fac086-00db-420a-a381-b1c75fb67299','Jeff','classpath:db/changelog/databaseChangeLog-reports.xml','2020-02-17 13:20:51',471,'EXECUTED','7:8c8911ef654eb9a21ee9d4b5da18b2ed','sql; sqlFile','report_discount_sp procedure',NULL,'3.5.3',NULL,NULL,'1974408268'),('c022e846-5528-44f4-9f0b-aa2df31d57d7','Jeff','classpath:db/changelog/databaseChangeLog-reports.xml','2020-02-17 13:20:51',472,'EXECUTED','7:23c9f1d0bbd09aac326e70ff43aeb6b8','sql; sqlFile','report_customer_sp procedure',NULL,'3.5.3',NULL,NULL,'1974408268'),('0c844802-4930-4429-9f3a-9046937543a6','Jeff','classpath:db/changelog/databaseChangeLog-reports.xml','2020-02-17 13:20:51',473,'EXECUTED','7:98d999c9cccf0a3a928422b5c5d30b83','sql; sqlFile','report_visitor_sp procedure',NULL,'3.5.3',NULL,NULL,'1974408268'),('4d5d04b7-2a3b-4d43-bff3-ff15c2d1ed59','Jeff','classpath:db/changelog/databaseChangeLog-reports.xml','2020-02-17 13:20:51',474,'EXECUTED','7:b0c62db55cc719edcb68bcd31f273e3a','sqlFile','Metabase views for inventory',NULL,'3.5.3',NULL,NULL,'1974408268');
/*!40000 ALTER TABLE `databasechangelog` ENABLE KEYS */;
UNLOCK TABLES;

--
-- Table structure for table `databasechangeloglock`
--

DROP TABLE IF EXISTS `databasechangeloglock`;
/*!40101 SET @saved_cs_client     = @@character_set_client */;
/*!40101 SET character_set_client = utf8 */;
CREATE TABLE `databasechangeloglock` (
  `ID` int(11) NOT NULL,
  `LOCKED` bit(1) NOT NULL,
  `LOCKGRANTED` datetime DEFAULT NULL,
  `LOCKEDBY` varchar(255) DEFAULT NULL,
  PRIMARY KEY (`ID`)
) ENGINE=InnoDB DEFAULT CHARSET=latin1;
/*!40101 SET character_set_client = @saved_cs_client */;

--
-- Dumping data for table `databasechangeloglock`
--

LOCK TABLES `databasechangeloglock` WRITE;
/*!40000 ALTER TABLE `databasechangeloglock` DISABLE KEYS */;
INSERT INTO `databasechangeloglock` VALUES (1,'\0',NULL,NULL);
/*!40000 ALTER TABLE `databasechangeloglock` ENABLE KEYS */;
UNLOCK TABLES;

--
-- Temporary view structure for view `invoice_report`
--

DROP TABLE IF EXISTS `invoice_report`;
/*!50001 DROP VIEW IF EXISTS `invoice_report`*/;
SET @saved_cs_client     = @@character_set_client;
SET character_set_client = utf8;
/*!50001 CREATE VIEW `invoice_report` AS SELECT 
 1 AS `id`,
 1 AS `invoice_number`,
 1 AS `po_status`,
 1 AS `invoice_date`,
 1 AS `receiving_date`,
 1 AS `transfer`,
 1 AS `distributor`,
 1 AS `distributor_type`,
 1 AS `type`,
 1 AS `product`,
 1 AS `units`,
 1 AS `pre_excise_cost`,
 1 AS `post_excise_cost`*/;
SET character_set_client = @saved_cs_client;

--
-- Table structure for table `report_customer`
--

DROP TABLE IF EXISTS `report_customer`;
/*!40101 SET @saved_cs_client     = @@character_set_client */;
/*!40101 SET character_set_client = utf8 */;
CREATE TABLE `report_customer` (
  `id` int(10) unsigned NOT NULL DEFAULT '0',
  `first_name` varchar(45) NOT NULL,
  `last_name` varchar(45) NOT NULL,
  `nick_name` varchar(255) DEFAULT NULL,
  `phone` varchar(10) DEFAULT NULL,
  `email` varchar(255) DEFAULT NULL,
  `company` varchar(45) DEFAULT NULL,
  `customer_uuid` varchar(500) DEFAULT NULL,
  `customer_signup_date` timestamp NOT NULL DEFAULT CURRENT_TIMESTAMP,
  `customer_cancel_date` timestamp NULL DEFAULT NULL,
  `last_updated_at` timestamp NOT NULL DEFAULT CURRENT_TIMESTAMP,
  `last_visit` timestamp NULL DEFAULT NULL,
  `signup_flag` tinyint(4) NOT NULL,
  `gender` varchar(255) DEFAULT NULL,
  `age group` varchar(5) NOT NULL DEFAULT '',
  `age` varchar(45) DEFAULT NULL,
  `dob` date DEFAULT NULL,
  `driver_license` varchar(255) DEFAULT NULL,
  `driver_license_expiration_date` date DEFAULT NULL,
  `permit_expiration_date` date DEFAULT NULL,
  `medical_id` varchar(255) DEFAULT NULL,
  `reward_balance` int(10) DEFAULT NULL,
  `customer_source` varchar(255) DEFAULT NULL,
  `groupnames` varchar(255) DEFAULT NULL,
  `visits` bigint(21) DEFAULT '0',
  `notes` mediumtext,
  `opted_in` varchar(255) DEFAULT NULL,
  `patient_type` varchar(255) DEFAULT NULL,
  `customer_status` varchar(255) DEFAULT NULL,
  `violations` varchar(255) DEFAULT NULL,
  `netSales` double DEFAULT NULL,
  `AvgSales` double DEFAULT NULL,
  `street_1` varchar(255) DEFAULT NULL,
  `city` varchar(255) DEFAULT NULL,
  `state` varchar(255) DEFAULT NULL,
  `zipcode` varchar(10) DEFAULT NULL,
  `longitude` float(10,6) DEFAULT NULL,
  `latitude` float(10,6) DEFAULT NULL,
  `physician_first` varchar(255) DEFAULT NULL,
  `physician_last` varchar(255) DEFAULT NULL,
  `physician_phone` varchar(255) DEFAULT NULL,
  `physician_address` varchar(255) DEFAULT NULL,
  `physician_medical_id` varchar(255) DEFAULT NULL,
  `physician_email` varchar(255) DEFAULT NULL,
  `physician_notes` varchar(255) DEFAULT NULL,
  `caregiver` varchar(255) DEFAULT NULL,
  `report_last_updated` timestamp NOT NULL DEFAULT CURRENT_TIMESTAMP,
  PRIMARY KEY (`id`),
  KEY `lastvisit` (`last_updated_at`,`last_visit`),
  KEY `report_last_updated` (`report_last_updated`)
) ENGINE=InnoDB DEFAULT CHARSET=utf8;
/*!40101 SET character_set_client = @saved_cs_client */;

--
-- Dumping data for table `report_customer`
--

LOCK TABLES `report_customer` WRITE;
/*!40000 ALTER TABLE `report_customer` DISABLE KEYS */;
/*!40000 ALTER TABLE `report_customer` ENABLE KEYS */;
UNLOCK TABLES;

--
-- Table structure for table `report_discount`
--

DROP TABLE IF EXISTS `report_discount`;
/*!40101 SET @saved_cs_client     = @@character_set_client */;
/*!40101 SET character_set_client = utf8 */;
CREATE TABLE `report_discount` (
  `discount_date` datetime DEFAULT NULL,
  `dateOpen` varchar(10) DEFAULT NULL,
  `timeOpen` time DEFAULT NULL,
  `dateClosed` varchar(10) DEFAULT NULL,
  `timeClose` time DEFAULT NULL,
  `dateTimeClosed` datetime DEFAULT NULL,
  `dateLastUpdate` varchar(10) DEFAULT NULL,
  `timeLastUpdate` time DEFAULT NULL,
  `ticketAlphaId` varchar(45) DEFAULT '0',
  `ticketlineId` varchar(255) NOT NULL,
  `ticketId` varchar(255) DEFAULT NULL,
  `gender` mediumtext,
  `age` varchar(21) NOT NULL DEFAULT '',
  `dob` mediumtext,
  `customer_address` varchar(255) DEFAULT NULL,
  `customer_city` varchar(255) DEFAULT NULL,
  `customer_state` varchar(255) DEFAULT NULL,
  `customer_country` varchar(255) DEFAULT NULL,
  `customer_email` varchar(255) DEFAULT NULL,
  `customer_phone` varchar(255) DEFAULT NULL,
  `cashier` varchar(255) DEFAULT NULL,
  `cashierId` varchar(255) DEFAULT NULL,
  `productType` varchar(255) NOT NULL,
  `productSubtype` varchar(255) NOT NULL DEFAULT '',
  `productBrand` varchar(255) NOT NULL DEFAULT '',
  `productName` text,
  `size` text,
  `brand` text,
  `pricePerUnit` double NOT NULL,
  `pricePerUnitAfterDiscount` double DEFAULT NULL,
  `pricePerUnitDifference` double DEFAULT NULL,
  `quantity` double DEFAULT NULL,
  `netSales` double DEFAULT NULL,
  `weight` text,
  `unitOfMeasure` text,
  `salesTax` double NOT NULL DEFAULT '0',
  `discountType` varchar(19) DEFAULT NULL,
  `discountMethod` varchar(255) DEFAULT NULL,
  `discountTitle` varchar(255) DEFAULT NULL,
  `discountReason` varchar(255) NOT NULL DEFAULT '',
  `discounts` double DEFAULT NULL,
  `discountId` varchar(255) NOT NULL,
  `discountLogId` varchar(255) NOT NULL,
  `approver` varchar(255) DEFAULT NULL,
  `customerType` varchar(255) DEFAULT NULL,
  `customerName` varchar(255) DEFAULT NULL,
  `customerId` varchar(10) NOT NULL DEFAULT '',
  `customer_mmid` varchar(255) DEFAULT NULL,
  `customer_MMID_expiration` varchar(255) DEFAULT NULL,
  `document_id` varchar(255) DEFAULT NULL,
  `customerGroup` varchar(255) DEFAULT NULL,
  `stateTrackingId` varchar(150) DEFAULT NULL,
  `skus` text CHARACTER SET utf8 COLLATE utf8_bin,
  `distributor` varchar(255) DEFAULT NULL,
  `receiving_license` varchar(45) DEFAULT NULL,
  `inventory_sku` text,
  `external_id` varchar(255) DEFAULT NULL,
  `total_mg_thc` varchar(255) DEFAULT NULL,
  `total_mg_cbd` varchar(255) DEFAULT NULL,
  `extraction_method` varchar(255) DEFAULT NULL,
  `inventory_type` varchar(45) DEFAULT NULL,
  `report_last_updated` timestamp NOT NULL DEFAULT CURRENT_TIMESTAMP,
  PRIMARY KEY (`discountId`,`ticketlineId`,`discountLogId`),
  KEY `report_discount_date_time_closed_idx` (`dateTimeClosed`),
  KEY `report_discount_discount_log_id` (`discountLogId`),
  KEY `report_last_updated` (`report_last_updated`)
) ENGINE=InnoDB DEFAULT CHARSET=utf8;
/*!40101 SET character_set_client = @saved_cs_client */;

--
-- Dumping data for table `report_discount`
--

LOCK TABLES `report_discount` WRITE;
/*!40000 ALTER TABLE `report_discount` DISABLE KEYS */;
/*!40000 ALTER TABLE `report_discount` ENABLE KEYS */;
UNLOCK TABLES;

--
-- Table structure for table `report_payment`
--

DROP TABLE IF EXISTS `report_payment`;
/*!40101 SET @saved_cs_client     = @@character_set_client */;
/*!40101 SET character_set_client = utf8 */;
CREATE TABLE `report_payment` (
  `payment_date` datetime DEFAULT NULL,
  `paymentid` varchar(255) NOT NULL,
  `paymentName` varchar(100) NOT NULL DEFAULT '',
  `originalAmount` double DEFAULT NULL,
  `changeAmount` double DEFAULT NULL,
  `grossReceiptsPaid` double NOT NULL,
  `percent_of_ticket` double DEFAULT NULL,
  `ticketId` varchar(255) NOT NULL,
  `ticketAlphaNum` varchar(45) DEFAULT '0',
  `dateClosed` date DEFAULT NULL,
  `timeClosed` time DEFAULT NULL,
  `paymentType` varchar(19) NOT NULL DEFAULT '',
  `customerType` varchar(255) DEFAULT NULL,
  `customerName` varchar(255) DEFAULT NULL,
  `customerId` varchar(10) NOT NULL DEFAULT '',
  `seconds_to_payment` bigint(21) DEFAULT NULL,
  `mmid` varchar(255) DEFAULT NULL,
  `customerGroups` varchar(255) DEFAULT NULL,
  `dateOpen` datetime DEFAULT NULL,
  `timeOpened` datetime DEFAULT NULL,
  `dateLastModified` datetime DEFAULT NULL,
  `timeLastModified` datetime DEFAULT NULL,
  `datePaymentProcessed` datetime DEFAULT NULL,
  `timePaymentProcessed` datetime DEFAULT NULL,
  `authCode` varchar(255) DEFAULT NULL,
  `refCode` varchar(255) DEFAULT NULL,
  `ticketLineId` varchar(255) DEFAULT NULL,
  `metrcReceipt` varchar(255) DEFAULT NULL,
  `activity` varchar(255) DEFAULT NULL,
  `cashier` varchar(255) DEFAULT NULL,
  `approver` varchar(255) DEFAULT NULL,
  `documentId` varchar(255) DEFAULT NULL,
  `age` tinyint(3) unsigned DEFAULT NULL,
  `dob` date DEFAULT NULL,
  `city` varchar(255) DEFAULT NULL,
  `stateProvince` varchar(255) DEFAULT NULL,
  `country` varchar(255) DEFAULT NULL,
  `primaryAddress` varchar(255) DEFAULT NULL,
  `zip` varchar(10) DEFAULT NULL,
  `gender` varchar(255) DEFAULT NULL,
  `email` varchar(255) DEFAULT NULL,
  `phone` varchar(10) DEFAULT NULL,
  `report_last_updated` timestamp NOT NULL DEFAULT CURRENT_TIMESTAMP,
  PRIMARY KEY (`paymentid`),
  KEY `report_payment_date_closed_idx` (`dateClosed`),
  KEY `report_last_updated` (`report_last_updated`)
) ENGINE=InnoDB DEFAULT CHARSET=utf8;
/*!40101 SET character_set_client = @saved_cs_client */;

--
-- Dumping data for table `report_payment`
--

LOCK TABLES `report_payment` WRITE;
/*!40000 ALTER TABLE `report_payment` DISABLE KEYS */;
/*!40000 ALTER TABLE `report_payment` ENABLE KEYS */;
UNLOCK TABLES;

--
-- Table structure for table `report_product`
--

DROP TABLE IF EXISTS `report_product`;
/*!40101 SET @saved_cs_client     = @@character_set_client */;
/*!40101 SET character_set_client = utf8 */;
CREATE TABLE `report_product` (
  `ticket_status` varchar(64) DEFAULT NULL,
  `register` varchar(45) DEFAULT NULL,
  `ticket_type` varchar(64) DEFAULT NULL,
  `customer_type` varchar(255) DEFAULT NULL,
  `type` varchar(6) NOT NULL DEFAULT '',
  `customer` varchar(255) DEFAULT NULL,
  `address` varchar(255) DEFAULT NULL,
  `alternative_address` varchar(255) DEFAULT NULL,
  `secondary_address` varchar(255) DEFAULT NULL,
  `customer_country` varchar(255) DEFAULT NULL,
  `customer_state` varchar(255) DEFAULT NULL,
  `customer_city` varchar(255) DEFAULT NULL,
  `zip_code` varchar(255) DEFAULT NULL,
  `customer_groups` varchar(255) DEFAULT NULL,
  `customer_MMID` varchar(255) DEFAULT NULL,
  `document_id` varchar(255) DEFAULT NULL,
  `email` varchar(255) DEFAULT NULL,
  `phone` varchar(255) DEFAULT NULL,
  `customer_MMID_expiration` datetime DEFAULT NULL,
  `gender` mediumtext,
  `age` varchar(21) NOT NULL DEFAULT '',
  `age group` varchar(5) NOT NULL DEFAULT '',
  `dob` mediumtext,
  `cashier` varchar(255) DEFAULT NULL,
  `approver` varchar(255) DEFAULT NULL,
  `productType` varchar(255) DEFAULT NULL,
  `productSubtype` varchar(255) NOT NULL DEFAULT '',
  `productAttributes` varchar(255) DEFAULT NULL,
  `productBrand` varchar(255) NOT NULL DEFAULT '',
  `productName` text,
  `classification` text,
  `tier` varchar(255) DEFAULT NULL,
  `weight` text,
  `unitOfMeasure` text,
  `size` text,
  `priceUnit` double NOT NULL,
  `qty` double NOT NULL,
  `grossSales` double NOT NULL DEFAULT '0',
  `discounts` double NOT NULL DEFAULT '0',
  `returns` double NOT NULL DEFAULT '0',
  `netSales` double NOT NULL DEFAULT '0',
  `taxes` double DEFAULT NULL,
  `grossReceipts` double DEFAULT NULL,
  `cost` double DEFAULT NULL,
  `cost_without_excise` double DEFAULT NULL,
  `grossIncome` double DEFAULT NULL,
  `avgProductMarginPreExcise` double DEFAULT NULL,
  `avgProductMargin` double DEFAULT NULL,
  `invoiceId` int(11) DEFAULT NULL,
  `stateTrackingId` varchar(150) DEFAULT NULL,
  `ticketId` varchar(255) NOT NULL,
  `ticketlineid` varchar(255) NOT NULL,
  `ticketAlphaId` varchar(45) DEFAULT '0',
  `customer_id` int(10) DEFAULT NULL,
  `dateClosed` date DEFAULT NULL,
  `timeClosed` time DEFAULT NULL,
  `date_time_closed` timestamp NULL DEFAULT NULL,
  `date_time_opened` timestamp NULL DEFAULT NULL,
  `sku` text CHARACTER SET utf8 COLLATE utf8_bin,
  `customer_uuid` varchar(500) DEFAULT NULL,
  `customer_signup_date` timestamp NULL DEFAULT CURRENT_TIMESTAMP,
  `customer_cancel_date` timestamp NULL DEFAULT NULL,
  `reward_balance` int(10) DEFAULT NULL,
  `inventory_location` varchar(255) DEFAULT NULL,
  `ticket_updated_date` timestamp NOT NULL DEFAULT CURRENT_TIMESTAMP ON UPDATE CURRENT_TIMESTAMP,
  `line_updated_date` datetime DEFAULT NULL,
  `ticket_notes` mediumtext,
  `last_visit` mediumtext,
  `customer_source` mediumtext,
  `custom` varchar(255) DEFAULT NULL,
  `customName` varchar(255) DEFAULT NULL,
  `customTaxAmount` double DEFAULT NULL,
  `dynamic` varchar(255) DEFAULT NULL,
  `dynamicTaxName` varchar(255) DEFAULT NULL,
  `dynamicdTaxAmount` double DEFAULT NULL,
  `excise` varchar(255) DEFAULT NULL,
  `exciseTaxName` varchar(255) DEFAULT NULL,
  `exciseTaxAmount` double DEFAULT NULL,
  `sales` varchar(255) DEFAULT NULL,
  `salesTaxName` varchar(255) DEFAULT NULL,
  `salesTaxAmount` double DEFAULT NULL,
  `is_arms_length` tinyint(4) DEFAULT NULL,
  `distributor` varchar(255) DEFAULT NULL,
  `distributor_address` varchar(255) DEFAULT NULL,
  `is_cannabis` tinyint(4) DEFAULT NULL,
  `receiving_license` varchar(45) DEFAULT NULL,
  `batchId` varchar(45) DEFAULT NULL,
  `inventory_sku` text,
  `product_id` varchar(45) DEFAULT NULL,
  `harvest_date` datetime DEFAULT NULL,
  `inventory_date` datetime DEFAULT NULL,
  `external_id` text,
  `total_mg_thc` varchar(255) DEFAULT NULL,
  `total_mg_cbd` varchar(255) DEFAULT NULL,
  `extraction_method` varchar(255) DEFAULT NULL,
  `caregiver_id` varchar(255) DEFAULT NULL,
  `caregiver_name` varchar(255) DEFAULT NULL,
  `inventory_type` varchar(45) DEFAULT NULL,
  `ticket_created_user` varchar(255) DEFAULT NULL,
  `ticketline_created_user` varchar(255) DEFAULT NULL,
  `report_last_updated` timestamp NOT NULL DEFAULT CURRENT_TIMESTAMP,
  PRIMARY KEY (`ticketlineid`),
  KEY `report_product_date_time_closed_idx` (`date_time_closed`),
  KEY `report_last_updated` (`report_last_updated`)
) ENGINE=InnoDB DEFAULT CHARSET=utf8;
/*!40101 SET character_set_client = @saved_cs_client */;

--
-- Dumping data for table `report_product`
--

LOCK TABLES `report_product` WRITE;
/*!40000 ALTER TABLE `report_product` DISABLE KEYS */;
/*!40000 ALTER TABLE `report_product` ENABLE KEYS */;
UNLOCK TABLES;

--
-- Table structure for table `report_visitor`
--

DROP TABLE IF EXISTS `report_visitor`;
/*!40101 SET @saved_cs_client     = @@character_set_client */;
/*!40101 SET character_set_client = utf8 */;
CREATE TABLE `report_visitor` (
  `visit_id` int(10) NOT NULL DEFAULT '0',
  `customer_id` int(10) NOT NULL,
  `visit_time` timestamp NOT NULL DEFAULT CURRENT_TIMESTAMP,
  `first_name` varchar(45) NOT NULL,
  `last_name` varchar(45) NOT NULL,
  `phone` varchar(10) DEFAULT NULL,
  `email` varchar(255) DEFAULT NULL,
  `city` varchar(30) DEFAULT NULL,
  `state` varchar(5) DEFAULT NULL,
  `zipcode` varchar(10) DEFAULT NULL,
  `longitude` float(10,6) DEFAULT NULL,
  `latitude` float(10,6) DEFAULT NULL,
  `report_last_updated` timestamp NOT NULL DEFAULT CURRENT_TIMESTAMP,
  PRIMARY KEY (`visit_id`),
  KEY `report_visitor_visit_time` (`visit_time`),
  KEY `report_visitor_customer_id` (`customer_id`),
  KEY `report_last_updated` (`report_last_updated`)
) ENGINE=InnoDB DEFAULT CHARSET=utf8;
/*!40101 SET character_set_client = @saved_cs_client */;

--
-- Dumping data for table `report_visitor`
--

LOCK TABLES `report_visitor` WRITE;
/*!40000 ALTER TABLE `report_visitor` DISABLE KEYS */;
/*!40000 ALTER TABLE `report_visitor` ENABLE KEYS */;
UNLOCK TABLES;

--
-- Table structure for table `revision_info`
--

DROP TABLE IF EXISTS `revision_info`;
/*!40101 SET @saved_cs_client     = @@character_set_client */;
/*!40101 SET character_set_client = utf8 */;
CREATE TABLE `revision_info` (
  `rev` int(11) NOT NULL AUTO_INCREMENT,
  `timestamp` datetime DEFAULT NULL,
  `api_log_id` varchar(45) DEFAULT NULL,
  `table_name` varchar(75) DEFAULT NULL,
  PRIMARY KEY (`rev`)
) ENGINE=InnoDB AUTO_INCREMENT=1499 DEFAULT CHARSET=utf8;
/*!40101 SET character_set_client = @saved_cs_client */;

--
-- Dumping data for table `revision_info`
--

LOCK TABLES `revision_info` WRITE;
/*!40000 ALTER TABLE `revision_info` DISABLE KEYS */;
INSERT INTO `revision_info` VALUES (1,'2000-01-01 00:00:00','LIQUIBASE','tz_barcode'),(2,'2000-01-01 00:00:00','LIQUIBASE','tz_barcode'),(3,'2000-01-01 00:00:00','LIQUIBASE','tz_barcode'),(4,'2000-01-01 00:00:00','LIQUIBASE','tz_barcode'),(5,'2000-01-01 00:00:00','LIQUIBASE','tz_barcode'),(6,'2000-01-01 00:00:00','LIQUIBASE','tz_barcode'),(7,'2000-01-01 00:00:00','LIQUIBASE','tz_barcode'),(8,'2000-01-01 00:00:00','LIQUIBASE','tz_barcode'),(9,'2000-01-01 00:00:00','LIQUIBASE','tz_barcode'),(10,'2000-01-01 00:00:00','LIQUIBASE','tz_barcode'),(11,'2000-01-01 00:00:00','LIQUIBASE','tz_barcode'),(12,'2000-01-01 00:00:00','LIQUIBASE','tz_barcode'),(13,'2000-01-01 00:00:00','LIQUIBASE','tz_barcode'),(14,'2000-01-01 00:00:00','LIQUIBASE','tz_barcode'),(15,'2000-01-01 00:00:00','LIQUIBASE','tz_barcode'),(16,'2000-01-01 00:00:00','LIQUIBASE','tz_barcode'),(17,'2018-01-30 16:53:02','LIQUIBASE','tz_barcode'),(18,'2018-01-30 17:00:21','LIQUIBASE','tz_barcode'),(19,'2018-01-30 17:00:43','LIQUIBASE','tz_barcode'),(20,'2018-01-30 17:01:56','LIQUIBASE','tz_barcode'),(21,'2018-01-30 16:55:13','LIQUIBASE','tz_barcode'),(22,'2018-01-30 17:02:38','LIQUIBASE','tz_barcode'),(23,'2018-01-30 16:55:50','LIQUIBASE','tz_barcode'),(24,'2018-01-30 16:56:31','LIQUIBASE','tz_barcode'),(25,'2018-01-30 17:04:09','LIQUIBASE','tz_barcode'),(26,'2018-01-30 16:57:23','LIQUIBASE','tz_barcode'),(27,'2018-01-30 17:04:37','LIQUIBASE','tz_barcode'),(28,'2018-01-30 16:50:32','LIQUIBASE','tz_barcode'),(29,'2018-01-30 16:50:58','LIQUIBASE','tz_barcode'),(30,'2018-01-30 17:12:44','LIQUIBASE','tz_barcode'),(31,'2018-01-30 16:58:27','LIQUIBASE','tz_barcode'),(32,'2018-01-30 16:52:02','LIQUIBASE','tz_barcode'),(33,'2018-01-30 16:59:27','LIQUIBASE','tz_barcode'),(34,'2018-01-30 17:13:49','LIQUIBASE','tz_barcode'),(35,'2000-01-01 00:00:00','LIQUIBASE','tz_barcode'),(36,'2000-01-01 00:00:00','LIQUIBASE','tz_barcode'),(37,'2000-01-01 00:00:00','LIQUIBASE','tz_barcode'),(38,'2000-01-01 00:00:00','LIQUIBASE','tz_barcode'),(39,'2000-01-01 00:00:00','LIQUIBASE','tz_barcode'),(40,'2000-01-01 00:00:00','LIQUIBASE','tz_barcode'),(41,'2000-01-01 00:00:00','LIQUIBASE','tz_barcode'),(42,'2000-01-01 00:00:00','LIQUIBASE','tz_barcode'),(43,'2000-01-01 00:00:00','LIQUIBASE','tz_barcode'),(44,'2000-01-01 00:00:00','LIQUIBASE','tz_barcode'),(45,'2000-01-01 00:00:00','LIQUIBASE','tz_barcode'),(46,'2000-01-01 00:00:00','LIQUIBASE','tz_barcode'),(47,'2000-01-01 00:00:00','LIQUIBASE','tz_barcode'),(48,'2000-01-01 00:00:00','LIQUIBASE','tz_barcode'),(49,'2000-01-01 00:00:00','LIQUIBASE','tz_barcode'),(50,'2000-01-01 00:00:00','LIQUIBASE','tz_barcode'),(51,'2000-01-01 00:00:00','LIQUIBASE','tz_barcode'),(52,'2000-01-01 00:00:00','LIQUIBASE','tz_barcode'),(53,'2000-01-01 00:00:00','LIQUIBASE','tz_barcode'),(54,'2000-01-01 00:00:00','LIQUIBASE','tz_barcode'),(55,'2000-01-01 00:00:00','LIQUIBASE','tz_barcode'),(56,'2000-01-01 00:00:00','LIQUIBASE','tz_barcode'),(57,'2000-01-01 00:00:00','LIQUIBASE','tz_barcode'),(58,'2000-01-01 00:00:00','LIQUIBASE','tz_barcode'),(59,'2000-01-01 00:00:00','LIQUIBASE','tz_barcode'),(60,'2000-01-01 00:00:00','LIQUIBASE','tz_barcode'),(61,'2000-01-01 00:00:00','LIQUIBASE','tz_barcode'),(62,'2000-01-01 00:00:00','LIQUIBASE','tz_barcode'),(63,'2000-01-01 00:00:00','LIQUIBASE','tz_barcode'),(64,'2000-01-01 00:00:00','LIQUIBASE','tz_barcode'),(65,'2020-02-17 13:20:10','LIQUIBASE','tz_configuration'),(66,'2020-02-17 13:20:10','LIQUIBASE','tz_configuration'),(67,'2020-02-17 13:20:10','LIQUIBASE','tz_configuration'),(68,'2010-01-01 00:00:00','LIQUIBASE','tz_configuration'),(69,'2020-02-17 13:20:10','LIQUIBASE','tz_configuration'),(70,'2020-02-17 13:20:10','LIQUIBASE','tz_configuration'),(71,'2020-02-17 13:20:10','LIQUIBASE','tz_configuration'),(72,'2020-02-17 13:20:10','LIQUIBASE','tz_configuration'),(73,'2020-02-17 13:20:10','LIQUIBASE','tz_configuration'),(74,'2020-02-17 13:20:10','LIQUIBASE','tz_configuration'),(75,'2020-02-17 13:20:10','LIQUIBASE','tz_configuration'),(76,'2018-01-30 16:50:32','LIQUIBASE','tz_distributor'),(77,'2000-01-01 00:00:00','LIQUIBASE','tz_dropdown'),(78,'2010-01-01 00:00:00','LIQUIBASE','tz_dropdown'),(79,'2010-01-01 00:00:00','LIQUIBASE','tz_dropdown'),(80,'2010-01-01 00:00:00','LIQUIBASE','tz_dropdown'),(81,'2010-01-01 00:00:00','LIQUIBASE','tz_dropdown'),(82,'2000-01-01 00:00:00','LIQUIBASE','tz_dropdown'),(83,'2000-01-01 00:00:00','LIQUIBASE','tz_dropdown'),(84,'2000-01-01 00:00:00','LIQUIBASE','tz_dropdown'),(85,'2010-01-01 00:00:00','LIQUIBASE','tz_dropdown'),(86,'2010-01-01 00:00:00','LIQUIBASE','tz_dropdown'),(87,'2000-01-01 00:00:00','LIQUIBASE','tz_dropdown'),(88,'2000-01-01 00:00:00','LIQUIBASE','tz_dropdown'),(89,'2000-01-01 00:00:00','LIQUIBASE','tz_dropdown'),(90,'2000-01-01 00:00:00','LIQUIBASE','tz_dropdown'),(91,'2010-01-01 00:00:00','LIQUIBASE','tz_dropdown'),(92,'2010-01-01 00:00:00','LIQUIBASE','tz_dropdown'),(93,'2010-01-01 00:00:00','LIQUIBASE','tz_dropdown'),(94,'2010-01-01 00:00:00','LIQUIBASE','tz_dropdown'),(95,'2010-01-01 00:00:00','LIQUIBASE','tz_dropdown'),(96,'2010-01-01 00:00:00','LIQUIBASE','tz_dropdown'),(97,'2010-01-01 00:00:00','LIQUIBASE','tz_dropdown'),(98,'2010-01-01 00:00:00','LIQUIBASE','tz_dropdown'),(99,'2010-01-01 00:00:00','LIQUIBASE','tz_dropdown'),(100,'2010-01-01 00:00:00','LIQUIBASE','tz_dropdown'),(101,'2010-01-01 00:00:00','LIQUIBASE','tz_dropdown'),(102,'2010-01-01 00:00:00','LIQUIBASE','tz_dropdown'),(103,'2010-01-01 00:00:00','LIQUIBASE','tz_dropdown'),(104,'2010-01-01 00:00:00','LIQUIBASE','tz_dropdown'),(105,'2010-01-01 00:00:00','LIQUIBASE','tz_dropdown'),(106,'2010-01-01 00:00:00','LIQUIBASE','tz_dropdown'),(107,'2010-01-01 00:00:00','LIQUIBASE','tz_dropdown'),(108,'2010-01-01 00:00:00','LIQUIBASE','tz_dropdown'),(109,'2010-01-01 00:00:00','LIQUIBASE','tz_dropdown'),(110,'2010-01-01 00:00:00','LIQUIBASE','tz_dropdown'),(111,'2010-01-01 00:00:00','LIQUIBASE','tz_dropdown'),(112,'2010-01-01 00:00:00','LIQUIBASE','tz_dropdown'),(113,'2010-01-01 00:00:00','LIQUIBASE','tz_dropdown'),(114,'2010-01-01 00:00:00','LIQUIBASE','tz_dropdown'),(115,'2010-01-01 00:00:00','LIQUIBASE','tz_dropdown'),(116,'2010-01-01 00:00:00','LIQUIBASE','tz_dropdown'),(117,'2010-01-01 00:00:00','LIQUIBASE','tz_dropdown'),(118,'2010-01-01 00:00:00','LIQUIBASE','tz_dropdown'),(119,'2010-01-01 00:00:00','LIQUIBASE','tz_dropdown'),(120,'2010-01-01 00:00:00','LIQUIBASE','tz_dropdown'),(121,'2010-01-01 00:00:00','LIQUIBASE','tz_dropdown'),(122,'2010-01-01 00:00:00','LIQUIBASE','tz_dropdown'),(123,'2010-01-01 00:00:00','LIQUIBASE','tz_dropdown'),(124,'2010-01-01 00:00:00','LIQUIBASE','tz_dropdown'),(125,'2010-01-01 00:00:00','LIQUIBASE','tz_dropdown'),(126,'2010-01-01 00:00:00','LIQUIBASE','tz_dropdown'),(127,'2010-01-01 00:00:00','LIQUIBASE','tz_dropdown'),(128,'2010-01-01 00:00:00','LIQUIBASE','tz_dropdown'),(129,'2010-01-01 00:00:00','LIQUIBASE','tz_dropdown'),(130,'2010-01-01 00:00:00','LIQUIBASE','tz_dropdown'),(131,'2010-01-01 00:00:00','LIQUIBASE','tz_dropdown'),(132,'2010-01-01 00:00:00','LIQUIBASE','tz_dropdown'),(133,'2010-01-01 00:00:00','LIQUIBASE','tz_dropdown'),(134,'2010-01-01 00:00:00','LIQUIBASE','tz_dropdown'),(135,'2010-01-01 00:00:00','LIQUIBASE','tz_dropdown'),(136,'2010-01-01 00:00:00','LIQUIBASE','tz_dropdown'),(137,'2010-01-01 00:00:00','LIQUIBASE','tz_dropdown'),(138,'2010-01-01 00:00:00','LIQUIBASE','tz_dropdown'),(139,'2010-01-01 00:00:00','LIQUIBASE','tz_dropdown'),(140,'2010-01-01 00:00:00','LIQUIBASE','tz_dropdown'),(141,'2010-01-01 00:00:00','LIQUIBASE','tz_dropdown'),(142,'2010-01-01 00:00:00','LIQUIBASE','tz_dropdown'),(143,'2010-01-01 00:00:00','LIQUIBASE','tz_dropdown'),(144,'2010-01-01 00:00:00','LIQUIBASE','tz_dropdown'),(145,'2010-01-01 00:00:00','LIQUIBASE','tz_dropdown'),(146,'2010-01-01 00:00:00','LIQUIBASE','tz_dropdown'),(147,'2010-01-01 00:00:00','LIQUIBASE','tz_dropdown'),(148,'2010-01-01 00:00:00','LIQUIBASE','tz_dropdown'),(149,'2010-01-01 00:00:00','LIQUIBASE','tz_dropdown'),(150,'2010-01-01 00:00:00','LIQUIBASE','tz_dropdown'),(151,'2010-01-01 00:00:00','LIQUIBASE','tz_dropdown'),(152,'2010-01-01 00:00:00','LIQUIBASE','tz_dropdown'),(153,'2010-01-01 00:00:00','LIQUIBASE','tz_dropdown'),(154,'2010-01-01 00:00:00','LIQUIBASE','tz_dropdown'),(155,'2010-01-01 00:00:00','LIQUIBASE','tz_dropdown'),(156,'2010-01-01 00:00:00','LIQUIBASE','tz_dropdown'),(157,'2010-01-01 00:00:00','LIQUIBASE','tz_dropdown'),(158,'2010-01-01 00:00:00','LIQUIBASE','tz_dropdown'),(159,'2010-01-01 00:00:00','LIQUIBASE','tz_dropdown'),(160,'2010-01-01 00:00:00','LIQUIBASE','tz_dropdown'),(161,'2010-01-01 00:00:00','LIQUIBASE','tz_dropdown'),(162,'2010-01-01 00:00:00','LIQUIBASE','tz_dropdown'),(163,'2010-01-01 00:00:00','LIQUIBASE','tz_dropdown'),(164,'2010-01-01 00:00:00','LIQUIBASE','tz_dropdown'),(165,'2010-01-01 00:00:00','LIQUIBASE','tz_dropdown'),(166,'2010-01-01 00:00:00','LIQUIBASE','tz_dropdown'),(167,'2010-01-01 00:00:00','LIQUIBASE','tz_dropdown'),(168,'2010-01-01 00:00:00','LIQUIBASE','tz_dropdown'),(169,'2010-01-01 00:00:00','LIQUIBASE','tz_dropdown'),(170,'2010-01-01 00:00:00','LIQUIBASE','tz_dropdown'),(171,'2010-01-01 00:00:00','LIQUIBASE','tz_dropdown'),(172,'2010-01-01 00:00:00','LIQUIBASE','tz_dropdown'),(173,'2010-01-01 00:00:00','LIQUIBASE','tz_dropdown'),(174,'2010-01-01 00:00:00','LIQUIBASE','tz_dropdown'),(175,'2010-01-01 00:00:00','LIQUIBASE','tz_dropdown'),(176,'2010-01-01 00:00:00','LIQUIBASE','tz_dropdown'),(177,'2010-01-01 00:00:00','LIQUIBASE','tz_dropdown'),(178,'2010-01-01 00:00:00','LIQUIBASE','tz_dropdown'),(179,'2018-01-30 17:10:48','LIQUIBASE','tz_inventory'),(180,'2018-01-30 16:53:47','LIQUIBASE','tz_inventory'),(181,'2018-01-30 17:10:54','LIQUIBASE','tz_inventory'),(182,'2018-01-30 17:00:52','LIQUIBASE','tz_inventory'),(183,'2018-01-30 17:10:54','LIQUIBASE','tz_inventory'),(184,'2018-01-30 17:00:54','LIQUIBASE','tz_inventory'),(185,'2018-01-30 17:10:54','LIQUIBASE','tz_inventory'),(186,'2018-01-30 17:02:45','LIQUIBASE','tz_inventory'),(187,'2018-01-30 17:10:48','LIQUIBASE','tz_inventory'),(188,'2018-01-30 17:10:54','LIQUIBASE','tz_inventory'),(189,'2018-01-30 17:02:48','LIQUIBASE','tz_inventory'),(190,'2018-01-30 17:10:48','LIQUIBASE','tz_inventory'),(191,'2018-01-30 17:10:54','LIQUIBASE','tz_inventory'),(192,'2018-01-30 16:57:30','LIQUIBASE','tz_inventory'),(193,'2018-01-30 17:04:48','LIQUIBASE','tz_inventory'),(194,'2018-01-30 17:10:48','LIQUIBASE','tz_inventory'),(195,'2018-01-30 16:57:31','LIQUIBASE','tz_inventory'),(196,'2018-01-30 17:04:50','LIQUIBASE','tz_inventory'),(197,'2018-01-30 16:51:05','LIQUIBASE','tz_inventory'),(198,'2018-01-30 17:10:48','LIQUIBASE','tz_inventory'),(199,'2018-01-30 16:51:07','LIQUIBASE','tz_inventory'),(200,'2018-01-30 17:13:53','LIQUIBASE','tz_inventory'),(201,'2018-01-30 16:59:33','LIQUIBASE','tz_inventory'),(202,'2018-01-30 16:53:45','LIQUIBASE','tz_inventory'),(203,'2018-01-30 16:59:35','LIQUIBASE','tz_inventory'),(204,'2018-01-30 17:13:55','LIQUIBASE','tz_inventory'),(205,'2018-01-30 16:53:55','LIQUIBASE','tz_invoice_cost'),(206,'2018-01-30 17:03:43','LIQUIBASE','tz_invoice_cost'),(207,'2018-01-30 16:59:40','LIQUIBASE','tz_invoice_cost'),(208,'2018-01-30 16:51:34','LIQUIBASE','tz_invoice_cost'),(209,'2018-01-30 16:49:15','LIQUIBASE','tz_invoice_cost'),(210,'2018-01-30 17:01:20','LIQUIBASE','tz_invoice_cost'),(211,'2018-01-30 16:56:03','LIQUIBASE','tz_invoice_cost'),(212,'2018-01-30 16:57:55','LIQUIBASE','tz_invoice_cost'),(213,'2018-01-30 17:12:21','LIQUIBASE','tz_invoice_cost'),(214,'2018-01-30 16:53:02','LIQUIBASE','tz_invoice_line'),(215,'2018-01-30 17:00:21','LIQUIBASE','tz_invoice_line'),(216,'2018-01-30 17:00:43','LIQUIBASE','tz_invoice_line'),(217,'2018-01-30 17:01:56','LIQUIBASE','tz_invoice_line'),(218,'2018-01-30 16:55:13','LIQUIBASE','tz_invoice_line'),(219,'2018-01-30 17:02:38','LIQUIBASE','tz_invoice_line'),(220,'2018-01-30 16:55:50','LIQUIBASE','tz_invoice_line'),(221,'2018-01-30 16:56:31','LIQUIBASE','tz_invoice_line'),(222,'2018-01-30 17:04:09','LIQUIBASE','tz_invoice_line'),(223,'2018-01-30 16:57:23','LIQUIBASE','tz_invoice_line'),(224,'2018-01-30 17:04:37','LIQUIBASE','tz_invoice_line'),(225,'2018-01-30 16:50:32','LIQUIBASE','tz_invoice_line'),(226,'2018-01-30 16:50:58','LIQUIBASE','tz_invoice_line'),(227,'2018-01-30 17:12:44','LIQUIBASE','tz_invoice_line'),(228,'2018-01-30 16:58:27','LIQUIBASE','tz_invoice_line'),(229,'2018-01-30 16:52:02','LIQUIBASE','tz_invoice_line'),(230,'2018-01-30 16:59:27','LIQUIBASE','tz_invoice_line'),(231,'2018-01-30 17:13:49','LIQUIBASE','tz_invoice_line'),(232,'2018-01-30 16:59:40','LIQUIBASE','tz_invoice'),(233,'2018-01-30 16:53:55','LIQUIBASE','tz_invoice'),(234,'2018-01-30 17:01:20','LIQUIBASE','tz_invoice'),(235,'2018-01-30 16:56:03','LIQUIBASE','tz_invoice'),(236,'2018-01-30 16:49:15','LIQUIBASE','tz_invoice'),(237,'2018-01-30 17:03:43','LIQUIBASE','tz_invoice'),(238,'2018-01-30 16:57:55','LIQUIBASE','tz_invoice'),(239,'2018-01-30 17:12:21','LIQUIBASE','tz_invoice'),(240,'2018-01-30 16:51:34','LIQUIBASE','tz_invoice'),(241,'2000-01-01 00:00:00','LIQUIBASE','tz_label_data_mapper'),(242,'2000-01-01 00:00:00','LIQUIBASE','tz_label_data_mapper'),(243,'2000-01-01 00:00:00','LIQUIBASE','tz_label_data_mapper'),(244,'2000-01-01 00:00:00','LIQUIBASE','tz_label_data_mapper'),(245,'2000-01-01 00:00:00','LIQUIBASE','tz_label_data_mapper'),(246,'2000-01-01 00:00:00','LIQUIBASE','tz_label_data_mapper'),(247,'2000-01-01 00:00:00','LIQUIBASE','tz_label_data_mapper'),(248,'2000-01-01 00:00:00','LIQUIBASE','tz_label_data_mapper'),(249,'2000-01-01 00:00:00','LIQUIBASE','tz_label_data_mapper'),(250,'2000-01-01 00:00:00','LIQUIBASE','tz_label_data_mapper'),(251,'2000-01-01 00:00:00','LIQUIBASE','tz_label_data_mapper'),(252,'2000-01-01 00:00:00','LIQUIBASE','tz_label_data_mapper'),(253,'2000-01-01 00:00:00','LIQUIBASE','tz_label_data_mapper'),(254,'2000-01-01 00:00:00','LIQUIBASE','tz_label_data_mapper'),(255,'2000-01-01 00:00:00','LIQUIBASE','tz_label_data_mapper'),(256,'2000-01-01 00:00:00','LIQUIBASE','tz_label_data_mapper'),(257,'2000-01-01 00:00:00','LIQUIBASE','tz_label_data_mapper'),(258,'2000-01-01 00:00:00','LIQUIBASE','tz_label_data_mapper'),(259,'2000-01-01 00:00:00','LIQUIBASE','tz_label_data_mapper'),(260,'2000-01-01 00:00:00','LIQUIBASE','tz_label_data_mapper'),(261,'2000-01-01 00:00:00','LIQUIBASE','tz_label_data_mapper'),(262,'2000-01-01 00:00:00','LIQUIBASE','tz_label_data_mapper'),(263,'2000-01-01 00:00:00','LIQUIBASE','tz_label_data_mapper'),(264,'2000-01-01 00:00:00','LIQUIBASE','tz_label_data_mapper'),(265,'2000-01-01 00:00:00','LIQUIBASE','tz_label_data_mapper'),(266,'2000-01-01 00:00:00','LIQUIBASE','tz_label_data_mapper'),(267,'2000-01-01 00:00:00','LIQUIBASE','tz_label_data_mapper'),(268,'2000-01-01 00:00:00','LIQUIBASE','tz_label_data_mapper'),(269,'2000-01-01 00:00:00','LIQUIBASE','tz_label_data_mapper'),(270,'2000-01-01 00:00:00','LIQUIBASE','tz_label_data_mapper'),(271,'2000-01-01 00:00:00','LIQUIBASE','tz_label_data_mapper'),(272,'2000-01-01 00:00:00','LIQUIBASE','tz_label_data_mapper'),(273,'2000-01-01 00:00:00','LIQUIBASE','tz_label_data_mapper'),(274,'2000-01-01 00:00:00','LIQUIBASE','tz_label_data_mapper'),(275,'2000-01-01 00:00:00','LIQUIBASE','tz_label_data_mapper'),(276,'2000-01-01 00:00:00','LIQUIBASE','tz_label_data_mapper'),(277,'2000-01-01 00:00:00','LIQUIBASE','tz_label_data_mapper'),(278,'2000-01-01 00:00:00','LIQUIBASE','tz_label_data_mapper'),(279,'2000-01-01 00:00:00','LIQUIBASE','tz_label_data_mapper'),(280,'2000-01-01 00:00:00','LIQUIBASE','tz_label_data_mapper'),(281,'2010-01-01 00:00:00','LIQUIBASE','tz_location'),(282,'2010-01-01 00:00:00','LIQUIBASE','tz_location'),(283,'2010-01-01 00:00:00','LIQUIBASE','tz_location'),(284,'2010-01-01 00:00:00','LIQUIBASE','tz_location'),(285,'2000-01-01 00:00:00','LIQUIBASE','tz_price_flat'),(286,'2000-01-01 00:00:00','LIQUIBASE','tz_price_flat'),(287,'2000-01-01 00:00:00','LIQUIBASE','tz_price_flat'),(288,'2000-01-01 00:00:00','LIQUIBASE','tz_price_flat'),(289,'2000-01-01 00:00:00','LIQUIBASE','tz_price_flat'),(290,'2000-01-01 00:00:00','LIQUIBASE','tz_price_flat'),(291,'2000-01-01 00:00:00','LIQUIBASE','tz_price_flat'),(292,'2000-01-01 00:00:00','LIQUIBASE','tz_price_flat'),(293,'2000-01-01 00:00:00','LIQUIBASE','tz_price_flat'),(294,'2000-01-01 00:00:00','LIQUIBASE','tz_price_flat'),(295,'2000-01-01 00:00:00','LIQUIBASE','tz_price_flat'),(296,'2000-01-01 00:00:00','LIQUIBASE','tz_price_flat'),(297,'2000-01-01 00:00:00','LIQUIBASE','tz_price_flat'),(298,'2000-01-01 00:00:00','LIQUIBASE','tz_price_flat'),(299,'2000-01-01 00:00:00','LIQUIBASE','tz_price_flat'),(300,'2000-01-01 00:00:00','LIQUIBASE','tz_price_flat'),(301,'2000-01-01 00:00:00','LIQUIBASE','tz_price_flat'),(302,'2000-01-01 00:00:00','LIQUIBASE','tz_price_flat'),(303,'2000-01-01 00:00:00','LIQUIBASE','tz_price_flat'),(304,'2000-01-01 00:00:00','LIQUIBASE','tz_price_flat'),(305,'2000-01-01 00:00:00','LIQUIBASE','tz_price_flat'),(306,'2000-01-01 00:00:00','LIQUIBASE','tz_price_flat'),(307,'2000-01-01 00:00:00','LIQUIBASE','tz_price_flat'),(308,'2000-01-01 00:00:00','LIQUIBASE','tz_price_flat'),(309,'2000-01-01 00:00:00','LIQUIBASE','tz_price_flat'),(310,'2000-01-01 00:00:00','LIQUIBASE','tz_price_flat'),(311,'2000-01-01 00:00:00','LIQUIBASE','tz_price_flat'),(312,'2000-01-01 00:00:00','LIQUIBASE','tz_price_flat'),(313,'2000-01-01 00:00:00','LIQUIBASE','tz_price_flat'),(314,'2000-01-01 00:00:00','LIQUIBASE','tz_price_flat'),(315,'2000-01-01 00:00:00','LIQUIBASE','tz_price_flat'),(316,'2000-01-01 00:00:00','LIQUIBASE','tz_price_flat'),(317,'2000-01-01 00:00:00','LIQUIBASE','tz_price_flat'),(318,'2000-01-01 00:00:00','LIQUIBASE','tz_price_flat'),(319,'2000-01-01 00:00:00','LIQUIBASE','tz_price_flat'),(320,'2000-01-01 00:00:00','LIQUIBASE','tz_price_flat'),(321,'2000-01-01 00:00:00','LIQUIBASE','tz_price_flat'),(322,'2000-01-01 00:00:00','LIQUIBASE','tz_price_flat'),(323,'2000-01-01 00:00:00','LIQUIBASE','tz_price_flat'),(324,'2000-01-01 00:00:00','LIQUIBASE','tz_price_flat'),(325,'2000-01-01 00:00:00','LIQUIBASE','tz_price_flat'),(326,'2000-01-01 00:00:00','LIQUIBASE','tz_price_flat'),(327,'2000-01-01 00:00:00','LIQUIBASE','tz_price_flat'),(328,'2000-01-01 00:00:00','LIQUIBASE','tz_price_flat'),(329,'2000-01-01 00:00:00','LIQUIBASE','tz_price_flat'),(330,'2000-01-01 00:00:00','LIQUIBASE','tz_price_flat'),(331,'2000-01-01 00:00:00','LIQUIBASE','tz_price_flat'),(332,'2000-01-01 00:00:00','LIQUIBASE','tz_price_threshold'),(333,'2000-01-01 00:00:00','LIQUIBASE','tz_price_threshold'),(334,'2000-01-01 00:00:00','LIQUIBASE','tz_price_threshold'),(335,'2000-01-01 00:00:00','LIQUIBASE','tz_price_threshold'),(336,'2000-01-01 00:00:00','LIQUIBASE','tz_price_threshold'),(337,'2000-01-01 00:00:00','LIQUIBASE','tz_price_threshold'),(338,'2000-01-01 00:00:00','LIQUIBASE','tz_price_threshold'),(339,'2000-01-01 00:00:00','LIQUIBASE','tz_price_threshold'),(340,'2000-01-01 00:00:00','LIQUIBASE','tz_price_threshold'),(341,'2000-01-01 00:00:00','LIQUIBASE','tz_price_threshold'),(342,'2000-01-01 00:00:00','LIQUIBASE','tz_price_threshold'),(343,'2000-01-01 00:00:00','LIQUIBASE','tz_price_threshold'),(344,'2000-01-01 00:00:00','LIQUIBASE','tz_price_threshold'),(345,'2000-01-01 00:00:00','LIQUIBASE','tz_price_threshold'),(346,'2000-01-01 00:00:00','LIQUIBASE','tz_price_threshold'),(347,'2000-01-01 00:00:00','LIQUIBASE','tz_price_threshold'),(348,'2000-01-01 00:00:00','LIQUIBASE','tz_price_threshold'),(349,'2000-01-01 00:00:00','LIQUIBASE','tz_price_threshold'),(350,'2000-01-01 00:00:00','LIQUIBASE','tz_price_threshold'),(351,'2000-01-01 00:00:00','LIQUIBASE','tz_price_threshold'),(352,'2000-01-01 00:00:00','LIQUIBASE','tz_price_threshold'),(353,'2000-01-01 00:00:00','LIQUIBASE','tz_price_threshold'),(354,'2000-01-01 00:00:00','LIQUIBASE','tz_price_threshold'),(355,'2000-01-01 00:00:00','LIQUIBASE','tz_price_threshold'),(356,'2000-01-01 00:00:00','LIQUIBASE','tz_price_threshold'),(357,'2000-01-01 00:00:00','LIQUIBASE','tz_price_threshold'),(358,'2000-01-01 00:00:00','LIQUIBASE','tz_price_threshold'),(359,'2000-01-01 00:00:00','LIQUIBASE','tz_price_threshold'),(360,'2000-01-01 00:00:00','LIQUIBASE','tz_price_threshold'),(361,'2000-01-01 00:00:00','LIQUIBASE','tz_price_threshold'),(362,'2000-01-01 00:00:00','LIQUIBASE','tz_price_tier'),(363,'2000-01-01 00:00:00','LIQUIBASE','tz_price_tier'),(364,'2000-01-01 00:00:00','LIQUIBASE','tz_price_tier'),(365,'2000-01-01 00:00:00','LIQUIBASE','tz_price_tier'),(366,'2000-01-01 00:00:00','LIQUIBASE','tz_price_tier'),(367,'2010-01-01 00:00:00','LIQUIBASE','tz_product_detail'),(368,'2010-01-01 00:00:00','LIQUIBASE','tz_product_detail'),(369,'2010-01-01 00:00:00','LIQUIBASE','tz_product_detail'),(370,'2010-01-01 00:00:00','LIQUIBASE','tz_product_detail'),(371,'2010-01-01 00:00:00','LIQUIBASE','tz_product_detail'),(372,'2010-01-01 00:00:00','LIQUIBASE','tz_product_detail'),(373,'2010-01-01 00:00:00','LIQUIBASE','tz_product_detail'),(374,'2010-01-01 00:00:00','LIQUIBASE','tz_product_detail'),(375,'2010-01-01 00:00:00','LIQUIBASE','tz_product_detail'),(376,'2010-01-01 00:00:00','LIQUIBASE','tz_product_detail'),(377,'2010-01-01 00:00:00','LIQUIBASE','tz_product_detail'),(378,'2010-01-01 00:00:00','LIQUIBASE','tz_product_detail'),(379,'2010-01-01 00:00:00','LIQUIBASE','tz_product_detail'),(380,'2010-01-01 00:00:00','LIQUIBASE','tz_product_detail'),(381,'2010-01-01 00:00:00','LIQUIBASE','tz_product_detail'),(382,'2010-01-01 00:00:00','LIQUIBASE','tz_product_detail'),(383,'2010-01-01 00:00:00','LIQUIBASE','tz_product_detail'),(384,'2010-01-01 00:00:00','LIQUIBASE','tz_product_detail'),(385,'2010-01-01 00:00:00','LIQUIBASE','tz_product_detail'),(386,'2010-01-01 00:00:00','LIQUIBASE','tz_product_detail'),(387,'2010-01-01 00:00:00','LIQUIBASE','tz_product_detail'),(388,'2010-01-01 00:00:00','LIQUIBASE','tz_product_detail'),(389,'2010-01-01 00:00:00','LIQUIBASE','tz_product_detail'),(390,'2010-01-01 00:00:00','LIQUIBASE','tz_product_detail'),(391,'2010-01-01 00:00:00','LIQUIBASE','tz_product_detail'),(392,'2010-01-01 00:00:00','LIQUIBASE','tz_product_detail'),(393,'2010-01-01 00:00:00','LIQUIBASE','tz_product_detail'),(394,'2010-01-01 00:00:00','LIQUIBASE','tz_product_detail'),(395,'2010-01-01 00:00:00','LIQUIBASE','tz_product_detail'),(396,'2010-01-01 00:00:00','LIQUIBASE','tz_product_detail'),(397,'2010-01-01 00:00:00','LIQUIBASE','tz_product_detail'),(398,'2010-01-01 00:00:00','LIQUIBASE','tz_product_detail'),(399,'2010-01-01 00:00:00','LIQUIBASE','tz_product_detail'),(400,'2010-01-01 00:00:00','LIQUIBASE','tz_product_detail'),(401,'2010-01-01 00:00:00','LIQUIBASE','tz_product_detail'),(402,'2010-01-01 00:00:00','LIQUIBASE','tz_product_detail'),(403,'2010-01-01 00:00:00','LIQUIBASE','tz_product_detail'),(404,'2010-01-01 00:00:00','LIQUIBASE','tz_product_detail'),(405,'2010-01-01 00:00:00','LIQUIBASE','tz_product_detail'),(406,'2010-01-01 00:00:00','LIQUIBASE','tz_product_detail'),(407,'2010-01-01 00:00:00','LIQUIBASE','tz_product_detail'),(408,'2010-01-01 00:00:00','LIQUIBASE','tz_product_detail'),(409,'2010-01-01 00:00:00','LIQUIBASE','tz_product_detail'),(410,'2010-01-01 00:00:00','LIQUIBASE','tz_product_detail'),(411,'2010-01-01 00:00:00','LIQUIBASE','tz_product_detail'),(412,'2010-01-01 00:00:00','LIQUIBASE','tz_product_detail'),(413,'2010-01-01 00:00:00','LIQUIBASE','tz_product_detail'),(414,'2010-01-01 00:00:00','LIQUIBASE','tz_product_detail'),(415,'2010-01-01 00:00:00','LIQUIBASE','tz_product_detail'),(416,'2010-01-01 00:00:00','LIQUIBASE','tz_product_detail'),(417,'2010-01-01 00:00:00','LIQUIBASE','tz_product_detail'),(418,'2010-01-01 00:00:00','LIQUIBASE','tz_product_detail'),(419,'2010-01-01 00:00:00','LIQUIBASE','tz_product_detail'),(420,'2010-01-01 00:00:00','LIQUIBASE','tz_product_detail'),(421,'2010-01-01 00:00:00','LIQUIBASE','tz_product_detail'),(422,'2010-01-01 00:00:00','LIQUIBASE','tz_product_detail'),(423,'2010-01-01 00:00:00','LIQUIBASE','tz_product_detail'),(424,'2010-01-01 00:00:00','LIQUIBASE','tz_product_detail'),(425,'2010-01-01 00:00:00','LIQUIBASE','tz_product_detail'),(426,'2010-01-01 00:00:00','LIQUIBASE','tz_product_detail'),(427,'2010-01-01 00:00:00','LIQUIBASE','tz_product_detail'),(428,'2010-01-01 00:00:00','LIQUIBASE','tz_product_detail'),(429,'2010-01-01 00:00:00','LIQUIBASE','tz_product_detail'),(430,'2010-01-01 00:00:00','LIQUIBASE','tz_product_detail'),(431,'2010-01-01 00:00:00','LIQUIBASE','tz_product_detail'),(432,'2010-01-01 00:00:00','LIQUIBASE','tz_product_detail'),(433,'2010-01-01 00:00:00','LIQUIBASE','tz_product_detail'),(434,'2010-01-01 00:00:00','LIQUIBASE','tz_product_detail'),(435,'2010-01-01 00:00:00','LIQUIBASE','tz_product_detail'),(436,'2010-01-01 00:00:00','LIQUIBASE','tz_product_detail'),(437,'2010-01-01 00:00:00','LIQUIBASE','tz_product_detail'),(438,'2010-01-01 00:00:00','LIQUIBASE','tz_product_detail'),(439,'2010-01-01 00:00:00','LIQUIBASE','tz_product_detail'),(440,'2010-01-01 00:00:00','LIQUIBASE','tz_product_detail'),(441,'2010-01-01 00:00:00','LIQUIBASE','tz_product_detail'),(442,'2010-01-01 00:00:00','LIQUIBASE','tz_product_detail'),(443,'2010-01-01 00:00:00','LIQUIBASE','tz_product_detail'),(444,'2010-01-01 00:00:00','LIQUIBASE','tz_product_detail'),(445,'2010-01-01 00:00:00','LIQUIBASE','tz_product_detail'),(446,'2010-01-01 00:00:00','LIQUIBASE','tz_product_detail'),(447,'2010-01-01 00:00:00','LIQUIBASE','tz_product_detail'),(448,'2010-01-01 00:00:00','LIQUIBASE','tz_product_detail'),(449,'2010-01-01 00:00:00','LIQUIBASE','tz_product_detail'),(450,'2010-01-01 00:00:00','LIQUIBASE','tz_product_detail'),(451,'2010-01-01 00:00:00','LIQUIBASE','tz_product_detail'),(452,'2010-01-01 00:00:00','LIQUIBASE','tz_product_detail'),(453,'2010-01-01 00:00:00','LIQUIBASE','tz_product_detail'),(454,'2010-01-01 00:00:00','LIQUIBASE','tz_product_detail'),(455,'2010-01-01 00:00:00','LIQUIBASE','tz_product_detail'),(456,'2010-01-01 00:00:00','LIQUIBASE','tz_product_detail'),(457,'2010-01-01 00:00:00','LIQUIBASE','tz_product_detail'),(458,'2010-01-01 00:00:00','LIQUIBASE','tz_product_detail'),(459,'2010-01-01 00:00:00','LIQUIBASE','tz_product_detail'),(460,'2010-01-01 00:00:00','LIQUIBASE','tz_product_detail'),(461,'2010-01-01 00:00:00','LIQUIBASE','tz_product_detail'),(462,'2010-01-01 00:00:00','LIQUIBASE','tz_product_detail'),(463,'2010-01-01 00:00:00','LIQUIBASE','tz_product_detail'),(464,'2010-01-01 00:00:00','LIQUIBASE','tz_product_detail'),(465,'2010-01-01 00:00:00','LIQUIBASE','tz_product_detail'),(466,'2010-01-01 00:00:00','LIQUIBASE','tz_product_detail'),(467,'2010-01-01 00:00:00','LIQUIBASE','tz_product_detail'),(468,'2010-01-01 00:00:00','LIQUIBASE','tz_product_detail'),(469,'2010-01-01 00:00:00','LIQUIBASE','tz_product_detail'),(470,'2010-01-01 00:00:00','LIQUIBASE','tz_product_detail'),(471,'2010-01-01 00:00:00','LIQUIBASE','tz_product_detail'),(472,'2010-01-01 00:00:00','LIQUIBASE','tz_product_detail'),(473,'2010-01-01 00:00:00','LIQUIBASE','tz_product_detail'),(474,'2010-01-01 00:00:00','LIQUIBASE','tz_product_detail'),(475,'2010-01-01 00:00:00','LIQUIBASE','tz_product_detail'),(476,'2010-01-01 00:00:00','LIQUIBASE','tz_product_detail'),(477,'2010-01-01 00:00:00','LIQUIBASE','tz_product_detail'),(478,'2010-01-01 00:00:00','LIQUIBASE','tz_product_detail'),(479,'2010-01-01 00:00:00','LIQUIBASE','tz_product_detail'),(480,'2010-01-01 00:00:00','LIQUIBASE','tz_product_detail'),(481,'2010-01-01 00:00:00','LIQUIBASE','tz_product_detail'),(482,'2010-01-01 00:00:00','LIQUIBASE','tz_product_detail'),(483,'2010-01-01 00:00:00','LIQUIBASE','tz_product_detail'),(484,'2010-01-01 00:00:00','LIQUIBASE','tz_product_detail'),(485,'2010-01-01 00:00:00','LIQUIBASE','tz_product_detail'),(486,'2010-01-01 00:00:00','LIQUIBASE','tz_product_detail'),(487,'2010-01-01 00:00:00','LIQUIBASE','tz_product_detail'),(488,'2010-01-01 00:00:00','LIQUIBASE','tz_product_detail'),(489,'2010-01-01 00:00:00','LIQUIBASE','tz_product_detail'),(490,'2010-01-01 00:00:00','LIQUIBASE','tz_product_detail'),(491,'2010-01-01 00:00:00','LIQUIBASE','tz_product_detail'),(492,'2010-01-01 00:00:00','LIQUIBASE','tz_product_detail'),(493,'2010-01-01 00:00:00','LIQUIBASE','tz_product_detail'),(494,'2010-01-01 00:00:00','LIQUIBASE','tz_product_detail'),(495,'2010-01-01 00:00:00','LIQUIBASE','tz_product_detail'),(496,'2010-01-01 00:00:00','LIQUIBASE','tz_product_detail'),(497,'2010-01-01 00:00:00','LIQUIBASE','tz_product_detail'),(498,'2010-01-01 00:00:00','LIQUIBASE','tz_product_detail'),(499,'2010-01-01 00:00:00','LIQUIBASE','tz_product_detail'),(500,'2010-01-01 00:00:00','LIQUIBASE','tz_product_detail'),(501,'2010-01-01 00:00:00','LIQUIBASE','tz_product_detail'),(502,'2010-01-01 00:00:00','LIQUIBASE','tz_product_detail'),(503,'2010-01-01 00:00:00','LIQUIBASE','tz_product_detail'),(504,'2010-01-01 00:00:00','LIQUIBASE','tz_product_detail'),(505,'2010-01-01 00:00:00','LIQUIBASE','tz_product_detail'),(506,'2010-01-01 00:00:00','LIQUIBASE','tz_product_detail'),(507,'2010-01-01 00:00:00','LIQUIBASE','tz_product_detail'),(508,'2010-01-01 00:00:00','LIQUIBASE','tz_product_detail'),(509,'2010-01-01 00:00:00','LIQUIBASE','tz_product_detail'),(510,'2010-01-01 00:00:00','LIQUIBASE','tz_product_detail'),(511,'2010-01-01 00:00:00','LIQUIBASE','tz_product_detail'),(512,'2010-01-01 00:00:00','LIQUIBASE','tz_product_detail'),(513,'2010-01-01 00:00:00','LIQUIBASE','tz_product_detail'),(514,'2010-01-01 00:00:00','LIQUIBASE','tz_product_detail'),(515,'2010-01-01 00:00:00','LIQUIBASE','tz_product_detail'),(516,'2010-01-01 00:00:00','LIQUIBASE','tz_product_detail'),(517,'2010-01-01 00:00:00','LIQUIBASE','tz_product_detail'),(518,'2010-01-01 00:00:00','LIQUIBASE','tz_product_detail'),(519,'2010-01-01 00:00:00','LIQUIBASE','tz_product_detail'),(520,'2010-01-01 00:00:00','LIQUIBASE','tz_product_detail'),(521,'2010-01-01 00:00:00','LIQUIBASE','tz_product_detail'),(522,'2010-01-01 00:00:00','LIQUIBASE','tz_product_detail'),(523,'2010-01-01 00:00:00','LIQUIBASE','tz_product_detail'),(524,'2010-01-01 00:00:00','LIQUIBASE','tz_product_detail'),(525,'2010-01-01 00:00:00','LIQUIBASE','tz_product_detail'),(526,'2010-01-01 00:00:00','LIQUIBASE','tz_product_detail'),(527,'2010-01-01 00:00:00','LIQUIBASE','tz_product_detail'),(528,'2010-01-01 00:00:00','LIQUIBASE','tz_product_detail'),(529,'2010-01-01 00:00:00','LIQUIBASE','tz_product_detail'),(530,'2010-01-01 00:00:00','LIQUIBASE','tz_product_detail'),(531,'2010-01-01 00:00:00','LIQUIBASE','tz_product_detail'),(532,'2010-01-01 00:00:00','LIQUIBASE','tz_product_detail'),(533,'2010-01-01 00:00:00','LIQUIBASE','tz_product_detail'),(534,'2010-01-01 00:00:00','LIQUIBASE','tz_product_detail'),(535,'2010-01-01 00:00:00','LIQUIBASE','tz_product_detail'),(536,'2010-01-01 00:00:00','LIQUIBASE','tz_product_detail'),(537,'2010-01-01 00:00:00','LIQUIBASE','tz_product_detail'),(538,'2010-01-01 00:00:00','LIQUIBASE','tz_product_detail'),(539,'2010-01-01 00:00:00','LIQUIBASE','tz_product_detail'),(540,'2010-01-01 00:00:00','LIQUIBASE','tz_product_detail'),(541,'2010-01-01 00:00:00','LIQUIBASE','tz_product_detail'),(542,'2010-01-01 00:00:00','LIQUIBASE','tz_product_detail'),(543,'2010-01-01 00:00:00','LIQUIBASE','tz_product_detail'),(544,'2010-01-01 00:00:00','LIQUIBASE','tz_product_detail'),(545,'2010-01-01 00:00:00','LIQUIBASE','tz_product_detail'),(546,'2010-01-01 00:00:00','LIQUIBASE','tz_product_detail'),(547,'2010-01-01 00:00:00','LIQUIBASE','tz_product_detail'),(548,'2010-01-01 00:00:00','LIQUIBASE','tz_product_detail'),(549,'2010-01-01 00:00:00','LIQUIBASE','tz_product_detail'),(550,'2010-01-01 00:00:00','LIQUIBASE','tz_product_detail'),(551,'2010-01-01 00:00:00','LIQUIBASE','tz_product_detail'),(552,'2010-01-01 00:00:00','LIQUIBASE','tz_product_detail'),(553,'2010-01-01 00:00:00','LIQUIBASE','tz_product_detail'),(554,'2010-01-01 00:00:00','LIQUIBASE','tz_product_detail'),(555,'2010-01-01 00:00:00','LIQUIBASE','tz_product_detail'),(556,'2010-01-01 00:00:00','LIQUIBASE','tz_product_detail'),(557,'2010-01-01 00:00:00','LIQUIBASE','tz_product_detail'),(558,'2010-01-01 00:00:00','LIQUIBASE','tz_product_detail'),(559,'2010-01-01 00:00:00','LIQUIBASE','tz_product_detail'),(560,'2010-01-01 00:00:00','LIQUIBASE','tz_product_detail'),(561,'2010-01-01 00:00:00','LIQUIBASE','tz_product_detail'),(562,'2010-01-01 00:00:00','LIQUIBASE','tz_product_detail'),(563,'2010-01-01 00:00:00','LIQUIBASE','tz_product_detail'),(564,'2010-01-01 00:00:00','LIQUIBASE','tz_product_detail'),(565,'2010-01-01 00:00:00','LIQUIBASE','tz_product_detail'),(566,'2010-01-01 00:00:00','LIQUIBASE','tz_product_detail'),(567,'2010-01-01 00:00:00','LIQUIBASE','tz_product_detail'),(568,'2010-01-01 00:00:00','LIQUIBASE','tz_product_detail'),(569,'2010-01-01 00:00:00','LIQUIBASE','tz_product_detail'),(570,'2010-01-01 00:00:00','LIQUIBASE','tz_product_detail'),(571,'2010-01-01 00:00:00','LIQUIBASE','tz_product_detail'),(572,'2010-01-01 00:00:00','LIQUIBASE','tz_product_detail'),(573,'2010-01-01 00:00:00','LIQUIBASE','tz_product_detail'),(574,'2010-01-01 00:00:00','LIQUIBASE','tz_product_detail'),(575,'2010-01-01 00:00:00','LIQUIBASE','tz_product_detail'),(576,'2010-01-01 00:00:00','LIQUIBASE','tz_product_detail'),(577,'2010-01-01 00:00:00','LIQUIBASE','tz_product_detail'),(578,'2010-01-01 00:00:00','LIQUIBASE','tz_product_detail'),(579,'2010-01-01 00:00:00','LIQUIBASE','tz_product_detail'),(580,'2010-01-01 00:00:00','LIQUIBASE','tz_product_detail'),(581,'2010-01-01 00:00:00','LIQUIBASE','tz_product_detail'),(582,'2010-01-01 00:00:00','LIQUIBASE','tz_product_detail'),(583,'2010-01-01 00:00:00','LIQUIBASE','tz_product_detail'),(584,'2010-01-01 00:00:00','LIQUIBASE','tz_product_detail'),(585,'2010-01-01 00:00:00','LIQUIBASE','tz_product_detail'),(586,'2010-01-01 00:00:00','LIQUIBASE','tz_product_detail'),(587,'2010-01-01 00:00:00','LIQUIBASE','tz_product_detail'),(588,'2010-01-01 00:00:00','LIQUIBASE','tz_product_detail'),(589,'2010-01-01 00:00:00','LIQUIBASE','tz_product_detail'),(590,'2010-01-01 00:00:00','LIQUIBASE','tz_product_detail'),(591,'2010-01-01 00:00:00','LIQUIBASE','tz_product_detail'),(592,'2010-01-01 00:00:00','LIQUIBASE','tz_product_detail'),(593,'2010-01-01 00:00:00','LIQUIBASE','tz_product_detail'),(594,'2010-01-01 00:00:00','LIQUIBASE','tz_product_detail'),(595,'2010-01-01 00:00:00','LIQUIBASE','tz_product_detail'),(596,'2010-01-01 00:00:00','LIQUIBASE','tz_product_detail'),(597,'2010-01-01 00:00:00','LIQUIBASE','tz_product_detail'),(598,'2010-01-01 00:00:00','LIQUIBASE','tz_product_detail'),(599,'2010-01-01 00:00:00','LIQUIBASE','tz_product_detail'),(600,'2010-01-01 00:00:00','LIQUIBASE','tz_product_detail'),(601,'2010-01-01 00:00:00','LIQUIBASE','tz_product_detail'),(602,'2010-01-01 00:00:00','LIQUIBASE','tz_product_detail'),(603,'2010-01-01 00:00:00','LIQUIBASE','tz_product_detail'),(604,'2010-01-01 00:00:00','LIQUIBASE','tz_product_detail'),(605,'2010-01-01 00:00:00','LIQUIBASE','tz_product_detail'),(606,'2010-01-01 00:00:00','LIQUIBASE','tz_product_detail'),(607,'2010-01-01 00:00:00','LIQUIBASE','tz_product_detail'),(608,'2010-01-01 00:00:00','LIQUIBASE','tz_product_detail'),(609,'2010-01-01 00:00:00','LIQUIBASE','tz_product_detail'),(610,'2010-01-01 00:00:00','LIQUIBASE','tz_product_detail'),(611,'2010-01-01 00:00:00','LIQUIBASE','tz_product_detail'),(612,'2010-01-01 00:00:00','LIQUIBASE','tz_product_detail'),(613,'2010-01-01 00:00:00','LIQUIBASE','tz_product_detail'),(614,'2010-01-01 00:00:00','LIQUIBASE','tz_product_detail'),(615,'2010-01-01 00:00:00','LIQUIBASE','tz_product_detail'),(616,'2010-01-01 00:00:00','LIQUIBASE','tz_product_detail'),(617,'2010-01-01 00:00:00','LIQUIBASE','tz_product_detail'),(618,'2010-01-01 00:00:00','LIQUIBASE','tz_product_detail'),(619,'2010-01-01 00:00:00','LIQUIBASE','tz_product_detail'),(620,'2010-01-01 00:00:00','LIQUIBASE','tz_product_detail'),(621,'2010-01-01 00:00:00','LIQUIBASE','tz_product_detail'),(622,'2010-01-01 00:00:00','LIQUIBASE','tz_product_detail'),(623,'2010-01-01 00:00:00','LIQUIBASE','tz_product_detail'),(624,'2010-01-01 00:00:00','LIQUIBASE','tz_product_detail'),(625,'2010-01-01 00:00:00','LIQUIBASE','tz_product_detail'),(626,'2010-01-01 00:00:00','LIQUIBASE','tz_product_detail'),(627,'2010-01-01 00:00:00','LIQUIBASE','tz_product_detail'),(628,'2010-01-01 00:00:00','LIQUIBASE','tz_product_detail'),(629,'2010-01-01 00:00:00','LIQUIBASE','tz_product_detail'),(630,'2010-01-01 00:00:00','LIQUIBASE','tz_product_detail'),(631,'2010-01-01 00:00:00','LIQUIBASE','tz_product_detail'),(632,'2010-01-01 00:00:00','LIQUIBASE','tz_product_detail'),(633,'2010-01-01 00:00:00','LIQUIBASE','tz_product_detail'),(634,'2010-01-01 00:00:00','LIQUIBASE','tz_product_detail'),(635,'2010-01-01 00:00:00','LIQUIBASE','tz_product_detail'),(636,'2010-01-01 00:00:00','LIQUIBASE','tz_product_detail'),(637,'2010-01-01 00:00:00','LIQUIBASE','tz_product_detail'),(638,'2010-01-01 00:00:00','LIQUIBASE','tz_product_detail'),(639,'2010-01-01 00:00:00','LIQUIBASE','tz_product_detail'),(640,'2010-01-01 00:00:00','LIQUIBASE','tz_product_detail'),(641,'2010-01-01 00:00:00','LIQUIBASE','tz_product_detail'),(642,'2010-01-01 00:00:00','LIQUIBASE','tz_product_detail'),(643,'2010-01-01 00:00:00','LIQUIBASE','tz_product_detail'),(644,'2010-01-01 00:00:00','LIQUIBASE','tz_product_detail'),(645,'2010-01-01 00:00:00','LIQUIBASE','tz_product_detail'),(646,'2010-01-01 00:00:00','LIQUIBASE','tz_product_detail'),(647,'2010-01-01 00:00:00','LIQUIBASE','tz_product_detail'),(648,'2010-01-01 00:00:00','LIQUIBASE','tz_product_detail'),(649,'2010-01-01 00:00:00','LIQUIBASE','tz_product_detail'),(650,'2010-01-01 00:00:00','LIQUIBASE','tz_product_detail'),(651,'2010-01-01 00:00:00','LIQUIBASE','tz_product_detail'),(652,'2010-01-01 00:00:00','LIQUIBASE','tz_product_detail'),(653,'2010-01-01 00:00:00','LIQUIBASE','tz_product_detail'),(654,'2010-01-01 00:00:00','LIQUIBASE','tz_product_detail'),(655,'2010-01-01 00:00:00','LIQUIBASE','tz_product_detail'),(656,'2010-01-01 00:00:00','LIQUIBASE','tz_product_detail'),(657,'2010-01-01 00:00:00','LIQUIBASE','tz_product_detail'),(658,'2010-01-01 00:00:00','LIQUIBASE','tz_product_detail'),(659,'2010-01-01 00:00:00','LIQUIBASE','tz_product_detail'),(660,'2010-01-01 00:00:00','LIQUIBASE','tz_product_detail'),(661,'2010-01-01 00:00:00','LIQUIBASE','tz_product_detail'),(662,'2010-01-01 00:00:00','LIQUIBASE','tz_product_detail'),(663,'2010-01-01 00:00:00','LIQUIBASE','tz_product_detail'),(664,'2010-01-01 00:00:00','LIQUIBASE','tz_product_detail'),(665,'2010-01-01 00:00:00','LIQUIBASE','tz_product_detail'),(666,'2010-01-01 00:00:00','LIQUIBASE','tz_product_detail'),(667,'2010-01-01 00:00:00','LIQUIBASE','tz_product_detail'),(668,'2010-01-01 00:00:00','LIQUIBASE','tz_product_detail'),(669,'2010-01-01 00:00:00','LIQUIBASE','tz_product_detail'),(670,'2010-01-01 00:00:00','LIQUIBASE','tz_product_detail'),(671,'2010-01-01 00:00:00','LIQUIBASE','tz_product_detail'),(672,'2010-01-01 00:00:00','LIQUIBASE','tz_product_metadata'),(673,'2010-01-01 00:00:00','LIQUIBASE','tz_product_metadata'),(674,'2010-01-01 00:00:00','LIQUIBASE','tz_product_metadata'),(675,'2010-01-01 00:00:00','LIQUIBASE','tz_product_metadata'),(676,'2010-01-01 00:00:00','LIQUIBASE','tz_product_metadata'),(677,'2010-01-01 00:00:00','LIQUIBASE','tz_product_metadata'),(678,'2010-01-01 00:00:00','LIQUIBASE','tz_product_metadata'),(679,'2010-01-01 00:00:00','LIQUIBASE','tz_product_metadata'),(680,'2010-01-01 00:00:00','LIQUIBASE','tz_product_metadata'),(681,'2010-01-01 00:00:00','LIQUIBASE','tz_product_metadata'),(682,'2010-01-01 00:00:00','LIQUIBASE','tz_product_metadata'),(683,'2010-01-01 00:00:00','LIQUIBASE','tz_product_metadata'),(684,'2010-01-01 00:00:00','LIQUIBASE','tz_product_metadata'),(685,'2010-01-01 00:00:00','LIQUIBASE','tz_product_metadata'),(686,'2010-01-01 00:00:00','LIQUIBASE','tz_product_metadata'),(687,'2010-01-01 00:00:00','LIQUIBASE','tz_product_metadata'),(688,'2010-01-01 00:00:00','LIQUIBASE','tz_product_metadata'),(689,'2010-01-01 00:00:00','LIQUIBASE','tz_product_metadata'),(690,'2010-01-01 00:00:00','LIQUIBASE','tz_product_metadata'),(691,'2010-01-01 00:00:00','LIQUIBASE','tz_product_metadata'),(692,'2010-01-01 00:00:00','LIQUIBASE','tz_product_metadata'),(693,'2010-01-01 00:00:00','LIQUIBASE','tz_product_metadata'),(694,'2010-01-01 00:00:00','LIQUIBASE','tz_product_metadata'),(695,'2010-01-01 00:00:00','LIQUIBASE','tz_product_metadata'),(696,'2010-01-01 00:00:00','LIQUIBASE','tz_product_metadata'),(697,'2010-01-01 00:00:00','LIQUIBASE','tz_product_metadata'),(698,'2010-01-01 00:00:00','LIQUIBASE','tz_product_metadata'),(699,'2010-01-01 00:00:00','LIQUIBASE','tz_product_metadata'),(700,'2010-01-01 00:00:00','LIQUIBASE','tz_product_metadata'),(701,'2010-01-01 00:00:00','LIQUIBASE','tz_product_metadata'),(702,'2010-01-01 00:00:00','LIQUIBASE','tz_product_metadata'),(703,'2010-01-01 00:00:00','LIQUIBASE','tz_product_metadata'),(704,'2010-01-01 00:00:00','LIQUIBASE','tz_product_metadata'),(705,'2010-01-01 00:00:00','LIQUIBASE','tz_product_metadata'),(706,'2010-01-01 00:00:00','LIQUIBASE','tz_product_metadata'),(707,'2010-01-01 00:00:00','LIQUIBASE','tz_product_metadata'),(708,'2010-01-01 00:00:00','LIQUIBASE','tz_product_metadata'),(709,'2010-01-01 00:00:00','LIQUIBASE','tz_product_metadata'),(710,'2010-01-01 00:00:00','LIQUIBASE','tz_product_metadata'),(711,'2010-01-01 00:00:00','LIQUIBASE','tz_product_metadata'),(712,'2010-01-01 00:00:00','LIQUIBASE','tz_product_metadata'),(713,'2010-01-01 00:00:00','LIQUIBASE','tz_product_metadata'),(714,'2010-01-01 00:00:00','LIQUIBASE','tz_product_metadata'),(715,'2010-01-01 00:00:00','LIQUIBASE','tz_product_metadata'),(716,'2010-01-01 00:00:00','LIQUIBASE','tz_product_metadata'),(717,'2010-01-01 00:00:00','LIQUIBASE','tz_product_metadata'),(718,'2010-01-01 00:00:00','LIQUIBASE','tz_product_metadata'),(719,'2010-01-01 00:00:00','LIQUIBASE','tz_product_metadata'),(720,'2010-01-01 00:00:00','LIQUIBASE','tz_product_metadata'),(721,'2010-01-01 00:00:00','LIQUIBASE','tz_product_metadata'),(722,'2010-01-01 00:00:00','LIQUIBASE','tz_product_metadata'),(723,'2010-01-01 00:00:00','LIQUIBASE','tz_product_metadata'),(724,'2010-01-01 00:00:00','LIQUIBASE','tz_product_metadata'),(725,'2010-01-01 00:00:00','LIQUIBASE','tz_product_metadata'),(726,'2010-01-01 00:00:00','LIQUIBASE','tz_product_metadata'),(727,'2010-01-01 00:00:00','LIQUIBASE','tz_product_metadata'),(728,'2010-01-01 00:00:00','LIQUIBASE','tz_product_metadata'),(729,'2010-01-01 00:00:00','LIQUIBASE','tz_product_metadata'),(730,'2010-01-01 00:00:00','LIQUIBASE','tz_product_metadata'),(731,'2010-01-01 00:00:00','LIQUIBASE','tz_product_metadata'),(732,'2010-01-01 00:00:00','LIQUIBASE','tz_product_metadata'),(733,'2010-01-01 00:00:00','LIQUIBASE','tz_product_metadata'),(734,'2010-01-01 00:00:00','LIQUIBASE','tz_product_metadata'),(735,'2010-01-01 00:00:00','LIQUIBASE','tz_product_metadata'),(736,'2010-01-01 00:00:00','LIQUIBASE','tz_product_metadata'),(737,'2010-01-01 00:00:00','LIQUIBASE','tz_product_metadata'),(738,'2010-01-01 00:00:00','LIQUIBASE','tz_product_metadata'),(739,'2010-01-01 00:00:00','LIQUIBASE','tz_product_metadata'),(740,'2010-01-01 00:00:00','LIQUIBASE','tz_product_metadata'),(741,'2010-01-01 00:00:00','LIQUIBASE','tz_product_metadata'),(742,'2010-01-01 00:00:00','LIQUIBASE','tz_product_metadata'),(743,'2010-01-01 00:00:00','LIQUIBASE','tz_product_metadata'),(744,'2010-01-01 00:00:00','LIQUIBASE','tz_product_metadata'),(745,'2010-01-01 00:00:00','LIQUIBASE','tz_product_metadata'),(746,'2010-01-01 00:00:00','LIQUIBASE','tz_product_metadata'),(747,'2010-01-01 00:00:00','LIQUIBASE','tz_product_metadata'),(748,'2010-01-01 00:00:00','LIQUIBASE','tz_product_metadata'),(749,'2010-01-01 00:00:00','LIQUIBASE','tz_product_metadata'),(750,'2010-01-01 00:00:00','LIQUIBASE','tz_product_metadata'),(751,'2010-01-01 00:00:00','LIQUIBASE','tz_product_metadata'),(752,'2010-01-01 00:00:00','LIQUIBASE','tz_product_metadata'),(753,'2010-01-01 00:00:00','LIQUIBASE','tz_product_metadata'),(754,'2010-01-01 00:00:00','LIQUIBASE','tz_product_metadata'),(755,'2010-01-01 00:00:00','LIQUIBASE','tz_product_metadata'),(756,'2010-01-01 00:00:00','LIQUIBASE','tz_product_metadata'),(757,'2010-01-01 00:00:00','LIQUIBASE','tz_product_metadata'),(758,'2010-01-01 00:00:00','LIQUIBASE','tz_product_metadata'),(759,'2010-01-01 00:00:00','LIQUIBASE','tz_product_metadata'),(760,'2010-01-01 00:00:00','LIQUIBASE','tz_product_metadata'),(761,'2010-01-01 00:00:00','LIQUIBASE','tz_product_metadata'),(762,'2010-01-01 00:00:00','LIQUIBASE','tz_product_metadata'),(763,'2010-01-01 00:00:00','LIQUIBASE','tz_product_metadata'),(764,'2010-01-01 00:00:00','LIQUIBASE','tz_product_metadata'),(765,'2010-01-01 00:00:00','LIQUIBASE','tz_product_metadata'),(766,'2010-01-01 00:00:00','LIQUIBASE','tz_product_metadata'),(767,'2010-01-01 00:00:00','LIQUIBASE','tz_product_metadata'),(768,'2010-01-01 00:00:00','LIQUIBASE','tz_product_metadata'),(769,'2010-01-01 00:00:00','LIQUIBASE','tz_product_metadata'),(770,'2010-01-01 00:00:00','LIQUIBASE','tz_product_metadata'),(771,'2010-01-01 00:00:00','LIQUIBASE','tz_product_metadata'),(772,'2010-01-01 00:00:00','LIQUIBASE','tz_product_metadata'),(773,'2010-01-01 00:00:00','LIQUIBASE','tz_product_metadata'),(774,'2010-01-01 00:00:00','LIQUIBASE','tz_product_metadata'),(775,'2010-01-01 00:00:00','LIQUIBASE','tz_product_metadata'),(776,'2010-01-01 00:00:00','LIQUIBASE','tz_product_metadata'),(777,'2010-01-01 00:00:00','LIQUIBASE','tz_product_metadata'),(778,'2010-01-01 00:00:00','LIQUIBASE','tz_product_metadata'),(779,'2010-01-01 00:00:00','LIQUIBASE','tz_product_metadata'),(780,'2010-01-01 00:00:00','LIQUIBASE','tz_product_metadata'),(781,'2010-01-01 00:00:00','LIQUIBASE','tz_product_metadata'),(782,'2010-01-01 00:00:00','LIQUIBASE','tz_product_metadata'),(783,'2010-01-01 00:00:00','LIQUIBASE','tz_product_metadata'),(784,'2010-01-01 00:00:00','LIQUIBASE','tz_product_metadata'),(785,'2010-01-01 00:00:00','LIQUIBASE','tz_product_metadata'),(786,'2010-01-01 00:00:00','LIQUIBASE','tz_product_metadata'),(787,'2010-01-01 00:00:00','LIQUIBASE','tz_product_metadata'),(788,'2010-01-01 00:00:00','LIQUIBASE','tz_product_metadata'),(789,'2010-01-01 00:00:00','LIQUIBASE','tz_product_metadata'),(790,'2010-01-01 00:00:00','LIQUIBASE','tz_product_metadata'),(791,'2010-01-01 00:00:00','LIQUIBASE','tz_product_metadata'),(792,'2010-01-01 00:00:00','LIQUIBASE','tz_product_metadata'),(793,'2010-01-01 00:00:00','LIQUIBASE','tz_product_metadata'),(794,'2010-01-01 00:00:00','LIQUIBASE','tz_product_metadata'),(795,'2010-01-01 00:00:00','LIQUIBASE','tz_product_metadata'),(796,'2010-01-01 00:00:00','LIQUIBASE','tz_product_metadata'),(797,'2010-01-01 00:00:00','LIQUIBASE','tz_product_metadata'),(798,'2010-01-01 00:00:00','LIQUIBASE','tz_product_metadata'),(799,'2010-01-01 00:00:00','LIQUIBASE','tz_product_metadata'),(800,'2010-01-01 00:00:00','LIQUIBASE','tz_product_metadata'),(801,'2010-01-01 00:00:00','LIQUIBASE','tz_product_metadata'),(802,'2010-01-01 00:00:00','LIQUIBASE','tz_product_metadata'),(803,'2010-01-01 00:00:00','LIQUIBASE','tz_product_metadata'),(804,'2010-01-01 00:00:00','LIQUIBASE','tz_product_metadata'),(805,'2010-01-01 00:00:00','LIQUIBASE','tz_product_metadata'),(806,'2010-01-01 00:00:00','LIQUIBASE','tz_product_metadata'),(807,'2010-01-01 00:00:00','LIQUIBASE','tz_product_metadata'),(808,'2010-01-01 00:00:00','LIQUIBASE','tz_product_metadata'),(809,'2010-01-01 00:00:00','LIQUIBASE','tz_product_metadata'),(810,'2010-01-01 00:00:00','LIQUIBASE','tz_product_metadata'),(811,'2010-01-01 00:00:00','LIQUIBASE','tz_product_metadata'),(812,'2010-01-01 00:00:00','LIQUIBASE','tz_product_metadata'),(813,'2010-01-01 00:00:00','LIQUIBASE','tz_product_metadata'),(814,'2010-01-01 00:00:00','LIQUIBASE','tz_product_metadata'),(815,'2010-01-01 00:00:00','LIQUIBASE','tz_product_metadata'),(816,'2010-01-01 00:00:00','LIQUIBASE','tz_product_metadata'),(817,'2010-01-01 00:00:00','LIQUIBASE','tz_product_metadata'),(818,'2010-01-01 00:00:00','LIQUIBASE','tz_product_metadata'),(819,'2010-01-01 00:00:00','LIQUIBASE','tz_product_metadata'),(820,'2010-01-01 00:00:00','LIQUIBASE','tz_product_metadata'),(821,'2010-01-01 00:00:00','LIQUIBASE','tz_product_metadata'),(822,'2010-01-01 00:00:00','LIQUIBASE','tz_product_metadata'),(823,'2010-01-01 00:00:00','LIQUIBASE','tz_product_metadata'),(824,'2010-01-01 00:00:00','LIQUIBASE','tz_product_metadata'),(825,'2010-01-01 00:00:00','LIQUIBASE','tz_product_metadata'),(826,'2010-01-01 00:00:00','LIQUIBASE','tz_product_metadata'),(827,'2010-01-01 00:00:00','LIQUIBASE','tz_product_metadata'),(828,'2010-01-01 00:00:00','LIQUIBASE','tz_product_metadata'),(829,'2010-01-01 00:00:00','LIQUIBASE','tz_product_metadata'),(830,'2010-01-01 00:00:00','LIQUIBASE','tz_product_metadata'),(831,'2010-01-01 00:00:00','LIQUIBASE','tz_product_metadata'),(832,'2010-01-01 00:00:00','LIQUIBASE','tz_product_metadata'),(833,'2010-01-01 00:00:00','LIQUIBASE','tz_product_metadata'),(834,'2010-01-01 00:00:00','LIQUIBASE','tz_product_metadata'),(835,'2010-01-01 00:00:00','LIQUIBASE','tz_product_metadata'),(836,'2010-01-01 00:00:00','LIQUIBASE','tz_product_metadata'),(837,'2010-01-01 00:00:00','LIQUIBASE','tz_product_metadata'),(838,'2010-01-01 00:00:00','LIQUIBASE','tz_product_metadata'),(839,'2010-01-01 00:00:00','LIQUIBASE','tz_product_metadata'),(840,'2010-01-01 00:00:00','LIQUIBASE','tz_product_metadata'),(841,'2010-01-01 00:00:00','LIQUIBASE','tz_product_metadata'),(842,'2010-01-01 00:00:00','LIQUIBASE','tz_product_metadata'),(843,'2010-01-01 00:00:00','LIQUIBASE','tz_product_metadata'),(844,'2010-01-01 00:00:00','LIQUIBASE','tz_product_metadata'),(845,'2010-01-01 00:00:00','LIQUIBASE','tz_product_metadata'),(846,'2010-01-01 00:00:00','LIQUIBASE','tz_product_metadata'),(847,'2010-01-01 00:00:00','LIQUIBASE','tz_product_metadata'),(848,'2010-01-01 00:00:00','LIQUIBASE','tz_product_metadata'),(849,'2010-01-01 00:00:00','LIQUIBASE','tz_product_metadata'),(850,'2010-01-01 00:00:00','LIQUIBASE','tz_product_metadata'),(851,'2010-01-01 00:00:00','LIQUIBASE','tz_product_metadata'),(852,'2010-01-01 00:00:00','LIQUIBASE','tz_product_metadata'),(853,'2010-01-01 00:00:00','LIQUIBASE','tz_product_metadata'),(854,'2010-01-01 00:00:00','LIQUIBASE','tz_product_metadata'),(855,'2010-01-01 00:00:00','LIQUIBASE','tz_product_metadata'),(856,'2010-01-01 00:00:00','LIQUIBASE','tz_product_metadata'),(857,'2010-01-01 00:00:00','LIQUIBASE','tz_product_metadata'),(858,'2010-01-01 00:00:00','LIQUIBASE','tz_product_metadata'),(859,'2010-01-01 00:00:00','LIQUIBASE','tz_product_metadata'),(860,'2010-01-01 00:00:00','LIQUIBASE','tz_product_metadata'),(861,'2010-01-01 00:00:00','LIQUIBASE','tz_product_metadata'),(862,'2010-01-01 00:00:00','LIQUIBASE','tz_product_metadata'),(863,'2010-01-01 00:00:00','LIQUIBASE','tz_product_metadata'),(864,'2010-01-01 00:00:00','LIQUIBASE','tz_product_metadata'),(865,'2010-01-01 00:00:00','LIQUIBASE','tz_product_metadata'),(866,'2010-01-01 00:00:00','LIQUIBASE','tz_product_metadata'),(867,'2010-01-01 00:00:00','LIQUIBASE','tz_product_metadata'),(868,'2010-01-01 00:00:00','LIQUIBASE','tz_product_metadata'),(869,'2010-01-01 00:00:00','LIQUIBASE','tz_product_metadata'),(870,'2010-01-01 00:00:00','LIQUIBASE','tz_product_metadata'),(871,'2010-01-01 00:00:00','LIQUIBASE','tz_product_metadata'),(872,'2010-01-01 00:00:00','LIQUIBASE','tz_product_metadata'),(873,'2010-01-01 00:00:00','LIQUIBASE','tz_product_metadata'),(874,'2010-01-01 00:00:00','LIQUIBASE','tz_product_metadata'),(875,'2010-01-01 00:00:00','LIQUIBASE','tz_product_metadata'),(876,'2010-01-01 00:00:00','LIQUIBASE','tz_product_metadata'),(877,'2010-01-01 00:00:00','LIQUIBASE','tz_product_metadata'),(878,'2010-01-01 00:00:00','LIQUIBASE','tz_product_metadata'),(879,'2010-01-01 00:00:00','LIQUIBASE','tz_product_metadata'),(880,'2010-01-01 00:00:00','LIQUIBASE','tz_product_metadata'),(881,'2010-01-01 00:00:00','LIQUIBASE','tz_product_metadata'),(882,'2010-01-01 00:00:00','LIQUIBASE','tz_product_metadata'),(883,'2010-01-01 00:00:00','LIQUIBASE','tz_product_metadata'),(884,'2010-01-01 00:00:00','LIQUIBASE','tz_product_metadata'),(885,'2010-01-01 00:00:00','LIQUIBASE','tz_product_metadata'),(886,'2010-01-01 00:00:00','LIQUIBASE','tz_product_metadata'),(887,'2010-01-01 00:00:00','LIQUIBASE','tz_product_metadata'),(888,'2010-01-01 00:00:00','LIQUIBASE','tz_product_metadata'),(889,'2010-01-01 00:00:00','LIQUIBASE','tz_product_metadata'),(890,'2010-01-01 00:00:00','LIQUIBASE','tz_product_metadata'),(891,'2010-01-01 00:00:00','LIQUIBASE','tz_product_metadata'),(892,'2010-01-01 00:00:00','LIQUIBASE','tz_product_metadata'),(893,'2010-01-01 00:00:00','LIQUIBASE','tz_product_metadata'),(894,'2010-01-01 00:00:00','LIQUIBASE','tz_product_metadata'),(895,'2010-01-01 00:00:00','LIQUIBASE','tz_product_metadata'),(896,'2010-01-01 00:00:00','LIQUIBASE','tz_product_metadata'),(897,'2010-01-01 00:00:00','LIQUIBASE','tz_product_metadata'),(898,'2010-01-01 00:00:00','LIQUIBASE','tz_product_metadata'),(899,'2010-01-01 00:00:00','LIQUIBASE','tz_product_metadata'),(900,'2010-01-01 00:00:00','LIQUIBASE','tz_product_metadata'),(901,'2010-01-01 00:00:00','LIQUIBASE','tz_product_metadata'),(902,'2010-01-01 00:00:00','LIQUIBASE','tz_product_metadata'),(903,'2010-01-01 00:00:00','LIQUIBASE','tz_product_metadata'),(904,'2010-01-01 00:00:00','LIQUIBASE','tz_product_metadata'),(905,'2010-01-01 00:00:00','LIQUIBASE','tz_product_metadata'),(906,'2010-01-01 00:00:00','LIQUIBASE','tz_product_metadata'),(907,'2010-01-01 00:00:00','LIQUIBASE','tz_product_metadata'),(908,'2010-01-01 00:00:00','LIQUIBASE','tz_product_metadata'),(909,'2010-01-01 00:00:00','LIQUIBASE','tz_product_metadata'),(910,'2010-01-01 00:00:00','LIQUIBASE','tz_product_metadata'),(911,'2010-01-01 00:00:00','LIQUIBASE','tz_product_metadata'),(912,'2010-01-01 00:00:00','LIQUIBASE','tz_product_metadata'),(913,'2010-01-01 00:00:00','LIQUIBASE','tz_product_metadata'),(914,'2010-01-01 00:00:00','LIQUIBASE','tz_product_metadata'),(915,'2010-01-01 00:00:00','LIQUIBASE','tz_product_metadata'),(916,'2010-01-01 00:00:00','LIQUIBASE','tz_product_metadata'),(917,'2010-01-01 00:00:00','LIQUIBASE','tz_product_metadata'),(918,'2010-01-01 00:00:00','LIQUIBASE','tz_product_metadata'),(919,'2010-01-01 00:00:00','LIQUIBASE','tz_product_metadata'),(920,'2010-01-01 00:00:00','LIQUIBASE','tz_product_metadata'),(921,'2010-01-01 00:00:00','LIQUIBASE','tz_product_metadata'),(922,'2010-01-01 00:00:00','LIQUIBASE','tz_product_metadata'),(923,'2010-01-01 00:00:00','LIQUIBASE','tz_product_metadata'),(924,'2010-01-01 00:00:00','LIQUIBASE','tz_product_metadata'),(925,'2010-01-01 00:00:00','LIQUIBASE','tz_product_metadata'),(926,'2010-01-01 00:00:00','LIQUIBASE','tz_product_metadata'),(927,'2010-01-01 00:00:00','LIQUIBASE','tz_product_metadata'),(928,'2010-01-01 00:00:00','LIQUIBASE','tz_product_metadata'),(929,'2010-01-01 00:00:00','LIQUIBASE','tz_product_metadata'),(930,'2010-01-01 00:00:00','LIQUIBASE','tz_product_metadata'),(931,'2010-01-01 00:00:00','LIQUIBASE','tz_product_metadata'),(932,'2010-01-01 00:00:00','LIQUIBASE','tz_product_metadata'),(933,'2010-01-01 00:00:00','LIQUIBASE','tz_product_metadata'),(934,'2010-01-01 00:00:00','LIQUIBASE','tz_product_metadata'),(935,'2010-01-01 00:00:00','LIQUIBASE','tz_product_metadata'),(936,'2010-01-01 00:00:00','LIQUIBASE','tz_product_metadata'),(937,'2010-01-01 00:00:00','LIQUIBASE','tz_product_metadata'),(938,'2010-01-01 00:00:00','LIQUIBASE','tz_product_metadata'),(939,'2010-01-01 00:00:00','LIQUIBASE','tz_product_metadata'),(940,'2010-01-01 00:00:00','LIQUIBASE','tz_product_metadata'),(941,'2010-01-01 00:00:00','LIQUIBASE','tz_product_metadata'),(942,'2010-01-01 00:00:00','LIQUIBASE','tz_product_metadata'),(943,'2010-01-01 00:00:00','LIQUIBASE','tz_product_metadata'),(944,'2010-01-01 00:00:00','LIQUIBASE','tz_product_metadata'),(945,'2010-01-01 00:00:00','LIQUIBASE','tz_product_metadata'),(946,'2010-01-01 00:00:00','LIQUIBASE','tz_product_metadata'),(947,'2010-01-01 00:00:00','LIQUIBASE','tz_product_metadata'),(948,'2010-01-01 00:00:00','LIQUIBASE','tz_product_metadata'),(949,'2010-01-01 00:00:00','LIQUIBASE','tz_product_metadata'),(950,'2010-01-01 00:00:00','LIQUIBASE','tz_product_metadata'),(951,'2010-01-01 00:00:00','LIQUIBASE','tz_product_metadata'),(952,'2010-01-01 00:00:00','LIQUIBASE','tz_product_metadata'),(953,'2010-01-01 00:00:00','LIQUIBASE','tz_product_metadata'),(954,'2010-01-01 00:00:00','LIQUIBASE','tz_product_metadata'),(955,'2010-01-01 00:00:00','LIQUIBASE','tz_product_metadata'),(956,'2010-01-01 00:00:00','LIQUIBASE','tz_product_metadata'),(957,'2010-01-01 00:00:00','LIQUIBASE','tz_product_metadata'),(958,'2010-01-01 00:00:00','LIQUIBASE','tz_product_metadata'),(959,'2010-01-01 00:00:00','LIQUIBASE','tz_product_metadata'),(960,'2010-01-01 00:00:00','LIQUIBASE','tz_product_metadata'),(961,'2010-01-01 00:00:00','LIQUIBASE','tz_product_metadata'),(962,'2010-01-01 00:00:00','LIQUIBASE','tz_product_metadata'),(963,'2010-01-01 00:00:00','LIQUIBASE','tz_product_metadata'),(964,'2010-01-01 00:00:00','LIQUIBASE','tz_product_metadata'),(965,'2010-01-01 00:00:00','LIQUIBASE','tz_product_metadata'),(966,'2010-01-01 00:00:00','LIQUIBASE','tz_product_metadata'),(967,'2010-01-01 00:00:00','LIQUIBASE','tz_product_metadata'),(968,'2010-01-01 00:00:00','LIQUIBASE','tz_product_metadata'),(969,'2010-01-01 00:00:00','LIQUIBASE','tz_product_metadata'),(970,'2000-01-01 00:00:00','LIQUIBASE','tz_product_tier'),(971,'2000-01-01 00:00:00','LIQUIBASE','tz_product_tier'),(972,'2000-01-01 00:00:00','LIQUIBASE','tz_product_tier'),(973,'2000-01-01 00:00:00','LIQUIBASE','tz_product_tier'),(974,'2000-01-01 00:00:00','LIQUIBASE','tz_product_tier'),(975,'2000-01-01 00:00:00','LIQUIBASE','tz_product_tier'),(976,'2000-01-01 00:00:00','LIQUIBASE','tz_product_tier'),(977,'2000-01-01 00:00:00','LIQUIBASE','tz_product_tier'),(978,'2000-01-01 00:00:00','LIQUIBASE','tz_product_tier'),(979,'2000-01-01 00:00:00','LIQUIBASE','tz_product_tier'),(980,'2000-01-01 00:00:00','LIQUIBASE','tz_product_tier'),(981,'2000-01-01 00:00:00','LIQUIBASE','tz_product_tier'),(982,'2000-01-01 00:00:00','LIQUIBASE','tz_product_tier'),(983,'2000-01-01 00:00:00','LIQUIBASE','tz_product_tier'),(984,'2000-01-01 00:00:00','LIQUIBASE','tz_product_tier'),(985,'2000-01-01 00:00:00','LIQUIBASE','tz_product_tier'),(986,'2000-01-01 00:00:00','LIQUIBASE','tz_product_tier'),(987,'2000-01-01 00:00:00','LIQUIBASE','tz_product_tier'),(988,'2000-01-01 00:00:00','LIQUIBASE','tz_product_tier'),(989,'2000-01-01 00:00:00','LIQUIBASE','tz_product_tier'),(990,'2018-01-30 16:53:47','LIQUIBASE','tz_product'),(991,'2018-01-30 17:00:52','LIQUIBASE','tz_product'),(992,'2018-01-30 17:00:54','LIQUIBASE','tz_product'),(993,'2018-01-30 17:02:45','LIQUIBASE','tz_product'),(994,'2018-01-30 17:10:54','LIQUIBASE','tz_product'),(995,'2018-01-30 17:10:54','LIQUIBASE','tz_product'),(996,'2018-01-30 17:10:54','LIQUIBASE','tz_product'),(997,'2018-01-30 17:10:54','LIQUIBASE','tz_product'),(998,'2018-01-30 17:10:54','LIQUIBASE','tz_product'),(999,'2018-01-30 17:10:54','LIQUIBASE','tz_product'),(1000,'2018-01-30 17:10:54','LIQUIBASE','tz_product'),(1001,'2018-01-30 17:10:54','LIQUIBASE','tz_product'),(1002,'2018-01-30 17:10:54','LIQUIBASE','tz_product'),(1003,'2018-01-30 17:10:54','LIQUIBASE','tz_product'),(1004,'2018-01-30 17:02:48','LIQUIBASE','tz_product'),(1005,'2018-01-30 17:10:48','LIQUIBASE','tz_product'),(1006,'2018-01-30 17:10:48','LIQUIBASE','tz_product'),(1007,'2018-01-30 17:10:48','LIQUIBASE','tz_product'),(1008,'2018-01-30 17:10:48','LIQUIBASE','tz_product'),(1009,'2018-01-30 17:10:48','LIQUIBASE','tz_product'),(1010,'2018-01-30 17:10:48','LIQUIBASE','tz_product'),(1011,'2018-01-30 17:10:48','LIQUIBASE','tz_product'),(1012,'2018-01-30 17:10:48','LIQUIBASE','tz_product'),(1013,'2018-01-30 17:10:48','LIQUIBASE','tz_product'),(1014,'2018-01-30 17:10:48','LIQUIBASE','tz_product'),(1015,'2018-01-30 16:57:30','LIQUIBASE','tz_product'),(1016,'2018-01-30 17:04:48','LIQUIBASE','tz_product'),(1017,'2018-01-30 16:57:31','LIQUIBASE','tz_product'),(1018,'2018-01-30 17:04:50','LIQUIBASE','tz_product'),(1019,'2018-01-30 16:51:05','LIQUIBASE','tz_product'),(1020,'2018-01-30 16:51:07','LIQUIBASE','tz_product'),(1021,'2017-11-17 15:41:44','LIQUIBASE','tz_product'),(1022,'2017-11-17 15:41:44','LIQUIBASE','tz_product'),(1023,'2017-11-17 15:41:44','LIQUIBASE','tz_product'),(1024,'2017-11-17 15:41:44','LIQUIBASE','tz_product'),(1025,'2017-11-17 15:41:44','LIQUIBASE','tz_product'),(1026,'2018-01-30 17:13:53','LIQUIBASE','tz_product'),(1027,'2018-01-30 16:59:33','LIQUIBASE','tz_product'),(1028,'2019-04-25 14:20:10','LIQUIBASE','tz_product'),(1029,'2018-01-30 16:53:45','LIQUIBASE','tz_product'),(1030,'2018-01-30 16:59:35','LIQUIBASE','tz_product'),(1031,'2018-01-30 17:13:55','LIQUIBASE','tz_product'),(1032,'2017-11-17 15:41:44','LIQUIBASE','tz_product'),(1033,'2017-11-17 15:41:44','LIQUIBASE','tz_product'),(1034,'2017-11-17 15:41:44','LIQUIBASE','tz_product'),(1035,'2017-11-17 15:41:44','LIQUIBASE','tz_product'),(1036,'2017-11-17 15:41:44','LIQUIBASE','tz_product'),(1037,'2000-01-01 00:00:00','LIQUIBASE','tz_tenant'),(1038,'2010-01-01 00:00:00','LIQUIBASE','tz_type'),(1039,'2010-01-01 00:00:00','LIQUIBASE','tz_type'),(1040,'2010-01-01 00:00:00','LIQUIBASE','tz_type'),(1041,'2010-01-01 00:00:00','LIQUIBASE','tz_type'),(1042,'2010-01-01 00:00:00','LIQUIBASE','tz_type'),(1043,'2010-01-01 00:00:00','LIQUIBASE','tz_type'),(1044,'2010-01-01 00:00:00','LIQUIBASE','tz_type'),(1045,'2010-01-01 00:00:00','LIQUIBASE','tz_type'),(1046,'2010-01-01 00:00:00','LIQUIBASE','tz_type'),(1047,'2010-01-01 00:00:00','LIQUIBASE','tz_type'),(1048,'2010-01-01 00:00:00','LIQUIBASE','tz_type'),(1049,'2010-01-01 00:00:00','LIQUIBASE','tz_type'),(1050,'2010-01-01 00:00:00','LIQUIBASE','tz_type'),(1051,'2010-01-01 00:00:00','LIQUIBASE','tz_type'),(1052,'2010-01-01 00:00:00','LIQUIBASE','tz_type'),(1053,'2018-01-30 16:50:32','LIQUIBASE','tz_invoice_line_cost'),(1054,'2018-01-30 16:55:50','LIQUIBASE','tz_invoice_line_cost'),(1055,'2018-01-30 17:13:49','LIQUIBASE','tz_invoice_line_cost'),(1056,'2018-01-30 17:02:38','LIQUIBASE','tz_invoice_line_cost'),(1057,'2018-01-30 17:01:56','LIQUIBASE','tz_invoice_line_cost'),(1058,'2018-01-30 17:00:43','LIQUIBASE','tz_invoice_line_cost'),(1059,'2018-01-30 16:52:02','LIQUIBASE','tz_invoice_line_cost'),(1060,'2018-01-30 16:56:31','LIQUIBASE','tz_invoice_line_cost'),(1061,'2018-01-30 16:58:27','LIQUIBASE','tz_invoice_line_cost'),(1062,'2018-01-30 16:57:23','LIQUIBASE','tz_invoice_line_cost'),(1063,'2018-01-30 17:04:37','LIQUIBASE','tz_invoice_line_cost'),(1064,'2018-01-30 16:53:02','LIQUIBASE','tz_invoice_line_cost'),(1065,'2018-01-30 16:59:27','LIQUIBASE','tz_invoice_line_cost'),(1066,'2018-01-30 16:50:58','LIQUIBASE','tz_invoice_line_cost'),(1067,'2018-01-30 16:55:13','LIQUIBASE','tz_invoice_line_cost'),(1068,'2018-01-30 17:04:09','LIQUIBASE','tz_invoice_line_cost'),(1069,'2018-01-30 17:00:21','LIQUIBASE','tz_invoice_line_cost'),(1070,'2018-01-30 17:12:44','LIQUIBASE','tz_invoice_line_cost'),(1071,'2018-01-30 16:55:50','LIQUIBASE','tz_invoice_line_cost'),(1072,'2018-01-30 16:55:50','LIQUIBASE','tz_invoice_line_cost'),(1073,'2018-01-30 16:55:50','LIQUIBASE','tz_invoice_line_cost'),(1074,'2018-01-30 16:55:13','LIQUIBASE','tz_invoice_line_cost'),(1075,'2018-01-30 16:55:13','LIQUIBASE','tz_invoice_line_cost'),(1076,'2018-01-30 16:55:13','LIQUIBASE','tz_invoice_line_cost'),(1077,'2018-01-30 16:55:50','LIQUIBASE','tz_invoice_line'),(1078,'2018-01-30 16:55:50','LIQUIBASE','tz_invoice_line'),(1079,'2018-01-30 16:55:50','LIQUIBASE','tz_invoice_line'),(1080,'2018-01-30 16:55:13','LIQUIBASE','tz_invoice_line'),(1081,'2018-01-30 16:55:13','LIQUIBASE','tz_invoice_line'),(1082,'2018-01-30 16:55:13','LIQUIBASE','tz_invoice_line'),(1083,'2018-01-30 16:55:50','LIQUIBASE','tz_barcode'),(1084,'2018-01-30 16:55:50','LIQUIBASE','tz_barcode'),(1085,'2018-01-30 16:55:50','LIQUIBASE','tz_barcode'),(1086,'2018-01-30 16:55:13','LIQUIBASE','tz_barcode'),(1087,'2018-01-30 16:55:13','LIQUIBASE','tz_barcode'),(1088,'2018-01-30 16:55:13','LIQUIBASE','tz_barcode'),(1089,'2000-01-01 00:00:00','LIQUIBASE','tz_label_data_mapper'),(1090,'2000-01-01 00:00:00','LIQUIBASE','tz_label_data_mapper'),(1091,'2000-01-01 00:00:00','LIQUIBASE','tz_label_data_mapper'),(1092,'2000-01-01 00:00:00','LIQUIBASE','tz_label_data_mapper'),(1093,'2000-01-01 00:00:00','LIQUIBASE','tz_label_data_mapper'),(1094,'2000-01-01 00:00:00','LIQUIBASE','tz_label_data_mapper'),(1095,'2020-02-17 13:20:12',NULL,'tz_product_metadata'),(1096,'2020-02-17 13:20:12',NULL,'tz_product_detail'),(1097,'2020-02-17 13:20:15','LIQUIBASE','tz_configuration'),(1098,'2019-01-14 13:48:18','LIQUIBASE','tz_configuration'),(1099,'2019-03-26 16:00:16','LIQUIBASE','tz_configuration'),(1100,'2019-01-14 13:48:18','LIQUIBASE','tz_configuration'),(1101,'2020-02-17 13:20:15','LIQUIBASE','tz_package'),(1102,'2020-02-17 13:20:15','LIQUIBASE','tz_package'),(1103,'2020-02-17 13:20:15','LIQUIBASE','tz_package'),(1104,'2020-02-17 13:20:15','LIQUIBASE','tz_package'),(1105,'2020-02-17 13:20:15','LIQUIBASE','tz_package'),(1106,'2020-02-17 13:20:15','LIQUIBASE','tz_package'),(1107,'2020-02-17 13:20:15','LIQUIBASE','tz_package'),(1108,'2020-02-17 13:20:15','LIQUIBASE','tz_package'),(1109,'2020-02-17 13:20:15','LIQUIBASE','tz_package'),(1110,'2020-02-17 13:20:15','LIQUIBASE','tz_package'),(1111,'2020-02-17 13:20:15','LIQUIBASE','tz_package'),(1112,'2020-02-17 13:20:15','LIQUIBASE','tz_package'),(1113,'2020-02-17 13:20:15','LIQUIBASE','tz_package'),(1114,'2020-02-17 13:20:15','LIQUIBASE','tz_package'),(1115,'2020-02-17 13:20:15','LIQUIBASE','tz_package'),(1116,'2020-02-17 13:20:15','LIQUIBASE','tz_package'),(1117,'2020-02-17 13:20:15','LIQUIBASE','tz_package'),(1118,'2020-02-17 13:20:15','LIQUIBASE','tz_package'),(1119,'2020-02-17 13:20:15','LIQUIBASE','tz_package'),(1120,'2020-02-17 13:20:15','LIQUIBASE','tz_package'),(1121,'2020-02-17 13:20:15','LIQUIBASE','tz_package'),(1122,'2020-02-17 13:20:15','LIQUIBASE','tz_package'),(1123,'2020-02-17 13:20:15','LIQUIBASE','tz_package'),(1124,'2020-02-17 13:20:15','LIQUIBASE','tz_package'),(1125,'2010-01-01 00:00:00','LIQUIBASE','tz_dropdown'),(1126,'2010-01-01 00:00:00','LIQUIBASE','tz_dropdown'),(1127,'2010-01-01 00:00:00','LIQUIBASE','tz_dropdown'),(1128,'2010-01-01 00:00:00','LIQUIBASE','tz_dropdown'),(1129,'2010-01-01 00:00:00','LIQUIBASE','tz_dropdown'),(1130,'2010-01-01 00:00:00','LIQUIBASE','tz_dropdown'),(1131,'2010-01-01 00:00:00','LIQUIBASE','tz_dropdown'),(1132,'2010-01-01 00:00:00','LIQUIBASE','tz_dropdown'),(1133,'2010-01-01 00:00:00','LIQUIBASE','tz_dropdown'),(1134,'2010-01-01 00:00:00','LIQUIBASE','tz_dropdown'),(1135,'2010-01-01 00:00:00','LIQUIBASE','tz_dropdown'),(1136,'2010-01-01 00:00:00','LIQUIBASE','tz_dropdown'),(1137,'2010-01-01 00:00:00','LIQUIBASE','tz_dropdown'),(1138,'2010-01-01 00:00:00','LIQUIBASE','tz_dropdown'),(1139,'2010-01-01 00:00:00','LIQUIBASE','tz_dropdown'),(1140,'2010-01-01 00:00:00','LIQUIBASE','tz_dropdown'),(1141,'2010-01-01 00:00:00','LIQUIBASE','tz_dropdown'),(1142,'2010-01-01 00:00:00','LIQUIBASE','tz_dropdown'),(1143,'2010-01-01 00:00:00','LIQUIBASE','tz_dropdown'),(1144,'2010-01-01 00:00:00','LIQUIBASE','tz_dropdown'),(1145,'2010-01-01 00:00:00','LIQUIBASE','tz_dropdown'),(1146,'2010-01-01 00:00:00','LIQUIBASE','tz_dropdown'),(1147,'2010-01-01 00:00:00','LIQUIBASE','tz_dropdown'),(1148,'2010-01-01 00:00:00','LIQUIBASE','tz_dropdown'),(1149,'2010-01-01 00:00:00','LIQUIBASE','tz_dropdown'),(1150,'2010-01-01 00:00:00','LIQUIBASE','tz_dropdown'),(1151,'2010-01-01 00:00:00','LIQUIBASE','tz_dropdown'),(1152,'2010-01-01 00:00:00','LIQUIBASE','tz_dropdown'),(1153,'2010-01-01 00:00:00','LIQUIBASE','tz_dropdown'),(1154,'2010-01-01 00:00:00','LIQUIBASE','tz_dropdown'),(1155,'2010-01-01 00:00:00','LIQUIBASE','tz_dropdown'),(1156,'2010-01-01 00:00:00','LIQUIBASE','tz_dropdown'),(1157,'2010-01-01 00:00:00','LIQUIBASE','tz_dropdown'),(1158,'2010-01-01 00:00:00','LIQUIBASE','tz_dropdown'),(1159,'2010-01-01 00:00:00','LIQUIBASE','tz_dropdown'),(1160,'2010-01-01 00:00:00','LIQUIBASE','tz_dropdown'),(1161,'2010-01-01 00:00:00','LIQUIBASE','tz_dropdown'),(1162,'2010-01-01 00:00:00','LIQUIBASE','tz_dropdown'),(1163,'2010-01-01 00:00:00','LIQUIBASE','tz_dropdown'),(1164,'2010-01-01 00:00:00','LIQUIBASE','tz_dropdown'),(1165,'2010-01-01 00:00:00','LIQUIBASE','tz_dropdown'),(1166,'2010-01-01 00:00:00','LIQUIBASE','tz_dropdown'),(1167,'2010-01-01 00:00:00','LIQUIBASE','tz_dropdown'),(1168,'2010-01-01 00:00:00','LIQUIBASE','tz_dropdown'),(1169,'2010-01-01 00:00:00','LIQUIBASE','tz_dropdown'),(1170,'2010-01-01 00:00:00','LIQUIBASE','tz_dropdown'),(1171,'2010-01-01 00:00:00','LIQUIBASE','tz_dropdown'),(1172,'2010-01-01 00:00:00','LIQUIBASE','tz_dropdown'),(1173,'2010-01-01 00:00:00','LIQUIBASE','tz_dropdown'),(1174,'2010-01-01 00:00:00','LIQUIBASE','tz_dropdown'),(1175,'2010-01-01 00:00:00','LIQUIBASE','tz_dropdown'),(1176,'2010-01-01 00:00:00','LIQUIBASE','tz_dropdown'),(1177,'2010-01-01 00:00:00','LIQUIBASE','tz_dropdown'),(1178,'2010-01-01 00:00:00','LIQUIBASE','tz_dropdown'),(1179,'2010-01-01 00:00:00','LIQUIBASE','tz_dropdown'),(1180,'2010-01-01 00:00:00','LIQUIBASE','tz_dropdown'),(1181,'2010-01-01 00:00:00','LIQUIBASE','tz_dropdown'),(1182,'2010-01-01 00:00:00','LIQUIBASE','tz_dropdown'),(1183,'2010-01-01 00:00:00','LIQUIBASE','tz_dropdown'),(1184,'2010-01-01 00:00:00','LIQUIBASE','tz_dropdown'),(1185,'2010-01-01 00:00:00','LIQUIBASE','tz_dropdown'),(1186,'2010-01-01 00:00:00','LIQUIBASE','tz_dropdown'),(1187,'2010-01-01 00:00:00','LIQUIBASE','tz_dropdown'),(1188,'2010-01-01 00:00:00','LIQUIBASE','tz_dropdown'),(1189,'2010-01-01 00:00:00','LIQUIBASE','tz_dropdown'),(1190,'2010-01-01 00:00:00','LIQUIBASE','tz_dropdown'),(1191,'2010-01-01 00:00:00','LIQUIBASE','tz_dropdown'),(1192,'2010-01-01 00:00:00','LIQUIBASE','tz_dropdown'),(1193,'2010-01-01 00:00:00','LIQUIBASE','tz_dropdown'),(1194,'2010-01-01 00:00:00','LIQUIBASE','tz_dropdown'),(1195,'2010-01-01 00:00:00','LIQUIBASE','tz_dropdown'),(1196,'2010-01-01 00:00:00','LIQUIBASE','tz_dropdown'),(1197,'2010-01-01 00:00:00','LIQUIBASE','tz_dropdown'),(1198,'2010-01-01 00:00:00','LIQUIBASE','tz_dropdown'),(1199,'2010-01-01 00:00:00','LIQUIBASE','tz_dropdown'),(1200,'2010-01-01 00:00:00','LIQUIBASE','tz_dropdown'),(1201,'2010-01-01 00:00:00','LIQUIBASE','tz_dropdown'),(1202,'2010-01-01 00:00:00','LIQUIBASE','tz_dropdown'),(1203,'2010-01-01 00:00:00','LIQUIBASE','tz_dropdown'),(1204,'2010-01-01 00:00:00','LIQUIBASE','tz_dropdown'),(1205,'2010-01-01 00:00:00','LIQUIBASE','tz_dropdown'),(1206,'2010-01-01 00:00:00','LIQUIBASE','tz_dropdown'),(1207,'2010-01-01 00:00:00','LIQUIBASE','tz_dropdown'),(1208,'2010-01-01 00:00:00','LIQUIBASE','tz_dropdown'),(1209,'2010-01-01 00:00:00','LIQUIBASE','tz_dropdown'),(1210,'2010-01-01 00:00:00','LIQUIBASE','tz_dropdown'),(1211,'2010-01-01 00:00:00','LIQUIBASE','tz_dropdown'),(1212,'2010-01-01 00:00:00','LIQUIBASE','tz_dropdown'),(1213,'2010-01-01 00:00:00','LIQUIBASE','tz_dropdown'),(1214,'2010-01-01 00:00:00','LIQUIBASE','tz_dropdown'),(1215,'2010-01-01 00:00:00','LIQUIBASE','tz_dropdown'),(1216,'2010-01-01 00:00:00','LIQUIBASE','tz_dropdown'),(1217,'2010-01-01 00:00:00','LIQUIBASE','tz_dropdown'),(1218,'2010-01-01 00:00:00','LIQUIBASE','tz_dropdown'),(1219,'2010-01-01 00:00:00','LIQUIBASE','tz_dropdown'),(1220,'2020-02-17 13:20:17','LIQUIBASE','tz_category_type_map'),(1221,'2020-02-17 13:20:17','LIQUIBASE','tz_category_type_map'),(1222,'2020-02-17 13:20:17','LIQUIBASE','tz_category_type_map'),(1223,'2020-02-17 13:20:17','LIQUIBASE','tz_category_type_map'),(1224,'2020-02-17 13:20:17','LIQUIBASE','tz_category_type_map'),(1225,'2020-02-17 13:20:17','LIQUIBASE','tz_category_type_map'),(1226,'2020-02-17 13:20:17','LIQUIBASE','tz_category_type_map'),(1227,'2020-02-17 13:20:17','LIQUIBASE','tz_category_type_map'),(1228,'2020-02-17 13:20:17','LIQUIBASE','tz_category_type_map'),(1229,'2020-02-17 13:20:17','LIQUIBASE','tz_category_type_map'),(1230,'2020-02-17 13:20:17','LIQUIBASE','tz_category_type_map'),(1231,'2020-02-17 13:20:17','LIQUIBASE','tz_category_type_map'),(1232,'2020-02-17 13:20:17','LIQUIBASE','tz_category_type_map'),(1233,'2020-02-17 13:20:17','LIQUIBASE','tz_category_type_map'),(1234,'2020-02-17 13:20:17','LIQUIBASE','tz_category_type_map'),(1235,'2020-02-17 13:20:17','LIQUIBASE','tz_category_type_map'),(1236,'2020-02-17 13:20:17','LIQUIBASE','tz_category_type_map'),(1237,'2020-02-17 13:20:17','LIQUIBASE','tz_category_type_map'),(1238,'2020-02-17 13:20:17','LIQUIBASE','tz_category_type_map'),(1239,'2020-02-17 13:20:17','LIQUIBASE','tz_category_type_map'),(1240,'2020-02-17 13:20:17','LIQUIBASE','tz_category_type_map'),(1241,'2020-02-17 13:20:17','LIQUIBASE','tz_category_type_map'),(1242,'2020-02-17 13:20:17','LIQUIBASE','tz_category_type_map'),(1243,'2020-02-17 13:20:17','LIQUIBASE','tz_category_type_map'),(1244,'2020-02-17 13:20:17','LIQUIBASE','tz_category_type_map'),(1245,'2020-02-17 13:20:17','LIQUIBASE','tz_category_type_map'),(1246,'2020-02-17 13:20:17','LIQUIBASE','tz_category_type_map'),(1247,'2020-02-17 13:20:17','LIQUIBASE','tz_category_type_map'),(1248,'2020-02-17 13:20:17','LIQUIBASE','tz_category_type_map'),(1249,'2020-02-17 13:20:17','LIQUIBASE','tz_category_type_map'),(1250,'2020-02-17 13:20:17','LIQUIBASE','tz_category_type_map'),(1251,'2020-02-17 13:20:17','LIQUIBASE','tz_category_type_map'),(1252,'2020-02-17 13:20:17','LIQUIBASE','tz_category_type_map'),(1253,'2020-02-17 13:20:17','LIQUIBASE','tz_category_type_map'),(1254,'2020-02-17 13:20:17','LIQUIBASE','tz_category_type_map'),(1255,'2020-02-17 13:20:17','LIQUIBASE','tz_category_type_map'),(1256,'2020-02-17 13:20:17','LIQUIBASE','tz_category_type_map'),(1257,'2020-02-17 13:20:17','LIQUIBASE','tz_category_type_map'),(1258,'2020-02-17 13:20:17','LIQUIBASE','tz_category_type_map'),(1259,'2020-02-17 13:20:17','LIQUIBASE','tz_category_type_map'),(1260,'2020-02-17 13:20:17','LIQUIBASE','tz_category_type_map'),(1261,'2020-02-17 13:20:17','LIQUIBASE','tz_category_type_map'),(1262,'2020-02-17 13:20:17','LIQUIBASE','tz_category_type_map'),(1263,'2020-02-17 13:20:17','LIQUIBASE','tz_category_type_map'),(1264,'2020-02-17 13:20:15','LIQUIBASE','tz_barcode'),(1265,'2020-02-17 13:20:15','LIQUIBASE','tz_barcode'),(1266,'2020-02-17 13:20:15','LIQUIBASE','tz_barcode'),(1267,'2020-02-17 13:20:15','LIQUIBASE','tz_barcode'),(1268,'2020-02-17 13:20:15','LIQUIBASE','tz_barcode'),(1269,'2020-02-17 13:20:15','LIQUIBASE','tz_barcode'),(1270,'2020-02-17 13:20:15','LIQUIBASE','tz_barcode'),(1271,'2020-02-17 13:20:15','LIQUIBASE','tz_barcode'),(1272,'2020-02-17 13:20:15','LIQUIBASE','tz_barcode'),(1273,'2020-02-17 13:20:15','LIQUIBASE','tz_barcode'),(1274,'2020-02-17 13:20:15','LIQUIBASE','tz_barcode'),(1275,'2020-02-17 13:20:15','LIQUIBASE','tz_barcode'),(1276,'2020-02-17 13:20:15','LIQUIBASE','tz_barcode'),(1277,'2020-02-17 13:20:15','LIQUIBASE','tz_barcode'),(1278,'2020-02-17 13:20:15','LIQUIBASE','tz_barcode'),(1279,'2020-02-17 13:20:15','LIQUIBASE','tz_barcode'),(1280,'2020-02-17 13:20:15','LIQUIBASE','tz_barcode'),(1281,'2020-02-17 13:20:15','LIQUIBASE','tz_barcode'),(1282,'2020-02-17 13:20:15','LIQUIBASE','tz_barcode'),(1283,'2020-02-17 13:20:15','LIQUIBASE','tz_barcode'),(1284,'2020-02-17 13:20:15','LIQUIBASE','tz_barcode'),(1285,'2020-02-17 13:20:15','LIQUIBASE','tz_barcode'),(1286,'2020-02-17 13:20:15','LIQUIBASE','tz_barcode'),(1287,'2020-02-17 13:20:15','LIQUIBASE','tz_barcode'),(1288,'2020-02-17 13:20:22','LIQUIBASE','tz_dropdown'),(1289,'2020-02-17 13:20:22','LIQUIBASE','tz_dropdown'),(1290,'2020-02-17 13:20:22','LIQUIBASE','tz_dropdown'),(1291,'2020-02-17 13:20:22','LIQUIBASE','tz_dropdown'),(1292,'2020-02-17 13:20:22','LIQUIBASE','tz_dropdown'),(1293,'2020-02-17 13:20:22','LIQUIBASE','tz_dropdown'),(1294,'2020-02-17 13:20:22','LIQUIBASE','tz_dropdown'),(1295,'2020-02-17 13:20:22','LIQUIBASE','tz_dropdown'),(1296,'2020-02-17 13:20:22','LIQUIBASE','tz_dropdown'),(1297,'2020-02-17 13:20:22','LIQUIBASE','tz_dropdown'),(1298,'2020-02-17 13:20:22','LIQUIBASE','tz_dropdown'),(1299,'2020-02-17 13:20:22','LIQUIBASE','tz_dropdown'),(1300,'2020-02-17 13:20:22','LIQUIBASE','tz_dropdown'),(1301,'2020-02-17 13:20:22','LIQUIBASE','tz_dropdown'),(1302,'2020-02-17 13:20:22','LIQUIBASE','tz_dropdown'),(1303,'2020-02-17 13:20:22','LIQUIBASE','tz_dropdown'),(1304,'2020-02-17 13:20:22','LIQUIBASE','tz_dropdown'),(1305,'2020-02-17 13:20:22','LIQUIBASE','tz_dropdown'),(1306,'2020-02-17 13:20:22','LIQUIBASE','tz_dropdown'),(1307,'2020-02-17 13:20:22','LIQUIBASE','tz_dropdown'),(1308,'2020-02-17 13:20:22','LIQUIBASE','tz_dropdown'),(1309,'2020-02-17 13:20:22','LIQUIBASE','tz_dropdown'),(1310,'2020-02-17 13:20:22','LIQUIBASE','tz_dropdown'),(1311,'2020-02-17 13:20:22','LIQUIBASE','tz_dropdown'),(1312,'2020-02-17 13:20:22','LIQUIBASE','tz_dropdown'),(1313,'2020-02-17 13:20:22','LIQUIBASE','tz_dropdown'),(1314,'2020-02-17 13:20:22','LIQUIBASE','tz_dropdown'),(1315,'2020-02-17 13:20:22','LIQUIBASE','tz_dropdown'),(1316,'2020-02-17 13:20:22','LIQUIBASE','tz_dropdown'),(1317,'2020-02-17 13:20:22','LIQUIBASE','tz_dropdown'),(1318,'2020-02-17 13:20:22','LIQUIBASE','tz_dropdown'),(1319,'2020-02-17 13:20:22','LIQUIBASE','tz_dropdown'),(1320,'2020-02-17 13:20:22','LIQUIBASE','tz_dropdown'),(1321,'2020-02-17 13:20:22','LIQUIBASE','tz_dropdown'),(1322,'2020-02-17 13:20:22','LIQUIBASE','tz_dropdown'),(1323,'2020-02-17 13:20:22','LIQUIBASE','tz_dropdown'),(1324,'2020-02-17 13:20:22','LIQUIBASE','tz_dropdown'),(1325,'2020-02-17 13:20:22','LIQUIBASE','tz_dropdown'),(1326,'2020-02-17 13:20:22','LIQUIBASE','tz_dropdown'),(1327,'2020-02-17 13:20:22','LIQUIBASE','tz_dropdown'),(1328,'2020-02-17 13:20:22','LIQUIBASE','tz_dropdown'),(1329,'2020-02-17 13:20:22','LIQUIBASE','tz_dropdown'),(1330,'2020-02-17 13:20:22','LIQUIBASE','tz_dropdown'),(1331,'2020-02-17 13:20:22','LIQUIBASE','tz_dropdown'),(1332,'2020-02-17 13:20:22','LIQUIBASE','tz_dropdown'),(1333,'2020-02-17 13:20:22','LIQUIBASE','tz_dropdown'),(1334,'2020-02-17 13:20:22','LIQUIBASE','tz_dropdown'),(1335,'2020-02-17 13:20:22','LIQUIBASE','tz_dropdown'),(1336,'2020-02-17 13:20:22','LIQUIBASE','tz_dropdown'),(1337,'2020-02-17 13:20:22','LIQUIBASE','tz_dropdown'),(1338,'2020-02-17 13:20:22','LIQUIBASE','tz_dropdown'),(1339,'2020-02-17 13:20:22','LIQUIBASE','tz_dropdown'),(1340,'2020-02-17 13:20:22','LIQUIBASE','tz_dropdown'),(1341,'2020-02-17 13:20:22','LIQUIBASE','tz_dropdown'),(1342,'2020-02-17 13:20:22','LIQUIBASE','tz_dropdown'),(1343,'2020-02-17 13:20:22','LIQUIBASE','tz_dropdown'),(1344,'2010-01-01 00:00:00','LIQUIBASE','tz_product_metadata'),(1345,'2010-01-01 00:00:00','LIQUIBASE','tz_product_metadata'),(1346,'2010-01-01 00:00:00','LIQUIBASE','tz_product_metadata'),(1347,'2010-01-01 00:00:00','LIQUIBASE','tz_product_metadata'),(1348,'2010-01-01 00:00:00','LIQUIBASE','tz_product_metadata'),(1349,'2010-01-01 00:00:00','LIQUIBASE','tz_product_metadata'),(1350,'2010-01-01 00:00:00','LIQUIBASE','tz_product_metadata'),(1351,'2010-01-01 00:00:00','LIQUIBASE','tz_product_metadata'),(1352,'2010-01-01 00:00:00','LIQUIBASE','tz_product_metadata'),(1353,'2010-01-01 00:00:00','LIQUIBASE','tz_product_metadata'),(1354,'2010-01-01 00:00:00','LIQUIBASE','tz_product_metadata'),(1355,'2010-01-01 00:00:00','LIQUIBASE','tz_product_metadata'),(1356,'2010-01-01 00:00:00','LIQUIBASE','tz_product_metadata'),(1357,'2010-01-01 00:00:00','LIQUIBASE','tz_product_metadata'),(1358,'2010-01-01 00:00:00','LIQUIBASE','tz_product_metadata'),(1359,'2010-01-01 00:00:00','LIQUIBASE','tz_product_metadata'),(1360,'2010-01-01 00:00:00','LIQUIBASE','tz_product_metadata'),(1361,'2010-01-01 00:00:00','LIQUIBASE','tz_product_metadata'),(1362,'2010-01-01 00:00:00','LIQUIBASE','tz_product_metadata'),(1363,'2010-01-01 00:00:00','LIQUIBASE','tz_product_metadata'),(1364,'2020-02-17 13:20:22','LIQUIBASE','tz_dropdown'),(1365,'2020-02-17 13:20:22','LIQUIBASE','tz_dropdown'),(1366,'2020-02-17 13:20:22','LIQUIBASE','tz_dropdown'),(1367,'2020-02-17 13:20:22','LIQUIBASE','tz_dropdown'),(1368,'2020-02-17 13:20:22','LIQUIBASE','tz_dropdown'),(1369,'2020-02-17 13:20:22','LIQUIBASE','tz_dropdown'),(1370,'2020-02-17 13:20:22','LIQUIBASE','tz_dropdown'),(1371,'2020-02-17 13:20:22','LIQUIBASE','tz_dropdown'),(1372,'2020-02-17 13:20:22','LIQUIBASE','tz_dropdown'),(1373,'2020-02-17 13:20:22','LIQUIBASE','tz_dropdown'),(1374,'2020-02-17 13:20:22','LIQUIBASE','tz_dropdown'),(1375,'2020-02-17 13:20:22','LIQUIBASE','tz_dropdown'),(1376,'2020-02-17 13:20:22','LIQUIBASE','tz_dropdown'),(1377,'2020-02-17 13:20:22','LIQUIBASE','tz_dropdown'),(1378,'2020-02-17 13:20:22','LIQUIBASE','tz_dropdown'),(1379,'2020-02-17 13:20:22','LIQUIBASE','tz_dropdown'),(1380,'2020-02-17 13:20:22','LIQUIBASE','tz_dropdown'),(1381,'2020-02-17 13:20:22','LIQUIBASE','tz_dropdown'),(1382,'2020-02-17 13:20:22','LIQUIBASE','tz_dropdown'),(1383,'2020-02-17 13:20:22','LIQUIBASE','tz_dropdown'),(1384,'2020-02-17 13:20:22','LIQUIBASE','tz_dropdown'),(1385,'2020-02-17 13:20:22','LIQUIBASE','tz_dropdown'),(1386,'2020-02-17 13:20:22','LIQUIBASE','tz_dropdown'),(1387,'2020-02-17 13:20:22','LIQUIBASE','tz_dropdown'),(1388,'2020-02-17 13:20:22','LIQUIBASE','tz_dropdown'),(1389,'2020-02-17 13:20:22','LIQUIBASE','tz_dropdown'),(1390,'2020-02-17 13:20:22','LIQUIBASE','tz_dropdown'),(1391,'2020-02-17 13:20:22','LIQUIBASE','tz_dropdown'),(1392,'2020-02-17 13:20:22','LIQUIBASE','tz_dropdown'),(1393,'2020-02-17 13:20:22','LIQUIBASE','tz_dropdown'),(1394,'2020-02-17 13:20:22','LIQUIBASE','tz_dropdown'),(1395,'2020-02-17 13:20:22','LIQUIBASE','tz_dropdown'),(1396,'2020-02-17 13:20:22','LIQUIBASE','tz_dropdown'),(1397,'2020-02-17 13:20:22','LIQUIBASE','tz_dropdown'),(1398,'2020-02-17 13:20:22','LIQUIBASE','tz_dropdown'),(1399,'2020-02-17 13:20:22','LIQUIBASE','tz_dropdown'),(1400,'2020-02-17 13:20:22','LIQUIBASE','tz_dropdown'),(1401,'2020-02-17 13:20:22','LIQUIBASE','tz_dropdown'),(1402,'2020-02-17 13:20:22','LIQUIBASE','tz_dropdown'),(1403,'2020-02-17 13:20:22','LIQUIBASE','tz_dropdown'),(1404,'2020-02-17 13:20:22','LIQUIBASE','tz_dropdown'),(1405,'2020-02-17 13:20:22','LIQUIBASE','tz_dropdown'),(1406,'2020-02-17 13:20:22','LIQUIBASE','tz_dropdown'),(1407,'2020-02-17 13:20:22','LIQUIBASE','tz_dropdown'),(1408,'2020-02-17 13:20:22','LIQUIBASE','tz_dropdown'),(1409,'2020-02-17 13:20:22','LIQUIBASE','tz_dropdown'),(1410,'2020-02-17 13:20:22','LIQUIBASE','tz_dropdown'),(1411,'2020-02-17 13:20:22','LIQUIBASE','tz_dropdown'),(1412,'2020-02-17 13:20:22','LIQUIBASE','tz_dropdown'),(1413,'2020-02-17 13:20:22','LIQUIBASE','tz_dropdown'),(1414,'2020-02-17 13:20:22','LIQUIBASE','tz_dropdown'),(1415,'2020-02-17 13:20:22','LIQUIBASE','tz_dropdown'),(1416,'2020-02-17 13:20:22','LIQUIBASE','tz_dropdown'),(1417,'2020-02-17 13:20:22','LIQUIBASE','tz_dropdown'),(1418,'2020-02-17 13:20:22','LIQUIBASE','tz_dropdown'),(1419,'2020-02-17 13:20:22','LIQUIBASE','tz_dropdown'),(1420,'2020-02-17 13:20:22','LIQUIBASE','tz_dropdown'),(1421,'2020-02-17 13:20:22','LIQUIBASE','tz_dropdown'),(1422,'2020-02-17 13:20:22','LIQUIBASE','tz_dropdown'),(1423,'2020-02-17 13:20:22','LIQUIBASE','tz_dropdown'),(1424,'2020-02-17 13:20:22','LIQUIBASE','tz_dropdown'),(1425,'2020-02-17 13:20:22','LIQUIBASE','tz_dropdown'),(1426,'2020-02-17 13:20:22','LIQUIBASE','tz_dropdown'),(1427,'2020-02-17 13:20:22','LIQUIBASE','tz_dropdown'),(1428,'2020-02-17 13:20:22','LIQUIBASE','tz_dropdown'),(1429,'2020-02-17 13:20:22','LIQUIBASE','tz_dropdown'),(1430,'2020-02-17 13:20:22','LIQUIBASE','tz_dropdown'),(1431,'2020-02-17 13:20:22','LIQUIBASE','tz_dropdown'),(1432,'2020-02-17 13:20:22','LIQUIBASE','tz_dropdown'),(1433,'2020-02-17 13:20:22','LIQUIBASE','tz_dropdown'),(1434,'2020-02-17 13:20:22','LIQUIBASE','tz_dropdown'),(1435,'2020-02-17 13:20:22','LIQUIBASE','tz_dropdown'),(1436,'2010-01-01 00:00:00','LIQUIBASE','tz_product_metadata'),(1437,'2019-06-11 20:48:16','LIQUIBASE','tz_product_metadata'),(1438,'2010-01-01 00:00:00','LIQUIBASE','tz_product_metadata'),(1439,'2010-01-01 00:00:00','LIQUIBASE','tz_product_metadata'),(1440,'2010-01-01 00:00:00','LIQUIBASE','tz_product_metadata'),(1441,'2019-06-11 20:48:16','LIQUIBASE','tz_product_metadata'),(1442,'2019-06-11 20:48:16','LIQUIBASE','tz_product_metadata'),(1443,'2010-01-01 00:00:00','LIQUIBASE','tz_product_metadata'),(1444,'2010-01-01 00:00:00','LIQUIBASE','tz_product_metadata'),(1445,'2010-01-01 00:00:00','LIQUIBASE','tz_product_metadata'),(1446,'2010-01-01 00:00:00','LIQUIBASE','tz_product_metadata'),(1447,'2010-01-01 00:00:00','LIQUIBASE','tz_product_metadata'),(1448,'2010-01-01 00:00:00','LIQUIBASE','tz_product_metadata'),(1449,'2010-01-01 00:00:00','LIQUIBASE','tz_product_metadata'),(1450,'2010-01-01 00:00:00','LIQUIBASE','tz_product_metadata'),(1451,'2010-01-01 00:00:00','LIQUIBASE','tz_product_metadata'),(1452,'2019-06-11 20:48:16','LIQUIBASE','tz_product_metadata'),(1453,'2019-06-11 20:48:16','LIQUIBASE','tz_product_metadata'),(1454,'2019-06-11 20:48:16','LIQUIBASE','tz_product_metadata'),(1455,'2019-06-11 20:48:16','LIQUIBASE','tz_product_metadata'),(1456,'2019-06-11 20:48:16','LIQUIBASE','tz_product_metadata'),(1457,'2019-06-11 20:48:16','LIQUIBASE','tz_product_metadata'),(1458,'2019-06-11 20:48:16','LIQUIBASE','tz_product_metadata'),(1460,'2020-02-17 13:20:49',NULL,'tz_product_metadata'),(1461,'2020-02-17 13:20:49',NULL,'tz_product_metadata'),(1462,'2020-02-17 13:20:49',NULL,'tz_product_metadata'),(1463,'2020-02-17 13:20:49',NULL,'tz_product_metadata'),(1465,'2020-02-17 13:20:49',NULL,'tz_product_metadata'),(1466,'2020-02-17 13:20:49',NULL,'tz_product_metadata'),(1467,'2020-02-17 13:20:49',NULL,'tz_product_metadata'),(1468,'2020-02-17 13:20:49',NULL,'tz_product_metadata'),(1469,'2020-02-17 13:20:49',NULL,'tz_product_metadata'),(1470,'2020-02-17 13:20:49',NULL,'tz_product_metadata'),(1471,'2020-02-17 13:20:49',NULL,'tz_product_metadata'),(1472,'2020-02-17 13:20:49',NULL,'tz_product_metadata'),(1473,'2020-02-17 13:20:49',NULL,'tz_product_metadata'),(1474,'2020-02-17 13:20:49',NULL,'tz_product_metadata'),(1475,'2020-02-17 13:20:49',NULL,'tz_product_metadata'),(1476,'2020-02-17 13:20:49','LIQUIBASE','tz_dropdown'),(1477,'2020-02-17 13:20:49','LIQUIBASE','tz_dropdown'),(1478,'2020-02-17 13:20:49','LIQUIBASE','tz_dropdown'),(1479,'2020-02-17 13:20:49','LIQUIBASE','tz_dropdown'),(1480,'2019-06-05 17:49:37','LIQUIBASE','tz_dropdown'),(1481,'2019-06-05 17:49:37','LIQUIBASE','tz_dropdown'),(1482,'2019-06-05 17:49:37','LIQUIBASE','tz_dropdown'),(1483,'2019-06-05 17:49:37','LIQUIBASE','tz_dropdown'),(1484,'2019-06-05 17:49:37','LIQUIBASE','tz_dropdown'),(1485,'2019-06-05 17:49:37','LIQUIBASE','tz_dropdown'),(1486,'2019-06-05 17:49:37','LIQUIBASE','tz_dropdown'),(1487,'2010-01-01 00:00:00','LIQUIBASE','tz_dropdown'),(1488,'2010-01-01 00:00:00','LIQUIBASE','tz_dropdown'),(1489,'2020-02-17 13:20:50','LIQUIBASE','tz_dropdown'),(1490,'2019-06-05 17:49:37','LIQUIBASE','tz_dropdown'),(1491,'2019-06-05 17:49:37','LIQUIBASE','tz_dropdown'),(1492,'2019-06-05 17:49:37','LIQUIBASE','tz_dropdown'),(1493,'2019-06-05 17:49:37','LIQUIBASE','tz_dropdown'),(1494,'2019-06-05 17:49:37','LIQUIBASE','tz_dropdown'),(1495,'2020-02-17 13:20:50','LIQUIBASE','tz_terminal'),(1496,'2020-02-17 13:20:50','LIQUIBASE','tz_terminal'),(1497,'2020-02-17 13:20:50','LIQUIBASE','tz_location_terminal'),(1498,'2020-02-17 13:20:50','LIQUIBASE','tz_location_terminal');
/*!40000 ALTER TABLE `revision_info` ENABLE KEYS */;
UNLOCK TABLES;

--
-- Table structure for table `tz_api_log`
--

DROP TABLE IF EXISTS `tz_api_log`;
/*!40101 SET @saved_cs_client     = @@character_set_client */;
/*!40101 SET character_set_client = utf8 */;
CREATE TABLE `tz_api_log` (
  `id` varchar(45) NOT NULL,
  `user_id` varchar(45) NOT NULL,
  `tenant_id` varchar(45) NOT NULL,
  `start_date` datetime NOT NULL,
  `url` varchar(255) NOT NULL,
  `request_method` varchar(45) NOT NULL,
  `request_body` json DEFAULT NULL,
  `request_headers` json NOT NULL,
  `client_ip` varchar(45) DEFAULT NULL,
  `java_method` varchar(45) DEFAULT NULL,
  `response_payload` varchar(1000) DEFAULT NULL,
  `response_code` int(11) NOT NULL,
  PRIMARY KEY (`id`),
  KEY `tenant_reference_idx` (`tenant_id`),
  CONSTRAINT `tenant_reference` FOREIGN KEY (`tenant_id`) REFERENCES `tz_tenant` (`id`) ON DELETE NO ACTION ON UPDATE NO ACTION
) ENGINE=InnoDB DEFAULT CHARSET=utf8;
/*!40101 SET character_set_client = @saved_cs_client */;

--
-- Dumping data for table `tz_api_log`
--

LOCK TABLES `tz_api_log` WRITE;
/*!40000 ALTER TABLE `tz_api_log` DISABLE KEYS */;
/*!40000 ALTER TABLE `tz_api_log` ENABLE KEYS */;
UNLOCK TABLES;

--
-- Table structure for table `tz_barcode`
--

DROP TABLE IF EXISTS `tz_barcode`;
/*!40101 SET @saved_cs_client     = @@character_set_client */;
/*!40101 SET character_set_client = utf8 */;
CREATE TABLE `tz_barcode` (
  `id` varchar(45) NOT NULL,
  `tenant_id` varchar(45) NOT NULL,
  `reference_type` varchar(45) NOT NULL,
  `reference_id` varchar(45) NOT NULL,
  `code` varchar(255) CHARACTER SET utf8 COLLATE utf8_bin NOT NULL,
  `size` varchar(45) NOT NULL,
  `source` varchar(45) NOT NULL COMMENT 'can be: TREEZ, PKG_LABEL, OR MFG_SKU',
  `prev_id` varchar(45) DEFAULT NULL,
  `start_date` datetime NOT NULL,
  `end_date` datetime DEFAULT NULL,
  `current_flag` tinyint(4) NOT NULL DEFAULT '1',
  `version` int(11) NOT NULL,
  `original_start_date` datetime NOT NULL,
  `last_user_id` varchar(45) NOT NULL,
  `effective_code` varchar(255) CHARACTER SET utf8 COLLATE utf8_bin GENERATED ALWAYS AS (if((`current_flag` = 1),`code`,NULL)) VIRTUAL,
  PRIMARY KEY (`id`),
  UNIQUE KEY `effective_code_UNIQUE` (`effective_code`,`tenant_id`),
  KEY `barcode_location_idx` (`tenant_id`),
  KEY `reference_id_index` (`reference_id`,`reference_type`,`tenant_id`,`current_flag`),
  KEY `barcode_ref` (`tenant_id`,`current_flag`),
  CONSTRAINT `tz_barcode_tenant_reference` FOREIGN KEY (`tenant_id`) REFERENCES `tz_tenant` (`id`) ON DELETE NO ACTION ON UPDATE NO ACTION
) ENGINE=InnoDB DEFAULT CHARSET=utf8;
/*!40101 SET character_set_client = @saved_cs_client */;

--
-- Dumping data for table `tz_barcode`
--

LOCK TABLES `tz_barcode` WRITE;
/*!40000 ALTER TABLE `tz_barcode` DISABLE KEYS */;
INSERT INTO `tz_barcode` (`id`, `tenant_id`, `reference_type`, `reference_id`, `code`, `size`, `source`, `prev_id`, `start_date`, `end_date`, `current_flag`, `version`, `original_start_date`, `last_user_id`) VALUES ('0039ca38-0624-11e8-b4e9-02429027d658','1e43a152-f84f-4022-a2c6-0c66c86e9e70','product','fe20c715-0623-11e8-b4e9-02429027d658','fDhK','.5 x .5','TREEZ',NULL,'2018-01-30 17:13:52',NULL,1,1,'2000-01-01 00:00:00','LIQUIBASE'),('0096ca3f-0622-11e8-b4e9-02429027d658','1e43a152-f84f-4022-a2c6-0c66c86e9e70','product','d883cb46-0621-11e8-b4e9-02429027d658','Zp3m','.5 x .5','TREEZ',NULL,'2018-01-30 16:59:34',NULL,1,1,'2000-01-01 00:00:00','LIQUIBASE'),('01588f13-0624-11e8-b4e9-02429027d658','1e43a152-f84f-4022-a2c6-0c66c86e9e70','product','d7665662-0623-11e8-b4e9-02429027d658','Rmmq','.5 x .5','TREEZ',NULL,'2018-01-30 17:13:54',NULL,1,1,'2000-01-01 00:00:00','LIQUIBASE'),('1','1e43a152-f84f-4022-a2c6-0c66c86e9e70','product','crumb','RRTJ','.5 x .5','TREEZ',NULL,'2016-09-09 19:11:59',NULL,1,1,'2000-01-01 00:00:00','LIQUIBASE'),('10','1e43a152-f84f-4022-a2c6-0c66c86e9e70','product','crumb preroll 1.5g','CPR3','.5 x .5','TREEZ',NULL,'2017-04-21 18:57:42',NULL,1,1,'2000-01-01 00:00:00','LIQUIBASE'),('16d913ae-eee5-42eb-8cda-b491e4e0321f','1e43a152-f84f-4022-a2c6-0c66c86e9e70','product','7b71e939-0621-11e8-b4e9-02429027d658','M1wj','.5 x .5','TREEZ',NULL,'2018-01-30 16:55:51',NULL,1,1,'2000-01-01 00:00:00','LIQUIBASE'),('1b006807-0621-11e8-b4e9-02429027d658','1e43a152-f84f-4022-a2c6-0c66c86e9e70','product','174d6edf-0621-11e8-b4e9-02429027d658','a3bK','.5 x .5','TREEZ',NULL,'2018-01-30 16:53:09',NULL,1,1,'2000-01-01 00:00:00','LIQUIBASE'),('2','1e43a152-f84f-4022-a2c6-0c66c86e9e70','product','crumb35','7goJ','.5 x .5','TREEZ',NULL,'2016-09-09 19:11:59',NULL,1,1,'2000-01-01 00:00:00','LIQUIBASE'),('2b6d118d-dcec-4807-8d7c-7de83eef5b81','1e43a152-f84f-4022-a2c6-0c66c86e9e70','product','6544372d-0621-11e8-b4e9-02429027d658','n2Xj','.5 x .5','TREEZ',NULL,'2018-01-30 16:55:14',NULL,1,1,'2000-01-01 00:00:00','LIQUIBASE'),('2c22463d-f732-49f8-ab7e-797d790a2751','1e43a152-f84f-4022-a2c6-0c66c86e9e70','product','65584695-0621-11e8-b4e9-02429027d658','YgDw','.5 x .5','TREEZ',NULL,'2018-01-30 16:55:14',NULL,1,1,'2000-01-01 00:00:00','LIQUIBASE'),('2f062492-0622-11e8-b4e9-02429027d658','1e43a152-f84f-4022-a2c6-0c66c86e9e70','product','299f0a4e-0622-11e8-b4e9-02429027d658','IHj2','.5 x .5','TREEZ',NULL,'2018-01-30 17:00:52',NULL,1,1,'2000-01-01 00:00:00','LIQUIBASE'),('3','1e43a152-f84f-4022-a2c6-0c66c86e9e70','product','shake','CtqJ','.5 x .5','TREEZ',NULL,'2016-09-09 19:11:59',NULL,1,1,'2000-01-01 00:00:00','LIQUIBASE'),('30166eb5-0622-11e8-b4e9-02429027d658','1e43a152-f84f-4022-a2c6-0c66c86e9e70','product','1ca01284-0622-11e8-b4e9-02429027d658','r0oH','.5 x .5','TREEZ',NULL,'2018-01-30 17:00:54',NULL,1,1,'2000-01-01 00:00:00','LIQUIBASE'),('31820455-0621-11e8-b4e9-02429027d658','1e43a152-f84f-4022-a2c6-0c66c86e9e70','product','f31db0a4-0620-11e8-b4e9-02429027d658','TNaQ','.5 x .5','TREEZ',NULL,'2018-01-30 16:53:46',NULL,1,1,'2000-01-01 00:00:00','LIQUIBASE'),('36dd9a1c-8b3f-41f4-acb3-65331f838a5d','1e43a152-f84f-4022-a2c6-0c66c86e9e70','product','7b7bbca8-0621-11e8-b4e9-02429027d658','EMge','.5 x .5','TREEZ',NULL,'2018-01-30 16:55:51',NULL,1,1,'2000-01-01 00:00:00','LIQUIBASE'),('4','1e43a152-f84f-4022-a2c6-0c66c86e9e70','product','shake35','oE7B','.5 x .5','TREEZ',NULL,'2016-09-09 19:11:59',NULL,1,1,'2000-01-01 00:00:00','LIQUIBASE'),('47876482-51cb-11ea-9640-479b33305416','1e43a152-f84f-4022-a2c6-0c66c86e9e70','package','4a83c16c-51cb-11ea-9640-479b33305416','77P','.5 x .5','TREEZ',NULL,'2018-01-30 16:53:02',NULL,1,1,'2018-01-30 16:53:02','LIQUIBASE'),('47876a0e-51cb-11ea-9640-479b33305416','1e43a152-f84f-4022-a2c6-0c66c86e9e70','package','4a83b438-51cb-11ea-9640-479b33305416','IGX','.5 x .5','TREEZ',NULL,'2018-01-30 17:00:21',NULL,1,1,'2018-01-30 17:00:21','LIQUIBASE'),('47876b58-51cb-11ea-9640-479b33305416','1e43a152-f84f-4022-a2c6-0c66c86e9e70','package','4a83b5dc-51cb-11ea-9640-479b33305416','YPL','.5 x .5','TREEZ',NULL,'2018-01-30 17:00:43',NULL,1,1,'2018-01-30 17:00:43','LIQUIBASE'),('47876bb2-51cb-11ea-9640-479b33305416','1e43a152-f84f-4022-a2c6-0c66c86e9e70','package','4a83bb86-51cb-11ea-9640-479b33305416','A57','.5 x .5','TREEZ',NULL,'2018-01-30 17:01:56',NULL,1,1,'2018-01-30 17:01:56','LIQUIBASE'),('47876bf8-51cb-11ea-9640-479b33305416','1e43a152-f84f-4022-a2c6-0c66c86e9e70','package','4a83ba82-51cb-11ea-9640-479b33305416','IL7','.5 x .5','TREEZ',NULL,'2018-01-30 16:55:13',NULL,1,1,'2018-01-30 16:55:13','LIQUIBASE'),('47876c48-51cb-11ea-9640-479b33305416','1e43a152-f84f-4022-a2c6-0c66c86e9e70','package','4a83bbfe-51cb-11ea-9640-479b33305416','QIE','.5 x .5','TREEZ',NULL,'2018-01-30 17:02:38',NULL,1,1,'2018-01-30 17:02:38','LIQUIBASE'),('47876c98-51cb-11ea-9640-479b33305416','1e43a152-f84f-4022-a2c6-0c66c86e9e70','package','4a83baf0-51cb-11ea-9640-479b33305416','4SG','.5 x .5','TREEZ',NULL,'2018-01-30 16:55:50',NULL,1,1,'2018-01-30 16:55:50','LIQUIBASE'),('47876cde-51cb-11ea-9640-479b33305416','1e43a152-f84f-4022-a2c6-0c66c86e9e70','package','4a83bc80-51cb-11ea-9640-479b33305416','GEZ','.5 x .5','TREEZ',NULL,'2018-01-30 16:56:31',NULL,1,1,'2018-01-30 16:56:31','LIQUIBASE'),('47876d2e-51cb-11ea-9640-479b33305416','1e43a152-f84f-4022-a2c6-0c66c86e9e70','package','4a83be7e-51cb-11ea-9640-479b33305416','VPL','.5 x .5','TREEZ',NULL,'2018-01-30 17:04:09',NULL,1,1,'2018-01-30 17:04:09','LIQUIBASE'),('47876d7e-51cb-11ea-9640-479b33305416','1e43a152-f84f-4022-a2c6-0c66c86e9e70','package','4a83bcf8-51cb-11ea-9640-479b33305416','1B1','.5 x .5','TREEZ',NULL,'2018-01-30 16:57:23',NULL,1,1,'2018-01-30 16:57:23','LIQUIBASE'),('47876dc4-51cb-11ea-9640-479b33305416','1e43a152-f84f-4022-a2c6-0c66c86e9e70','package','4a83bef6-51cb-11ea-9640-479b33305416','JED','.5 x .5','TREEZ',NULL,'2018-01-30 17:04:37',NULL,1,1,'2018-01-30 17:04:37','LIQUIBASE'),('47876e0a-51cb-11ea-9640-479b33305416','1e43a152-f84f-4022-a2c6-0c66c86e9e70','package','4a83bd84-51cb-11ea-9640-479b33305416','L2R','.5 x .5','TREEZ',NULL,'2018-01-30 16:50:32',NULL,1,1,'2018-01-30 16:50:32','LIQUIBASE'),('47876e50-51cb-11ea-9640-479b33305416','1e43a152-f84f-4022-a2c6-0c66c86e9e70','package','4a83bdf2-51cb-11ea-9640-479b33305416','B6P','.5 x .5','TREEZ',NULL,'2018-01-30 16:50:58',NULL,1,1,'2018-01-30 16:50:58','LIQUIBASE'),('47876ea0-51cb-11ea-9640-479b33305416','1e43a152-f84f-4022-a2c6-0c66c86e9e70','package','4a83c07c-51cb-11ea-9640-479b33305416','SP8','.5 x .5','TREEZ',NULL,'2018-01-30 17:12:44',NULL,1,1,'2018-01-30 17:12:44','LIQUIBASE'),('47876ee6-51cb-11ea-9640-479b33305416','1e43a152-f84f-4022-a2c6-0c66c86e9e70','package','4a83bf78-51cb-11ea-9640-479b33305416','1Y2','.5 x .5','TREEZ',NULL,'2018-01-30 16:58:27',NULL,1,1,'2018-01-30 16:58:27','LIQUIBASE'),('47876f2c-51cb-11ea-9640-479b33305416','1e43a152-f84f-4022-a2c6-0c66c86e9e70','package','4a83c1e4-51cb-11ea-9640-479b33305416','VMO','.5 x .5','TREEZ',NULL,'2018-01-30 16:52:02',NULL,1,1,'2018-01-30 16:52:02','LIQUIBASE'),('47876f7c-51cb-11ea-9640-479b33305416','1e43a152-f84f-4022-a2c6-0c66c86e9e70','package','4a83bff0-51cb-11ea-9640-479b33305416','8B6','.5 x .5','TREEZ',NULL,'2018-01-30 16:59:27',NULL,1,1,'2018-01-30 16:59:27','LIQUIBASE'),('47876fc2-51cb-11ea-9640-479b33305416','1e43a152-f84f-4022-a2c6-0c66c86e9e70','package','4a83c0ea-51cb-11ea-9640-479b33305416','INT','.5 x .5','TREEZ',NULL,'2018-01-30 17:13:49',NULL,1,1,'2018-01-30 17:13:49','LIQUIBASE'),('47ff2936-51cb-11ea-9640-479b33305416','1e43a152-f84f-4022-a2c6-0c66c86e9e70','package','4a83b76c-51cb-11ea-9640-479b33305416','WDM','.5 x .5','TREEZ',NULL,'2018-01-30 16:55:50',NULL,1,1,'2018-01-30 16:55:50','LIQUIBASE'),('47ff2ac6-51cb-11ea-9640-479b33305416','1e43a152-f84f-4022-a2c6-0c66c86e9e70','package','4a83b816-51cb-11ea-9640-479b33305416','XWN','.5 x .5','TREEZ',NULL,'2018-01-30 16:55:50',NULL,1,1,'2018-01-30 16:55:50','LIQUIBASE'),('47ff2b3e-51cb-11ea-9640-479b33305416','1e43a152-f84f-4022-a2c6-0c66c86e9e70','package','4a83b898-51cb-11ea-9640-479b33305416','EEA','.5 x .5','TREEZ',NULL,'2018-01-30 16:55:50',NULL,1,1,'2018-01-30 16:55:50','LIQUIBASE'),('47ff2b98-51cb-11ea-9640-479b33305416','1e43a152-f84f-4022-a2c6-0c66c86e9e70','package','4a83b91a-51cb-11ea-9640-479b33305416','8A0','.5 x .5','TREEZ',NULL,'2018-01-30 16:55:13',NULL,1,1,'2018-01-30 16:55:13','LIQUIBASE'),('47ff2bf2-51cb-11ea-9640-479b33305416','1e43a152-f84f-4022-a2c6-0c66c86e9e70','package','4a83b992-51cb-11ea-9640-479b33305416','46V','.5 x .5','TREEZ',NULL,'2018-01-30 16:55:13',NULL,1,1,'2018-01-30 16:55:13','LIQUIBASE'),('47ff2c4c-51cb-11ea-9640-479b33305416','1e43a152-f84f-4022-a2c6-0c66c86e9e70','package','4a83ba00-51cb-11ea-9640-479b33305416','W4A','.5 x .5','TREEZ',NULL,'2018-01-30 16:55:13',NULL,1,1,'2018-01-30 16:55:13','LIQUIBASE'),('4aaa3278-4033-4fbe-950a-d78c37dee978','1e43a152-f84f-4022-a2c6-0c66c86e9e70','product','6567be28-0621-11e8-b4e9-02429027d658','aMSp','.5 x .5','TREEZ',NULL,'2018-01-30 16:55:14',NULL,1,1,'2000-01-01 00:00:00','LIQUIBASE'),('4e15b1be-51cb-11ea-9640-479b33305416','1e43a152-f84f-4022-a2c6-0c66c86e9e70','package','4a83b438-51cb-11ea-9640-479b33305416','4780F90851CB11EA9640479B','RFID','PKG_LABEL',NULL,'2020-02-17 13:20:15',NULL,1,0,'2020-02-17 13:20:15','LIQUIBASE'),('4e15b51a-51cb-11ea-9640-479b33305416','1e43a152-f84f-4022-a2c6-0c66c86e9e70','package','4a83b5dc-51cb-11ea-9640-479b33305416','4780FA4851CB11EA9640479B','RFID','PKG_LABEL',NULL,'2020-02-17 13:20:15',NULL,1,0,'2020-02-17 13:20:15','LIQUIBASE'),('4e15b678-51cb-11ea-9640-479b33305416','1e43a152-f84f-4022-a2c6-0c66c86e9e70','package','4a83b76c-51cb-11ea-9640-479b33305416','47FEA81251CB11EA9640479B','RFID','PKG_LABEL',NULL,'2020-02-17 13:20:15',NULL,1,0,'2020-02-17 13:20:15','LIQUIBASE'),('4e15b79a-51cb-11ea-9640-479b33305416','1e43a152-f84f-4022-a2c6-0c66c86e9e70','package','4a83b816-51cb-11ea-9640-479b33305416','47FEB2D051CB11EA9640479B','RFID','PKG_LABEL',NULL,'2020-02-17 13:20:15',NULL,1,0,'2020-02-17 13:20:15','LIQUIBASE'),('4e15b89e-51cb-11ea-9640-479b33305416','1e43a152-f84f-4022-a2c6-0c66c86e9e70','package','4a83b898-51cb-11ea-9640-479b33305416','47FEB4EC51CB11EA9640479B','RFID','PKG_LABEL',NULL,'2020-02-17 13:20:15',NULL,1,0,'2020-02-17 13:20:15','LIQUIBASE'),('4e15b9b6-51cb-11ea-9640-479b33305416','1e43a152-f84f-4022-a2c6-0c66c86e9e70','package','4a83b91a-51cb-11ea-9640-479b33305416','47FEAD1251CB11EA9640479B','RFID','PKG_LABEL',NULL,'2020-02-17 13:20:15',NULL,1,0,'2020-02-17 13:20:15','LIQUIBASE'),('4e15bab0-51cb-11ea-9640-479b33305416','1e43a152-f84f-4022-a2c6-0c66c86e9e70','package','4a83b992-51cb-11ea-9640-479b33305416','47FE9FAC51CB11EA9640479B','RFID','PKG_LABEL',NULL,'2020-02-17 13:20:15',NULL,1,0,'2020-02-17 13:20:15','LIQUIBASE'),('4e15bb96-51cb-11ea-9640-479b33305416','1e43a152-f84f-4022-a2c6-0c66c86e9e70','package','4a83ba00-51cb-11ea-9640-479b33305416','47FEA21851CB11EA9640479B','RFID','PKG_LABEL',NULL,'2020-02-17 13:20:15',NULL,1,0,'2020-02-17 13:20:15','LIQUIBASE'),('4e15bc90-51cb-11ea-9640-479b33305416','1e43a152-f84f-4022-a2c6-0c66c86e9e70','package','4a83ba82-51cb-11ea-9640-479b33305416','4780FDB851CB11EA9640479B','RFID','PKG_LABEL',NULL,'2020-02-17 13:20:15',NULL,1,0,'2020-02-17 13:20:15','LIQUIBASE'),('4e15bd8a-51cb-11ea-9640-479b33305416','1e43a152-f84f-4022-a2c6-0c66c86e9e70','package','4a83baf0-51cb-11ea-9640-479b33305416','478104F251CB11EA9640479B','RFID','PKG_LABEL',NULL,'2020-02-17 13:20:15',NULL,1,0,'2020-02-17 13:20:15','LIQUIBASE'),('4e15be7a-51cb-11ea-9640-479b33305416','1e43a152-f84f-4022-a2c6-0c66c86e9e70','package','4a83bb86-51cb-11ea-9640-479b33305416','4780FB6A51CB11EA9640479B','RFID','PKG_LABEL',NULL,'2020-02-17 13:20:15',NULL,1,0,'2020-02-17 13:20:15','LIQUIBASE'),('4e15bf6a-51cb-11ea-9640-479b33305416','1e43a152-f84f-4022-a2c6-0c66c86e9e70','package','4a83bbfe-51cb-11ea-9640-479b33305416','4781033A51CB11EA9640479B','RFID','PKG_LABEL',NULL,'2020-02-17 13:20:15',NULL,1,0,'2020-02-17 13:20:15','LIQUIBASE'),('4e15c064-51cb-11ea-9640-479b33305416','1e43a152-f84f-4022-a2c6-0c66c86e9e70','package','4a83bc80-51cb-11ea-9640-479b33305416','47810A7E51CB11EA9640479B','RFID','PKG_LABEL',NULL,'2020-02-17 13:20:15',NULL,1,0,'2020-02-17 13:20:15','LIQUIBASE'),('4e15c154-51cb-11ea-9640-479b33305416','1e43a152-f84f-4022-a2c6-0c66c86e9e70','package','4a83bcf8-51cb-11ea-9640-479b33305416','4781124451CB11EA9640479B','RFID','PKG_LABEL',NULL,'2020-02-17 13:20:15',NULL,1,0,'2020-02-17 13:20:15','LIQUIBASE'),('4e15c244-51cb-11ea-9640-479b33305416','1e43a152-f84f-4022-a2c6-0c66c86e9e70','package','4a83bd84-51cb-11ea-9640-479b33305416','4781147E51CB11EA9640479B','RFID','PKG_LABEL',NULL,'2020-02-17 13:20:15',NULL,1,0,'2020-02-17 13:20:15','LIQUIBASE'),('4e15c334-51cb-11ea-9640-479b33305416','1e43a152-f84f-4022-a2c6-0c66c86e9e70','package','4a83bdf2-51cb-11ea-9640-479b33305416','478115AA51CB11EA9640479B','RFID','PKG_LABEL',NULL,'2020-02-17 13:20:15',NULL,1,0,'2020-02-17 13:20:15','LIQUIBASE'),('4e15c780-51cb-11ea-9640-479b33305416','1e43a152-f84f-4022-a2c6-0c66c86e9e70','package','4a83be7e-51cb-11ea-9640-479b33305416','4781103251CB11EA9640479B','RFID','PKG_LABEL',NULL,'2020-02-17 13:20:15',NULL,1,0,'2020-02-17 13:20:15','LIQUIBASE'),('4e15c898-51cb-11ea-9640-479b33305416','1e43a152-f84f-4022-a2c6-0c66c86e9e70','package','4a83bef6-51cb-11ea-9640-479b33305416','4781136651CB11EA9640479B','RFID','PKG_LABEL',NULL,'2020-02-17 13:20:15',NULL,1,0,'2020-02-17 13:20:15','LIQUIBASE'),('4e15c992-51cb-11ea-9640-479b33305416','1e43a152-f84f-4022-a2c6-0c66c86e9e70','package','4a83bf78-51cb-11ea-9640-479b33305416','478117C651CB11EA9640479B','RFID','PKG_LABEL',NULL,'2020-02-17 13:20:15',NULL,1,0,'2020-02-17 13:20:15','LIQUIBASE'),('4e15ca96-51cb-11ea-9640-479b33305416','1e43a152-f84f-4022-a2c6-0c66c86e9e70','package','4a83bff0-51cb-11ea-9640-479b33305416','47811A0051CB11EA9640479B','RFID','PKG_LABEL',NULL,'2020-02-17 13:20:15',NULL,1,0,'2020-02-17 13:20:15','LIQUIBASE'),('4e15cb9a-51cb-11ea-9640-479b33305416','1e43a152-f84f-4022-a2c6-0c66c86e9e70','package','4a83c07c-51cb-11ea-9640-479b33305416','478116B851CB11EA9640479B','RFID','PKG_LABEL',NULL,'2020-02-17 13:20:15',NULL,1,0,'2020-02-17 13:20:15','LIQUIBASE'),('4e15cc94-51cb-11ea-9640-479b33305416','1e43a152-f84f-4022-a2c6-0c66c86e9e70','package','4a83c0ea-51cb-11ea-9640-479b33305416','47811C9451CB11EA9640479B','RFID','PKG_LABEL',NULL,'2020-02-17 13:20:15',NULL,1,0,'2020-02-17 13:20:15','LIQUIBASE'),('4e15cd8e-51cb-11ea-9640-479b33305416','1e43a152-f84f-4022-a2c6-0c66c86e9e70','package','4a83c16c-51cb-11ea-9640-479b33305416','4780F5E851CB11EA9640479B','RFID','PKG_LABEL',NULL,'2020-02-17 13:20:15',NULL,1,0,'2020-02-17 13:20:15','LIQUIBASE'),('4e15ce7e-51cb-11ea-9640-479b33305416','1e43a152-f84f-4022-a2c6-0c66c86e9e70','package','4a83c1e4-51cb-11ea-9640-479b33305416','478118E851CB11EA9640479B','RFID','PKG_LABEL',NULL,'2020-02-17 13:20:15',NULL,1,0,'2020-02-17 13:20:15','LIQUIBASE'),('4ead9cc3-9c07-4bd4-b129-112342b4b7d6','1e43a152-f84f-4022-a2c6-0c66c86e9e70','product','7b8a5289-0621-11e8-b4e9-02429027d658','1BhI','.5 x .5','TREEZ',NULL,'2018-01-30 16:55:51',NULL,1,1,'2000-01-01 00:00:00','LIQUIBASE'),('5','1e43a152-f84f-4022-a2c6-0c66c86e9e70','product','shake preroll 0.5g','SPR1','.5 x .5','TREEZ',NULL,'2017-04-21 18:57:42',NULL,1,1,'2000-01-01 00:00:00','LIQUIBASE'),('562ab543-7bcb-4d95-9bf5-f53233a73d6b','1e43a152-f84f-4022-a2c6-0c66c86e9e70','product','7b6c346c-0621-11e8-b4e9-02429027d658','42pq','.5 x .5','TREEZ',NULL,'2018-01-30 16:55:51',NULL,1,1,'2000-01-01 00:00:00','LIQUIBASE'),('6','1e43a152-f84f-4022-a2c6-0c66c86e9e70','product','shake preroll 1g','SPR2','.5 x .5','TREEZ',NULL,'2017-04-21 18:57:42',NULL,1,1,'2000-01-01 00:00:00','LIQUIBASE'),('613a5890-29c6-4a66-a7ac-9eb788af20f3','1e43a152-f84f-4022-a2c6-0c66c86e9e70','product','7b858e91-0621-11e8-b4e9-02429027d658','fOie','.5 x .5','TREEZ',NULL,'2018-01-30 16:55:51',NULL,1,1,'2000-01-01 00:00:00','LIQUIBASE'),('7','1e43a152-f84f-4022-a2c6-0c66c86e9e70','product','shake preroll 1.5g','SPR3','.5 x .5','TREEZ',NULL,'2017-04-21 18:57:42',NULL,1,1,'2000-01-01 00:00:00','LIQUIBASE'),('723c304a-0622-11e8-b4e9-02429027d658','1e43a152-f84f-4022-a2c6-0c66c86e9e70','product','6e387b94-0622-11e8-b4e9-02429027d658','R6bR','.5 x .5','TREEZ',NULL,'2018-01-30 17:02:45',NULL,1,1,'2000-01-01 00:00:00','LIQUIBASE'),('73999241-0622-11e8-b4e9-02429027d658','1e43a152-f84f-4022-a2c6-0c66c86e9e70','product','55635efe-0622-11e8-b4e9-02429027d658','9dmN','.5 x .5','TREEZ',NULL,'2018-01-30 17:02:47',NULL,1,1,'2000-01-01 00:00:00','LIQUIBASE'),('7650e5e5-3614-4818-9707-7718c7548569','1e43a152-f84f-4022-a2c6-0c66c86e9e70','product','6549952e-0621-11e8-b4e9-02429027d658','F26y','.5 x .5','TREEZ',NULL,'2018-01-30 16:55:14',NULL,1,1,'2000-01-01 00:00:00','LIQUIBASE'),('7f878dff-d7a1-4345-bfe4-570f2a7d0b3c','1e43a152-f84f-4022-a2c6-0c66c86e9e70','product','653e9730-0621-11e8-b4e9-02429027d658','fKfC','.5 x .5','TREEZ',NULL,'2018-01-30 16:55:14',NULL,1,1,'2000-01-01 00:00:00','LIQUIBASE'),('8','1e43a152-f84f-4022-a2c6-0c66c86e9e70','product','crumb preroll 0.5g','CPR1','.5 x .5','TREEZ',NULL,'2017-04-21 18:57:42',NULL,1,1,'2000-01-01 00:00:00','LIQUIBASE'),('8caf07cb-5ee4-4fbd-b50a-5c54d525d7af','1e43a152-f84f-4022-a2c6-0c66c86e9e70','product','7b8f0729-0621-11e8-b4e9-02429027d658','9ayD','.5 x .5','TREEZ',NULL,'2018-01-30 16:55:51',NULL,1,1,'2000-01-01 00:00:00','LIQUIBASE'),('9','1e43a152-f84f-4022-a2c6-0c66c86e9e70','product','crumb preroll 1g','CPR2','.5 x .5','TREEZ',NULL,'2017-04-21 18:57:42',NULL,1,1,'2000-01-01 00:00:00','LIQUIBASE'),('a114202f-4e5d-4112-8292-0dce8836290a','1e43a152-f84f-4022-a2c6-0c66c86e9e70','product','7ba12daf-0621-11e8-b4e9-02429027d658','5aBY','.5 x .5','TREEZ',NULL,'2018-01-30 16:55:51',NULL,1,1,'2000-01-01 00:00:00','LIQUIBASE'),('a2a30061-be91-4e57-a48a-5528521d87aa','1e43a152-f84f-4022-a2c6-0c66c86e9e70','product','7b76be1f-0621-11e8-b4e9-02429027d658','kY0C','.5 x .5','TREEZ',NULL,'2018-01-30 16:55:51',NULL,1,1,'2000-01-01 00:00:00','LIQUIBASE'),('a7d736c6-266d-4f18-a30b-a02640d0cd5b','1e43a152-f84f-4022-a2c6-0c66c86e9e70','product','7b9406c0-0621-11e8-b4e9-02429027d658','z3tM','.5 x .5','TREEZ',NULL,'2018-01-30 16:55:51',NULL,1,1,'2000-01-01 00:00:00','LIQUIBASE'),('b6637a87-0621-11e8-b4e9-02429027d658','1e43a152-f84f-4022-a2c6-0c66c86e9e70','product','b2a581a8-0621-11e8-b4e9-02429027d658','6Bhh','.5 x .5','TREEZ',NULL,'2018-01-30 16:57:29',NULL,1,1,'2000-01-01 00:00:00','LIQUIBASE'),('b6ef2d6b-0621-11e8-b4e9-02429027d658','1e43a152-f84f-4022-a2c6-0c66c86e9e70','product','9374f5e3-0621-11e8-b4e9-02429027d658','4ICn','.5 x .5','TREEZ',NULL,'2018-01-30 16:57:30',NULL,1,1,'2000-01-01 00:00:00','LIQUIBASE'),('bb775ccf-0622-11e8-b4e9-02429027d658','1e43a152-f84f-4022-a2c6-0c66c86e9e70','product','b54ce528-0622-11e8-b4e9-02429027d658','8uMN','.5 x .5','TREEZ',NULL,'2018-01-30 17:04:47',NULL,1,1,'2000-01-01 00:00:00','LIQUIBASE'),('bc7e4e57-0622-11e8-b4e9-02429027d658','1e43a152-f84f-4022-a2c6-0c66c86e9e70','product','a4771e75-0622-11e8-b4e9-02429027d658','KqWW','.5 x .5','TREEZ',NULL,'2018-01-30 17:04:49',NULL,1,1,'2000-01-01 00:00:00','LIQUIBASE'),('c37ea0cb-910d-4846-a993-15fb4abd87dc','1e43a152-f84f-4022-a2c6-0c66c86e9e70','product','65629d9e-0621-11e8-b4e9-02429027d658','I63j','.5 x .5','TREEZ',NULL,'2018-01-30 16:55:14',NULL,1,1,'2000-01-01 00:00:00','LIQUIBASE'),('c4c730c3-1620-43f4-b3e0-9b5f60b3cccb','1e43a152-f84f-4022-a2c6-0c66c86e9e70','product','654e9171-0621-11e8-b4e9-02429027d658','Bguf','.5 x .5','TREEZ',NULL,'2018-01-30 16:55:14',NULL,1,1,'2000-01-01 00:00:00','LIQUIBASE'),('d0c14dda-0620-11e8-b4e9-02429027d658','1e43a152-f84f-4022-a2c6-0c66c86e9e70','product','cd43d375-0620-11e8-b4e9-02429027d658','Jg7E','.5 x .5','TREEZ',NULL,'2018-01-30 16:51:04',NULL,1,1,'2000-01-01 00:00:00','LIQUIBASE'),('d1d7e590-0620-11e8-b4e9-02429027d658','1e43a152-f84f-4022-a2c6-0c66c86e9e70','product','bdcd0f53-0620-11e8-b4e9-02429027d658','be0P','.5 x .5','TREEZ',NULL,'2018-01-30 16:51:06',NULL,1,1,'2000-01-01 00:00:00','LIQUIBASE'),('d8e76b1f-f51c-4010-9e38-f75869f78fdc','1e43a152-f84f-4022-a2c6-0c66c86e9e70','product','6571dfad-0621-11e8-b4e9-02429027d658','vvBr','.5 x .5','TREEZ',NULL,'2018-01-30 16:55:14',NULL,1,1,'2000-01-01 00:00:00','LIQUIBASE'),('f1cd99dc-78bd-4ddc-961d-cfeb020a01c6','1e43a152-f84f-4022-a2c6-0c66c86e9e70','product','655d9edd-0621-11e8-b4e9-02429027d658','42XJ','.5 x .5','TREEZ',NULL,'2018-01-30 16:55:14',NULL,1,1,'2000-01-01 00:00:00','LIQUIBASE'),('f73b0032-db07-4bad-a695-1125a8050b57','1e43a152-f84f-4022-a2c6-0c66c86e9e70','product','7b80bca1-0621-11e8-b4e9-02429027d658','IgA1','.5 x .5','TREEZ',NULL,'2018-01-30 16:55:51',NULL,1,1,'2000-01-01 00:00:00','LIQUIBASE'),('fc978757-19d0-4513-bb21-2490295f3d73','1e43a152-f84f-4022-a2c6-0c66c86e9e70','product','65539712-0621-11e8-b4e9-02429027d658','Xeac','.5 x .5','TREEZ',NULL,'2018-01-30 16:55:14',NULL,1,1,'2000-01-01 00:00:00','LIQUIBASE'),('ff879651-0621-11e8-b4e9-02429027d658','1e43a152-f84f-4022-a2c6-0c66c86e9e70','product','fcc8eed5-0621-11e8-b4e9-02429027d658','dBjK','.5 x .5','TREEZ',NULL,'2018-01-30 16:59:32',NULL,1,1,'2000-01-01 00:00:00','LIQUIBASE');
/*!40000 ALTER TABLE `tz_barcode` ENABLE KEYS */;
UNLOCK TABLES;

--
-- Table structure for table `tz_barcode_aud`
--

DROP TABLE IF EXISTS `tz_barcode_aud`;
/*!40101 SET @saved_cs_client     = @@character_set_client */;
/*!40101 SET character_set_client = utf8 */;
CREATE TABLE `tz_barcode_aud` (
  `rev` int(11) NOT NULL DEFAULT '0',
  `revend` int(11) DEFAULT NULL,
  `revtype` smallint(6) DEFAULT NULL,
  `id` varchar(45) NOT NULL,
  `tenant_id` varchar(45) NOT NULL,
  `reference_type` varchar(45) NOT NULL,
  `reference_id` varchar(45) NOT NULL,
  `code` varchar(255) CHARACTER SET utf8 COLLATE utf8_bin NOT NULL,
  `size` varchar(45) NOT NULL,
  `source` varchar(45) NOT NULL COMMENT 'can be: TREEZ, PKG_LABEL, OR MFG_SKU',
  `prev_id` varchar(45) DEFAULT NULL,
  `start_date` datetime NOT NULL,
  `end_date` datetime DEFAULT NULL,
  `current_flag` tinyint(4) NOT NULL DEFAULT '1',
  `version` int(11) DEFAULT NULL,
  `original_start_date` datetime NOT NULL,
  `last_user_id` varchar(45) NOT NULL,
  `effective_code` varchar(255) CHARACTER SET utf8 COLLATE utf8_bin DEFAULT NULL,
  PRIMARY KEY (`rev`,`id`),
  KEY `barcode_aud_barcode_idx` (`id`),
  KEY `barcode_aud_tenant_idx` (`tenant_id`),
  KEY `barcode_aud_reference_id` (`reference_id`)
) ENGINE=InnoDB DEFAULT CHARSET=utf8;
/*!40101 SET character_set_client = @saved_cs_client */;

--
-- Dumping data for table `tz_barcode_aud`
--

LOCK TABLES `tz_barcode_aud` WRITE;
/*!40000 ALTER TABLE `tz_barcode_aud` DISABLE KEYS */;
INSERT INTO `tz_barcode_aud` VALUES (1,NULL,0,'0039ca38-0624-11e8-b4e9-02429027d658','1e43a152-f84f-4022-a2c6-0c66c86e9e70','product','fe20c715-0623-11e8-b4e9-02429027d658','fDhK','.5 x .5','TREEZ',NULL,'2018-01-30 17:13:52',NULL,1,1,'2000-01-01 00:00:00','LIQUIBASE','fDhK'),(2,NULL,0,'0096ca3f-0622-11e8-b4e9-02429027d658','1e43a152-f84f-4022-a2c6-0c66c86e9e70','product','d883cb46-0621-11e8-b4e9-02429027d658','Zp3m','.5 x .5','TREEZ',NULL,'2018-01-30 16:59:34',NULL,1,1,'2000-01-01 00:00:00','LIQUIBASE','Zp3m'),(3,NULL,0,'01588f13-0624-11e8-b4e9-02429027d658','1e43a152-f84f-4022-a2c6-0c66c86e9e70','product','d7665662-0623-11e8-b4e9-02429027d658','Rmmq','.5 x .5','TREEZ',NULL,'2018-01-30 17:13:54',NULL,1,1,'2000-01-01 00:00:00','LIQUIBASE','Rmmq'),(4,NULL,0,'1','1e43a152-f84f-4022-a2c6-0c66c86e9e70','product','crumb','RRTJ','.5 x .5','TREEZ',NULL,'2016-09-09 19:11:59',NULL,1,1,'2000-01-01 00:00:00','LIQUIBASE','RRTJ'),(5,NULL,0,'10','1e43a152-f84f-4022-a2c6-0c66c86e9e70','product','crumb preroll 1.5g','CPR3','.5 x .5','TREEZ',NULL,'2017-04-21 18:57:42',NULL,1,1,'2000-01-01 00:00:00','LIQUIBASE','CPR3'),(6,NULL,0,'16d913ae-eee5-42eb-8cda-b491e4e0321f','1e43a152-f84f-4022-a2c6-0c66c86e9e70','product','7b71e939-0621-11e8-b4e9-02429027d658','M1wj','.5 x .5','TREEZ',NULL,'2018-01-30 16:55:51',NULL,1,1,'2000-01-01 00:00:00','LIQUIBASE','M1wj'),(7,NULL,0,'1b006807-0621-11e8-b4e9-02429027d658','1e43a152-f84f-4022-a2c6-0c66c86e9e70','product','174d6edf-0621-11e8-b4e9-02429027d658','a3bK','.5 x .5','TREEZ',NULL,'2018-01-30 16:53:09',NULL,1,1,'2000-01-01 00:00:00','LIQUIBASE','a3bK'),(8,NULL,0,'2','1e43a152-f84f-4022-a2c6-0c66c86e9e70','product','crumb35','7goJ','.5 x .5','TREEZ',NULL,'2016-09-09 19:11:59',NULL,1,1,'2000-01-01 00:00:00','LIQUIBASE','7goJ'),(9,NULL,0,'2b6d118d-dcec-4807-8d7c-7de83eef5b81','1e43a152-f84f-4022-a2c6-0c66c86e9e70','product','6544372d-0621-11e8-b4e9-02429027d658','n2Xj','.5 x .5','TREEZ',NULL,'2018-01-30 16:55:14',NULL,1,1,'2000-01-01 00:00:00','LIQUIBASE','n2Xj'),(10,NULL,0,'2c22463d-f732-49f8-ab7e-797d790a2751','1e43a152-f84f-4022-a2c6-0c66c86e9e70','product','65584695-0621-11e8-b4e9-02429027d658','YgDw','.5 x .5','TREEZ',NULL,'2018-01-30 16:55:14',NULL,1,1,'2000-01-01 00:00:00','LIQUIBASE','YgDw'),(11,NULL,0,'2f062492-0622-11e8-b4e9-02429027d658','1e43a152-f84f-4022-a2c6-0c66c86e9e70','product','299f0a4e-0622-11e8-b4e9-02429027d658','IHj2','.5 x .5','TREEZ',NULL,'2018-01-30 17:00:52',NULL,1,1,'2000-01-01 00:00:00','LIQUIBASE','IHj2'),(12,NULL,0,'3','1e43a152-f84f-4022-a2c6-0c66c86e9e70','product','shake','CtqJ','.5 x .5','TREEZ',NULL,'2016-09-09 19:11:59',NULL,1,1,'2000-01-01 00:00:00','LIQUIBASE','CtqJ'),(13,NULL,0,'30166eb5-0622-11e8-b4e9-02429027d658','1e43a152-f84f-4022-a2c6-0c66c86e9e70','product','1ca01284-0622-11e8-b4e9-02429027d658','r0oH','.5 x .5','TREEZ',NULL,'2018-01-30 17:00:54',NULL,1,1,'2000-01-01 00:00:00','LIQUIBASE','r0oH'),(14,NULL,0,'31820455-0621-11e8-b4e9-02429027d658','1e43a152-f84f-4022-a2c6-0c66c86e9e70','product','f31db0a4-0620-11e8-b4e9-02429027d658','TNaQ','.5 x .5','TREEZ',NULL,'2018-01-30 16:53:46',NULL,1,1,'2000-01-01 00:00:00','LIQUIBASE','TNaQ'),(15,NULL,0,'36dd9a1c-8b3f-41f4-acb3-65331f838a5d','1e43a152-f84f-4022-a2c6-0c66c86e9e70','product','7b7bbca8-0621-11e8-b4e9-02429027d658','EMge','.5 x .5','TREEZ',NULL,'2018-01-30 16:55:51',NULL,1,1,'2000-01-01 00:00:00','LIQUIBASE','EMge'),(16,NULL,0,'4','1e43a152-f84f-4022-a2c6-0c66c86e9e70','product','shake35','oE7B','.5 x .5','TREEZ',NULL,'2016-09-09 19:11:59',NULL,1,1,'2000-01-01 00:00:00','LIQUIBASE','oE7B'),(17,NULL,0,'47876482-51cb-11ea-9640-479b33305416','1e43a152-f84f-4022-a2c6-0c66c86e9e70','package','4a83c16c-51cb-11ea-9640-479b33305416','77P','.5 x .5','TREEZ',NULL,'2018-01-30 16:53:02',NULL,1,1,'2018-01-30 16:53:02','LIQUIBASE','77P'),(18,NULL,0,'47876a0e-51cb-11ea-9640-479b33305416','1e43a152-f84f-4022-a2c6-0c66c86e9e70','package','4a83b438-51cb-11ea-9640-479b33305416','IGX','.5 x .5','TREEZ',NULL,'2018-01-30 17:00:21',NULL,1,1,'2018-01-30 17:00:21','LIQUIBASE','IGX'),(19,NULL,0,'47876b58-51cb-11ea-9640-479b33305416','1e43a152-f84f-4022-a2c6-0c66c86e9e70','package','4a83b5dc-51cb-11ea-9640-479b33305416','YPL','.5 x .5','TREEZ',NULL,'2018-01-30 17:00:43',NULL,1,1,'2018-01-30 17:00:43','LIQUIBASE','YPL'),(20,NULL,0,'47876bb2-51cb-11ea-9640-479b33305416','1e43a152-f84f-4022-a2c6-0c66c86e9e70','package','4a83bb86-51cb-11ea-9640-479b33305416','A57','.5 x .5','TREEZ',NULL,'2018-01-30 17:01:56',NULL,1,1,'2018-01-30 17:01:56','LIQUIBASE','A57'),(21,NULL,0,'47876bf8-51cb-11ea-9640-479b33305416','1e43a152-f84f-4022-a2c6-0c66c86e9e70','package','4a83ba82-51cb-11ea-9640-479b33305416','IL7','.5 x .5','TREEZ',NULL,'2018-01-30 16:55:13',NULL,1,1,'2018-01-30 16:55:13','LIQUIBASE','IL7'),(22,NULL,0,'47876c48-51cb-11ea-9640-479b33305416','1e43a152-f84f-4022-a2c6-0c66c86e9e70','package','4a83bbfe-51cb-11ea-9640-479b33305416','QIE','.5 x .5','TREEZ',NULL,'2018-01-30 17:02:38',NULL,1,1,'2018-01-30 17:02:38','LIQUIBASE','QIE'),(23,NULL,0,'47876c98-51cb-11ea-9640-479b33305416','1e43a152-f84f-4022-a2c6-0c66c86e9e70','package','4a83baf0-51cb-11ea-9640-479b33305416','4SG','.5 x .5','TREEZ',NULL,'2018-01-30 16:55:50',NULL,1,1,'2018-01-30 16:55:50','LIQUIBASE','4SG'),(24,NULL,0,'47876cde-51cb-11ea-9640-479b33305416','1e43a152-f84f-4022-a2c6-0c66c86e9e70','package','4a83bc80-51cb-11ea-9640-479b33305416','GEZ','.5 x .5','TREEZ',NULL,'2018-01-30 16:56:31',NULL,1,1,'2018-01-30 16:56:31','LIQUIBASE','GEZ'),(25,NULL,0,'47876d2e-51cb-11ea-9640-479b33305416','1e43a152-f84f-4022-a2c6-0c66c86e9e70','package','4a83be7e-51cb-11ea-9640-479b33305416','VPL','.5 x .5','TREEZ',NULL,'2018-01-30 17:04:09',NULL,1,1,'2018-01-30 17:04:09','LIQUIBASE','VPL'),(26,NULL,0,'47876d7e-51cb-11ea-9640-479b33305416','1e43a152-f84f-4022-a2c6-0c66c86e9e70','package','4a83bcf8-51cb-11ea-9640-479b33305416','1B1','.5 x .5','TREEZ',NULL,'2018-01-30 16:57:23',NULL,1,1,'2018-01-30 16:57:23','LIQUIBASE','1B1'),(27,NULL,0,'47876dc4-51cb-11ea-9640-479b33305416','1e43a152-f84f-4022-a2c6-0c66c86e9e70','package','4a83bef6-51cb-11ea-9640-479b33305416','JED','.5 x .5','TREEZ',NULL,'2018-01-30 17:04:37',NULL,1,1,'2018-01-30 17:04:37','LIQUIBASE','JED'),(28,NULL,0,'47876e0a-51cb-11ea-9640-479b33305416','1e43a152-f84f-4022-a2c6-0c66c86e9e70','package','4a83bd84-51cb-11ea-9640-479b33305416','L2R','.5 x .5','TREEZ',NULL,'2018-01-30 16:50:32',NULL,1,1,'2018-01-30 16:50:32','LIQUIBASE','L2R'),(29,NULL,0,'47876e50-51cb-11ea-9640-479b33305416','1e43a152-f84f-4022-a2c6-0c66c86e9e70','package','4a83bdf2-51cb-11ea-9640-479b33305416','B6P','.5 x .5','TREEZ',NULL,'2018-01-30 16:50:58',NULL,1,1,'2018-01-30 16:50:58','LIQUIBASE','B6P'),(30,NULL,0,'47876ea0-51cb-11ea-9640-479b33305416','1e43a152-f84f-4022-a2c6-0c66c86e9e70','package','4a83c07c-51cb-11ea-9640-479b33305416','SP8','.5 x .5','TREEZ',NULL,'2018-01-30 17:12:44',NULL,1,1,'2018-01-30 17:12:44','LIQUIBASE','SP8'),(31,NULL,0,'47876ee6-51cb-11ea-9640-479b33305416','1e43a152-f84f-4022-a2c6-0c66c86e9e70','package','4a83bf78-51cb-11ea-9640-479b33305416','1Y2','.5 x .5','TREEZ',NULL,'2018-01-30 16:58:27',NULL,1,1,'2018-01-30 16:58:27','LIQUIBASE','1Y2'),(32,NULL,0,'47876f2c-51cb-11ea-9640-479b33305416','1e43a152-f84f-4022-a2c6-0c66c86e9e70','package','4a83c1e4-51cb-11ea-9640-479b33305416','VMO','.5 x .5','TREEZ',NULL,'2018-01-30 16:52:02',NULL,1,1,'2018-01-30 16:52:02','LIQUIBASE','VMO'),(33,NULL,0,'47876f7c-51cb-11ea-9640-479b33305416','1e43a152-f84f-4022-a2c6-0c66c86e9e70','package','4a83bff0-51cb-11ea-9640-479b33305416','8B6','.5 x .5','TREEZ',NULL,'2018-01-30 16:59:27',NULL,1,1,'2018-01-30 16:59:27','LIQUIBASE','8B6'),(34,NULL,0,'47876fc2-51cb-11ea-9640-479b33305416','1e43a152-f84f-4022-a2c6-0c66c86e9e70','package','4a83c0ea-51cb-11ea-9640-479b33305416','INT','.5 x .5','TREEZ',NULL,'2018-01-30 17:13:49',NULL,1,1,'2018-01-30 17:13:49','LIQUIBASE','INT'),(35,NULL,0,'4aaa3278-4033-4fbe-950a-d78c37dee978','1e43a152-f84f-4022-a2c6-0c66c86e9e70','product','6567be28-0621-11e8-b4e9-02429027d658','aMSp','.5 x .5','TREEZ',NULL,'2018-01-30 16:55:14',NULL,1,1,'2000-01-01 00:00:00','LIQUIBASE','aMSp'),(36,NULL,0,'4ead9cc3-9c07-4bd4-b129-112342b4b7d6','1e43a152-f84f-4022-a2c6-0c66c86e9e70','product','7b8a5289-0621-11e8-b4e9-02429027d658','1BhI','.5 x .5','TREEZ',NULL,'2018-01-30 16:55:51',NULL,1,1,'2000-01-01 00:00:00','LIQUIBASE','1BhI'),(37,NULL,0,'5','1e43a152-f84f-4022-a2c6-0c66c86e9e70','product','shake preroll 0.5g','SPR1','.5 x .5','TREEZ',NULL,'2017-04-21 18:57:42',NULL,1,1,'2000-01-01 00:00:00','LIQUIBASE','SPR1'),(38,NULL,0,'562ab543-7bcb-4d95-9bf5-f53233a73d6b','1e43a152-f84f-4022-a2c6-0c66c86e9e70','product','7b6c346c-0621-11e8-b4e9-02429027d658','42pq','.5 x .5','TREEZ',NULL,'2018-01-30 16:55:51',NULL,1,1,'2000-01-01 00:00:00','LIQUIBASE','42pq'),(39,NULL,0,'6','1e43a152-f84f-4022-a2c6-0c66c86e9e70','product','shake preroll 1g','SPR2','.5 x .5','TREEZ',NULL,'2017-04-21 18:57:42',NULL,1,1,'2000-01-01 00:00:00','LIQUIBASE','SPR2'),(40,NULL,0,'613a5890-29c6-4a66-a7ac-9eb788af20f3','1e43a152-f84f-4022-a2c6-0c66c86e9e70','product','7b858e91-0621-11e8-b4e9-02429027d658','fOie','.5 x .5','TREEZ',NULL,'2018-01-30 16:55:51',NULL,1,1,'2000-01-01 00:00:00','LIQUIBASE','fOie'),(41,NULL,0,'7','1e43a152-f84f-4022-a2c6-0c66c86e9e70','product','shake preroll 1.5g','SPR3','.5 x .5','TREEZ',NULL,'2017-04-21 18:57:42',NULL,1,1,'2000-01-01 00:00:00','LIQUIBASE','SPR3'),(42,NULL,0,'723c304a-0622-11e8-b4e9-02429027d658','1e43a152-f84f-4022-a2c6-0c66c86e9e70','product','6e387b94-0622-11e8-b4e9-02429027d658','R6bR','.5 x .5','TREEZ',NULL,'2018-01-30 17:02:45',NULL,1,1,'2000-01-01 00:00:00','LIQUIBASE','R6bR'),(43,NULL,0,'73999241-0622-11e8-b4e9-02429027d658','1e43a152-f84f-4022-a2c6-0c66c86e9e70','product','55635efe-0622-11e8-b4e9-02429027d658','9dmN','.5 x .5','TREEZ',NULL,'2018-01-30 17:02:47',NULL,1,1,'2000-01-01 00:00:00','LIQUIBASE','9dmN'),(44,NULL,0,'7650e5e5-3614-4818-9707-7718c7548569','1e43a152-f84f-4022-a2c6-0c66c86e9e70','product','6549952e-0621-11e8-b4e9-02429027d658','F26y','.5 x .5','TREEZ',NULL,'2018-01-30 16:55:14',NULL,1,1,'2000-01-01 00:00:00','LIQUIBASE','F26y'),(45,NULL,0,'7f878dff-d7a1-4345-bfe4-570f2a7d0b3c','1e43a152-f84f-4022-a2c6-0c66c86e9e70','product','653e9730-0621-11e8-b4e9-02429027d658','fKfC','.5 x .5','TREEZ',NULL,'2018-01-30 16:55:14',NULL,1,1,'2000-01-01 00:00:00','LIQUIBASE','fKfC'),(46,NULL,0,'8','1e43a152-f84f-4022-a2c6-0c66c86e9e70','product','crumb preroll 0.5g','CPR1','.5 x .5','TREEZ',NULL,'2017-04-21 18:57:42',NULL,1,1,'2000-01-01 00:00:00','LIQUIBASE','CPR1'),(47,NULL,0,'8caf07cb-5ee4-4fbd-b50a-5c54d525d7af','1e43a152-f84f-4022-a2c6-0c66c86e9e70','product','7b8f0729-0621-11e8-b4e9-02429027d658','9ayD','.5 x .5','TREEZ',NULL,'2018-01-30 16:55:51',NULL,1,1,'2000-01-01 00:00:00','LIQUIBASE','9ayD'),(48,NULL,0,'9','1e43a152-f84f-4022-a2c6-0c66c86e9e70','product','crumb preroll 1g','CPR2','.5 x .5','TREEZ',NULL,'2017-04-21 18:57:42',NULL,1,1,'2000-01-01 00:00:00','LIQUIBASE','CPR2'),(49,NULL,0,'a114202f-4e5d-4112-8292-0dce8836290a','1e43a152-f84f-4022-a2c6-0c66c86e9e70','product','7ba12daf-0621-11e8-b4e9-02429027d658','5aBY','.5 x .5','TREEZ',NULL,'2018-01-30 16:55:51',NULL,1,1,'2000-01-01 00:00:00','LIQUIBASE','5aBY'),(50,NULL,0,'a2a30061-be91-4e57-a48a-5528521d87aa','1e43a152-f84f-4022-a2c6-0c66c86e9e70','product','7b76be1f-0621-11e8-b4e9-02429027d658','kY0C','.5 x .5','TREEZ',NULL,'2018-01-30 16:55:51',NULL,1,1,'2000-01-01 00:00:00','LIQUIBASE','kY0C'),(51,NULL,0,'a7d736c6-266d-4f18-a30b-a02640d0cd5b','1e43a152-f84f-4022-a2c6-0c66c86e9e70','product','7b9406c0-0621-11e8-b4e9-02429027d658','z3tM','.5 x .5','TREEZ',NULL,'2018-01-30 16:55:51',NULL,1,1,'2000-01-01 00:00:00','LIQUIBASE','z3tM'),(52,NULL,0,'b6637a87-0621-11e8-b4e9-02429027d658','1e43a152-f84f-4022-a2c6-0c66c86e9e70','product','b2a581a8-0621-11e8-b4e9-02429027d658','6Bhh','.5 x .5','TREEZ',NULL,'2018-01-30 16:57:29',NULL,1,1,'2000-01-01 00:00:00','LIQUIBASE','6Bhh'),(53,NULL,0,'b6ef2d6b-0621-11e8-b4e9-02429027d658','1e43a152-f84f-4022-a2c6-0c66c86e9e70','product','9374f5e3-0621-11e8-b4e9-02429027d658','4ICn','.5 x .5','TREEZ',NULL,'2018-01-30 16:57:30',NULL,1,1,'2000-01-01 00:00:00','LIQUIBASE','4ICn'),(54,NULL,0,'bb775ccf-0622-11e8-b4e9-02429027d658','1e43a152-f84f-4022-a2c6-0c66c86e9e70','product','b54ce528-0622-11e8-b4e9-02429027d658','8uMN','.5 x .5','TREEZ',NULL,'2018-01-30 17:04:47',NULL,1,1,'2000-01-01 00:00:00','LIQUIBASE','8uMN'),(55,NULL,0,'bc7e4e57-0622-11e8-b4e9-02429027d658','1e43a152-f84f-4022-a2c6-0c66c86e9e70','product','a4771e75-0622-11e8-b4e9-02429027d658','KqWW','.5 x .5','TREEZ',NULL,'2018-01-30 17:04:49',NULL,1,1,'2000-01-01 00:00:00','LIQUIBASE','KqWW'),(56,NULL,0,'c37ea0cb-910d-4846-a993-15fb4abd87dc','1e43a152-f84f-4022-a2c6-0c66c86e9e70','product','65629d9e-0621-11e8-b4e9-02429027d658','I63j','.5 x .5','TREEZ',NULL,'2018-01-30 16:55:14',NULL,1,1,'2000-01-01 00:00:00','LIQUIBASE','I63j'),(57,NULL,0,'c4c730c3-1620-43f4-b3e0-9b5f60b3cccb','1e43a152-f84f-4022-a2c6-0c66c86e9e70','product','654e9171-0621-11e8-b4e9-02429027d658','Bguf','.5 x .5','TREEZ',NULL,'2018-01-30 16:55:14',NULL,1,1,'2000-01-01 00:00:00','LIQUIBASE','Bguf'),(58,NULL,0,'d0c14dda-0620-11e8-b4e9-02429027d658','1e43a152-f84f-4022-a2c6-0c66c86e9e70','product','cd43d375-0620-11e8-b4e9-02429027d658','Jg7E','.5 x .5','TREEZ',NULL,'2018-01-30 16:51:04',NULL,1,1,'2000-01-01 00:00:00','LIQUIBASE','Jg7E'),(59,NULL,0,'d1d7e590-0620-11e8-b4e9-02429027d658','1e43a152-f84f-4022-a2c6-0c66c86e9e70','product','bdcd0f53-0620-11e8-b4e9-02429027d658','be0P','.5 x .5','TREEZ',NULL,'2018-01-30 16:51:06',NULL,1,1,'2000-01-01 00:00:00','LIQUIBASE','be0P'),(60,NULL,0,'d8e76b1f-f51c-4010-9e38-f75869f78fdc','1e43a152-f84f-4022-a2c6-0c66c86e9e70','product','6571dfad-0621-11e8-b4e9-02429027d658','vvBr','.5 x .5','TREEZ',NULL,'2018-01-30 16:55:14',NULL,1,1,'2000-01-01 00:00:00','LIQUIBASE','vvBr'),(61,NULL,0,'f1cd99dc-78bd-4ddc-961d-cfeb020a01c6','1e43a152-f84f-4022-a2c6-0c66c86e9e70','product','655d9edd-0621-11e8-b4e9-02429027d658','42XJ','.5 x .5','TREEZ',NULL,'2018-01-30 16:55:14',NULL,1,1,'2000-01-01 00:00:00','LIQUIBASE','42XJ'),(62,NULL,0,'f73b0032-db07-4bad-a695-1125a8050b57','1e43a152-f84f-4022-a2c6-0c66c86e9e70','product','7b80bca1-0621-11e8-b4e9-02429027d658','IgA1','.5 x .5','TREEZ',NULL,'2018-01-30 16:55:51',NULL,1,1,'2000-01-01 00:00:00','LIQUIBASE','IgA1'),(63,NULL,0,'fc978757-19d0-4513-bb21-2490295f3d73','1e43a152-f84f-4022-a2c6-0c66c86e9e70','product','65539712-0621-11e8-b4e9-02429027d658','Xeac','.5 x .5','TREEZ',NULL,'2018-01-30 16:55:14',NULL,1,1,'2000-01-01 00:00:00','LIQUIBASE','Xeac'),(64,NULL,0,'ff879651-0621-11e8-b4e9-02429027d658','1e43a152-f84f-4022-a2c6-0c66c86e9e70','product','fcc8eed5-0621-11e8-b4e9-02429027d658','dBjK','.5 x .5','TREEZ',NULL,'2018-01-30 16:59:32',NULL,1,1,'2000-01-01 00:00:00','LIQUIBASE','dBjK'),(1083,NULL,0,'47ff2936-51cb-11ea-9640-479b33305416','1e43a152-f84f-4022-a2c6-0c66c86e9e70','package','4a83b76c-51cb-11ea-9640-479b33305416','WDM','.5 x .5','TREEZ',NULL,'2018-01-30 16:55:50',NULL,1,1,'2018-01-30 16:55:50','LIQUIBASE','WDM'),(1084,NULL,0,'47ff2ac6-51cb-11ea-9640-479b33305416','1e43a152-f84f-4022-a2c6-0c66c86e9e70','package','4a83b816-51cb-11ea-9640-479b33305416','XWN','.5 x .5','TREEZ',NULL,'2018-01-30 16:55:50',NULL,1,1,'2018-01-30 16:55:50','LIQUIBASE','XWN'),(1085,NULL,0,'47ff2b3e-51cb-11ea-9640-479b33305416','1e43a152-f84f-4022-a2c6-0c66c86e9e70','package','4a83b898-51cb-11ea-9640-479b33305416','EEA','.5 x .5','TREEZ',NULL,'2018-01-30 16:55:50',NULL,1,1,'2018-01-30 16:55:50','LIQUIBASE','EEA'),(1086,NULL,0,'47ff2b98-51cb-11ea-9640-479b33305416','1e43a152-f84f-4022-a2c6-0c66c86e9e70','package','4a83b91a-51cb-11ea-9640-479b33305416','8A0','.5 x .5','TREEZ',NULL,'2018-01-30 16:55:13',NULL,1,1,'2018-01-30 16:55:13','LIQUIBASE','8A0'),(1087,NULL,0,'47ff2bf2-51cb-11ea-9640-479b33305416','1e43a152-f84f-4022-a2c6-0c66c86e9e70','package','4a83b992-51cb-11ea-9640-479b33305416','46V','.5 x .5','TREEZ',NULL,'2018-01-30 16:55:13',NULL,1,1,'2018-01-30 16:55:13','LIQUIBASE','46V'),(1088,NULL,0,'47ff2c4c-51cb-11ea-9640-479b33305416','1e43a152-f84f-4022-a2c6-0c66c86e9e70','package','4a83ba00-51cb-11ea-9640-479b33305416','W4A','.5 x .5','TREEZ',NULL,'2018-01-30 16:55:13',NULL,1,1,'2018-01-30 16:55:13','LIQUIBASE','W4A'),(1264,NULL,0,'4e15b1be-51cb-11ea-9640-479b33305416','1e43a152-f84f-4022-a2c6-0c66c86e9e70','package','4a83b438-51cb-11ea-9640-479b33305416','4780F90851CB11EA9640479B','RFID','PKG_LABEL',NULL,'2020-02-17 13:20:15',NULL,1,0,'2020-02-17 13:20:15','LIQUIBASE','4780F90851CB11EA9640479B'),(1265,NULL,0,'4e15b51a-51cb-11ea-9640-479b33305416','1e43a152-f84f-4022-a2c6-0c66c86e9e70','package','4a83b5dc-51cb-11ea-9640-479b33305416','4780FA4851CB11EA9640479B','RFID','PKG_LABEL',NULL,'2020-02-17 13:20:15',NULL,1,0,'2020-02-17 13:20:15','LIQUIBASE','4780FA4851CB11EA9640479B'),(1266,NULL,0,'4e15b678-51cb-11ea-9640-479b33305416','1e43a152-f84f-4022-a2c6-0c66c86e9e70','package','4a83b76c-51cb-11ea-9640-479b33305416','47FEA81251CB11EA9640479B','RFID','PKG_LABEL',NULL,'2020-02-17 13:20:15',NULL,1,0,'2020-02-17 13:20:15','LIQUIBASE','47FEA81251CB11EA9640479B'),(1267,NULL,0,'4e15b79a-51cb-11ea-9640-479b33305416','1e43a152-f84f-4022-a2c6-0c66c86e9e70','package','4a83b816-51cb-11ea-9640-479b33305416','47FEB2D051CB11EA9640479B','RFID','PKG_LABEL',NULL,'2020-02-17 13:20:15',NULL,1,0,'2020-02-17 13:20:15','LIQUIBASE','47FEB2D051CB11EA9640479B'),(1268,NULL,0,'4e15b89e-51cb-11ea-9640-479b33305416','1e43a152-f84f-4022-a2c6-0c66c86e9e70','package','4a83b898-51cb-11ea-9640-479b33305416','47FEB4EC51CB11EA9640479B','RFID','PKG_LABEL',NULL,'2020-02-17 13:20:15',NULL,1,0,'2020-02-17 13:20:15','LIQUIBASE','47FEB4EC51CB11EA9640479B'),(1269,NULL,0,'4e15b9b6-51cb-11ea-9640-479b33305416','1e43a152-f84f-4022-a2c6-0c66c86e9e70','package','4a83b91a-51cb-11ea-9640-479b33305416','47FEAD1251CB11EA9640479B','RFID','PKG_LABEL',NULL,'2020-02-17 13:20:15',NULL,1,0,'2020-02-17 13:20:15','LIQUIBASE','47FEAD1251CB11EA9640479B'),(1270,NULL,0,'4e15bab0-51cb-11ea-9640-479b33305416','1e43a152-f84f-4022-a2c6-0c66c86e9e70','package','4a83b992-51cb-11ea-9640-479b33305416','47FE9FAC51CB11EA9640479B','RFID','PKG_LABEL',NULL,'2020-02-17 13:20:15',NULL,1,0,'2020-02-17 13:20:15','LIQUIBASE','47FE9FAC51CB11EA9640479B'),(1271,NULL,0,'4e15bb96-51cb-11ea-9640-479b33305416','1e43a152-f84f-4022-a2c6-0c66c86e9e70','package','4a83ba00-51cb-11ea-9640-479b33305416','47FEA21851CB11EA9640479B','RFID','PKG_LABEL',NULL,'2020-02-17 13:20:15',NULL,1,0,'2020-02-17 13:20:15','LIQUIBASE','47FEA21851CB11EA9640479B'),(1272,NULL,0,'4e15bc90-51cb-11ea-9640-479b33305416','1e43a152-f84f-4022-a2c6-0c66c86e9e70','package','4a83ba82-51cb-11ea-9640-479b33305416','4780FDB851CB11EA9640479B','RFID','PKG_LABEL',NULL,'2020-02-17 13:20:15',NULL,1,0,'2020-02-17 13:20:15','LIQUIBASE','4780FDB851CB11EA9640479B'),(1273,NULL,0,'4e15bd8a-51cb-11ea-9640-479b33305416','1e43a152-f84f-4022-a2c6-0c66c86e9e70','package','4a83baf0-51cb-11ea-9640-479b33305416','478104F251CB11EA9640479B','RFID','PKG_LABEL',NULL,'2020-02-17 13:20:15',NULL,1,0,'2020-02-17 13:20:15','LIQUIBASE','478104F251CB11EA9640479B'),(1274,NULL,0,'4e15be7a-51cb-11ea-9640-479b33305416','1e43a152-f84f-4022-a2c6-0c66c86e9e70','package','4a83bb86-51cb-11ea-9640-479b33305416','4780FB6A51CB11EA9640479B','RFID','PKG_LABEL',NULL,'2020-02-17 13:20:15',NULL,1,0,'2020-02-17 13:20:15','LIQUIBASE','4780FB6A51CB11EA9640479B'),(1275,NULL,0,'4e15bf6a-51cb-11ea-9640-479b33305416','1e43a152-f84f-4022-a2c6-0c66c86e9e70','package','4a83bbfe-51cb-11ea-9640-479b33305416','4781033A51CB11EA9640479B','RFID','PKG_LABEL',NULL,'2020-02-17 13:20:15',NULL,1,0,'2020-02-17 13:20:15','LIQUIBASE','4781033A51CB11EA9640479B'),(1276,NULL,0,'4e15c064-51cb-11ea-9640-479b33305416','1e43a152-f84f-4022-a2c6-0c66c86e9e70','package','4a83bc80-51cb-11ea-9640-479b33305416','47810A7E51CB11EA9640479B','RFID','PKG_LABEL',NULL,'2020-02-17 13:20:15',NULL,1,0,'2020-02-17 13:20:15','LIQUIBASE','47810A7E51CB11EA9640479B'),(1277,NULL,0,'4e15c154-51cb-11ea-9640-479b33305416','1e43a152-f84f-4022-a2c6-0c66c86e9e70','package','4a83bcf8-51cb-11ea-9640-479b33305416','4781124451CB11EA9640479B','RFID','PKG_LABEL',NULL,'2020-02-17 13:20:15',NULL,1,0,'2020-02-17 13:20:15','LIQUIBASE','4781124451CB11EA9640479B'),(1278,NULL,0,'4e15c244-51cb-11ea-9640-479b33305416','1e43a152-f84f-4022-a2c6-0c66c86e9e70','package','4a83bd84-51cb-11ea-9640-479b33305416','4781147E51CB11EA9640479B','RFID','PKG_LABEL',NULL,'2020-02-17 13:20:15',NULL,1,0,'2020-02-17 13:20:15','LIQUIBASE','4781147E51CB11EA9640479B'),(1279,NULL,0,'4e15c334-51cb-11ea-9640-479b33305416','1e43a152-f84f-4022-a2c6-0c66c86e9e70','package','4a83bdf2-51cb-11ea-9640-479b33305416','478115AA51CB11EA9640479B','RFID','PKG_LABEL',NULL,'2020-02-17 13:20:15',NULL,1,0,'2020-02-17 13:20:15','LIQUIBASE','478115AA51CB11EA9640479B'),(1280,NULL,0,'4e15c780-51cb-11ea-9640-479b33305416','1e43a152-f84f-4022-a2c6-0c66c86e9e70','package','4a83be7e-51cb-11ea-9640-479b33305416','4781103251CB11EA9640479B','RFID','PKG_LABEL',NULL,'2020-02-17 13:20:15',NULL,1,0,'2020-02-17 13:20:15','LIQUIBASE','4781103251CB11EA9640479B'),(1281,NULL,0,'4e15c898-51cb-11ea-9640-479b33305416','1e43a152-f84f-4022-a2c6-0c66c86e9e70','package','4a83bef6-51cb-11ea-9640-479b33305416','4781136651CB11EA9640479B','RFID','PKG_LABEL',NULL,'2020-02-17 13:20:15',NULL,1,0,'2020-02-17 13:20:15','LIQUIBASE','4781136651CB11EA9640479B'),(1282,NULL,0,'4e15c992-51cb-11ea-9640-479b33305416','1e43a152-f84f-4022-a2c6-0c66c86e9e70','package','4a83bf78-51cb-11ea-9640-479b33305416','478117C651CB11EA9640479B','RFID','PKG_LABEL',NULL,'2020-02-17 13:20:15',NULL,1,0,'2020-02-17 13:20:15','LIQUIBASE','478117C651CB11EA9640479B'),(1283,NULL,0,'4e15ca96-51cb-11ea-9640-479b33305416','1e43a152-f84f-4022-a2c6-0c66c86e9e70','package','4a83bff0-51cb-11ea-9640-479b33305416','47811A0051CB11EA9640479B','RFID','PKG_LABEL',NULL,'2020-02-17 13:20:15',NULL,1,0,'2020-02-17 13:20:15','LIQUIBASE','47811A0051CB11EA9640479B'),(1284,NULL,0,'4e15cb9a-51cb-11ea-9640-479b33305416','1e43a152-f84f-4022-a2c6-0c66c86e9e70','package','4a83c07c-51cb-11ea-9640-479b33305416','478116B851CB11EA9640479B','RFID','PKG_LABEL',NULL,'2020-02-17 13:20:15',NULL,1,0,'2020-02-17 13:20:15','LIQUIBASE','478116B851CB11EA9640479B'),(1285,NULL,0,'4e15cc94-51cb-11ea-9640-479b33305416','1e43a152-f84f-4022-a2c6-0c66c86e9e70','package','4a83c0ea-51cb-11ea-9640-479b33305416','47811C9451CB11EA9640479B','RFID','PKG_LABEL',NULL,'2020-02-17 13:20:15',NULL,1,0,'2020-02-17 13:20:15','LIQUIBASE','47811C9451CB11EA9640479B'),(1286,NULL,0,'4e15cd8e-51cb-11ea-9640-479b33305416','1e43a152-f84f-4022-a2c6-0c66c86e9e70','package','4a83c16c-51cb-11ea-9640-479b33305416','4780F5E851CB11EA9640479B','RFID','PKG_LABEL',NULL,'2020-02-17 13:20:15',NULL,1,0,'2020-02-17 13:20:15','LIQUIBASE','4780F5E851CB11EA9640479B'),(1287,NULL,0,'4e15ce7e-51cb-11ea-9640-479b33305416','1e43a152-f84f-4022-a2c6-0c66c86e9e70','package','4a83c1e4-51cb-11ea-9640-479b33305416','478118E851CB11EA9640479B','RFID','PKG_LABEL',NULL,'2020-02-17 13:20:15',NULL,1,0,'2020-02-17 13:20:15','LIQUIBASE','478118E851CB11EA9640479B');
/*!40000 ALTER TABLE `tz_barcode_aud` ENABLE KEYS */;
UNLOCK TABLES;

--
-- Table structure for table `tz_bucket`
--

DROP TABLE IF EXISTS `tz_bucket`;
/*!40101 SET @saved_cs_client     = @@character_set_client */;
/*!40101 SET character_set_client = utf8 */;
CREATE TABLE `tz_bucket` (
  `id` varchar(45) NOT NULL,
  `tenant_id` varchar(45) NOT NULL,
  `reference_type` varchar(255) NOT NULL,
  `reference_id` varchar(255) NOT NULL,
  `rules` longtext,
  `in_list` longtext,
  `out_list` longtext,
  `prev_id` varchar(45) DEFAULT NULL,
  `start_date` datetime NOT NULL,
  `end_date` datetime DEFAULT NULL,
  `current_flag` tinyint(4) NOT NULL DEFAULT '1',
  `version` int(11) NOT NULL,
  `original_start_date` datetime NOT NULL,
  `last_user_id` varchar(45) NOT NULL,
  PRIMARY KEY (`id`),
  KEY `bucket_tenant_idx` (`tenant_id`),
  KEY `bucket_reference_id` (`reference_id`),
  CONSTRAINT `tz_bucket_tenant_reference` FOREIGN KEY (`tenant_id`) REFERENCES `tz_tenant` (`id`) ON DELETE NO ACTION ON UPDATE NO ACTION
) ENGINE=InnoDB DEFAULT CHARSET=utf8;
/*!40101 SET character_set_client = @saved_cs_client */;

--
-- Dumping data for table `tz_bucket`
--

LOCK TABLES `tz_bucket` WRITE;
/*!40000 ALTER TABLE `tz_bucket` DISABLE KEYS */;
/*!40000 ALTER TABLE `tz_bucket` ENABLE KEYS */;
UNLOCK TABLES;

--
-- Table structure for table `tz_bucket_aud`
--

DROP TABLE IF EXISTS `tz_bucket_aud`;
/*!40101 SET @saved_cs_client     = @@character_set_client */;
/*!40101 SET character_set_client = utf8 */;
CREATE TABLE `tz_bucket_aud` (
  `rev` int(11) NOT NULL DEFAULT '0',
  `revend` int(11) DEFAULT NULL,
  `revtype` smallint(6) DEFAULT NULL,
  `id` varchar(45) NOT NULL,
  `tenant_id` varchar(45) NOT NULL,
  `reference_type` varchar(255) NOT NULL,
  `reference_id` varchar(255) NOT NULL,
  `rules` longtext,
  `in_list` longtext,
  `out_list` longtext,
  `prev_id` varchar(45) DEFAULT NULL,
  `start_date` datetime NOT NULL,
  `end_date` datetime DEFAULT NULL,
  `current_flag` tinyint(4) NOT NULL DEFAULT '1',
  `version` int(11) DEFAULT NULL,
  `original_start_date` datetime NOT NULL,
  `last_user_id` varchar(45) NOT NULL,
  PRIMARY KEY (`rev`,`id`),
  KEY `bucket_aud_bucket_idx` (`id`),
  KEY `bucket_aud_tenant_idx` (`tenant_id`),
  KEY `bucket_aud_reference_id` (`reference_id`)
) ENGINE=InnoDB DEFAULT CHARSET=utf8;
/*!40101 SET character_set_client = @saved_cs_client */;

--
-- Dumping data for table `tz_bucket_aud`
--

LOCK TABLES `tz_bucket_aud` WRITE;
/*!40000 ALTER TABLE `tz_bucket_aud` DISABLE KEYS */;
/*!40000 ALTER TABLE `tz_bucket_aud` ENABLE KEYS */;
UNLOCK TABLES;

--
-- Table structure for table `tz_category`
--

DROP TABLE IF EXISTS `tz_category`;
/*!40101 SET @saved_cs_client     = @@character_set_client */;
/*!40101 SET character_set_client = utf8 */;
CREATE TABLE `tz_category` (
  `id` varchar(45) NOT NULL,
  `tenant_id` varchar(45) NOT NULL,
  `name` varchar(255) NOT NULL,
  `prev_id` varchar(45) DEFAULT NULL,
  `start_date` datetime NOT NULL,
  `end_date` datetime DEFAULT NULL,
  `current_flag` tinyint(4) NOT NULL DEFAULT '1',
  `version` int(11) NOT NULL,
  `original_start_date` datetime NOT NULL,
  `last_user_id` varchar(45) NOT NULL,
  PRIMARY KEY (`id`),
  KEY `category_location_idx` (`tenant_id`),
  CONSTRAINT `tz_category_tenant_reference` FOREIGN KEY (`tenant_id`) REFERENCES `tz_tenant` (`id`) ON DELETE NO ACTION ON UPDATE NO ACTION
) ENGINE=InnoDB DEFAULT CHARSET=utf8 COMMENT='This is the new Product Group';
/*!40101 SET character_set_client = @saved_cs_client */;

--
-- Dumping data for table `tz_category`
--

LOCK TABLES `tz_category` WRITE;
/*!40000 ALTER TABLE `tz_category` DISABLE KEYS */;
/*!40000 ALTER TABLE `tz_category` ENABLE KEYS */;
UNLOCK TABLES;

--
-- Table structure for table `tz_category_aud`
--

DROP TABLE IF EXISTS `tz_category_aud`;
/*!40101 SET @saved_cs_client     = @@character_set_client */;
/*!40101 SET character_set_client = utf8 */;
CREATE TABLE `tz_category_aud` (
  `rev` int(11) NOT NULL DEFAULT '0',
  `revend` int(11) DEFAULT NULL,
  `revtype` smallint(6) DEFAULT NULL,
  `id` varchar(45) NOT NULL,
  `tenant_id` varchar(45) NOT NULL,
  `name` varchar(255) NOT NULL,
  `prev_id` varchar(45) DEFAULT NULL,
  `start_date` datetime NOT NULL,
  `end_date` datetime DEFAULT NULL,
  `current_flag` tinyint(4) NOT NULL DEFAULT '1',
  `version` int(11) DEFAULT NULL,
  `original_start_date` datetime NOT NULL,
  `last_user_id` varchar(45) NOT NULL,
  PRIMARY KEY (`rev`,`id`),
  KEY `category_aud_category_idx` (`id`),
  KEY `category_aud_tenant_idx` (`tenant_id`)
) ENGINE=InnoDB DEFAULT CHARSET=utf8;
/*!40101 SET character_set_client = @saved_cs_client */;

--
-- Dumping data for table `tz_category_aud`
--

LOCK TABLES `tz_category_aud` WRITE;
/*!40000 ALTER TABLE `tz_category_aud` DISABLE KEYS */;
/*!40000 ALTER TABLE `tz_category_aud` ENABLE KEYS */;
UNLOCK TABLES;

--
-- Table structure for table `tz_category_type_map`
--

DROP TABLE IF EXISTS `tz_category_type_map`;
/*!40101 SET @saved_cs_client     = @@character_set_client */;
/*!40101 SET character_set_client = utf8 */;
CREATE TABLE `tz_category_type_map` (
  `id` varchar(45) NOT NULL,
  `tenant_id` varchar(45) NOT NULL,
  `category_name` varchar(150) NOT NULL,
  `type_id` varchar(45) NOT NULL,
  `start_date` datetime NOT NULL,
  `end_date` datetime DEFAULT NULL,
  `current_flag` tinyint(1) NOT NULL,
  `version` int(11) NOT NULL,
  `original_start_date` datetime NOT NULL,
  `last_user_id` varchar(45) NOT NULL,
  PRIMARY KEY (`id`),
  KEY `tenant_idx` (`tenant_id`),
  KEY `type_idx` (`type_id`),
  CONSTRAINT `category_map_tenant_fk` FOREIGN KEY (`tenant_id`) REFERENCES `tz_tenant` (`id`) ON DELETE NO ACTION ON UPDATE NO ACTION,
  CONSTRAINT `category_map_type_fk` FOREIGN KEY (`type_id`) REFERENCES `tz_type` (`id`) ON DELETE NO ACTION ON UPDATE NO ACTION
) ENGINE=InnoDB DEFAULT CHARSET=utf8;
/*!40101 SET character_set_client = @saved_cs_client */;

--
-- Dumping data for table `tz_category_type_map`
--

LOCK TABLES `tz_category_type_map` WRITE;
/*!40000 ALTER TABLE `tz_category_type_map` DISABLE KEYS */;
INSERT INTO `tz_category_type_map` VALUES ('4b369f12-51cb-11ea-9640-479b33305416','1e43a152-f84f-4022-a2c6-0c66c86e9e70','Flowers/Buds Approved for Extraction','7e2b2130-da84-11e5-bc38-5c514f48b06a','2020-02-17 13:20:17',NULL,1,1,'2020-02-17 13:20:17','LIQUIBASE'),('4b36a098-51cb-11ea-9640-479b33305416','1e43a152-f84f-4022-a2c6-0c66c86e9e70','Immature Plants','7e34f465-da84-11e5-bc38-5c514f48b06a','2020-02-17 13:20:17',NULL,1,1,'2020-02-17 13:20:17','LIQUIBASE'),('4b36a156-51cb-11ea-9640-479b33305416','1e43a152-f84f-4022-a2c6-0c66c86e9e70','Infused Edible','7e31e311-da84-11e5-bc38-5c514f48b06a','2020-02-17 13:20:17',NULL,1,1,'2020-02-17 13:20:17','LIQUIBASE'),('4b36a1d8-51cb-11ea-9640-479b33305416','1e43a152-f84f-4022-a2c6-0c66c86e9e70','Infused Edible','4028E43964FBA33F0164FBAE39A9000D','2020-02-17 13:20:17',NULL,1,1,'2020-02-17 13:20:17','LIQUIBASE'),('4b36a246-51cb-11ea-9640-479b33305416','1e43a152-f84f-4022-a2c6-0c66c86e9e70','Infused Edible','4028E43964FBA33F0164FBACE6C10009','2020-02-17 13:20:17',NULL,1,1,'2020-02-17 13:20:17','LIQUIBASE'),('4b36a2b4-51cb-11ea-9640-479b33305416','1e43a152-f84f-4022-a2c6-0c66c86e9e70','Infused Edible','0986c2be-f816-11e8-9aaf-2621339c7881','2020-02-17 13:20:17',NULL,1,1,'2020-02-17 13:20:17','LIQUIBASE'),('4b36a318-51cb-11ea-9640-479b33305416','1e43a152-f84f-4022-a2c6-0c66c86e9e70','Infused Non-Edible','7e362cd7-ec92-11e5-a7c5-6c0b843dcc4d','2020-02-17 13:20:17',NULL,1,1,'2020-02-17 13:20:17','LIQUIBASE'),('4b36a37c-51cb-11ea-9640-479b33305416','1e43a152-f84f-4022-a2c6-0c66c86e9e70','Infused Non-Edible','7c5b706f-82ab-11e6-a87c-0862661081dd','2020-02-17 13:20:17',NULL,1,1,'2020-02-17 13:20:17','LIQUIBASE'),('4b36a3fe-51cb-11ea-9640-479b33305416','1e43a152-f84f-4022-a2c6-0c66c86e9e70','Infused Pre-rolls','7c5b8eb8-82ab-11e6-a87c-0862661081dd','2020-02-17 13:20:17',NULL,1,1,'2020-02-17 13:20:17','LIQUIBASE'),('4b36a4bc-51cb-11ea-9640-479b33305416','1e43a152-f84f-4022-a2c6-0c66c86e9e70','Kief','7e2b2130-da84-11e5-bc38-5c514f48b06a','2020-02-17 13:20:17',NULL,1,1,'2020-02-17 13:20:17','LIQUIBASE'),('4b36a52a-51cb-11ea-9640-479b33305416','1e43a152-f84f-4022-a2c6-0c66c86e9e70','Marijuana Flowers/Buds','7e2b2130-da84-11e5-bc38-5c514f48b06a','2020-02-17 13:20:17',NULL,1,1,'2020-02-17 13:20:17','LIQUIBASE'),('4b36a7f0-51cb-11ea-9640-479b33305416','1e43a152-f84f-4022-a2c6-0c66c86e9e70','Non-Solvent Based Concentrate','7e2ee239-da84-11e5-bc38-5c514f48b06a','2020-02-17 13:20:17',NULL,1,1,'2020-02-17 13:20:17','LIQUIBASE'),('4b36a890-51cb-11ea-9640-479b33305416','1e43a152-f84f-4022-a2c6-0c66c86e9e70','Non-Solvent Based Concentrate (Each)','7e2ee239-da84-11e5-bc38-5c514f48b06a','2020-02-17 13:20:17',NULL,1,1,'2020-02-17 13:20:17','LIQUIBASE'),('4b36a98a-51cb-11ea-9640-479b33305416','1e43a152-f84f-4022-a2c6-0c66c86e9e70','Non-Solvent Based Concentrate (Each)','7c5b3ad1-82ab-11e6-a87c-0862661081dd','2020-02-17 13:20:17',NULL,1,1,'2020-02-17 13:20:17','LIQUIBASE'),('4b36aa8e-51cb-11ea-9640-479b33305416','1e43a152-f84f-4022-a2c6-0c66c86e9e70','Pre-rolls','7c5b8eb8-82ab-11e6-a87c-0862661081dd','2020-02-17 13:20:17',NULL,1,1,'2020-02-17 13:20:17','LIQUIBASE'),('4b36ab24-51cb-11ea-9640-479b33305416','1e43a152-f84f-4022-a2c6-0c66c86e9e70','Seeds','7e34f465-da84-11e5-bc38-5c514f48b06a','2020-02-17 13:20:17',NULL,1,1,'2020-02-17 13:20:17','LIQUIBASE'),('4b36ac28-51cb-11ea-9640-479b33305416','1e43a152-f84f-4022-a2c6-0c66c86e9e70','Shake/Trim','7e2b2130-da84-11e5-bc38-5c514f48b06a','2020-02-17 13:20:17',NULL,1,1,'2020-02-17 13:20:17','LIQUIBASE'),('4b36acc8-51cb-11ea-9640-479b33305416','1e43a152-f84f-4022-a2c6-0c66c86e9e70','Shake/Trim Approved for Extraction','7e2b2130-da84-11e5-bc38-5c514f48b06a','2020-02-17 13:20:17',NULL,1,1,'2020-02-17 13:20:17','LIQUIBASE'),('4b36aeee-51cb-11ea-9640-479b33305416','1e43a152-f84f-4022-a2c6-0c66c86e9e70','Small/Popcorn Buds','7e2b2130-da84-11e5-bc38-5c514f48b06a','2020-02-17 13:20:17',NULL,1,1,'2020-02-17 13:20:17','LIQUIBASE'),('4b36b024-51cb-11ea-9640-479b33305416','1e43a152-f84f-4022-a2c6-0c66c86e9e70','Solvent Based Concentrate','7e2ee239-da84-11e5-bc38-5c514f48b06a','2020-02-17 13:20:17',NULL,1,1,'2020-02-17 13:20:17','LIQUIBASE'),('4b36b0a6-51cb-11ea-9640-479b33305416','1e43a152-f84f-4022-a2c6-0c66c86e9e70','Solvent Based Concentrate (Each)','7e2ee239-da84-11e5-bc38-5c514f48b06a','2020-02-17 13:20:17',NULL,1,1,'2020-02-17 13:20:17','LIQUIBASE'),('4b36b114-51cb-11ea-9640-479b33305416','1e43a152-f84f-4022-a2c6-0c66c86e9e70','Solvent Based Concentrate (Each)','7c5b3ad1-82ab-11e6-a87c-0862661081dd','2020-02-17 13:20:17',NULL,1,1,'2020-02-17 13:20:17','LIQUIBASE'),('4b36b178-51cb-11ea-9640-479b33305416','1e43a152-f84f-4022-a2c6-0c66c86e9e70','Wet Whole Plant Approved for Extraction','7e34f465-da84-11e5-bc38-5c514f48b06a','2020-02-17 13:20:17',NULL,1,1,'2020-02-17 13:20:17','LIQUIBASE'),('4b36b1dc-51cb-11ea-9640-479b33305416','1e43a152-f84f-4022-a2c6-0c66c86e9e70','Wet Whole Plant Approved for Extraction','7e34f465-da84-11e5-bc38-5c514f48b06a','2020-02-17 13:20:17',NULL,1,1,'2020-02-17 13:20:17','LIQUIBASE'),('4b36b24a-51cb-11ea-9640-479b33305416','1e43a152-f84f-4022-a2c6-0c66c86e9e70','Whole Wet Plant','7e34f465-da84-11e5-bc38-5c514f48b06a','2020-02-17 13:20:17',NULL,1,1,'2020-02-17 13:20:17','LIQUIBASE'),('4b36b2b8-51cb-11ea-9640-479b33305416','1e43a152-f84f-4022-a2c6-0c66c86e9e70','Buds','7e2b2130-da84-11e5-bc38-5c514f48b06a','2020-02-17 13:20:17',NULL,1,1,'2020-02-17 13:20:17','LIQUIBASE'),('4b36b31c-51cb-11ea-9640-479b33305416','1e43a152-f84f-4022-a2c6-0c66c86e9e70','Buds (prepackaged)','7e2b2130-da84-11e5-bc38-5c514f48b06a','2020-02-17 13:20:17',NULL,1,1,'2020-02-17 13:20:17','LIQUIBASE'),('4b36b38a-51cb-11ea-9640-479b33305416','1e43a152-f84f-4022-a2c6-0c66c86e9e70','Concentrate','7e2ee239-da84-11e5-bc38-5c514f48b06a','2020-02-17 13:20:17',NULL,1,1,'2020-02-17 13:20:17','LIQUIBASE'),('4b36b3ee-51cb-11ea-9640-479b33305416','1e43a152-f84f-4022-a2c6-0c66c86e9e70','Concentrate (Each)','7e2ee239-da84-11e5-bc38-5c514f48b06a','2020-02-17 13:20:17',NULL,1,1,'2020-02-17 13:20:17','LIQUIBASE'),('4b36b452-51cb-11ea-9640-479b33305416','1e43a152-f84f-4022-a2c6-0c66c86e9e70','Concentrate (Each)','7c5b3ad1-82ab-11e6-a87c-0862661081dd','2020-02-17 13:20:17',NULL,1,1,'2020-02-17 13:20:17','LIQUIBASE'),('4b36b4b6-51cb-11ea-9640-479b33305416','1e43a152-f84f-4022-a2c6-0c66c86e9e70','Gas','7c5b706f-82ab-11e6-a87c-0862661081dd','2020-02-17 13:20:17',NULL,1,1,'2020-02-17 13:20:17','LIQUIBASE'),('4b36b51a-51cb-11ea-9640-479b33305416','1e43a152-f84f-4022-a2c6-0c66c86e9e70','Infused Liquid','0986c2be-f816-11e8-9aaf-2621339c7881','2020-02-17 13:20:17',NULL,1,1,'2020-02-17 13:20:17','LIQUIBASE'),('4b36b574-51cb-11ea-9640-479b33305416','1e43a152-f84f-4022-a2c6-0c66c86e9e70','Infused Liquid','4028E43964FBA33F0164FBAE39A9000D','2020-02-17 13:20:17',NULL,1,1,'2020-02-17 13:20:17','LIQUIBASE'),('4b36b5e2-51cb-11ea-9640-479b33305416','1e43a152-f84f-4022-a2c6-0c66c86e9e70','Infused Liquid (each)','0986c2be-f816-11e8-9aaf-2621339c7881','2020-02-17 13:20:17',NULL,1,1,'2020-02-17 13:20:17','LIQUIBASE'),('4b36b63c-51cb-11ea-9640-479b33305416','1e43a152-f84f-4022-a2c6-0c66c86e9e70','Infused Liquid (each)','4028E43964FBA33F0164FBAE39A9000D','2020-02-17 13:20:17',NULL,1,1,'2020-02-17 13:20:17','LIQUIBASE'),('4b36b6a0-51cb-11ea-9640-479b33305416','1e43a152-f84f-4022-a2c6-0c66c86e9e70','Infused Liquid (each)','4028E43964FBA33F0164FBACE6C10009','2020-02-17 13:20:17',NULL,1,1,'2020-02-17 13:20:17','LIQUIBASE'),('4b36b70e-51cb-11ea-9640-479b33305416','1e43a152-f84f-4022-a2c6-0c66c86e9e70','Infused Non-Edible Liquid','7e362cd7-ec92-11e5-a7c5-6c0b843dcc4d','2020-02-17 13:20:17',NULL,1,1,'2020-02-17 13:20:17','LIQUIBASE'),('4b36b772-51cb-11ea-9640-479b33305416','1e43a152-f84f-4022-a2c6-0c66c86e9e70','Infused Non-Edible Liquid','7c5b706f-82ab-11e6-a87c-0862661081dd','2020-02-17 13:20:17',NULL,1,1,'2020-02-17 13:20:17','LIQUIBASE'),('4b36b7d6-51cb-11ea-9640-479b33305416','1e43a152-f84f-4022-a2c6-0c66c86e9e70','Infused Non-Edible Solid','7e362cd7-ec92-11e5-a7c5-6c0b843dcc4d','2020-02-17 13:20:17',NULL,1,1,'2020-02-17 13:20:17','LIQUIBASE'),('4b36b8a8-51cb-11ea-9640-479b33305416','1e43a152-f84f-4022-a2c6-0c66c86e9e70','Infused-Edible','7e31e311-da84-11e5-bc38-5c514f48b06a','2020-02-17 13:20:17',NULL,1,1,'2020-02-17 13:20:17','LIQUIBASE'),('4b36bb14-51cb-11ea-9640-479b33305416','1e43a152-f84f-4022-a2c6-0c66c86e9e70','Infused-Edible','4028E43964FBA33F0164FBACE6C10009','2020-02-17 13:20:17',NULL,1,1,'2020-02-17 13:20:17','LIQUIBASE'),('4b36bc2c-51cb-11ea-9640-479b33305416','1e43a152-f84f-4022-a2c6-0c66c86e9e70','Shake/Trim (by strain)','7e2b2130-da84-11e5-bc38-5c514f48b06a','2020-02-17 13:20:17',NULL,1,1,'2020-02-17 13:20:17','LIQUIBASE'),('4b36bca4-51cb-11ea-9640-479b33305416','1e43a152-f84f-4022-a2c6-0c66c86e9e70','Shake/Trim (prepackaged)','7e2b2130-da84-11e5-bc38-5c514f48b06a','2020-02-17 13:20:17',NULL,1,1,'2020-02-17 13:20:17','LIQUIBASE'),('4b7a7e8a-51cb-11ea-9640-479b33305416','1e43a152-f84f-4022-a2c6-0c66c86e9e70','Capsule','4028E43964FBA33F0164FBACE6C10009','2020-02-17 13:20:17',NULL,1,1,'2020-02-17 13:20:17','LIQUIBASE'),('4b7a8042-51cb-11ea-9640-479b33305416','1e43a152-f84f-4022-a2c6-0c66c86e9e70','Edible (volume - each)','7e31e311-da84-11e5-bc38-5c514f48b06a','2020-02-17 13:20:17',NULL,1,1,'2020-02-17 13:20:17','LIQUIBASE'),('4b7a80ce-51cb-11ea-9640-479b33305416','1e43a152-f84f-4022-a2c6-0c66c86e9e70','Edible (volume - each)','0986c2be-f816-11e8-9aaf-2621339c7881','2020-02-17 13:20:17',NULL,1,1,'2020-02-17 13:20:17','LIQUIBASE'),('4b7a813c-51cb-11ea-9640-479b33305416','1e43a152-f84f-4022-a2c6-0c66c86e9e70','Edible (volume)','7e31e311-da84-11e5-bc38-5c514f48b06a','2020-02-17 13:20:17',NULL,1,1,'2020-02-17 13:20:17','LIQUIBASE'),('4b7a81aa-51cb-11ea-9640-479b33305416','1e43a152-f84f-4022-a2c6-0c66c86e9e70','Edible (volume)','0986c2be-f816-11e8-9aaf-2621339c7881','2020-02-17 13:20:17',NULL,1,1,'2020-02-17 13:20:17','LIQUIBASE'),('4b7a8204-51cb-11ea-9640-479b33305416','1e43a152-f84f-4022-a2c6-0c66c86e9e70','Edible (weight - each)','7e31e311-da84-11e5-bc38-5c514f48b06a','2020-02-17 13:20:17',NULL,1,1,'2020-02-17 13:20:17','LIQUIBASE'),('4b7a8268-51cb-11ea-9640-479b33305416','1e43a152-f84f-4022-a2c6-0c66c86e9e70','Edible (weight - each)','0986c2be-f816-11e8-9aaf-2621339c7881','2020-02-17 13:20:17',NULL,1,1,'2020-02-17 13:20:17','LIQUIBASE'),('4b7a82cc-51cb-11ea-9640-479b33305416','1e43a152-f84f-4022-a2c6-0c66c86e9e70','Edible (weight)','7e31e311-da84-11e5-bc38-5c514f48b06a','2020-02-17 13:20:17',NULL,1,1,'2020-02-17 13:20:17','LIQUIBASE'),('4b7a8330-51cb-11ea-9640-479b33305416','1e43a152-f84f-4022-a2c6-0c66c86e9e70','Edible (weight)','0986c2be-f816-11e8-9aaf-2621339c7881','2020-02-17 13:20:17',NULL,1,1,'2020-02-17 13:20:17','LIQUIBASE'),('4b7a838a-51cb-11ea-9640-479b33305416','1e43a152-f84f-4022-a2c6-0c66c86e9e70','Extract (volume - each)','7e2ee239-da84-11e5-bc38-5c514f48b06a','2020-02-17 13:20:17',NULL,1,1,'2020-02-17 13:20:17','LIQUIBASE'),('4b7a83ee-51cb-11ea-9640-479b33305416','1e43a152-f84f-4022-a2c6-0c66c86e9e70','Extract (volume)','7e2ee239-da84-11e5-bc38-5c514f48b06a','2020-02-17 13:20:17',NULL,1,1,'2020-02-17 13:20:17','LIQUIBASE'),('4b7a8448-51cb-11ea-9640-479b33305416','1e43a152-f84f-4022-a2c6-0c66c86e9e70','Extract (weight - each)','7e2ee239-da84-11e5-bc38-5c514f48b06a','2020-02-17 13:20:17',NULL,1,1,'2020-02-17 13:20:17','LIQUIBASE'),('4b7a84ac-51cb-11ea-9640-479b33305416','1e43a152-f84f-4022-a2c6-0c66c86e9e70','Extract (weight)','7e2ee239-da84-11e5-bc38-5c514f48b06a','2020-02-17 13:20:17',NULL,1,1,'2020-02-17 13:20:17','LIQUIBASE'),('4b7a8510-51cb-11ea-9640-479b33305416','1e43a152-f84f-4022-a2c6-0c66c86e9e70','Flower','7e2b2130-da84-11e5-bc38-5c514f48b06a','2020-02-17 13:20:17',NULL,1,1,'2020-02-17 13:20:17','LIQUIBASE'),('4b7a8574-51cb-11ea-9640-479b33305416','1e43a152-f84f-4022-a2c6-0c66c86e9e70','Immature Plant','7e34f465-da84-11e5-bc38-5c514f48b06a','2020-02-17 13:20:17',NULL,1,1,'2020-02-17 13:20:17','LIQUIBASE'),('4b7a85d8-51cb-11ea-9640-479b33305416','1e43a152-f84f-4022-a2c6-0c66c86e9e70','Infused Butter/Oil','7e31e311-da84-11e5-bc38-5c514f48b06a','2020-02-17 13:20:17',NULL,1,1,'2020-02-17 13:20:17','LIQUIBASE'),('4b7a866e-51cb-11ea-9640-479b33305416','1e43a152-f84f-4022-a2c6-0c66c86e9e70','Infused Butter/Oil (each)','7e31e311-da84-11e5-bc38-5c514f48b06a','2020-02-17 13:20:17',NULL,1,1,'2020-02-17 13:20:17','LIQUIBASE'),('4b7a86d2-51cb-11ea-9640-479b33305416','1e43a152-f84f-4022-a2c6-0c66c86e9e70','Leaf','7e2b2130-da84-11e5-bc38-5c514f48b06a','2020-02-17 13:20:17',NULL,1,1,'2020-02-17 13:20:17','LIQUIBASE'),('4b7a8736-51cb-11ea-9640-479b33305416','1e43a152-f84f-4022-a2c6-0c66c86e9e70','Other Concentrate (volume - each)','7c5b706f-82ab-11e6-a87c-0862661081dd','2020-02-17 13:20:17',NULL,1,1,'2020-02-17 13:20:17','LIQUIBASE'),('4b7a879a-51cb-11ea-9640-479b33305416','1e43a152-f84f-4022-a2c6-0c66c86e9e70','Other Concentrate (volume)','7c5b706f-82ab-11e6-a87c-0862661081dd','2020-02-17 13:20:17',NULL,1,1,'2020-02-17 13:20:17','LIQUIBASE'),('4b7a87fe-51cb-11ea-9640-479b33305416','1e43a152-f84f-4022-a2c6-0c66c86e9e70','Other Concentrate (weight)','7c5b706f-82ab-11e6-a87c-0862661081dd','2020-02-17 13:20:17',NULL,1,1,'2020-02-17 13:20:17','LIQUIBASE'),('4b7a8858-51cb-11ea-9640-479b33305416','1e43a152-f84f-4022-a2c6-0c66c86e9e70','Pre-Roll Flower','7c5b8eb8-82ab-11e6-a87c-0862661081dd','2020-02-17 13:20:17',NULL,1,1,'2020-02-17 13:20:17','LIQUIBASE'),('4b7a88b2-51cb-11ea-9640-479b33305416','1e43a152-f84f-4022-a2c6-0c66c86e9e70','Pre-Roll Infused','7c5b8eb8-82ab-11e6-a87c-0862661081dd','2020-02-17 13:20:17',NULL,1,1,'2020-02-17 13:20:17','LIQUIBASE'),('4b7a8916-51cb-11ea-9640-479b33305416','1e43a152-f84f-4022-a2c6-0c66c86e9e70','Pre-Roll Leaf','7c5b8eb8-82ab-11e6-a87c-0862661081dd','2020-02-17 13:20:17',NULL,1,1,'2020-02-17 13:20:17','LIQUIBASE'),('4b7a897a-51cb-11ea-9640-479b33305416','1e43a152-f84f-4022-a2c6-0c66c86e9e70','Seeds (each)','7e34f465-da84-11e5-bc38-5c514f48b06a','2020-02-17 13:20:17',NULL,1,1,'2020-02-17 13:20:17','LIQUIBASE'),('4b7a89d4-51cb-11ea-9640-479b33305416','1e43a152-f84f-4022-a2c6-0c66c86e9e70','Tincture','4028E43964FBA33F0164FBAE39A9000D','2020-02-17 13:20:17',NULL,1,1,'2020-02-17 13:20:17','LIQUIBASE'),('4b7a8a38-51cb-11ea-9640-479b33305416','1e43a152-f84f-4022-a2c6-0c66c86e9e70','Tincture (each)','4028E43964FBA33F0164FBAE39A9000D','2020-02-17 13:20:17',NULL,1,1,'2020-02-17 13:20:17','LIQUIBASE'),('4b7a8a92-51cb-11ea-9640-479b33305416','1e43a152-f84f-4022-a2c6-0c66c86e9e70','Topical (volume - each)','7e362cd7-ec92-11e5-a7c5-6c0b843dcc4d','2020-02-17 13:20:17',NULL,1,1,'2020-02-17 13:20:17','LIQUIBASE'),('4b7a8af6-51cb-11ea-9640-479b33305416','1e43a152-f84f-4022-a2c6-0c66c86e9e70','Topical (volume)','7e362cd7-ec92-11e5-a7c5-6c0b843dcc4d','2020-02-17 13:20:17',NULL,1,1,'2020-02-17 13:20:17','LIQUIBASE'),('4b7a8b50-51cb-11ea-9640-479b33305416','1e43a152-f84f-4022-a2c6-0c66c86e9e70','Topical (weight - each)','7e362cd7-ec92-11e5-a7c5-6c0b843dcc4d','2020-02-17 13:20:17',NULL,1,1,'2020-02-17 13:20:17','LIQUIBASE'),('4b7a8bb4-51cb-11ea-9640-479b33305416','1e43a152-f84f-4022-a2c6-0c66c86e9e70','Topical (weight)','7e362cd7-ec92-11e5-a7c5-6c0b843dcc4d','2020-02-17 13:20:17',NULL,1,1,'2020-02-17 13:20:17','LIQUIBASE'),('4b7a8c18-51cb-11ea-9640-479b33305416','1e43a152-f84f-4022-a2c6-0c66c86e9e70','Vape Cartridge','7c5b3ad1-82ab-11e6-a87c-0862661081dd','2020-02-17 13:20:17',NULL,1,1,'2020-02-17 13:20:17','LIQUIBASE'),('4e36ae5a-51cb-11ea-9640-479b33305416','1e43a152-f84f-4022-a2c6-0c66c86e9e70','Other Concentrate (weight - each)','7c5b706f-82ab-11e6-a87c-0862661081dd','2020-02-17 13:20:22',NULL,1,1,'2020-02-17 13:20:22','LIQUIBASE'),('4e41cb28-51cb-11ea-9640-479b33305416','1e43a152-f84f-4022-a2c6-0c66c86e9e70','Pre-rolled cigs/joints','7c5b8eb8-82ab-11e6-a87c-0862661081dd','2020-02-17 13:20:22',NULL,1,1,'2020-02-17 13:20:22','LIQUIBASE');
/*!40000 ALTER TABLE `tz_category_type_map` ENABLE KEYS */;
UNLOCK TABLES;

--
-- Table structure for table `tz_configuration`
--

DROP TABLE IF EXISTS `tz_configuration`;
/*!40101 SET @saved_cs_client     = @@character_set_client */;
/*!40101 SET character_set_client = utf8 */;
CREATE TABLE `tz_configuration` (
  `id` varchar(45) NOT NULL,
  `tenant_id` varchar(45) NOT NULL,
  `prev_id` varchar(45) DEFAULT NULL,
  `category` varchar(255) NOT NULL,
  `code` varchar(255) NOT NULL,
  `value` mediumtext NOT NULL,
  `description` mediumtext,
  `start_date` datetime NOT NULL,
  `end_date` datetime DEFAULT NULL,
  `last_user_id` varchar(45) DEFAULT NULL,
  `current_flag` tinyint(1) NOT NULL,
  `version` int(11) NOT NULL,
  `original_start_date` datetime NOT NULL,
  PRIMARY KEY (`id`),
  KEY `tenant_reference_for_configs` (`tenant_id`),
  CONSTRAINT `tenant_reference_for_configs` FOREIGN KEY (`tenant_id`) REFERENCES `tz_tenant` (`id`) ON DELETE NO ACTION ON UPDATE NO ACTION
) ENGINE=InnoDB DEFAULT CHARSET=utf8;
/*!40101 SET character_set_client = @saved_cs_client */;

--
-- Dumping data for table `tz_configuration`
--

LOCK TABLES `tz_configuration` WRITE;
/*!40000 ALTER TABLE `tz_configuration` DISABLE KEYS */;
INSERT INTO `tz_configuration` VALUES ('4028E43A64D40FBE0164D476A18C000E','1e43a152-f84f-4022-a2c6-0c66c86e9e70',NULL,'auth','INVENTORY_SERVICE_SECRET_TOKEN','TreezIsForEveryOne','inventory service secret token','2020-02-17 13:20:10',NULL,'LIQUIBASE',1,1,'2020-02-17 13:20:10'),('4028E43A64D40FBE0164D47AF5D10010','1e43a152-f84f-4022-a2c6-0c66c86e9e70',NULL,'auth','DISPENSARY_SHORT_NAME','seedinstance','Dispensarys short name','2020-02-17 13:20:10',NULL,'LIQUIBASE',1,1,'2020-02-17 13:20:10'),('42B4E6C4-BE02-40B7-AFFE-D312B12DEA1C','1e43a152-f84f-4022-a2c6-0c66c86e9e70',NULL,'label','SMALL_RETAIL_LABEL_PRN','CT~~CD,~CC^~CT~\n^XA~TA000~JSN^LT0^MNW^MTD^PON^PMN^LH0,0^JMA^PR2,2~SD15^JUS^LRN^CI0^XZ\n^XA^CWS,E:SPA000.FNT^XZ\n^XA\n^DFE:FILENAMEGOESHERE.ZPL^FS\n^MMT\n^PW406\n^LL0264\n^LS0\n\n^FT22,30^A0N,12,12^FH^FN2^FDLF-1^FS\n^FT22,45^A0N,12,12^FH^FN3^FDSF-1^FS\n^FT117,45,1^A0N,12,12^FH^FN4^FDSF-2^FS\n^BY1,3,40^FT33,90^BCN,,N,N^FN1^FDcode^FS\n^FT22,105^^A0N,12,12^FN1^FDcode^FS\n^FT117,105,1^A0N,12,12^FH^FN5^FDLF-2^FS\n\n^FT158,30^A0N,12,12^FH^FN2^FDLF-1^FS\n^FT158,45^A0N,12,12^FH^FN3^FDSF-1^FS\n^FT248,45,1^A0N,12,12^FH^FN4^FDSF-2^FS\n^BY1,3,40^FT168,90^BCN,,N,N^FN1^FDcode^FS\n^FT158,105^^A0N,12,12^FN1^FDcode^FS\n^FT248,105,1^A0N,12,12^FH^FN5^FDLF-2^FS\n\n^FT288,30^A0N,12,12^FH^FN2^FDLF-1^FS\n^FT288,45^A0N,12,12^FH^FN3^FDSF-1^FS\n^FT382,45,1^A0N,12,12^FH^FN4^FDSF-2^FS\n^BY1,3,40^FT298,90^BCN,,N,N^FN1^FDcode^FS\n^FT288,105^^A0N,12,12^FN1^FDcode^FS\n^FT382,105,1^A0N,12,12^FH^FN5^FDLF-2^FS\n\n^PQ1,0,1,Y^XZ^XA^ID000.GRF^FS^XZ','prn for small retail label','2020-02-17 13:20:10',NULL,'LIQUIBASE',1,1,'2020-02-17 13:20:10'),('476c84d2-51cb-11ea-9640-479b33305416','1e43a152-f84f-4022-a2c6-0c66c86e9e70',NULL,'default','DEFAULT_INVENTORY_LOCATION','476c9800-51cb-11ea-9640-479b33305416','id for default location to receive inventory from invoice','2010-01-01 00:00:00',NULL,'LIQUIBASE',1,1,'2010-01-01 00:00:00'),('4b96ecfa-51cb-11ea-9640-479b33305416','1e43a152-f84f-4022-a2c6-0c66c86e9e70',NULL,'label','SMALL_RETAIL_PRN_WITH_QR_CODE','CT~~CD,~CC^~CT~\n^XA~TA000~JSN^LT0^MNW^MTD^PON^PMN^LH0,0^JMA^PR2,2~SD15^JUS^LRN^CI0^XZ\n^XA^CWS,E:SPA000.FNT^XZ\n^XA\n^DFE:FILENAMEGOESHERE.ZPL^FS\n^MMT\n^PW406\n^LL0264\n^LS0\n\n^FT18,30^A0N,12,12^FH^FN2^FDLF-1^FS\n^FT18,48^A0N,12,12^FH^FN5^FDLF-2^FS\n^FT18,120^BQ,2,2^FN7^FDqrcode^FS\n^FT72,68^A0N,12,12^FH^FN3^FDSF-1^FS\n^FT72,85^A0N,12,12^FH^FN4^FDSF-2^FS\n^FT72,100^^A0N,12,12^FN1^FDcode^FS\n\n^FT154,30^A0N,12,12^FH^FN2^FDLF-1^FS\n^FT154,48^A0N,12,12^FH^FN5^FDLF-2^FS\n^FT154,120^BQ,2,2^FN7^FDqrcode^FS\n^FT208,68^A0N,12,12^FH^FN3^FDSF-1^FS\n^FT208,85^A0N,12,12^FH^FN4^FDSF-2^FS\n^FT208,100^^A0N,12,12^FN1^FDcode^FS\n\n^FT284,30^A0N,12,12^FH^FN2^FDLF-1^FS\n^FT284,48^A0N,12,12^FH^FN5^FDLF-2^FS\n^FT284,120^BQ,2,2^FN7^FDqrcode^FS\n^FT338,68^A0N,12,12^FH^FN3^FDSF-1^FS\n^FT338,85^A0N,12,12^FH^FN4^FDSF-2^FS\n^FT338,100^^A0N,12,12^FN1^FDcode^FS\n\n^PQ1,0,1,Y^XZ^XA^ID000.GRF^FS^XZ','prn for small batch label with QR code','2020-02-17 13:20:17',NULL,'LIQUIBASE',1,1,'2020-02-17 13:20:17'),('63AF80A2-1F49-11E9-A3A4-02CB553E1E0A','1e43a152-f84f-4022-a2c6-0c66c86e9e70',NULL,'label','LARGE_RETAIL_LABEL_PRN','CT~~CD,~CC^~CT~\n^XA~TA000~JSN^LT0^MNW^MTD^PON^PMN^LH0,0^JMA^PR2,2~SD15^JUS^LRN^CI0^XZ\n^XA^CWS,E:SPA000.FNT^XZ\n^XA^DFE:FILENAMEGOESHERE.ZPL^FS\n^MMT\n^PW812\n^LL0609\n^LS30\n\n^FT30,60^A0N,40,40^FH^FN1^FDPT-1^FS\n^FT30,120^A0N,40,40^FH^FN2^FDPT-2^FS\n\n^FT30,180^A0N,28,24^FH^FN3^FDLF-1^FS\n^FT30,220^A0N,28,24^FH^FN4^FDLF-2^FS\n^FT30,260^A0N,28,24^FH^FN5^FDLF-3^FS\n^FT30,300^A0N,28,24^FH^FN6^FDLF-4^FS\n^FT30,340^A0N,28,24^FH^FN7^FDLF-5^FS\n^FT30,380^A0N,28,24^FH^FN8^FDLF-6^FS\n\n^FT380,180^A0N,28,24^FH^FN9^FDLF-7^FS\n^FT380,220^A0N,28,24^FH^FN10^FDLF-8^FS\n^FT380,260^A0N,28,24^FH^FN11^FDLF-9^FS\n^FT380,300^A0N,28,24^FH^FN12^FDLF-10^FS\n^FT380,340^A0N,28,24^FH^FN13^FDLF-11^FS\n^FT380,380^A0N,28,24^FH^FN14^FDLF-12^FS\n\n^FT700,120^A0N,28,28^FH^FN15^FDST-1^FS\n\n^FT30,580^BQN,2,6^FN16^FDqrcode^FS\n\n^FT180,450^A0N,20,18^FH^FN17^FDSF-1^FS\n^FT180,480^A0N,20,18^FH^FN18^FDSF-2^FS\n^FT180,510^A0N,20,18^FH^FN19^FDSF-3^FS\n^FT180,540^A0N,20,18^FH^FN20^FDSF-4^FS\n^FT180,570^A0N,20,18^FH^FN21^FDSF-5^FS\n\n^FT440,450^A0N,20,18^FH^FN22^FDSF-6^FS\n^FT440,480^A0N,20,18^FH^FN23^FDSF-7^FS\n^FT440,510^A0N,20,18^FH^FN24^FDSF-8^FS\n^FT440,540^A0N,20,18^FH^FN25^FDSF-9^FS\n^FT440,570^A0N,20,18^FH^FN26^FDSF-10^FS\n\n^BY1,3,60^FT725,530,1^BCR,,N,N\n^A0N,18,18^FN27^FDcode^FS\n^FT780,570,1^A0N,18,18^FH^FN27^FDcode^FS\n\n^FO675,15^GFA,01024,01024,00016,:Z64:\neJzd0TGqxCAQANAk7IKkSkB72Sp4igSSXkHvE6w8hliJp9wxmTURfvFZfvUNFsNzxnHSNP9t9R1xKYQ92jNmTG1KmVmveMA5Z7uO7+4MB7kt7fgYVon5OyEhBB6nM6bDptoFfMB8Yrl9QT7HfLaOaoT6H4faqYf7+d+8h2kzw5YG+xNJeBFFTLG4hK1uHu/ezlrTBhC985MQDTzOF6eHq+L9T94utXd2r32r699cM+j+2c7oR3/+cui/9nzC99hA9lz/iQ+A+j7Xv1wfTi+fsufvl37MJ5+onBSnecaSFhfHfKdUuTbmmg94RP8sqXX9Y0kd4vXf+1frDeM3W7A=:0B4E\n^PQ1,0,1,Y^XZ\n\n\n','prn for large retail label','2020-02-17 13:20:10',NULL,'LIQUIBASE',1,1,'2020-02-17 13:20:10'),('91EC20C7-DADB-42FB-AAF2-B07D09B9A03A','1e43a152-f84f-4022-a2c6-0c66c86e9e70',NULL,'slack','SLACK_WEBHOOK_URL','https://hooks.slack.com/services/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','Webhook url for posting exceptions','2020-02-17 13:20:10',NULL,'LIQUIBASE',1,1,'2020-02-17 13:20:10'),('b91d1274-49b4-11e9-8035-774805423a5c','1e43a152-f84f-4022-a2c6-0c66c86e9e70',NULL,'tracking','SHOW_UPDATE_TREEZ','1','show update treez on state tracking adjustment','2020-02-17 13:20:10',NULL,'LIQUIBASE',1,1,'2020-02-17 13:20:10'),('BDC7AE7F-51BC-48AA-A1CF-821C17469E87','1e43a152-f84f-4022-a2c6-0c66c86e9e70',NULL,'label','RETAIL_LABEL_XML','<?xml version=\"1.0\" encoding=\"UTF-8\"?>\n<labels _JOBNAME=\"LBL101\" _PRINTERNAME=\"ZTC LP 2824 Plus\" _QUANTITY=\"1\" _FORMAT=\"E:RETAILSMALL.ZPL\">\n   <label>\n      <variable name=\"PT-1\" />\n      <variable name=\"PT-2\" />\n      <variable name=\"ST-1\" />\n      <variable name=\"ST-2\" />\n      <variable name=\"LF-1\" />\n      <variable name=\"LF-2\" />\n      <variable name=\"LF-3\" />\n      <variable name=\"LF-4\" />\n      <variable name=\"LF-5\" />\n      <variable name=\"LF-6\" />\n      <variable name=\"LF-7\" />\n      <variable name=\"LF-8\" />\n      <variable name=\"LF-9\" />\n      <variable name=\"LF-10\" />\n      <variable name=\"LF-11\" />\n      <variable name=\"LF-12\" />\n      <variable name=\"SF-1\" />\n      <variable name=\"SF-2\" />\n      <variable name=\"SF-3\" />\n      <variable name=\"SF-4\" />\n      <variable name=\"SF-5\" />\n      <variable name=\"SF-6\" />\n      <variable name=\"SF-7\" />\n      <variable name=\"SF-8\" />\n      <variable name=\"SF-9\" />\n      <variable name=\"SF-10\" />\n      <variable name=\"qrcode\" />\n      <variable name=\"code\" />\n   </label>\n</labels>','xml for retail label','2020-02-17 13:20:10',NULL,'LIQUIBASE',1,1,'2020-02-17 13:20:10'),('D253CCFC-1D27-4235-B98A-620AA8173561','1e43a152-f84f-4022-a2c6-0c66c86e9e70',NULL,'label','MEDIUM_RETAIL_LABEL_PRN','CT~~CD,~CC^~CT~\n^XA~TA000~JSN^LT0^MNW^MTD^PON^PMN^LH0,0^JMA^PR2,2~SD15^JUS^LRN^CI0^XZ\n^XA^CWS,E:SPA000.FNT^XZ\n^XA\n^DFE:FILENAMEGOESHERE.ZPL^FS\n^MMT\n^PW406\n^LL0264\n^LS0\n\n^FT10,40^A0N,26,26^FH^FN1^FDPT-1^FS\n^FT10,68^A0N,26,24^FH^FN2^FDPT-2^FS\n^FT10,90^A0N,18,18^FH^FN3^FDLF-1^FS\n^FT10,110^A0N,18,18^FH^FN6^FDLF-2^FS\n\n^FT10,215^BQN,2,3^FN7^FDqrcode^FS\n^FT315,70^A0N,18,18^FH^FN8^FDST-1^FS\n\n^FT100,140^A0N,18,16^FH^FN15^FDSF-1^FS\n^FT100,180^A0N,18,16^FH^FN16^FDSF-2^FS\n\n\n^FT220,140^A0N,18,16^FH^FN9^FDSF-3^FS\n^FT220,180^A0N,18,16^FH^FN10^FDSF-4^FS\n\n^BY1,3,60^FT330,172,1^BCR,,N,N\n^A0N,18,18^FN11^FDcode^FS\n^FT380,203,1^A0N,18,18^FH^FN11^FDcode^FS\n\n\n^PQ1,0,1,Y^XZ\n^XA^ID000.GRF^FS^XZ','prn for medium retail label','2020-02-17 13:20:10',NULL,'LIQUIBASE',1,1,'2020-02-17 13:20:10'),('DBF46D6C-D2CD-4F3F-9C42-711E47AF74D5','1e43a152-f84f-4022-a2c6-0c66c86e9e70',NULL,'inventory','INVENTORY_COUNT_BY_PACKAGE','1','Inventory Count by Package','2019-01-14 13:48:18',NULL,'LIQUIBASE',1,1,'2019-01-14 13:48:18'),('E28C04AC-5D4C-11E9-8878-A791E0B1D61C','1e43a152-f84f-4022-a2c6-0c66c86e9e70',NULL,'label','MEDIUM_BATCH_LABEL_PRN','CT~~CD,~CC^~CT~\n^XA~TA000~JSN^LT0^MNW^MTD^PON^PMN^LH0,0^JMA^PR2,2~SD15^JUS^LRN^CI0^XZ\n^XA^CWS,E:SPA000.FNT^XZ\n^XA\n^DFE:FILENAMEGOESHERE.ZPL^FS\n^MMT\n^PW406\n^LL0264\n^LS0\n\n^FT25,50^ASN,32,32^FH\\^FN1^FDPT-1^FS\n^FT290,50^A0N,24,24^FH\\^FN2^FDST-1^FS\n^FT25,90^A0N,16,16^FH\\^FN3^FDLF-1^FS\n^FT25,120^A0N,16,16^FH\\^FN4^FDLF-2^FS\n^FT285,90^A0N,18,18^FH\\^FN5^FDSF-1^FS\n^FT285,120^A0N,18,18^FH\\^FN6^FDSF-2^FS\n^FT25,200^A0N,16,16^FH\\^FN7^FDcode^FS\n^BY1,3,48^FT25,180^BCN,,N,N\n^A0N,16,16^FN7^FDcode^FS\n\n\n^PQ1,0,1,Y^XZ\n^XA^ID000.GRF^FS^XZ','prn for medium batch label','2019-03-26 16:00:16',NULL,'LIQUIBASE',1,1,'2019-03-26 16:00:16'),('F034941D-27A3-4425-ADD3-D39473A23B94','1e43a152-f84f-4022-a2c6-0c66c86e9e70',NULL,'logging','DB_API_LOGGING_LEVEL','ERROR','Options are NONE, INFO, DEBUG, WARNING and ERROR, ERROR is recommended (500s will be logged)','2020-02-17 13:20:10',NULL,'LIQUIBASE',1,1,'2020-02-17 13:20:10'),('F034941D-27A3-4425-ADD3-D39473A23B96','1e43a152-f84f-4022-a2c6-0c66c86e9e70',NULL,'menu','MENU_CACHE_EXPIRE_TTL_MINUTES','1','Menu expiry ttl minutes','2019-01-14 13:48:18',NULL,'LIQUIBASE',1,1,'2019-01-14 13:48:18');
/*!40000 ALTER TABLE `tz_configuration` ENABLE KEYS */;
UNLOCK TABLES;

--
-- Table structure for table `tz_configuration_aud`
--

DROP TABLE IF EXISTS `tz_configuration_aud`;
/*!40101 SET @saved_cs_client     = @@character_set_client */;
/*!40101 SET character_set_client = utf8 */;
CREATE TABLE `tz_configuration_aud` (
  `rev` int(11) NOT NULL DEFAULT '0',
  `revend` int(11) DEFAULT NULL,
  `revtype` smallint(6) DEFAULT NULL,
  `id` varchar(45) NOT NULL,
  `tenant_id` varchar(45) NOT NULL,
  `prev_id` varchar(45) DEFAULT NULL,
  `category` varchar(255) NOT NULL,
  `code` varchar(255) NOT NULL,
  `value` mediumtext NOT NULL,
  `description` mediumtext,
  `start_date` datetime NOT NULL,
  `end_date` datetime DEFAULT NULL,
  `last_user_id` varchar(45) DEFAULT NULL,
  `current_flag` tinyint(1) NOT NULL,
  `version` int(11) DEFAULT NULL,
  `original_start_date` datetime NOT NULL,
  PRIMARY KEY (`rev`,`id`),
  KEY `configuration_aud_configuration_idx` (`id`),
  KEY `configuration_aud_tenant_idx` (`tenant_id`)
) ENGINE=InnoDB DEFAULT CHARSET=utf8;
/*!40101 SET character_set_client = @saved_cs_client */;

--
-- Dumping data for table `tz_configuration_aud`
--

LOCK TABLES `tz_configuration_aud` WRITE;
/*!40000 ALTER TABLE `tz_configuration_aud` DISABLE KEYS */;
INSERT INTO `tz_configuration_aud` VALUES (65,NULL,0,'4028E43A64D40FBE0164D476A18C000E','1e43a152-f84f-4022-a2c6-0c66c86e9e70',NULL,'auth','INVENTORY_SERVICE_SECRET_TOKEN','TreezIsForEveryOne','inventory service secret token','2020-02-17 13:20:10',NULL,'LIQUIBASE',1,1,'2020-02-17 13:20:10'),(66,NULL,0,'4028E43A64D40FBE0164D47AF5D10010','1e43a152-f84f-4022-a2c6-0c66c86e9e70',NULL,'auth','DISPENSARY_SHORT_NAME','seedinstance','Dispensarys short name','2020-02-17 13:20:10',NULL,'LIQUIBASE',1,1,'2020-02-17 13:20:10'),(67,NULL,0,'42B4E6C4-BE02-40B7-AFFE-D312B12DEA1C','1e43a152-f84f-4022-a2c6-0c66c86e9e70',NULL,'label','SMALL_RETAIL_LABEL_PRN','CT~~CD,~CC^~CT~^XA~TA000~JSN^LT00^MNW^MTD^PON^PMN^LH0,0^JMA^PR2,2~SD15^JUS^LRN^CI0^XZ\n^XA^CWS,E:SPA000.FNT^XZ^XA^DFE:FILENAMEGOESHERE.ZPL\n^FS^MMT^PW420^LL0270^LS28\n\n^FT21,05^A0N,12,12^FH^FN2^FDLF-1^FS\n^FT21,20^A0N,12,12^FH^FN3^FDSF-1^FS\n^FT115,20,1^A0N,12,12^FH^FN4^FDSF-2^FS\n^BY1,3,40^FT31,64^BCN,,N,N^FN1^FDcode^FS\n^FT21,80^^A0N,12,12^FN1^FDcode^FS\n^FT115,80,1^A0N,12,12^FH^FN5^FDLF-2^FS\n\n^FT155,05^A0N,12,12^FH^FN2^FDLF-1^FS\n^FT155,20^A0N,12,12^FH^FN3^FDSF-1^FS\n^FT249,20,1^A0N,12,12^FH^FN4^FDSF-2^FS\n^BY1,3,40^FT165,64^BCN,,N,N^FN1^FDcode^FS\n^FT155,80^^A0N,12,12^FN1^FDcode^FS\n^FT249,80,1^A0N,12,12^FH^FN5^FDLF-2^FS\n\n^FT289,05^A0N,12,12^FH^FN2^FDLF-1^FS\n^FT289,20^A0N,12,12^FH^FN3^FDSF-1^FS\n^FT383,20,1^A0N,12,12^FH^FN4^FDSF-2^FS\n^BY1,3,40^FT299,64^BCN,,N,N^FN1^FDcode^FS\n^FT289,80^^A0N,12,12^FN1^FDcode^FS\n^FT383,80,1^A0N,12,12^FH^FN5^FDLF-2^FS\n\n^PQ1,0,1,Y^XZ^XA^ID000.GRF^FS^XZ\n\n\n','prn for small retail label','2020-02-17 13:20:10',NULL,'LIQUIBASE',1,1,'2020-02-17 13:20:10'),(68,NULL,0,'476c84d2-51cb-11ea-9640-479b33305416','1e43a152-f84f-4022-a2c6-0c66c86e9e70',NULL,'default','DEFAULT_INVENTORY_LOCATION','476c9800-51cb-11ea-9640-479b33305416','id for default location to receive inventory from invoice','2010-01-01 00:00:00',NULL,'LIQUIBASE',1,1,'2010-01-01 00:00:00'),(69,NULL,0,'63AF80A2-1F49-11E9-A3A4-02CB553E1E0A','1e43a152-f84f-4022-a2c6-0c66c86e9e70',NULL,'label','LARGE_RETAIL_LABEL_PRN','CT~~CD,~CC^~CT~^XA~TA000~JSN^LT0^MNW^MTD^PON^PMN^LH0,0^JMA^PR2,2~SD15^JUS^LRN^CI0^XZ\n^XA^CWS,E:SPA000.FNT^XZ^XA^DFE:FILENAMEGOESHERE.ZPL\n^FS^MMT^PW812^LL0609^LS30\n\n^FT30,60^A0N,40,40^FH^FN1^FDPT-1^FS\n^FT30,120^A0N,40,40^FH^FN2^FDPT-2^FS\n\n^FT30,180^A0N,28,24^FH^FN3^FDLF-1^FS\n^FT30,220^A0N,28,24^FH^FN4^FDLF-2^FS\n^FT30,260^A0N,28,24^FH^FN5^FDLF-3^FS\n^FT30,300^A0N,28,24^FH^FN6^FDLF-4^FS\n^FT30,340^A0N,28,24^FH^FN7^FDLF-5^FS\n^FT30,380^A0N,28,24^FH^FN8^FDLF-6^FS\n\n^FT380,180^A0N,28,24^FH^FN9^FDLF-7^FS\n^FT380,220^A0N,28,24^FH^FN10^FDLF-8^FS\n^FT380,260^A0N,28,24^FH^FN11^FDLF-9^FS\n^FT380,300^A0N,28,24^FH^FN12^FDLF-10^FS\n^FT380,340^A0N,28,24^FH^FN13^FDLF-11^FS\n^FT380,380^A0N,28,24^FH^FN14^FDLF-12^FS\n\n^FT700,120^A0N,28,28^FH^FN15^FDST-1^FS\n\n^FT30,580^BQN,2,6^FN16^FDqrcode^FS\n\n^FT180,450^A0N,20,18^FH^FN17^FDSF-1^FS\n^FT180,480^A0N,20,18^FH^FN18^FDSF-2^FS\n^FT180,510^A0N,20,18^FH^FN19^FDSF-3^FS\n^FT180,540^A0N,20,18^FH^FN20^FDSF-4^FS\n^FT180,570^A0N,20,18^FH^FN21^FDSF-5^FS\n\n^FT440,450^A0N,20,18^FH^FN22^FDSF-6^FS\n^FT440,480^A0N,20,18^FH^FN23^FDSF-7^FS\n^FT440,510^A0N,20,18^FH^FN24^FDSF-8^FS\n^FT440,540^A0N,20,18^FH^FN25^FDSF-9^FS\n^FT440,570^A0N,20,18^FH^FN26^FDSF-10^FS\n\n^BY1,3,60^FT725,530,1^BCR,,N,N\n^A0N,18,18^FN27^FDcode^FS\n^FT780,570,1^A0N,18,18^FH^FN27^FDcode^FS\n\n^FO675,15^GFA,01024,01024,00016,:Z64:\neJzd0TGqxCAQANAk7IKkSkB72Sp4igSSXkHvE6w8hliJp9wxmTURfvFZfvUNFsNzxnHSNP9t9R1xKYQ92jNmTG1KmVmveMA5Z7uO7+4MB7kt7fgYVon5OyEhBB6nM6bDptoFfMB8Yrl9QT7HfLaOaoT6H4faqYf7+d+8h2kzw5YG+xNJeBFFTLG4hK1uHu/ezlrTBhC985MQDTzOF6eHq+L9T94utXd2r32r699cM+j+2c7oR3/+cui/9nzC99hA9lz/iQ+A+j7Xv1wfTi+fsufvl37MJ5+onBSnecaSFhfHfKdUuTbmmg94RP8sqXX9Y0kd4vXf+1frDeM3W7A=:0B4E\n^PQ1,0,1,Y^XZ\n\n\n','prn for large retail label','2020-02-17 13:20:10',NULL,'LIQUIBASE',1,1,'2020-02-17 13:20:10'),(70,NULL,0,'70D78D9C-54F5-42D2-AFB0-9BAEA226BB02','1e43a152-f84f-4022-a2c6-0c66c86e9e70',NULL,'inventory','SELL_VIA_FIFO','1','Sell First in First Out','2020-02-17 13:20:10',NULL,'LIQUIBASE',1,1,'2020-02-17 13:20:10'),(71,NULL,0,'91EC20C7-DADB-42FB-AAF2-B07D09B9A03A','1e43a152-f84f-4022-a2c6-0c66c86e9e70',NULL,'slack','SLACK_WEBHOOK_URL','https://hooks.slack.com/services/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','Webhook url for posting exceptions','2020-02-17 13:20:10',NULL,'LIQUIBASE',1,1,'2020-02-17 13:20:10'),(72,NULL,0,'b91d1274-49b4-11e9-8035-774805423a5c','1e43a152-f84f-4022-a2c6-0c66c86e9e70',NULL,'tracking','SHOW_UPDATE_TREEZ','1','show update treez on state tracking adjustment','2020-02-17 13:20:10',NULL,'LIQUIBASE',1,1,'2020-02-17 13:20:10'),(73,NULL,0,'BDC7AE7F-51BC-48AA-A1CF-821C17469E87','1e43a152-f84f-4022-a2c6-0c66c86e9e70',NULL,'label','RETAIL_LABEL_XML','<?xml version=\"1.0\" encoding=\"UTF-8\"?>\n<labels _JOBNAME=\"LBL101\" _PRINTERNAME=\"ZTC LP 2824 Plus\" _QUANTITY=\"1\" _FORMAT=\"E:RETAILSMALL.ZPL\">\n   <label>\n      <variable name=\"PT-1\" />\n      <variable name=\"PT-2\" />\n      <variable name=\"ST-1\" />\n      <variable name=\"ST-2\" />\n      <variable name=\"LF-1\" />\n      <variable name=\"LF-2\" />\n      <variable name=\"LF-3\" />\n      <variable name=\"LF-4\" />\n      <variable name=\"LF-5\" />\n      <variable name=\"LF-6\" />\n      <variable name=\"LF-7\" />\n      <variable name=\"LF-8\" />\n      <variable name=\"LF-9\" />\n      <variable name=\"LF-10\" />\n      <variable name=\"LF-11\" />\n      <variable name=\"LF-12\" />\n      <variable name=\"SF-1\" />\n      <variable name=\"SF-2\" />\n      <variable name=\"SF-3\" />\n      <variable name=\"SF-4\" />\n      <variable name=\"SF-5\" />\n      <variable name=\"SF-6\" />\n      <variable name=\"SF-7\" />\n      <variable name=\"SF-8\" />\n      <variable name=\"SF-9\" />\n      <variable name=\"SF-10\" />\n      <variable name=\"qrcode\" />\n      <variable name=\"code\" />\n   </label>\n</labels>','xml for retail label','2020-02-17 13:20:10',NULL,'LIQUIBASE',1,1,'2020-02-17 13:20:10'),(74,NULL,0,'D253CCFC-1D27-4235-B98A-620AA8173561','1e43a152-f84f-4022-a2c6-0c66c86e9e70',NULL,'label','MEDIUM_RETAIL_LABEL_PRN','CT~~CD,~CC^~CT~\n^XA~TA000~JSN^LT0^MNW^MTD^PON^PMN^LH0,0^JMA^PR2,2~SD15^JUS^LRN^CI0^XZ\n^XA^CWS,E:SPA000.FNT^XZ\n^XA\n^DFE:FILENAMEGOESHERE.ZPL^FS\n^MMT\n^PW406\n^LL0264\n^LS0\n\n^FT10,40^A0N,26,26^FH^FN1^FDPT-1^FS\n^FT10,68^A0N,26,24^FH^FN2^FDPT-2^FS\n^FT10,90^A0N,18,18^FH^FN3^FDLF-1^FS\n^FT10,110^A0N,18,18^FH^FN6^FDLF-2^FS\n\n^FT10,210^BQN,2,4^FN7^FDqrcode^FS\n^FT315,70^A0N,18,18^FH^FN8^FDST-1^FS\n\n^FT100,140^A0N,18,16^FH^FN15^FDSF-1^FS\n^FT100,180^A0N,18,16^FH^FN16^FDSF-2^FS\n\n\n^FT220,140^A0N,18,16^FH^FN9^FDSF-3^FS\n^FT220,180^A0N,18,16^FH^FN10^FDSF-4^FS\n\n^BY1,3,60^FT330,172,1^BCR,,N,N\n^A0N,18,18^FN11^FDcode^FS\n^FT380,203,1^A0N,18,18^FH^FN11^FDcode^FS\n\n\n^PQ1,0,1,Y^XZ\n^XA^ID000.GRF^FS^XZ','prn for medium retail label','2020-02-17 13:20:10',NULL,'LIQUIBASE',1,1,'2020-02-17 13:20:10'),(75,NULL,0,'F034941D-27A3-4425-ADD3-D39473A23B94','1e43a152-f84f-4022-a2c6-0c66c86e9e70',NULL,'logging','DB_API_LOGGING_LEVEL','ERROR','Options are NONE, INFO, DEBUG, WARNING and ERROR, ERROR is recommended (500s will be logged)','2020-02-17 13:20:10',NULL,'LIQUIBASE',1,1,'2020-02-17 13:20:10'),(1098,NULL,0,'DBF46D6C-D2CD-4F3F-9C42-711E47AF74D5','1e43a152-f84f-4022-a2c6-0c66c86e9e70',NULL,'inventory','INVENTORY_COUNT_BY_PACKAGE','1','Inventory Count by Package','2019-01-14 13:48:18',NULL,'LIQUIBASE',1,1,'2019-01-14 13:48:18'),(1099,NULL,0,'E28C04AC-5D4C-11E9-8878-A791E0B1D61C','1e43a152-f84f-4022-a2c6-0c66c86e9e70',NULL,'label','MEDIUM_BATCH_LABEL_PRN','CT~~CD,~CC^~CT~\n^XA~TA000~JSN^LT0^MNW^MTD^PON^PMN^LH0,0^JMA^PR2,2~SD15^JUS^LRN^CI0^XZ\n^XA^CWS,E:SPA000.FNT^XZ\n^XA\n^DFE:FILENAMEGOESHERE.ZPL^FS\n^MMT\n^PW406\n^LL0264\n^LS0\n\n^FT25,50^ASN,32,32^FH\\^FN1^FDPT-1^FS\n^FT290,50^A0N,24,24^FH\\^FN2^FDST-1^FS\n^FT25,90^A0N,16,16^FH\\^FN3^FDLF-1^FS\n^FT25,120^A0N,16,16^FH\\^FN4^FDLF-2^FS\n^FT285,90^A0N,18,18^FH\\^FN5^FDSF-1^FS\n^FT285,120^A0N,18,18^FH\\^FN6^FDSF-2^FS\n^FT25,200^A0N,16,16^FH\\^FN7^FDcode^FS\n^BY1,3,48^FT25,180^BCN,,N,N\n^A0N,16,16^FN7^FDcode^FS\n\n\n^PQ1,0,1,Y^XZ\n^XA^ID000.GRF^FS^XZ','prn for medium batch label','2019-03-26 16:00:16',NULL,'LIQUIBASE',1,1,'2019-03-26 16:00:16'),(1100,NULL,0,'F034941D-27A3-4425-ADD3-D39473A23B96','1e43a152-f84f-4022-a2c6-0c66c86e9e70',NULL,'menu','MENU_CACHE_EXPIRE_TTL_MINUTES','1','Menu expiry ttl minutes','2019-01-14 13:48:18',NULL,'LIQUIBASE',1,1,'2019-01-14 13:48:18');
/*!40000 ALTER TABLE `tz_configuration_aud` ENABLE KEYS */;
UNLOCK TABLES;

--
-- Table structure for table `tz_credit_note`
--

DROP TABLE IF EXISTS `tz_credit_note`;
/*!40101 SET @saved_cs_client     = @@character_set_client */;
/*!40101 SET character_set_client = utf8 */;
CREATE TABLE `tz_credit_note` (
  `id` varchar(45) NOT NULL,
  `tenant_id` varchar(45) NOT NULL,
  `prev_id` varchar(45) DEFAULT NULL,
  `distributor_id` varchar(45) NOT NULL,
  `invoice_line_id` varchar(45) DEFAULT NULL,
  `amount` decimal(16,6) NOT NULL,
  `created_by_action` varchar(45) DEFAULT NULL,
  `approver_id` varchar(45) NOT NULL,
  `start_date` datetime NOT NULL,
  `end_date` datetime DEFAULT NULL,
  `current_flag` tinyint(4) NOT NULL DEFAULT '1',
  `version` int(11) NOT NULL,
  `original_start_date` datetime NOT NULL,
  `last_user_id` varchar(45) NOT NULL,
  PRIMARY KEY (`id`),
  KEY `credit_note_tenant_idx` (`tenant_id`),
  KEY `tz_credit_note_distributor_reference_idx` (`distributor_id`),
  KEY `tz_credit_note_invoice_line_reference_idx` (`invoice_line_id`),
  CONSTRAINT `tz_credit_note_distributor_reference` FOREIGN KEY (`distributor_id`) REFERENCES `tz_distributor` (`id`) ON DELETE NO ACTION ON UPDATE NO ACTION,
  CONSTRAINT `tz_credit_note_invoice_line_reference` FOREIGN KEY (`invoice_line_id`) REFERENCES `tz_invoice_line` (`id`) ON DELETE NO ACTION ON UPDATE NO ACTION,
  CONSTRAINT `tz_credit_note_tenant_reference` FOREIGN KEY (`tenant_id`) REFERENCES `tz_tenant` (`id`) ON DELETE NO ACTION ON UPDATE NO ACTION
) ENGINE=InnoDB DEFAULT CHARSET=utf8;
/*!40101 SET character_set_client = @saved_cs_client */;

--
-- Dumping data for table `tz_credit_note`
--

LOCK TABLES `tz_credit_note` WRITE;
/*!40000 ALTER TABLE `tz_credit_note` DISABLE KEYS */;
/*!40000 ALTER TABLE `tz_credit_note` ENABLE KEYS */;
UNLOCK TABLES;

--
-- Table structure for table `tz_credit_note_aud`
--

DROP TABLE IF EXISTS `tz_credit_note_aud`;
/*!40101 SET @saved_cs_client     = @@character_set_client */;
/*!40101 SET character_set_client = utf8 */;
CREATE TABLE `tz_credit_note_aud` (
  `rev` int(11) NOT NULL DEFAULT '0',
  `revend` int(11) DEFAULT NULL,
  `revtype` smallint(6) DEFAULT NULL,
  `id` varchar(45) NOT NULL,
  `tenant_id` varchar(45) NOT NULL,
  `prev_id` varchar(45) DEFAULT NULL,
  `distributor_id` varchar(45) NOT NULL,
  `invoice_line_id` varchar(45) DEFAULT NULL,
  `amount` decimal(16,6) NOT NULL,
  `created_by_action` varchar(45) DEFAULT NULL,
  `approver_id` varchar(45) NOT NULL,
  `start_date` datetime NOT NULL,
  `end_date` datetime DEFAULT NULL,
  `current_flag` tinyint(4) NOT NULL DEFAULT '1',
  `version` int(11) DEFAULT NULL,
  `original_start_date` datetime NOT NULL,
  `last_user_id` varchar(45) NOT NULL,
  PRIMARY KEY (`rev`,`id`),
  KEY `credit_note_aud_credit_note_idx` (`id`),
  KEY `credit_note_aud_tenant_idx` (`tenant_id`),
  KEY `credit_note_aud_distributor_idx` (`distributor_id`),
  KEY `credit_note_aud_invoice_line_idx` (`invoice_line_id`)
) ENGINE=InnoDB DEFAULT CHARSET=utf8;
/*!40101 SET character_set_client = @saved_cs_client */;

--
-- Dumping data for table `tz_credit_note_aud`
--

LOCK TABLES `tz_credit_note_aud` WRITE;
/*!40000 ALTER TABLE `tz_credit_note_aud` DISABLE KEYS */;
/*!40000 ALTER TABLE `tz_credit_note_aud` ENABLE KEYS */;
UNLOCK TABLES;

--
-- Table structure for table `tz_discount_and_fee`
--

DROP TABLE IF EXISTS `tz_discount_and_fee`;
/*!40101 SET @saved_cs_client     = @@character_set_client */;
/*!40101 SET character_set_client = utf8 */;
CREATE TABLE `tz_discount_and_fee` (
  `id` varchar(45) NOT NULL,
  `tenant_id` varchar(45) NOT NULL,
  `label` varchar(255) NOT NULL,
  `method` varchar(45) NOT NULL,
  `amount` decimal(16,6) NOT NULL,
  `type` varchar(45) NOT NULL,
  `reference_type` varchar(45) NOT NULL,
  `reference_id` varchar(45) NOT NULL,
  `is_spread` tinyint(1) NOT NULL DEFAULT '0',
  `excise_eligible` tinyint(1) NOT NULL DEFAULT '1',
  `excise_tax_charged` decimal(16,6) DEFAULT NULL,
  `prev_id` varchar(45) DEFAULT NULL,
  `start_date` datetime NOT NULL,
  `end_date` datetime DEFAULT NULL,
  `is_active` tinyint(4) NOT NULL,
  `current_flag` tinyint(4) NOT NULL DEFAULT '1',
  `version` int(11) NOT NULL,
  `original_start_date` datetime NOT NULL,
  `last_user_id` varchar(45) NOT NULL,
  PRIMARY KEY (`id`),
  KEY `tenant_idx` (`tenant_id`),
  KEY `reference_idx` (`reference_id`),
  KEY `discount_reference_idx` (`tenant_id`,`current_flag`,`reference_id`,`reference_type`),
  CONSTRAINT `discount_fee_tenant_fk` FOREIGN KEY (`tenant_id`) REFERENCES `tz_tenant` (`id`) ON DELETE NO ACTION ON UPDATE NO ACTION
) ENGINE=InnoDB DEFAULT CHARSET=utf8;
/*!40101 SET character_set_client = @saved_cs_client */;

--
-- Dumping data for table `tz_discount_and_fee`
--

LOCK TABLES `tz_discount_and_fee` WRITE;
/*!40000 ALTER TABLE `tz_discount_and_fee` DISABLE KEYS */;
/*!40000 ALTER TABLE `tz_discount_and_fee` ENABLE KEYS */;
UNLOCK TABLES;

--
-- Table structure for table `tz_discount_and_fee_aud`
--

DROP TABLE IF EXISTS `tz_discount_and_fee_aud`;
/*!40101 SET @saved_cs_client     = @@character_set_client */;
/*!40101 SET character_set_client = utf8 */;
CREATE TABLE `tz_discount_and_fee_aud` (
  `rev` int(11) NOT NULL DEFAULT '0',
  `revend` int(11) DEFAULT NULL,
  `revtype` smallint(6) DEFAULT NULL,
  `id` varchar(45) NOT NULL,
  `tenant_id` varchar(45) NOT NULL,
  `label` varchar(255) NOT NULL,
  `method` varchar(45) NOT NULL,
  `amount` decimal(16,6) NOT NULL,
  `type` varchar(45) NOT NULL,
  `reference_type` varchar(45) NOT NULL,
  `reference_id` varchar(45) NOT NULL,
  `is_spread` tinyint(1) NOT NULL DEFAULT '0',
  `excise_eligible` tinyint(1) NOT NULL DEFAULT '1',
  `excise_tax_charged` decimal(16,6) DEFAULT NULL,
  `prev_id` varchar(45) DEFAULT NULL,
  `start_date` datetime NOT NULL,
  `end_date` datetime DEFAULT NULL,
  `is_active` tinyint(4) NOT NULL,
  `current_flag` tinyint(4) NOT NULL DEFAULT '1',
  `version` int(11) DEFAULT NULL,
  `original_start_date` datetime NOT NULL,
  `last_user_id` varchar(45) NOT NULL,
  PRIMARY KEY (`rev`,`id`),
  KEY `discount_and_fee_aud_discount_and_fee_idx` (`id`),
  KEY `discount_and_fee_aud_tenant_idx` (`tenant_id`),
  KEY `discount_and_fee_aud_reference_id` (`reference_id`)
) ENGINE=InnoDB DEFAULT CHARSET=utf8;
/*!40101 SET character_set_client = @saved_cs_client */;

--
-- Dumping data for table `tz_discount_and_fee_aud`
--

LOCK TABLES `tz_discount_and_fee_aud` WRITE;
/*!40000 ALTER TABLE `tz_discount_and_fee_aud` DISABLE KEYS */;
/*!40000 ALTER TABLE `tz_discount_and_fee_aud` ENABLE KEYS */;
UNLOCK TABLES;

--
-- Table structure for table `tz_distributor`
--

DROP TABLE IF EXISTS `tz_distributor`;
/*!40101 SET @saved_cs_client     = @@character_set_client */;
/*!40101 SET character_set_client = utf8 */;
CREATE TABLE `tz_distributor` (
  `id` varchar(45) NOT NULL,
  `tenant_id` varchar(45) NOT NULL,
  `prev_id` varchar(45) DEFAULT NULL,
  `name` varchar(255) NOT NULL,
  `business_name` varchar(255) DEFAULT NULL,
  `phone` varchar(45) DEFAULT NULL,
  `email` varchar(100) DEFAULT NULL,
  `address` varchar(255) DEFAULT NULL,
  `term_id` varchar(45) DEFAULT NULL,
  `arms_length` tinyint(4) NOT NULL,
  `lead_time` int(11) DEFAULT NULL,
  `delivery_days` varchar(255) DEFAULT NULL,
  `credit_balance` decimal(16,6) NOT NULL DEFAULT '0.000000',
  `payment_method` varchar(45) DEFAULT NULL,
  `start_date` datetime NOT NULL,
  `end_date` datetime DEFAULT NULL,
  `is_active` tinyint(4) NOT NULL,
  `current_flag` tinyint(4) NOT NULL DEFAULT '1',
  `version` int(11) NOT NULL,
  `original_start_date` datetime NOT NULL,
  `last_user_id` varchar(45) NOT NULL,
  PRIMARY KEY (`id`),
  KEY `distributor_location_idx` (`tenant_id`),
  CONSTRAINT `tz_distributor_tenant_reference` FOREIGN KEY (`tenant_id`) REFERENCES `tz_tenant` (`id`) ON DELETE NO ACTION ON UPDATE NO ACTION
) ENGINE=InnoDB DEFAULT CHARSET=utf8;
/*!40101 SET character_set_client = @saved_cs_client */;

--
-- Dumping data for table `tz_distributor`
--

LOCK TABLES `tz_distributor` WRITE;
/*!40000 ALTER TABLE `tz_distributor` DISABLE KEYS */;
INSERT INTO `tz_distributor` VALUES ('bdc2278b-0620-11e8-b4e9-02429027d658','1e43a152-f84f-4022-a2c6-0c66c86e9e70',NULL,'TREEZ',NULL,NULL,NULL,NULL,'636bc474-49b4-11e9-8035-774805423a5c',1,NULL,NULL,0.000000,NULL,'2018-01-30 16:50:32',NULL,1,1,1,'2018-01-30 16:50:32','LIQUIBASE');
/*!40000 ALTER TABLE `tz_distributor` ENABLE KEYS */;
UNLOCK TABLES;

--
-- Table structure for table `tz_distributor_aud`
--

DROP TABLE IF EXISTS `tz_distributor_aud`;
/*!40101 SET @saved_cs_client     = @@character_set_client */;
/*!40101 SET character_set_client = utf8 */;
CREATE TABLE `tz_distributor_aud` (
  `rev` int(11) NOT NULL DEFAULT '0',
  `revend` int(11) DEFAULT NULL,
  `revtype` smallint(6) DEFAULT NULL,
  `id` varchar(45) NOT NULL,
  `tenant_id` varchar(45) NOT NULL,
  `prev_id` varchar(45) DEFAULT NULL,
  `name` varchar(255) NOT NULL,
  `business_name` varchar(255) DEFAULT NULL,
  `phone` varchar(45) DEFAULT NULL,
  `email` varchar(100) DEFAULT NULL,
  `address` varchar(255) DEFAULT NULL,
  `term_id` varchar(45) DEFAULT NULL,
  `arms_length` tinyint(4) NOT NULL,
  `lead_time` int(11) DEFAULT NULL,
  `delivery_days` varchar(255) DEFAULT NULL,
  `credit_balance` decimal(16,6) NOT NULL DEFAULT '0.000000',
  `payment_method` varchar(45) DEFAULT NULL,
  `start_date` datetime NOT NULL,
  `end_date` datetime DEFAULT NULL,
  `is_active` tinyint(4) NOT NULL,
  `current_flag` tinyint(4) NOT NULL DEFAULT '1',
  `version` int(11) DEFAULT NULL,
  `original_start_date` datetime NOT NULL,
  `last_user_id` varchar(45) NOT NULL,
  PRIMARY KEY (`rev`,`id`),
  KEY `distributor_aud_distributor_idx` (`id`),
  KEY `distributor_aud_tenant_idx` (`tenant_id`)
) ENGINE=InnoDB DEFAULT CHARSET=utf8;
/*!40101 SET character_set_client = @saved_cs_client */;

--
-- Dumping data for table `tz_distributor_aud`
--

LOCK TABLES `tz_distributor_aud` WRITE;
/*!40000 ALTER TABLE `tz_distributor_aud` DISABLE KEYS */;
INSERT INTO `tz_distributor_aud` VALUES (76,NULL,0,'bdc2278b-0620-11e8-b4e9-02429027d658','1e43a152-f84f-4022-a2c6-0c66c86e9e70',NULL,'TREEZ',NULL,NULL,NULL,NULL,'636bc474-49b4-11e9-8035-774805423a5c',1,NULL,NULL,0.000000,NULL,'2018-01-30 16:50:32',NULL,1,1,1,'2018-01-30 16:50:32','LIQUIBASE');
/*!40000 ALTER TABLE `tz_distributor_aud` ENABLE KEYS */;
UNLOCK TABLES;

--
-- Table structure for table `tz_distributor_representative`
--

DROP TABLE IF EXISTS `tz_distributor_representative`;
/*!40101 SET @saved_cs_client     = @@character_set_client */;
/*!40101 SET character_set_client = utf8 */;
CREATE TABLE `tz_distributor_representative` (
  `id` varchar(45) NOT NULL,
  `tenant_id` varchar(45) NOT NULL,
  `prev_id` varchar(45) DEFAULT NULL,
  `distributor_id` varchar(45) NOT NULL,
  `name` varchar(255) NOT NULL,
  `phone` varchar(45) DEFAULT NULL,
  `email` varchar(45) DEFAULT NULL,
  `role` varchar(45) DEFAULT NULL,
  `notes` text,
  `start_date` datetime NOT NULL,
  `end_date` datetime DEFAULT NULL,
  `current_flag` tinyint(4) NOT NULL DEFAULT '1',
  `version` int(11) NOT NULL,
  `original_start_date` datetime NOT NULL,
  `last_user_id` varchar(45) NOT NULL,
  PRIMARY KEY (`id`),
  KEY `distributor_representative_tenant_idx` (`tenant_id`),
  KEY `tz_distributor_distributor_representative_reference` (`distributor_id`),
  CONSTRAINT `tz_distributor_distributor_representative_reference` FOREIGN KEY (`distributor_id`) REFERENCES `tz_distributor` (`id`) ON DELETE NO ACTION ON UPDATE NO ACTION,
  CONSTRAINT `tz_tenant_distributor_representative_reference` FOREIGN KEY (`tenant_id`) REFERENCES `tz_tenant` (`id`) ON DELETE NO ACTION ON UPDATE NO ACTION
) ENGINE=InnoDB DEFAULT CHARSET=utf8;
/*!40101 SET character_set_client = @saved_cs_client */;

--
-- Dumping data for table `tz_distributor_representative`
--

LOCK TABLES `tz_distributor_representative` WRITE;
/*!40000 ALTER TABLE `tz_distributor_representative` DISABLE KEYS */;
/*!40000 ALTER TABLE `tz_distributor_representative` ENABLE KEYS */;
UNLOCK TABLES;

--
-- Table structure for table `tz_distributor_representative_aud`
--

DROP TABLE IF EXISTS `tz_distributor_representative_aud`;
/*!40101 SET @saved_cs_client     = @@character_set_client */;
/*!40101 SET character_set_client = utf8 */;
CREATE TABLE `tz_distributor_representative_aud` (
  `rev` int(11) NOT NULL DEFAULT '0',
  `revend` int(11) DEFAULT NULL,
  `revtype` smallint(6) DEFAULT NULL,
  `id` varchar(45) NOT NULL,
  `tenant_id` varchar(45) NOT NULL,
  `prev_id` varchar(45) DEFAULT NULL,
  `distributor_id` varchar(45) NOT NULL,
  `name` varchar(255) NOT NULL,
  `phone` varchar(45) DEFAULT NULL,
  `email` varchar(45) DEFAULT NULL,
  `role` varchar(45) DEFAULT NULL,
  `notes` text,
  `start_date` datetime NOT NULL,
  `end_date` datetime DEFAULT NULL,
  `current_flag` tinyint(4) NOT NULL DEFAULT '1',
  `version` int(11) DEFAULT NULL,
  `original_start_date` datetime NOT NULL,
  `last_user_id` varchar(45) NOT NULL,
  PRIMARY KEY (`rev`,`id`),
  KEY `distributor_representative_aud_distributor_representative_idx` (`id`),
  KEY `distirbutor_representative_aud_tenant_idx` (`tenant_id`),
  KEY `distributor_representative_aud_distributor_idx` (`distributor_id`)
) ENGINE=InnoDB DEFAULT CHARSET=utf8;
/*!40101 SET character_set_client = @saved_cs_client */;

--
-- Dumping data for table `tz_distributor_representative_aud`
--

LOCK TABLES `tz_distributor_representative_aud` WRITE;
/*!40000 ALTER TABLE `tz_distributor_representative_aud` DISABLE KEYS */;
/*!40000 ALTER TABLE `tz_distributor_representative_aud` ENABLE KEYS */;
UNLOCK TABLES;

--
-- Table structure for table `tz_dropdown`
--

DROP TABLE IF EXISTS `tz_dropdown`;
/*!40101 SET @saved_cs_client     = @@character_set_client */;
/*!40101 SET character_set_client = utf8 */;
CREATE TABLE `tz_dropdown` (
  `id` varchar(45) NOT NULL,
  `tenant_id` varchar(45) NOT NULL,
  `prev_id` varchar(45) DEFAULT NULL,
  `name` varchar(45) NOT NULL,
  `label` varchar(255) DEFAULT NULL,
  `value` varchar(45) NOT NULL,
  `version` int(11) NOT NULL,
  `original_start_date` datetime NOT NULL,
  `last_user_id` varchar(45) NOT NULL,
  `current_flag` tinyint(1) NOT NULL,
  `start_date` datetime NOT NULL,
  `end_date` datetime DEFAULT NULL,
  PRIMARY KEY (`id`),
  KEY `dropdown_tenant_idx` (`tenant_id`),
  CONSTRAINT `dropdown_tenant` FOREIGN KEY (`tenant_id`) REFERENCES `tz_tenant` (`id`) ON DELETE NO ACTION ON UPDATE NO ACTION
) ENGINE=InnoDB DEFAULT CHARSET=utf8;
/*!40101 SET character_set_client = @saved_cs_client */;

--
-- Dumping data for table `tz_dropdown`
--

LOCK TABLES `tz_dropdown` WRITE;
/*!40000 ALTER TABLE `tz_dropdown` DISABLE KEYS */;
INSERT INTO `tz_dropdown` VALUES ('00ceb02a-50c5-4d57-90e3-f58e1f9b00b9','1e43a152-f84f-4022-a2c6-0c66c86e9e70',NULL,'CLASSIFICATION','I/S','I/S',1,'2000-01-01 00:00:00','LIQUIBASE',1,'2000-01-01 00:00:00',NULL),('06a99025-26d3-4552-8405-45b0bccadcf0','1e43a152-f84f-4022-a2c6-0c66c86e9e70',NULL,'LAB_RESULT_TYPES','CBCV','CBCV',1,'2010-01-01 00:00:00','LIQUIBASE',1,'2010-01-01 00:00:00',NULL),('09236aa6-7911-4186-a7ff-a6bdd0539bb2','1e43a152-f84f-4022-a2c6-0c66c86e9e70',NULL,'LAB_RESULT_TYPES','LIMONENE','LIMONENE',1,'2010-01-01 00:00:00','LIQUIBASE',1,'2010-01-01 00:00:00',NULL),('159a8bcd-163a-4c9f-8b98-9f351456e92d','1e43a152-f84f-4022-a2c6-0c66c86e9e70',NULL,'LAB_RESULT_TYPES','HUMULENE','HUMULENE',1,'2010-01-01 00:00:00','LIQUIBASE',1,'2010-01-01 00:00:00',NULL),('19ea199e-21ba-4490-a2b9-f43dc8c46c1b','1e43a152-f84f-4022-a2c6-0c66c86e9e70',NULL,'LAB_RESULT_TYPES','THC','THC',1,'2010-01-01 00:00:00','LIQUIBASE',1,'2010-01-01 00:00:00',NULL),('1AB401A7-41DE-4659-8F5D9-2F89D4D977E6','1e43a152-f84f-4022-a2c6-0c66c86e9e70',NULL,'MERCH_SUBTYPE','OTHER','OTHER',1,'2019-06-05 17:49:37','LIQUIBASE',1,'2019-06-05 17:49:37',NULL),('1bb88061-f0bd-48fd-9518-a765d63328ea','1e43a152-f84f-4022-a2c6-0c66c86e9e70',NULL,'CLASSIFICATION','KUSH','KUSH',1,'2000-01-01 00:00:00','LIQUIBASE',1,'2000-01-01 00:00:00',NULL),('1f5a15c5-7a84-41ea-885b-e1d7a9278942','1e43a152-f84f-4022-a2c6-0c66c86e9e70',NULL,'CLASSIFICATION','INDICA','INDICA',1,'2000-01-01 00:00:00','LIQUIBASE',1,'2000-01-01 00:00:00',NULL),('2099b83e-2fb6-4c15-bc6a-e053d345f497','1e43a152-f84f-4022-a2c6-0c66c86e9e70',NULL,'CLASSIFICATION','CBD','CBD',1,'2000-01-01 00:00:00','LIQUIBASE',1,'2000-01-01 00:00:00',NULL),('2142FBB3-A6EE-4638-A7C8-20CBD4DE1A55','1e43a152-f84f-4022-a2c6-0c66c86e9e70',NULL,'EXTRACT_SUBTYPE','ISOLATE','ISOLATE',1,'2019-06-05 17:49:37','LIQUIBASE',1,'2019-06-05 17:49:37',NULL),('258672C7-4F01-4842-9243-3E31A53858E3','1e43a152-f84f-4022-a2c6-0c66c86e9e70',NULL,'PILL_SUBTYPE','TABLET','TABLET',1,'2019-06-05 17:49:37','LIQUIBASE',1,'2019-06-05 17:49:37',NULL),('268A1799-1FEC-4ADA-A401-514942970CF9','1e43a152-f84f-4022-a2c6-0c66c86e9e70',NULL,'EXTRACT_SUBTYPE','RSO','RSO',1,'2019-06-05 17:49:37','LIQUIBASE',1,'2019-06-05 17:49:37',NULL),('2a12e9ed-b971-4cb0-90a4-eee3772644b4','1e43a152-f84f-4022-a2c6-0c66c86e9e70',NULL,'LAB_RESULT_TYPES','BETA_PINENE','BETA_PINENE',1,'2010-01-01 00:00:00','LIQUIBASE',1,'2010-01-01 00:00:00',NULL),('2a654278-bf97-46f6-8051-155321bc0e0b','1e43a152-f84f-4022-a2c6-0c66c86e9e70',NULL,'LAB_RESULT_UNIT_TYPES','MG','MG',1,'2010-01-01 00:00:00','LIQUIBASE',1,'2010-01-01 00:00:00',NULL),('2b47a330-1031-11e6-9602-f4f26d067d54','1e43a152-f84f-4022-a2c6-0c66c86e9e70',NULL,'CLASSIFICATION','HYBRID','HYBRID',1,'2000-01-01 00:00:00','LIQUIBASE',1,'2000-01-01 00:00:00',NULL),('2b47a775-1031-11e6-9602-f4f26d067d54','1e43a152-f84f-4022-a2c6-0c66c86e9e70',NULL,'CLASSIFICATION','NONE','NONE',1,'2000-01-01 00:00:00','LIQUIBASE',1,'2000-01-01 00:00:00',NULL),('2b47a87c-1031-11e6-9602-f4f26d067d54','1e43a152-f84f-4022-a2c6-0c66c86e9e70',NULL,'CLASSIFICATION','S/I','S/I',1,'2000-01-01 00:00:00','LIQUIBASE',1,'2000-01-01 00:00:00',NULL),('2b47a925-1031-11e6-9602-f4f26d067d54','1e43a152-f84f-4022-a2c6-0c66c86e9e70',NULL,'CLASSIFICATION','SATIVA','SATIVA',1,'2000-01-01 00:00:00','LIQUIBASE',1,'2000-01-01 00:00:00',NULL),('2ec42eed-ee06-4648-ba46-9a8381b6fa17','1e43a152-f84f-4022-a2c6-0c66c86e9e70',NULL,'LAB_RESULT_TYPES','CBG','CBG',1,'2010-01-01 00:00:00','LIQUIBASE',1,'2010-01-01 00:00:00',NULL),('2fac0122-3bd1-4aad-92dd-4f7df9cccea3','1e43a152-f84f-4022-a2c6-0c66c86e9e70',NULL,'LAB_RESULT_TYPES','BUTANE','BUTANE',1,'2010-01-01 00:00:00','LIQUIBASE',1,'2010-01-01 00:00:00',NULL),('378458F6-5715-4B5B-828E-1C5209265E9A','1e43a152-f84f-4022-a2c6-0c66c86e9e70',NULL,'BEVERAGE_SUBTYPE','WATER','WATER',1,'2019-06-05 17:49:37','LIQUIBASE',1,'2019-06-05 17:49:37',NULL),('3978aaf7-a485-45c7-afc3-72a2c6ead14d','1e43a152-f84f-4022-a2c6-0c66c86e9e70',NULL,'LAB_RESULT_TYPES','CBGV','CBGV',1,'2010-01-01 00:00:00','LIQUIBASE',1,'2010-01-01 00:00:00',NULL),('3C3E9C6D-9C63-435A-9CC1-AFE0A3A7D1C0','1e43a152-f84f-4022-a2c6-0c66c86e9e70',NULL,'EXTRACT_SUBTYPE','DIAMONDS','DIAMONDS',1,'2019-06-05 17:49:37','LIQUIBASE',1,'2019-06-05 17:49:37',NULL),('3CF35ABE-E5D8-44FE-B8CD-7686360F562F','1e43a152-f84f-4022-a2c6-0c66c86e9e70',NULL,'TINCTURE_SUBTYPE','SPRAY','SPRAY',1,'2019-06-05 17:49:37','LIQUIBASE',1,'2019-06-05 17:49:37',NULL),('46b44ea6-6c81-4403-adf8-2f631189ec1e','1e43a152-f84f-4022-a2c6-0c66c86e9e70',NULL,'LAB_RESULT_TYPES','TERPINEOL','TERPINEOL',1,'2010-01-01 00:00:00','LIQUIBASE',1,'2010-01-01 00:00:00',NULL),('483a3825-bd01-4977-8f8d-15573e1d6f4a','1e43a152-f84f-4022-a2c6-0c66c86e9e70',NULL,'LAB_RESULT_TYPES','CBD','CBD',1,'2010-01-01 00:00:00','LIQUIBASE',1,'2010-01-01 00:00:00',NULL),('4b1b64cc-51cb-11ea-9640-479b33305416','1e43a152-f84f-4022-a2c6-0c66c86e9e70',NULL,'BEVERAGE_SUBTYPE','BEER','BEER',1,'2010-01-01 00:00:00','LIQUIBASE',1,'2010-01-01 00:00:00',NULL),('4b1b66e8-51cb-11ea-9640-479b33305416','1e43a152-f84f-4022-a2c6-0c66c86e9e70',NULL,'BEVERAGE_SUBTYPE','COFFEE','COFFEE',1,'2010-01-01 00:00:00','LIQUIBASE',1,'2010-01-01 00:00:00',NULL),('4b1b6760-51cb-11ea-9640-479b33305416','1e43a152-f84f-4022-a2c6-0c66c86e9e70',NULL,'BEVERAGE_SUBTYPE','DISSOLVABLE','DISSOLVABLE',1,'2010-01-01 00:00:00','LIQUIBASE',1,'2010-01-01 00:00:00',NULL),('4b1b67c4-51cb-11ea-9640-479b33305416','1e43a152-f84f-4022-a2c6-0c66c86e9e70',NULL,'BEVERAGE_SUBTYPE','ELIXIR','ELIXIR',1,'2010-01-01 00:00:00','LIQUIBASE',1,'2010-01-01 00:00:00',NULL),('4b1b681e-51cb-11ea-9640-479b33305416','1e43a152-f84f-4022-a2c6-0c66c86e9e70',NULL,'BEVERAGE_SUBTYPE','JUICE','JUICE',1,'2010-01-01 00:00:00','LIQUIBASE',1,'2010-01-01 00:00:00',NULL),('4b1b6882-51cb-11ea-9640-479b33305416','1e43a152-f84f-4022-a2c6-0c66c86e9e70',NULL,'BEVERAGE_SUBTYPE','SHOT','SHOT',1,'2010-01-01 00:00:00','LIQUIBASE',1,'2010-01-01 00:00:00',NULL),('4b1b68c8-51cb-11ea-9640-479b33305416','1e43a152-f84f-4022-a2c6-0c66c86e9e70',NULL,'BEVERAGE_SUBTYPE','SODA','SODA',1,'2010-01-01 00:00:00','LIQUIBASE',1,'2010-01-01 00:00:00',NULL),('4b1b690e-51cb-11ea-9640-479b33305416','1e43a152-f84f-4022-a2c6-0c66c86e9e70',NULL,'BEVERAGE_SUBTYPE','TEA','TEA',1,'2010-01-01 00:00:00','LIQUIBASE',1,'2010-01-01 00:00:00',NULL),('4b1b695e-51cb-11ea-9640-479b33305416','1e43a152-f84f-4022-a2c6-0c66c86e9e70',NULL,'BEVERAGE_SUBTYPE','TONIC','TONIC',1,'2010-01-01 00:00:00','LIQUIBASE',1,'2010-01-01 00:00:00',NULL),('4b1b69ae-51cb-11ea-9640-479b33305416','1e43a152-f84f-4022-a2c6-0c66c86e9e70',NULL,'PILL_SUBTYPE','CAPSULE','CAPSULE',1,'2010-01-01 00:00:00','LIQUIBASE',1,'2010-01-01 00:00:00',NULL),('4b1b69f4-51cb-11ea-9640-479b33305416','1e43a152-f84f-4022-a2c6-0c66c86e9e70',NULL,'PILL_SUBTYPE','CHEWABLE','CHEWABLE',1,'2010-01-01 00:00:00','LIQUIBASE',1,'2010-01-01 00:00:00',NULL),('4b1b6a44-51cb-11ea-9640-479b33305416','1e43a152-f84f-4022-a2c6-0c66c86e9e70',NULL,'CBD_SUBTYPE','CAPSULE','CAPSULE',1,'2010-01-01 00:00:00','LIQUIBASE',1,'2010-01-01 00:00:00',NULL),('4b1b6c10-51cb-11ea-9640-479b33305416','1e43a152-f84f-4022-a2c6-0c66c86e9e70',NULL,'CBD_SUBTYPE','CREAM','CREAM',1,'2010-01-01 00:00:00','LIQUIBASE',1,'2010-01-01 00:00:00',NULL),('4b1b6c6a-51cb-11ea-9640-479b33305416','1e43a152-f84f-4022-a2c6-0c66c86e9e70',NULL,'CBD_SUBTYPE','OIL','OIL',1,'2010-01-01 00:00:00','LIQUIBASE',1,'2010-01-01 00:00:00',NULL),('4b1b6cba-51cb-11ea-9640-479b33305416','1e43a152-f84f-4022-a2c6-0c66c86e9e70',NULL,'CBD_SUBTYPE','TINCTURE','TINCTURE',1,'2010-01-01 00:00:00','LIQUIBASE',1,'2010-01-01 00:00:00',NULL),('4b1b6f80-51cb-11ea-9640-479b33305416','1e43a152-f84f-4022-a2c6-0c66c86e9e70',NULL,'TINCTURE_SUBTYPE','DROPPER','DROPPER',1,'2010-01-01 00:00:00','LIQUIBASE',1,'2010-01-01 00:00:00',NULL),('4b1b6fe4-51cb-11ea-9640-479b33305416','1e43a152-f84f-4022-a2c6-0c66c86e9e70',NULL,'TINCTURE_SUBTYPE','SYRUP','SYRUP',1,'2010-01-01 00:00:00','LIQUIBASE',1,'2010-01-01 00:00:00',NULL),('4b1b7034-51cb-11ea-9640-479b33305416','1e43a152-f84f-4022-a2c6-0c66c86e9e70',NULL,'CARTRIDGE_SUBTYPE','DISPOSABLE','DISPOSABLE',1,'2010-01-01 00:00:00','LIQUIBASE',1,'2010-01-01 00:00:00',NULL),('4b1b7084-51cb-11ea-9640-479b33305416','1e43a152-f84f-4022-a2c6-0c66c86e9e70',NULL,'CARTRIDGE_SUBTYPE','POD','POD',1,'2010-01-01 00:00:00','LIQUIBASE',1,'2010-01-01 00:00:00',NULL),('4b1b70d4-51cb-11ea-9640-479b33305416','1e43a152-f84f-4022-a2c6-0c66c86e9e70',NULL,'CARTRIDGE_SUBTYPE','SAUCE','SAUCE',1,'2010-01-01 00:00:00','LIQUIBASE',1,'2010-01-01 00:00:00',NULL),('4b1b711a-51cb-11ea-9640-479b33305416','1e43a152-f84f-4022-a2c6-0c66c86e9e70',NULL,'CARTRIDGE_SUBTYPE','510 THREAD','510 THREAD',1,'2010-01-01 00:00:00','LIQUIBASE',1,'2010-01-01 00:00:00',NULL),('4b1b716a-51cb-11ea-9640-479b33305416','1e43a152-f84f-4022-a2c6-0c66c86e9e70',NULL,'MISC_SUBTYPE','SUPPOSITORY','SUPPOSITORY',1,'2010-01-01 00:00:00','LIQUIBASE',1,'2010-01-01 00:00:00',NULL),('4b1b72b4-51cb-11ea-9640-479b33305416','1e43a152-f84f-4022-a2c6-0c66c86e9e70',NULL,'PREROLL_SUBTYPE','FLOWER','FLOWER',1,'2010-01-01 00:00:00','LIQUIBASE',1,'2010-01-01 00:00:00',NULL),('4b1b730e-51cb-11ea-9640-479b33305416','1e43a152-f84f-4022-a2c6-0c66c86e9e70',NULL,'PREROLL_SUBTYPE','INFUSED','INFUSED',1,'2010-01-01 00:00:00','LIQUIBASE',1,'2010-01-01 00:00:00',NULL),('4b1b7354-51cb-11ea-9640-479b33305416','1e43a152-f84f-4022-a2c6-0c66c86e9e70',NULL,'PREROLL_SUBTYPE','SHAKE','SHAKE',1,'2010-01-01 00:00:00','LIQUIBASE',1,'2010-01-01 00:00:00',NULL),('4b1b73a4-51cb-11ea-9640-479b33305416','1e43a152-f84f-4022-a2c6-0c66c86e9e70',NULL,'FLOWER_SUBTYPE','BULK FLOWER','BULK FLOWER',1,'2010-01-01 00:00:00','LIQUIBASE',1,'2010-01-01 00:00:00',NULL),('4b1b73f4-51cb-11ea-9640-479b33305416','1e43a152-f84f-4022-a2c6-0c66c86e9e70',NULL,'FLOWER_SUBTYPE','KIEF','KIEF',1,'2010-01-01 00:00:00','LIQUIBASE',1,'2010-01-01 00:00:00',NULL),('4b1b7444-51cb-11ea-9640-479b33305416','1e43a152-f84f-4022-a2c6-0c66c86e9e70',NULL,'FLOWER_SUBTYPE','PRE-PACK','PRE-PACK',1,'2010-01-01 00:00:00','LIQUIBASE',1,'2010-01-01 00:00:00',NULL),('4b1b748a-51cb-11ea-9640-479b33305416','1e43a152-f84f-4022-a2c6-0c66c86e9e70',NULL,'FLOWER_SUBTYPE','PRE-PACK SMALLS','PRE-PACK SMALLS',1,'2010-01-01 00:00:00','LIQUIBASE',1,'2010-01-01 00:00:00',NULL),('4b1b74d0-51cb-11ea-9640-479b33305416','1e43a152-f84f-4022-a2c6-0c66c86e9e70',NULL,'FLOWER_SUBTYPE','SHAKE','SHAKE',1,'2010-01-01 00:00:00','LIQUIBASE',1,'2010-01-01 00:00:00',NULL),('4b1b7520-51cb-11ea-9640-479b33305416','1e43a152-f84f-4022-a2c6-0c66c86e9e70',NULL,'FLOWER_SUBTYPE','STRAIN SPECIFIC SHAKE','STRAIN SPECIFIC SHAKE',1,'2010-01-01 00:00:00','LIQUIBASE',1,'2010-01-01 00:00:00',NULL),('4b1b7566-51cb-11ea-9640-479b33305416','1e43a152-f84f-4022-a2c6-0c66c86e9e70',NULL,'EXTRACT_SUBTYPE','BADDER','BADDER',1,'2010-01-01 00:00:00','LIQUIBASE',1,'2010-01-01 00:00:00',NULL),('4b1b75b6-51cb-11ea-9640-479b33305416','1e43a152-f84f-4022-a2c6-0c66c86e9e70',NULL,'EXTRACT_SUBTYPE','BUDDER','BUDDER',1,'2010-01-01 00:00:00','LIQUIBASE',1,'2010-01-01 00:00:00',NULL),('4b1b75fc-51cb-11ea-9640-479b33305416','1e43a152-f84f-4022-a2c6-0c66c86e9e70',NULL,'EXTRACT_SUBTYPE','CRUMBLE','CRUMBLE',1,'2010-01-01 00:00:00','LIQUIBASE',1,'2010-01-01 00:00:00',NULL),('4b1b7642-51cb-11ea-9640-479b33305416','1e43a152-f84f-4022-a2c6-0c66c86e9e70',NULL,'EXTRACT_SUBTYPE','CRYSTALLINE','CRYSTALLINE',1,'2010-01-01 00:00:00','LIQUIBASE',1,'2010-01-01 00:00:00',NULL),('4b1b7692-51cb-11ea-9640-479b33305416','1e43a152-f84f-4022-a2c6-0c66c86e9e70',NULL,'EXTRACT_SUBTYPE','CURED RESIN','CURED RESIN',1,'2010-01-01 00:00:00','LIQUIBASE',1,'2010-01-01 00:00:00',NULL),('4b1b76d8-51cb-11ea-9640-479b33305416','1e43a152-f84f-4022-a2c6-0c66c86e9e70',NULL,'EXTRACT_SUBTYPE','DISTILLATE','DISTILLATE',1,'2010-01-01 00:00:00','LIQUIBASE',1,'2010-01-01 00:00:00',NULL),('4b1b7728-51cb-11ea-9640-479b33305416','1e43a152-f84f-4022-a2c6-0c66c86e9e70',NULL,'EXTRACT_SUBTYPE','DRY SIFT','DRY SIFT',1,'2010-01-01 00:00:00','LIQUIBASE',1,'2010-01-01 00:00:00',NULL),('4b1b776e-51cb-11ea-9640-479b33305416','1e43a152-f84f-4022-a2c6-0c66c86e9e70',NULL,'EXTRACT_SUBTYPE','HASH','HASH',1,'2010-01-01 00:00:00','LIQUIBASE',1,'2010-01-01 00:00:00',NULL),('4b1b77b4-51cb-11ea-9640-479b33305416','1e43a152-f84f-4022-a2c6-0c66c86e9e70',NULL,'EXTRACT_SUBTYPE','HASH ROSIN','HASH ROSIN',1,'2010-01-01 00:00:00','LIQUIBASE',1,'2010-01-01 00:00:00',NULL),('4b1b77fa-51cb-11ea-9640-479b33305416','1e43a152-f84f-4022-a2c6-0c66c86e9e70',NULL,'EXTRACT_SUBTYPE','ICE WATER HASH','ICE WATER HASH',1,'2010-01-01 00:00:00','LIQUIBASE',1,'2010-01-01 00:00:00',NULL),('4b1b784a-51cb-11ea-9640-479b33305416','1e43a152-f84f-4022-a2c6-0c66c86e9e70',NULL,'EXTRACT_SUBTYPE','ICE WAX','ICE WAX',1,'2010-01-01 00:00:00','LIQUIBASE',1,'2010-01-01 00:00:00',NULL),('4b1b7890-51cb-11ea-9640-479b33305416','1e43a152-f84f-4022-a2c6-0c66c86e9e70',NULL,'EXTRACT_SUBTYPE','JELLY','JELLY',1,'2010-01-01 00:00:00','LIQUIBASE',1,'2010-01-01 00:00:00',NULL),('4b1b78d6-51cb-11ea-9640-479b33305416','1e43a152-f84f-4022-a2c6-0c66c86e9e70',NULL,'EXTRACT_SUBTYPE','LIVE RESIN','LIVE RESIN',1,'2010-01-01 00:00:00','LIQUIBASE',1,'2010-01-01 00:00:00',NULL),('4b1b7926-51cb-11ea-9640-479b33305416','1e43a152-f84f-4022-a2c6-0c66c86e9e70',NULL,'EXTRACT_SUBTYPE','LIVE RESIN BADDER','LIVE RESIN BADDER',1,'2010-01-01 00:00:00','LIQUIBASE',1,'2010-01-01 00:00:00',NULL),('4b1b796c-51cb-11ea-9640-479b33305416','1e43a152-f84f-4022-a2c6-0c66c86e9e70',NULL,'EXTRACT_SUBTYPE','LIVE RESIN BUDDER','LIVE RESIN BUDDER',1,'2010-01-01 00:00:00','LIQUIBASE',1,'2010-01-01 00:00:00',NULL),('4b1b79bc-51cb-11ea-9640-479b33305416','1e43a152-f84f-4022-a2c6-0c66c86e9e70',NULL,'EXTRACT_SUBTYPE','LIVE RESIN SUGAR','LIVE RESIN SUGAR',1,'2010-01-01 00:00:00','LIQUIBASE',1,'2010-01-01 00:00:00',NULL),('4b1b7a02-51cb-11ea-9640-479b33305416','1e43a152-f84f-4022-a2c6-0c66c86e9e70',NULL,'EXTRACT_SUBTYPE','LIVE ROSIN','LIVE ROSIN',1,'2010-01-01 00:00:00','LIQUIBASE',1,'2010-01-01 00:00:00',NULL),('4b1b7a48-51cb-11ea-9640-479b33305416','1e43a152-f84f-4022-a2c6-0c66c86e9e70',NULL,'EXTRACT_SUBTYPE','OIL','OIL',1,'2010-01-01 00:00:00','LIQUIBASE',1,'2010-01-01 00:00:00',NULL),('4b1b7a98-51cb-11ea-9640-479b33305416','1e43a152-f84f-4022-a2c6-0c66c86e9e70',NULL,'EXTRACT_SUBTYPE','OTHER','OTHER',1,'2010-01-01 00:00:00','LIQUIBASE',1,'2010-01-01 00:00:00',NULL),('4b1b7ade-51cb-11ea-9640-479b33305416','1e43a152-f84f-4022-a2c6-0c66c86e9e70',NULL,'EXTRACT_SUBTYPE','ROSIN BUDDER','ROSIN BUDDER',1,'2010-01-01 00:00:00','LIQUIBASE',1,'2010-01-01 00:00:00',NULL),('4b1b7b24-51cb-11ea-9640-479b33305416','1e43a152-f84f-4022-a2c6-0c66c86e9e70',NULL,'EXTRACT_SUBTYPE','SAUCE','SAUCE',1,'2010-01-01 00:00:00','LIQUIBASE',1,'2010-01-01 00:00:00',NULL),('4b1b7b74-51cb-11ea-9640-479b33305416','1e43a152-f84f-4022-a2c6-0c66c86e9e70',NULL,'EXTRACT_SUBTYPE','SHATTER','SHATTER',1,'2010-01-01 00:00:00','LIQUIBASE',1,'2010-01-01 00:00:00',NULL),('4b1b7bba-51cb-11ea-9640-479b33305416','1e43a152-f84f-4022-a2c6-0c66c86e9e70',NULL,'EXTRACT_SUBTYPE','SIFT ROSIN','SIFT ROSIN',1,'2010-01-01 00:00:00','LIQUIBASE',1,'2010-01-01 00:00:00',NULL),('4b1b7c0a-51cb-11ea-9640-479b33305416','1e43a152-f84f-4022-a2c6-0c66c86e9e70',NULL,'EXTRACT_SUBTYPE','SUGAR','SUGAR',1,'2010-01-01 00:00:00','LIQUIBASE',1,'2010-01-01 00:00:00',NULL),('4b1b7c5a-51cb-11ea-9640-479b33305416','1e43a152-f84f-4022-a2c6-0c66c86e9e70',NULL,'EXTRACT_SUBTYPE','THC-A','THC-A',1,'2010-01-01 00:00:00','LIQUIBASE',1,'2010-01-01 00:00:00',NULL),('4b1b7ca0-51cb-11ea-9640-479b33305416','1e43a152-f84f-4022-a2c6-0c66c86e9e70',NULL,'EXTRACT_SUBTYPE','WAX','WAX',1,'2010-01-01 00:00:00','LIQUIBASE',1,'2010-01-01 00:00:00',NULL),('4b1b7ce6-51cb-11ea-9640-479b33305416','1e43a152-f84f-4022-a2c6-0c66c86e9e70',NULL,'EDIBLE_SUBTYPE','BAKED GOOD','BAKED GOOD',1,'2010-01-01 00:00:00','LIQUIBASE',1,'2010-01-01 00:00:00',NULL),('4b1b7d36-51cb-11ea-9640-479b33305416','1e43a152-f84f-4022-a2c6-0c66c86e9e70',NULL,'EDIBLE_SUBTYPE','BUTTER','BUTTER',1,'2010-01-01 00:00:00','LIQUIBASE',1,'2010-01-01 00:00:00',NULL),('4b1b7d7c-51cb-11ea-9640-479b33305416','1e43a152-f84f-4022-a2c6-0c66c86e9e70',NULL,'EDIBLE_SUBTYPE','CHEW','CHEW',1,'2010-01-01 00:00:00','LIQUIBASE',1,'2010-01-01 00:00:00',NULL),('4b1b7dc2-51cb-11ea-9640-479b33305416','1e43a152-f84f-4022-a2c6-0c66c86e9e70',NULL,'EDIBLE_SUBTYPE','CHOCOLATE','CHOCOLATE',1,'2010-01-01 00:00:00','LIQUIBASE',1,'2010-01-01 00:00:00',NULL),('4b1b7e08-51cb-11ea-9640-479b33305416','1e43a152-f84f-4022-a2c6-0c66c86e9e70',NULL,'EDIBLE_SUBTYPE','COOKIE','COOKIE',1,'2010-01-01 00:00:00','LIQUIBASE',1,'2010-01-01 00:00:00',NULL),('4b1b7e4e-51cb-11ea-9640-479b33305416','1e43a152-f84f-4022-a2c6-0c66c86e9e70',NULL,'EDIBLE_SUBTYPE','GUMMY','GUMMY',1,'2010-01-01 00:00:00','LIQUIBASE',1,'2010-01-01 00:00:00',NULL),('4b1b7e94-51cb-11ea-9640-479b33305416','1e43a152-f84f-4022-a2c6-0c66c86e9e70',NULL,'EDIBLE_SUBTYPE','HARD CANDY','HARD CANDY',1,'2010-01-01 00:00:00','LIQUIBASE',1,'2010-01-01 00:00:00',NULL),('4b1b7ee4-51cb-11ea-9640-479b33305416','1e43a152-f84f-4022-a2c6-0c66c86e9e70',NULL,'EDIBLE_SUBTYPE','LOZENGE','LOZENGE',1,'2010-01-01 00:00:00','LIQUIBASE',1,'2010-01-01 00:00:00',NULL),('4b1b915e-51cb-11ea-9640-479b33305416','1e43a152-f84f-4022-a2c6-0c66c86e9e70',NULL,'EDIBLE_SUBTYPE','MINTS','MINTS',1,'2010-01-01 00:00:00','LIQUIBASE',1,'2010-01-01 00:00:00',NULL),('4b1b921c-51cb-11ea-9640-479b33305416','1e43a152-f84f-4022-a2c6-0c66c86e9e70',NULL,'EDIBLE_SUBTYPE','OIL','OIL',1,'2010-01-01 00:00:00','LIQUIBASE',1,'2010-01-01 00:00:00',NULL),('4b1b9280-51cb-11ea-9640-479b33305416','1e43a152-f84f-4022-a2c6-0c66c86e9e70',NULL,'EDIBLE_SUBTYPE','SAVORY','SAVORY',1,'2010-01-01 00:00:00','LIQUIBASE',1,'2010-01-01 00:00:00',NULL),('4b1b92da-51cb-11ea-9640-479b33305416','1e43a152-f84f-4022-a2c6-0c66c86e9e70',NULL,'EDIBLE_SUBTYPE','SUBLINGUAL','SUBLINGUAL',1,'2010-01-01 00:00:00','LIQUIBASE',1,'2010-01-01 00:00:00',NULL),('4b1b9334-51cb-11ea-9640-479b33305416','1e43a152-f84f-4022-a2c6-0c66c86e9e70',NULL,'EDIBLE_SUBTYPE','OTHER','OTHER',1,'2010-01-01 00:00:00','LIQUIBASE',1,'2010-01-01 00:00:00',NULL),('4b1b9384-51cb-11ea-9640-479b33305416','1e43a152-f84f-4022-a2c6-0c66c86e9e70',NULL,'PLANT_SUBTYPE','CLONE','CLONE',1,'2010-01-01 00:00:00','LIQUIBASE',1,'2010-01-01 00:00:00',NULL),('4b1b9424-51cb-11ea-9640-479b33305416','1e43a152-f84f-4022-a2c6-0c66c86e9e70',NULL,'PLANT_SUBTYPE','SEEDS','SEEDS',1,'2010-01-01 00:00:00','LIQUIBASE',1,'2010-01-01 00:00:00',NULL),('4b1b9474-51cb-11ea-9640-479b33305416','1e43a152-f84f-4022-a2c6-0c66c86e9e70',NULL,'TOPICAL_SUBTYPE','BALM','BALM',1,'2010-01-01 00:00:00','LIQUIBASE',1,'2010-01-01 00:00:00',NULL),('4b1b94ba-51cb-11ea-9640-479b33305416','1e43a152-f84f-4022-a2c6-0c66c86e9e70',NULL,'TOPICAL_SUBTYPE','CREAM','CREAM',1,'2010-01-01 00:00:00','LIQUIBASE',1,'2010-01-01 00:00:00',NULL),('4b1b950a-51cb-11ea-9640-479b33305416','1e43a152-f84f-4022-a2c6-0c66c86e9e70',NULL,'TOPICAL_SUBTYPE','LOTION','LOTION',1,'2010-01-01 00:00:00','LIQUIBASE',1,'2010-01-01 00:00:00',NULL),('4b1b96cc-51cb-11ea-9640-479b33305416','1e43a152-f84f-4022-a2c6-0c66c86e9e70',NULL,'TOPICAL_SUBTYPE','OIL','OIL',1,'2010-01-01 00:00:00','LIQUIBASE',1,'2010-01-01 00:00:00',NULL),('4b1b9730-51cb-11ea-9640-479b33305416','1e43a152-f84f-4022-a2c6-0c66c86e9e70',NULL,'TOPICAL_SUBTYPE','PATCH','PATCH',1,'2010-01-01 00:00:00','LIQUIBASE',1,'2010-01-01 00:00:00',NULL),('4b1b9780-51cb-11ea-9640-479b33305416','1e43a152-f84f-4022-a2c6-0c66c86e9e70',NULL,'TOPICAL_SUBTYPE','SALVE','SALVE',1,'2010-01-01 00:00:00','LIQUIBASE',1,'2010-01-01 00:00:00',NULL),('4b1b97d0-51cb-11ea-9640-479b33305416','1e43a152-f84f-4022-a2c6-0c66c86e9e70',NULL,'TOPICAL_SUBTYPE','SPRAY','SPRAY',1,'2010-01-01 00:00:00','LIQUIBASE',1,'2010-01-01 00:00:00',NULL),('4b1b982a-51cb-11ea-9640-479b33305416','1e43a152-f84f-4022-a2c6-0c66c86e9e70',NULL,'MERCH_SUBTYPE','BATTERY','BATTERY',1,'2010-01-01 00:00:00','LIQUIBASE',1,'2010-01-01 00:00:00',NULL),('4b1b987a-51cb-11ea-9640-479b33305416','1e43a152-f84f-4022-a2c6-0c66c86e9e70',NULL,'MERCH_SUBTYPE','BONG','BONG',1,'2010-01-01 00:00:00','LIQUIBASE',1,'2010-01-01 00:00:00',NULL),('4b1baa9a-51cb-11ea-9640-479b33305416','1e43a152-f84f-4022-a2c6-0c66c86e9e70',NULL,'MERCH_SUBTYPE','BOOK','BOOK',1,'2010-01-01 00:00:00','LIQUIBASE',1,'2010-01-01 00:00:00',NULL),('4b1bab76-51cb-11ea-9640-479b33305416','1e43a152-f84f-4022-a2c6-0c66c86e9e70',NULL,'MERCH_SUBTYPE','HAT','HAT',1,'2010-01-01 00:00:00','LIQUIBASE',1,'2010-01-01 00:00:00',NULL),('4b1babd0-51cb-11ea-9640-479b33305416','1e43a152-f84f-4022-a2c6-0c66c86e9e70',NULL,'MERCH_SUBTYPE','HOODIE','HOODIE',1,'2010-01-01 00:00:00','LIQUIBASE',1,'2010-01-01 00:00:00',NULL),('4b1bac2a-51cb-11ea-9640-479b33305416','1e43a152-f84f-4022-a2c6-0c66c86e9e70',NULL,'MERCH_SUBTYPE','LIGHTER','LIGHTER',1,'2010-01-01 00:00:00','LIQUIBASE',1,'2010-01-01 00:00:00',NULL),('4b1bac7a-51cb-11ea-9640-479b33305416','1e43a152-f84f-4022-a2c6-0c66c86e9e70',NULL,'MERCH_SUBTYPE','OIL RIG','OIL RIG',1,'2010-01-01 00:00:00','LIQUIBASE',1,'2010-01-01 00:00:00',NULL),('4b1bacca-51cb-11ea-9640-479b33305416','1e43a152-f84f-4022-a2c6-0c66c86e9e70',NULL,'MERCH_SUBTYPE','PIPE','PIPE',1,'2010-01-01 00:00:00','LIQUIBASE',1,'2010-01-01 00:00:00',NULL),('4b1bad24-51cb-11ea-9640-479b33305416','1e43a152-f84f-4022-a2c6-0c66c86e9e70',NULL,'MERCH_SUBTYPE','ROLLING PAPERS','SPRAY',1,'2010-01-01 00:00:00','LIQUIBASE',1,'2010-01-01 00:00:00',NULL),('4b1bad74-51cb-11ea-9640-479b33305416','1e43a152-f84f-4022-a2c6-0c66c86e9e70',NULL,'MERCH_SUBTYPE','SWEATSHIRT','SWEATSHIRT',1,'2010-01-01 00:00:00','LIQUIBASE',1,'2010-01-01 00:00:00',NULL),('4b1badd8-51cb-11ea-9640-479b33305416','1e43a152-f84f-4022-a2c6-0c66c86e9e70',NULL,'MERCH_SUBTYPE','T SHIRT','T SHIRT',1,'2010-01-01 00:00:00','LIQUIBASE',1,'2010-01-01 00:00:00',NULL),('4b1bae28-51cb-11ea-9640-479b33305416','1e43a152-f84f-4022-a2c6-0c66c86e9e70',NULL,'MERCH_SUBTYPE','VAPORIZER','VAPORIZER',1,'2010-01-01 00:00:00','LIQUIBASE',1,'2010-01-01 00:00:00',NULL),('4b1bae78-51cb-11ea-9640-479b33305416','1e43a152-f84f-4022-a2c6-0c66c86e9e70',NULL,'NON-INV_SUBTYPE','FEE','FEE',1,'2010-01-01 00:00:00','LIQUIBASE',1,'2010-01-01 00:00:00',NULL),('4b1baec8-51cb-11ea-9640-479b33305416','1e43a152-f84f-4022-a2c6-0c66c86e9e70',NULL,'NON-INV_SUBTYPE','MEMBERSHIP','MEMBERSHIP',1,'2010-01-01 00:00:00','LIQUIBASE',1,'2010-01-01 00:00:00',NULL),('4b1c6af2-51cb-11ea-9640-479b33305416','1e43a152-f84f-4022-a2c6-0c66c86e9e70',NULL,'EXTRACT_SUBTYPE','HASH ROSIN','HASH ROSIN',1,'2010-01-01 00:00:00','LIQUIBASE',1,'2010-01-01 00:00:00',NULL),('4e37c510-51cb-11ea-9640-479b33305416','1e43a152-f84f-4022-a2c6-0c66c86e9e70',NULL,'LAB_RESULT_TYPES','CBN','CBN',1,'2020-02-17 13:20:22','LIQUIBASE',1,'2020-02-17 13:20:22',NULL),('4e37c736-51cb-11ea-9640-479b33305416','1e43a152-f84f-4022-a2c6-0c66c86e9e70',NULL,'LAB_RESULT_TYPES','TOTAL_CANNABINOIDS','TOTAL_CANNABINOIDS',1,'2020-02-17 13:20:22','LIQUIBASE',1,'2020-02-17 13:20:22',NULL),('4e37c7b8-51cb-11ea-9640-479b33305416','1e43a152-f84f-4022-a2c6-0c66c86e9e70',NULL,'LAB_RESULT_TYPES','TOTAL_TERPENES','TOTAL_TERPENES',1,'2020-02-17 13:20:22','LIQUIBASE',1,'2020-02-17 13:20:22',NULL),('4e37c830-51cb-11ea-9640-479b33305416','1e43a152-f84f-4022-a2c6-0c66c86e9e70',NULL,'LAB_RESULT_TYPES','SABINENE','SABINENE',1,'2020-02-17 13:20:22','LIQUIBASE',1,'2020-02-17 13:20:22',NULL),('4e37c880-51cb-11ea-9640-479b33305416','1e43a152-f84f-4022-a2c6-0c66c86e9e70',NULL,'LAB_RESULT_TYPES','SABINENE_HYDRATE','SABINENE_HYDRATE',1,'2020-02-17 13:20:22','LIQUIBASE',1,'2020-02-17 13:20:22',NULL),('4e37c8da-51cb-11ea-9640-479b33305416','1e43a152-f84f-4022-a2c6-0c66c86e9e70',NULL,'LAB_RESULT_TYPES','BETA_MYRCENE','BETA_MYRCENE',1,'2020-02-17 13:20:22','LIQUIBASE',1,'2020-02-17 13:20:22',NULL),('4e37c92a-51cb-11ea-9640-479b33305416','1e43a152-f84f-4022-a2c6-0c66c86e9e70',NULL,'LAB_RESULT_TYPES','ALPHA_TERPINENE','ALPHA_TERPINENE',1,'2020-02-17 13:20:22','LIQUIBASE',1,'2020-02-17 13:20:22',NULL),('4e37c97a-51cb-11ea-9640-479b33305416','1e43a152-f84f-4022-a2c6-0c66c86e9e70',NULL,'LAB_RESULT_TYPES','GAMMA_TERPINENE','GAMMA_TERPINENE',1,'2020-02-17 13:20:22','LIQUIBASE',1,'2020-02-17 13:20:22',NULL),('4e37c9c0-51cb-11ea-9640-479b33305416','1e43a152-f84f-4022-a2c6-0c66c86e9e70',NULL,'LAB_RESULT_TYPES','TERPINOLENE','TERPINOLENE',1,'2020-02-17 13:20:22','LIQUIBASE',1,'2020-02-17 13:20:22',NULL),('4e37ca10-51cb-11ea-9640-479b33305416','1e43a152-f84f-4022-a2c6-0c66c86e9e70',NULL,'LAB_RESULT_TYPES','FENCHONE','FENCHONE',1,'2020-02-17 13:20:22','LIQUIBASE',1,'2020-02-17 13:20:22',NULL),('4e37ccea-51cb-11ea-9640-479b33305416','1e43a152-f84f-4022-a2c6-0c66c86e9e70',NULL,'LAB_RESULT_TYPES','ENDO_FENCHYL','ENDO_FENCHYL',1,'2020-02-17 13:20:22','LIQUIBASE',1,'2020-02-17 13:20:22',NULL),('4e37cd58-51cb-11ea-9640-479b33305416','1e43a152-f84f-4022-a2c6-0c66c86e9e70',NULL,'LAB_RESULT_TYPES','ISOPULEGOL','ISOPULEGOL',1,'2020-02-17 13:20:22','LIQUIBASE',1,'2020-02-17 13:20:22',NULL),('4e37cf74-51cb-11ea-9640-479b33305416','1e43a152-f84f-4022-a2c6-0c66c86e9e70',NULL,'LAB_RESULT_TYPES','HEXAHYDROTHYMOL','HEXAHYDROTHYMOL',1,'2020-02-17 13:20:22','LIQUIBASE',1,'2020-02-17 13:20:22',NULL),('4e37de56-51cb-11ea-9640-479b33305416','1e43a152-f84f-4022-a2c6-0c66c86e9e70',NULL,'LAB_RESULT_TYPES','ALPHA_TERPINEOL','ALPHA_TERPINEOL',1,'2020-02-17 13:20:22','LIQUIBASE',1,'2020-02-17 13:20:22',NULL),('4e37df0a-51cb-11ea-9640-479b33305416','1e43a152-f84f-4022-a2c6-0c66c86e9e70',NULL,'LAB_RESULT_TYPES','NEROL','NEROL',1,'2020-02-17 13:20:22','LIQUIBASE',1,'2020-02-17 13:20:22',NULL),('4e37df6e-51cb-11ea-9640-479b33305416','1e43a152-f84f-4022-a2c6-0c66c86e9e70',NULL,'LAB_RESULT_TYPES','PULEGONE','PULEGONE',1,'2020-02-17 13:20:22','LIQUIBASE',1,'2020-02-17 13:20:22',NULL),('4e37dfbe-51cb-11ea-9640-479b33305416','1e43a152-f84f-4022-a2c6-0c66c86e9e70',NULL,'LAB_RESULT_TYPES','GERANYL_ACETATE','GERANYL_ACETATE',1,'2020-02-17 13:20:22','LIQUIBASE',1,'2020-02-17 13:20:22',NULL),('4e37e018-51cb-11ea-9640-479b33305416','1e43a152-f84f-4022-a2c6-0c66c86e9e70',NULL,'LAB_RESULT_TYPES','ALPHA_CEDRENE','ALPHA_CEDRENE',1,'2020-02-17 13:20:22','LIQUIBASE',1,'2020-02-17 13:20:22',NULL),('4e37e072-51cb-11ea-9640-479b33305416','1e43a152-f84f-4022-a2c6-0c66c86e9e70',NULL,'LAB_RESULT_TYPES','TRANS_CARYOPHYLLENE','TRANS_CARYOPHYLLENE',1,'2020-02-17 13:20:22','LIQUIBASE',1,'2020-02-17 13:20:22',NULL),('4e37e0c2-51cb-11ea-9640-479b33305416','1e43a152-f84f-4022-a2c6-0c66c86e9e70',NULL,'LAB_RESULT_TYPES','ALPHA_HUMULENE','ALPHA_HUMULENE',1,'2020-02-17 13:20:22','LIQUIBASE',1,'2020-02-17 13:20:22',NULL),('4e37e112-51cb-11ea-9640-479b33305416','1e43a152-f84f-4022-a2c6-0c66c86e9e70',NULL,'LAB_RESULT_TYPES','CIS_NEROLIDOL','CIS_NEROLIDOL',1,'2020-02-17 13:20:22','LIQUIBASE',1,'2020-02-17 13:20:22',NULL),('4e37e162-51cb-11ea-9640-479b33305416','1e43a152-f84f-4022-a2c6-0c66c86e9e70',NULL,'LAB_RESULT_TYPES','TRANS_NEROLIDOL','TRANS_NEROLIDOL',1,'2020-02-17 13:20:22','LIQUIBASE',1,'2020-02-17 13:20:22',NULL),('4e37e252-51cb-11ea-9640-479b33305416','1e43a152-f84f-4022-a2c6-0c66c86e9e70',NULL,'LAB_RESULT_TYPES','GUAIOL','GUAIOL',1,'2020-02-17 13:20:22','LIQUIBASE',1,'2020-02-17 13:20:22',NULL),('4e37e2a2-51cb-11ea-9640-479b33305416','1e43a152-f84f-4022-a2c6-0c66c86e9e70',NULL,'LAB_RESULT_TYPES','CARYOPHYLLENE_OXIDE','CARYOPHYLLENE_OXIDE',1,'2020-02-17 13:20:22','LIQUIBASE',1,'2020-02-17 13:20:22',NULL),('4e37e2fc-51cb-11ea-9640-479b33305416','1e43a152-f84f-4022-a2c6-0c66c86e9e70',NULL,'LAB_RESULT_TYPES','CEDROL','CEDROL',1,'2020-02-17 13:20:22','LIQUIBASE',1,'2020-02-17 13:20:22',NULL),('4e3952ea-51cb-11ea-9640-479b33305416','1e43a152-f84f-4022-a2c6-0c66c86e9e70',NULL,'EXTRACT_ALL_UOM','GRAMS','GRAMS',1,'2020-02-17 13:20:22','LIQUIBASE',1,'2020-02-17 13:20:22',NULL),('4e395470-51cb-11ea-9640-479b33305416','1e43a152-f84f-4022-a2c6-0c66c86e9e70',NULL,'EXTRACT_ALL_UOM','MILLIGRAMS','MILLIGRAMS',1,'2020-02-17 13:20:22','LIQUIBASE',1,'2020-02-17 13:20:22',NULL),('4e3954d4-51cb-11ea-9640-479b33305416','1e43a152-f84f-4022-a2c6-0c66c86e9e70',NULL,'CARTRIDGE_ALL_UOM','GRAMS','GRAMS',1,'2020-02-17 13:20:22','LIQUIBASE',1,'2020-02-17 13:20:22',NULL),('4e395524-51cb-11ea-9640-479b33305416','1e43a152-f84f-4022-a2c6-0c66c86e9e70',NULL,'CARTRIDGE_ALL_UOM','MILLIGRAMS','MILLIGRAMS',1,'2020-02-17 13:20:22','LIQUIBASE',1,'2020-02-17 13:20:22',NULL),('4e395574-51cb-11ea-9640-479b33305416','1e43a152-f84f-4022-a2c6-0c66c86e9e70',NULL,'PREROLL_ALL_UOM','GRAMS','GRAMS',1,'2020-02-17 13:20:22','LIQUIBASE',1,'2020-02-17 13:20:22',NULL),('4e3955ba-51cb-11ea-9640-479b33305416','1e43a152-f84f-4022-a2c6-0c66c86e9e70',NULL,'PREROLL_ALL_UOM','MILLIGRAMS','MILLIGRAMS',1,'2020-02-17 13:20:22','LIQUIBASE',1,'2020-02-17 13:20:22',NULL),('4e3e89d6-51cb-11ea-9640-479b33305416','1e43a152-f84f-4022-a2c6-0c66c86e9e70',NULL,'LAB_RESULT_TYPES','CAMPHOR','CAMPHOR',1,'2020-02-17 13:20:22','LIQUIBASE',1,'2020-02-17 13:20:22',NULL),('4e3e8b84-51cb-11ea-9640-479b33305416','1e43a152-f84f-4022-a2c6-0c66c86e9e70',NULL,'LAB_RESULT_TYPES','ISOBORNEOL','ISOBORNEOL',1,'2020-02-17 13:20:22','LIQUIBASE',1,'2020-02-17 13:20:22',NULL),('4e40a70c-51cb-11ea-9640-479b33305416','1e43a152-f84f-4022-a2c6-0c66c86e9e70',NULL,'FLOWER_ALL_UOM','GRAMS','GRAMS',1,'2020-02-17 13:20:22','LIQUIBASE',1,'2020-02-17 13:20:22',NULL),('4e40a8ce-51cb-11ea-9640-479b33305416','1e43a152-f84f-4022-a2c6-0c66c86e9e70',NULL,'FLOWER_ALL_UOM','MILLIGRAMS','MILLIGRAMS',1,'2020-02-17 13:20:22','LIQUIBASE',1,'2020-02-17 13:20:22',NULL),('4e40a93c-51cb-11ea-9640-479b33305416','1e43a152-f84f-4022-a2c6-0c66c86e9e70',NULL,'PREROLL_INFUSED_UOM','GRAMS','GRAMS',1,'2020-02-17 13:20:22','LIQUIBASE',1,'2020-02-17 13:20:22',NULL),('4e40a98c-51cb-11ea-9640-479b33305416','1e43a152-f84f-4022-a2c6-0c66c86e9e70',NULL,'PREROLL_INFUSED_UOM','MILLIGRAMS','MILLIGRAMS',1,'2020-02-17 13:20:22','LIQUIBASE',1,'2020-02-17 13:20:22',NULL),('4e40ab26-51cb-11ea-9640-479b33305416','1e43a152-f84f-4022-a2c6-0c66c86e9e70',NULL,'PREROLL_INFUSED_UOM','LITERS','LITERS',1,'2020-02-17 13:20:22','LIQUIBASE',1,'2020-02-17 13:20:22',NULL),('4e40ab80-51cb-11ea-9640-479b33305416','1e43a152-f84f-4022-a2c6-0c66c86e9e70',NULL,'PREROLL_INFUSED_UOM','MILLILITERS','MILLILITERS',1,'2020-02-17 13:20:22','LIQUIBASE',1,'2020-02-17 13:20:22',NULL),('5c2c4d8d-073c-4df8-903c-9960bc81b859','1e43a152-f84f-4022-a2c6-0c66c86e9e70',NULL,'LAB_RESULT_TYPES','ETHANOL','ETHANOL',1,'2010-01-01 00:00:00','LIQUIBASE',1,'2010-01-01 00:00:00',NULL),('5c3da55b-10b2-4535-829d-75a3c927a7cd','1e43a152-f84f-4022-a2c6-0c66c86e9e70',NULL,'LAB_RESULT_TYPES','ALPHA_CARYOPHYLLENE','ALPHA_CARYOPHYLLENE',1,'2010-01-01 00:00:00','LIQUIBASE',1,'2010-01-01 00:00:00',NULL),('5e989fe2-51cb-11ea-9640-479b33305416','1e43a152-f84f-4022-a2c6-0c66c86e9e70',NULL,'MISC_SUBTYPE','SOLID','SOLID',1,'2010-01-01 00:00:00','LIQUIBASE',1,'2010-01-01 00:00:00',NULL),('5e98a294-51cb-11ea-9640-479b33305416','1e43a152-f84f-4022-a2c6-0c66c86e9e70',NULL,'MISC_SUBTYPE','LIQUID','LIQUID',1,'2010-01-01 00:00:00','LIQUIBASE',1,'2010-01-01 00:00:00',NULL),('5f04a9cb-77fc-4d2b-83f1-ccdd6b70b4e1','1e43a152-f84f-4022-a2c6-0c66c86e9e70',NULL,'LAB_RESULT_TYPES','EUCALYPTOL','EUCALYPTOL',1,'2010-01-01 00:00:00','LIQUIBASE',1,'2010-01-01 00:00:00',NULL),('5f1e2e14-51cb-11ea-9640-479b33305416','1e43a152-f84f-4022-a2c6-0c66c86e9e70',NULL,'LAB_RESULT_TYPES','THCA','THCA',1,'2020-02-17 13:20:50','LIQUIBASE',1,'2020-02-17 13:20:50',NULL),('6303ff9c-49b4-11e9-8035-774805423a5c','1e43a152-f84f-4022-a2c6-0c66c86e9e70',NULL,'MEDIUM','COCONUT HUSK','COCONUT HUSK',1,'2010-01-01 00:00:00','LIQUIBASE',1,'2010-01-01 00:00:00',NULL),('630401a4-49b4-11e9-8035-774805423a5c','1e43a152-f84f-4022-a2c6-0c66c86e9e70',NULL,'MEDIUM','ROCKWOOL CUBE','ROCKWOOL CUBE',1,'2010-01-01 00:00:00','LIQUIBASE',1,'2010-01-01 00:00:00',NULL),('63040208-49b4-11e9-8035-774805423a5c','1e43a152-f84f-4022-a2c6-0c66c86e9e70',NULL,'MEDIUM','SOIL','SOIL',1,'2010-01-01 00:00:00','LIQUIBASE',1,'2010-01-01 00:00:00',NULL),('63040245-49b4-11e9-8035-774805423a5c','1e43a152-f84f-4022-a2c6-0c66c86e9e70',NULL,'MEDIUM','EXPANDED CLAY','EXPANDED CLAY',1,'2010-01-01 00:00:00','LIQUIBASE',1,'2010-01-01 00:00:00',NULL),('63040281-49b4-11e9-8035-774805423a5c','1e43a152-f84f-4022-a2c6-0c66c86e9e70',NULL,'MEDIUM','OTHER','OTHER',1,'2010-01-01 00:00:00','LIQUIBASE',1,'2010-01-01 00:00:00',NULL),('636bc474-49b4-11e9-8035-774805423a5c','1e43a152-f84f-4022-a2c6-0c66c86e9e70',NULL,'PAYMENT_TERM','COD','COD',1,'2010-01-01 00:00:00','LIQUIBASE',1,'2010-01-01 00:00:00',NULL),('636bd702-49b4-11e9-8035-774805423a5c','1e43a152-f84f-4022-a2c6-0c66c86e9e70',NULL,'PAYMENT_TERM','PIA','PIA',1,'2010-01-01 00:00:00','LIQUIBASE',1,'2010-01-01 00:00:00',NULL),('636be440-49b4-11e9-8035-774805423a5c','1e43a152-f84f-4022-a2c6-0c66c86e9e70',NULL,'PAYMENT_TERM','EOM','EOM',1,'2010-01-01 00:00:00','LIQUIBASE',1,'2010-01-01 00:00:00',NULL),('636bf570-49b4-11e9-8035-774805423a5c','1e43a152-f84f-4022-a2c6-0c66c86e9e70',NULL,'PAYMENT_TERM','Net 7','7',1,'2010-01-01 00:00:00','LIQUIBASE',1,'2010-01-01 00:00:00',NULL),('636c03a8-49b4-11e9-8035-774805423a5c','1e43a152-f84f-4022-a2c6-0c66c86e9e70',NULL,'PAYMENT_TERM','Net 10','10',1,'2010-01-01 00:00:00','LIQUIBASE',1,'2010-01-01 00:00:00',NULL),('636c1230-49b4-11e9-8035-774805423a5c','1e43a152-f84f-4022-a2c6-0c66c86e9e70',NULL,'PAYMENT_TERM','Net 14','14',1,'2010-01-01 00:00:00','LIQUIBASE',1,'2010-01-01 00:00:00',NULL),('636c248c-49b4-11e9-8035-774805423a5c','1e43a152-f84f-4022-a2c6-0c66c86e9e70',NULL,'PAYMENT_TERM','Net 30','30',1,'2010-01-01 00:00:00','LIQUIBASE',1,'2010-01-01 00:00:00',NULL),('67fbcd90-49b4-11e9-8035-774805423a5c','1e43a152-f84f-4022-a2c6-0c66c86e9e70',NULL,'TYPE','BEVERAGE','BEVERAGE',1,'2010-01-01 00:00:00','LIQUIBASE',1,'2010-01-01 00:00:00',NULL),('67fbd150-49b4-11e9-8035-774805423a5c','1e43a152-f84f-4022-a2c6-0c66c86e9e70',NULL,'TYPE','CARTRIDGE','CARTRIDGE',1,'2010-01-01 00:00:00','LIQUIBASE',1,'2010-01-01 00:00:00',NULL),('67fbd1fb-49b4-11e9-8035-774805423a5c','1e43a152-f84f-4022-a2c6-0c66c86e9e70',NULL,'TYPE','CBD','CBD',1,'2010-01-01 00:00:00','LIQUIBASE',1,'2010-01-01 00:00:00',NULL),('67fbd272-49b4-11e9-8035-774805423a5c','1e43a152-f84f-4022-a2c6-0c66c86e9e70',NULL,'TYPE','CRUMB','CRUMB',1,'2010-01-01 00:00:00','LIQUIBASE',1,'2010-01-01 00:00:00',NULL),('67fbd2f5-49b4-11e9-8035-774805423a5c','1e43a152-f84f-4022-a2c6-0c66c86e9e70',NULL,'TYPE','EDIBLE','EDIBLE',1,'2010-01-01 00:00:00','LIQUIBASE',1,'2010-01-01 00:00:00',NULL),('67fbd363-49b4-11e9-8035-774805423a5c','1e43a152-f84f-4022-a2c6-0c66c86e9e70',NULL,'TYPE','EXTRACT','EXTRACT',1,'2010-01-01 00:00:00','LIQUIBASE',1,'2010-01-01 00:00:00',NULL),('67fbd6e6-49b4-11e9-8035-774805423a5c','1e43a152-f84f-4022-a2c6-0c66c86e9e70',NULL,'TYPE','FEE','FEE',1,'2010-01-01 00:00:00','LIQUIBASE',1,'2010-01-01 00:00:00',NULL),('67fbd790-49b4-11e9-8035-774805423a5c','1e43a152-f84f-4022-a2c6-0c66c86e9e70',NULL,'TYPE','FLOWER','FLOWER',1,'2010-01-01 00:00:00','LIQUIBASE',1,'2010-01-01 00:00:00',NULL),('67fbd81d-49b4-11e9-8035-774805423a5c','1e43a152-f84f-4022-a2c6-0c66c86e9e70',NULL,'TYPE','MERCH','MERCH',1,'2010-01-01 00:00:00','LIQUIBASE',1,'2010-01-01 00:00:00',NULL),('67fbd89f-49b4-11e9-8035-774805423a5c','1e43a152-f84f-4022-a2c6-0c66c86e9e70',NULL,'TYPE','METRC','METRC',1,'2010-01-01 00:00:00','LIQUIBASE',1,'2010-01-01 00:00:00',NULL),('67fbd916-49b4-11e9-8035-774805423a5c','1e43a152-f84f-4022-a2c6-0c66c86e9e70',NULL,'TYPE','MISC','MISC',1,'2010-01-01 00:00:00','LIQUIBASE',1,'2010-01-01 00:00:00',NULL),('67fbd984-49b4-11e9-8035-774805423a5c','1e43a152-f84f-4022-a2c6-0c66c86e9e70',NULL,'TYPE','PILL','PILL',1,'2010-01-01 00:00:00','LIQUIBASE',1,'2010-01-01 00:00:00',NULL),('67fbd9f2-49b4-11e9-8035-774805423a5c','1e43a152-f84f-4022-a2c6-0c66c86e9e70',NULL,'TYPE','PLANT','PLANT',1,'2010-01-01 00:00:00','LIQUIBASE',1,'2010-01-01 00:00:00',NULL),('67fbda56-49b4-11e9-8035-774805423a5c','1e43a152-f84f-4022-a2c6-0c66c86e9e70',NULL,'TYPE','PREPACK','PREPACK',1,'2010-01-01 00:00:00','LIQUIBASE',1,'2010-01-01 00:00:00',NULL),('67fbdb14-49b4-11e9-8035-774805423a5c','1e43a152-f84f-4022-a2c6-0c66c86e9e70',NULL,'TYPE','PREROLL','PREROLL',1,'2010-01-01 00:00:00','LIQUIBASE',1,'2010-01-01 00:00:00',NULL),('67fbdbfa-49b4-11e9-8035-774805423a5c','1e43a152-f84f-4022-a2c6-0c66c86e9e70',NULL,'TYPE','SHAKE','SHAKE',1,'2010-01-01 00:00:00','LIQUIBASE',1,'2010-01-01 00:00:00',NULL),('67fbdcfe-49b4-11e9-8035-774805423a5c','1e43a152-f84f-4022-a2c6-0c66c86e9e70',NULL,'TYPE','TINCTURE','TINCTURE',1,'2010-01-01 00:00:00','LIQUIBASE',1,'2010-01-01 00:00:00',NULL),('67fbddf8-49b4-11e9-8035-774805423a5c','1e43a152-f84f-4022-a2c6-0c66c86e9e70',NULL,'TYPE','TOPICAL','TOPICAL',1,'2010-01-01 00:00:00','LIQUIBASE',1,'2010-01-01 00:00:00',NULL),('67fbe5fa-49b4-11e9-8035-774805423a5c','1e43a152-f84f-4022-a2c6-0c66c86e9e70',NULL,'FORM','LIQUID','LIQUID',1,'2010-01-01 00:00:00','LIQUIBASE',1,'2010-01-01 00:00:00',NULL),('67fbe910-49b4-11e9-8035-774805423a5c','1e43a152-f84f-4022-a2c6-0c66c86e9e70',NULL,'FORM','SOLID','SOLID',1,'2010-01-01 00:00:00','LIQUIBASE',1,'2010-01-01 00:00:00',NULL),('683e5db8-49b4-11e9-8035-774805423a5c','1e43a152-f84f-4022-a2c6-0c66c86e9e70',NULL,'UOM','GRAMS','GRAMS',1,'2010-01-01 00:00:00','LIQUIBASE',1,'2010-01-01 00:00:00',NULL),('683e5fca-49b4-11e9-8035-774805423a5c','1e43a152-f84f-4022-a2c6-0c66c86e9e70',NULL,'UOM','LITERS','LITERS',1,'2010-01-01 00:00:00','LIQUIBASE',1,'2010-01-01 00:00:00',NULL),('683e6092-49b4-11e9-8035-774805423a5c','1e43a152-f84f-4022-a2c6-0c66c86e9e70',NULL,'UOM','MILLIGRAMS','MILLIGRAMS',1,'2010-01-01 00:00:00','LIQUIBASE',1,'2010-01-01 00:00:00',NULL),('683e6560-49b4-11e9-8035-774805423a5c','1e43a152-f84f-4022-a2c6-0c66c86e9e70',NULL,'UOM','MILLILITERS','MILLILITERS',1,'2010-01-01 00:00:00','LIQUIBASE',1,'2010-01-01 00:00:00',NULL),('6e1406ad-d2d6-4450-a3f6-ebbf56b17efa','1e43a152-f84f-4022-a2c6-0c66c86e9e70',NULL,'LAB_RESULT_TYPES','THCV','THCV',1,'2010-01-01 00:00:00','LIQUIBASE',1,'2010-01-01 00:00:00',NULL),('6fb8a21f-08b9-4472-ae8a-0568b454c86c','1e43a152-f84f-4022-a2c6-0c66c86e9e70',NULL,'LAB_RESULT_TYPES','BORNEOL','BORNEOL',1,'2010-01-01 00:00:00','LIQUIBASE',1,'2010-01-01 00:00:00',NULL),('7450817e-dc79-4a55-92da-b567d8c18136','1e43a152-f84f-4022-a2c6-0c66c86e9e70',NULL,'LAB_RESULT_TYPES','MYRCENE','MYRCENE',1,'2010-01-01 00:00:00','LIQUIBASE',1,'2010-01-01 00:00:00',NULL),('7d8a2819-483c-470e-872c-77cdee5bd922','1e43a152-f84f-4022-a2c6-0c66c86e9e70',NULL,'LAB_RESULT_TYPES','DELTA_3_CARENE','DELTA_3_CARENE',1,'2010-01-01 00:00:00','LIQUIBASE',1,'2010-01-01 00:00:00',NULL),('7e2c7b2e-afe1-4f58-aacd-865ee613da70','1e43a152-f84f-4022-a2c6-0c66c86e9e70',NULL,'LAB_RESULT_TYPES','CAMPHENE','CAMPHENE',1,'2010-01-01 00:00:00','LIQUIBASE',1,'2010-01-01 00:00:00',NULL),('880a78a2-49b4-11e9-8035-774805423a5c','1e43a152-f84f-4022-a2c6-0c66c86e9e70',NULL,'REASON','Display Sample','Display Sample',1,'2010-01-01 00:00:00','LIQUIBASE',1,'2010-01-01 00:00:00',NULL),('880a7a5a-49b4-11e9-8035-774805423a5c','1e43a152-f84f-4022-a2c6-0c66c86e9e70',NULL,'REASON','Enforcement Testing','Enforcement Testing',1,'2010-01-01 00:00:00','LIQUIBASE',1,'2010-01-01 00:00:00',NULL),('880a7b2c-49b4-11e9-8035-774805423a5c','1e43a152-f84f-4022-a2c6-0c66c86e9e70',NULL,'REASON','Free Medicinal Cannabis Goods','Free Medicinal Cannabis Goods',1,'2010-01-01 00:00:00','LIQUIBASE',1,'2010-01-01 00:00:00',NULL),('880a7ef6-49b4-11e9-8035-774805423a5c','1e43a152-f84f-4022-a2c6-0c66c86e9e70',NULL,'REASON','Incorrect Quantity','Incorrect Quantity',1,'2010-01-01 00:00:00','LIQUIBASE',1,'2010-01-01 00:00:00',NULL),('880a7fb4-49b4-11e9-8035-774805423a5c','1e43a152-f84f-4022-a2c6-0c66c86e9e70',NULL,'REASON','Mandated Destruction','Mandated Destruction',1,'2010-01-01 00:00:00','LIQUIBASE',1,'2010-01-01 00:00:00',NULL),('880a805e-49b4-11e9-8035-774805423a5c','1e43a152-f84f-4022-a2c6-0c66c86e9e70',NULL,'REASON','Oversold','Oversold',1,'2010-01-01 00:00:00','LIQUIBASE',1,'2010-01-01 00:00:00',NULL),('880a80e1-49b4-11e9-8035-774805423a5c','1e43a152-f84f-4022-a2c6-0c66c86e9e70',NULL,'REASON','Spoilage','Spoilage',1,'2010-01-01 00:00:00','LIQUIBASE',1,'2010-01-01 00:00:00',NULL),('880a8163-49b4-11e9-8035-774805423a5c','1e43a152-f84f-4022-a2c6-0c66c86e9e70',NULL,'REASON','Theft','Theft',1,'2010-01-01 00:00:00','LIQUIBASE',1,'2010-01-01 00:00:00',NULL),('880a81e4-49b4-11e9-8035-774805423a5c','1e43a152-f84f-4022-a2c6-0c66c86e9e70',NULL,'REASON','Undersold','Undersold',1,'2010-01-01 00:00:00','LIQUIBASE',1,'2010-01-01 00:00:00',NULL),('880a825d-49b4-11e9-8035-774805423a5c','1e43a152-f84f-4022-a2c6-0c66c86e9e70',NULL,'REASON','Voluntary Surrender','Voluntary Surrender',1,'2010-01-01 00:00:00','LIQUIBASE',1,'2010-01-01 00:00:00',NULL),('8cd08e08-0f85-472e-b310-a49ea3ce704c','1e43a152-f84f-4022-a2c6-0c66c86e9e70',NULL,'LAB_RESULT_TYPES','ALPHA_PINENE','ALPHA_PINENE',1,'2010-01-01 00:00:00','LIQUIBASE',1,'2010-01-01 00:00:00',NULL),('92b35b52-49b4-11e9-8035-774805423a5c','1e43a152-f84f-4022-a2c6-0c66c86e9e70',NULL,'EXTRACTIONMETHOD','SOLVENT','SOLVENT',1,'2010-01-01 00:00:00','LIQUIBASE',1,'2010-01-01 00:00:00',NULL),('92b361ec-49b4-11e9-8035-774805423a5c','1e43a152-f84f-4022-a2c6-0c66c86e9e70',NULL,'EXTRACTIONMETHOD','SOLVENTLESS','SOLVENTLESS',1,'2010-01-01 00:00:00','LIQUIBASE',1,'2010-01-01 00:00:00',NULL),('9619a4bd-36fe-4d60-b091-a5fc55ed29aa','1e43a152-f84f-4022-a2c6-0c66c86e9e70',NULL,'LAB_RESULT_TYPES','CBC','CBC',1,'2010-01-01 00:00:00','LIQUIBASE',1,'2010-01-01 00:00:00',NULL),('A9BC67B3-8BA3-49AF-9853-7B6F87525EAF','1e43a152-f84f-4022-a2c6-0c66c86e9e70',NULL,'EXTRACT_SUBTYPE','CAVIAR','CAVIAR',1,'2019-06-05 17:49:37','LIQUIBASE',1,'2019-06-05 17:49:37',NULL),('ac640c69-5699-4d49-9908-968ef25def96','1e43a152-f84f-4022-a2c6-0c66c86e9e70',NULL,'LAB_RESULT_TYPES','VALENCENE','VALENCENE',1,'2010-01-01 00:00:00','LIQUIBASE',1,'2010-01-01 00:00:00',NULL),('b4f216aa-adda-4836-b7e2-237e2e78b130','1e43a152-f84f-4022-a2c6-0c66c86e9e70',NULL,'LAB_RESULT_UNIT_TYPES','%','%',1,'2010-01-01 00:00:00','LIQUIBASE',1,'2010-01-01 00:00:00',NULL),('b922fd6a-49b4-11e9-8035-774805423a5c','1e43a152-f84f-4022-a2c6-0c66c86e9e70',NULL,'DISTRIBUTOR_LICENSE_TYPES','DISTRIBUTOR','DISTRIBUTOR',1,'2010-01-01 00:00:00','LIQUIBASE',1,'2010-01-01 00:00:00',NULL),('b92300b2-49b4-11e9-8035-774805423a5c','1e43a152-f84f-4022-a2c6-0c66c86e9e70',NULL,'DISTRIBUTOR_LICENSE_TYPES','RETAILER','RETAILER',1,'2010-01-01 00:00:00','LIQUIBASE',1,'2010-01-01 00:00:00',NULL),('b924237a-49b4-11e9-8035-774805423a5c','1e43a152-f84f-4022-a2c6-0c66c86e9e70',NULL,'LICENSE_CUSTOMER_TYPES','ALL','ALL',1,'2010-01-01 00:00:00','LIQUIBASE',1,'2010-01-01 00:00:00',NULL),('ccf027e1-bf32-4b39-80e9-564e71ab601a','1e43a152-f84f-4022-a2c6-0c66c86e9e70',NULL,'LAB_RESULT_TYPES','CBDV','CBDV',1,'2010-01-01 00:00:00','LIQUIBASE',1,'2010-01-01 00:00:00',NULL),('D329A679-16AE-42C4-BB9DC-0D6D952833A6','1e43a152-f84f-4022-a2c6-0c66c86e9e70',NULL,'TOPICAL_SUBTYPE','OTHER','OTHER',1,'2019-06-05 17:49:37','LIQUIBASE',1,'2019-06-05 17:49:37',NULL),('d32c72e7-ce8f-4822-8729-7b87abe5a01d','1e43a152-f84f-4022-a2c6-0c66c86e9e70',NULL,'LAB_RESULT_TYPES','MOISTURE','MOISTURE',1,'2010-01-01 00:00:00','LIQUIBASE',1,'2010-01-01 00:00:00',NULL),('da952838-8b3f-4393-8b7c-9a1f27303702','1e43a152-f84f-4022-a2c6-0c66c86e9e70',NULL,'LAB_RESULT_TYPES','BETA_CARYOPHYLLENE','BETA_CARYOPHYLLENE',1,'2010-01-01 00:00:00','LIQUIBASE',1,'2010-01-01 00:00:00',NULL),('df1fe7ac-0d96-11ea-a3bc-dcc02c9c88d7','1e43a152-f84f-4022-a2c6-0c66c86e9e70',NULL,'PREFERRED_PAYMENT_METHOD','CASH','CASH',1,'2020-02-17 13:20:49','LIQUIBASE',1,'2020-02-17 13:20:49',NULL),('e0831924-48cb-4c2d-987a-9a8d5792f7fd','1e43a152-f84f-4022-a2c6-0c66c86e9e70',NULL,'LAB_RESULT_TYPES','GERANIOL','GERANIOL',1,'2010-01-01 00:00:00','LIQUIBASE',1,'2010-01-01 00:00:00',NULL),('e1be7996-1f4e-47d0-999e-28b4fa18fca5','1e43a152-f84f-4022-a2c6-0c66c86e9e70',NULL,'LAB_RESULT_TYPES','LINALOOL','LINALOOL',1,'2010-01-01 00:00:00','LIQUIBASE',1,'2010-01-01 00:00:00',NULL),('e3546aD37-75e5-11e9-8a55-0223de928cc2','1e43a152-f84f-4022-a2c6-0c66c86e9e70',NULL,'BEVERAGE_SUBTYPE','OTHER','OTHER',1,'2019-06-05 17:49:37','LIQUIBASE',1,'2019-06-05 17:49:37',NULL),('e3547ced-75e5-11e9-8aD55-0223de928cc2','1e43a152-f84f-4022-a2c6-0c66c86e9e70',NULL,'CBD_SUBTYPE','OTHER','OTHER',1,'2019-06-05 17:49:37','LIQUIBASE',1,'2019-06-05 17:49:37',NULL),('e49df1a6-0d96-11ea-a3bc-dcc02c9c88d7','1e43a152-f84f-4022-a2c6-0c66c86e9e70',NULL,'PREFERRED_PAYMENT_METHOD','CHECK','CHECK',1,'2020-02-17 13:20:49','LIQUIBASE',1,'2020-02-17 13:20:49',NULL),('ea0d13c4-0d96-11ea-a3bc-dcc02c9c88d7','1e43a152-f84f-4022-a2c6-0c66c86e9e70',NULL,'PREFERRED_PAYMENT_METHOD','ACH','ACH',1,'2020-02-17 13:20:49','LIQUIBASE',1,'2020-02-17 13:20:49',NULL),('ec1210bb-ff62-44a8-a967-8666c30f3dbf','1e43a152-f84f-4022-a2c6-0c66c86e9e70',NULL,'LAB_RESULT_TYPES','TRANS_NEROLIDO','TRANS_NEROLIDO',1,'2010-01-01 00:00:00','LIQUIBASE',1,'2010-01-01 00:00:00',NULL),('efdf86ce-0d96-11ea-a3bc-dcc02c9c88d7','1e43a152-f84f-4022-a2c6-0c66c86e9e70',NULL,'PREFERRED_PAYMENT_METHOD','WIRE','WIRE',1,'2020-02-17 13:20:49','LIQUIBASE',1,'2020-02-17 13:20:49',NULL),('F24A8EAE-EF9C-4947-BC9D-F6E40A182158','1e43a152-f84f-4022-a2c6-0c66c86e9e70',NULL,'TOPICAL_SUBTYPE','GEL','GEL',1,'2019-06-05 17:49:37','LIQUIBASE',1,'2019-06-05 17:49:37',NULL),('f9dfb0f5-5c55-4824-91f6-41df2e7791ab','1e43a152-f84f-4022-a2c6-0c66c86e9e70',NULL,'LAB_RESULT_TYPES','ALPHA_BISABOLOL','ALPHA_BISABOLOL',1,'2010-01-01 00:00:00','LIQUIBASE',1,'2010-01-01 00:00:00',NULL);
/*!40000 ALTER TABLE `tz_dropdown` ENABLE KEYS */;
UNLOCK TABLES;

--
-- Table structure for table `tz_dropdown_aud`
--

DROP TABLE IF EXISTS `tz_dropdown_aud`;
/*!40101 SET @saved_cs_client     = @@character_set_client */;
/*!40101 SET character_set_client = utf8 */;
CREATE TABLE `tz_dropdown_aud` (
  `rev` int(11) NOT NULL DEFAULT '0',
  `revend` int(11) DEFAULT NULL,
  `revtype` smallint(6) DEFAULT NULL,
  `id` varchar(45) NOT NULL,
  `tenant_id` varchar(45) NOT NULL,
  `prev_id` varchar(45) DEFAULT NULL,
  `name` varchar(45) NOT NULL,
  `label` varchar(255) DEFAULT NULL,
  `value` varchar(45) NOT NULL,
  `version` int(11) DEFAULT NULL,
  `original_start_date` datetime NOT NULL,
  `last_user_id` varchar(45) NOT NULL,
  `current_flag` tinyint(1) NOT NULL,
  `start_date` datetime NOT NULL,
  `end_date` datetime DEFAULT NULL,
  PRIMARY KEY (`rev`,`id`),
  KEY `dropdown_aud_dropdown_idx` (`id`),
  KEY `dropdown_aud_tenant_idx` (`tenant_id`)
) ENGINE=InnoDB DEFAULT CHARSET=utf8;
/*!40101 SET character_set_client = @saved_cs_client */;

--
-- Dumping data for table `tz_dropdown_aud`
--

LOCK TABLES `tz_dropdown_aud` WRITE;
/*!40000 ALTER TABLE `tz_dropdown_aud` DISABLE KEYS */;
INSERT INTO `tz_dropdown_aud` VALUES (77,NULL,0,'00ceb02a-50c5-4d57-90e3-f58e1f9b00b9','1e43a152-f84f-4022-a2c6-0c66c86e9e70',NULL,'CLASSIFICATION','I/S','I/S',1,'2000-01-01 00:00:00','LIQUIBASE',1,'2000-01-01 00:00:00',NULL),(78,NULL,0,'06a99025-26d3-4552-8405-45b0bccadcf0','1e43a152-f84f-4022-a2c6-0c66c86e9e70',NULL,'LAB_RESULT_TYPES','CBCV','CBCV',1,'2010-01-01 00:00:00','LIQUIBASE',1,'2010-01-01 00:00:00',NULL),(79,NULL,0,'09236aa6-7911-4186-a7ff-a6bdd0539bb2','1e43a152-f84f-4022-a2c6-0c66c86e9e70',NULL,'LAB_RESULT_TYPES','LIMONENE','LIMONENE',1,'2010-01-01 00:00:00','LIQUIBASE',1,'2010-01-01 00:00:00',NULL),(80,NULL,0,'159a8bcd-163a-4c9f-8b98-9f351456e92d','1e43a152-f84f-4022-a2c6-0c66c86e9e70',NULL,'LAB_RESULT_TYPES','HUMULENE','HUMULENE',1,'2010-01-01 00:00:00','LIQUIBASE',1,'2010-01-01 00:00:00',NULL),(81,NULL,0,'19ea199e-21ba-4490-a2b9-f43dc8c46c1b','1e43a152-f84f-4022-a2c6-0c66c86e9e70',NULL,'LAB_RESULT_TYPES','THC','THC',1,'2010-01-01 00:00:00','LIQUIBASE',1,'2010-01-01 00:00:00',NULL),(82,NULL,0,'1bb88061-f0bd-48fd-9518-a765d63328ea','1e43a152-f84f-4022-a2c6-0c66c86e9e70',NULL,'CLASSIFICATION','KUSH','KUSH',1,'2000-01-01 00:00:00','LIQUIBASE',1,'2000-01-01 00:00:00',NULL),(83,NULL,0,'1f5a15c5-7a84-41ea-885b-e1d7a9278942','1e43a152-f84f-4022-a2c6-0c66c86e9e70',NULL,'CLASSIFICATION','INDICA','INDICA',1,'2000-01-01 00:00:00','LIQUIBASE',1,'2000-01-01 00:00:00',NULL),(84,NULL,0,'2099b83e-2fb6-4c15-bc6a-e053d345f497','1e43a152-f84f-4022-a2c6-0c66c86e9e70',NULL,'CLASSIFICATION','CBD','CBD',1,'2000-01-01 00:00:00','LIQUIBASE',1,'2000-01-01 00:00:00',NULL),(85,NULL,0,'2a12e9ed-b971-4cb0-90a4-eee3772644b4','1e43a152-f84f-4022-a2c6-0c66c86e9e70',NULL,'LAB_RESULT_TYPES','BETA_PINENE','BETA_PINENE',1,'2010-01-01 00:00:00','LIQUIBASE',1,'2010-01-01 00:00:00',NULL),(86,NULL,0,'2a654278-bf97-46f6-8051-155321bc0e0b','1e43a152-f84f-4022-a2c6-0c66c86e9e70',NULL,'LAB_RESULT_UNIT_TYPES','MG','MG',1,'2010-01-01 00:00:00','LIQUIBASE',1,'2010-01-01 00:00:00',NULL),(87,NULL,0,'2b47a330-1031-11e6-9602-f4f26d067d54','1e43a152-f84f-4022-a2c6-0c66c86e9e70',NULL,'CLASSIFICATION','HYBRID','HYBRID',1,'2000-01-01 00:00:00','LIQUIBASE',1,'2000-01-01 00:00:00',NULL),(88,NULL,0,'2b47a775-1031-11e6-9602-f4f26d067d54','1e43a152-f84f-4022-a2c6-0c66c86e9e70',NULL,'CLASSIFICATION','NONE','NONE',1,'2000-01-01 00:00:00','LIQUIBASE',1,'2000-01-01 00:00:00',NULL),(89,NULL,0,'2b47a87c-1031-11e6-9602-f4f26d067d54','1e43a152-f84f-4022-a2c6-0c66c86e9e70',NULL,'CLASSIFICATION','S/I','S/I',1,'2000-01-01 00:00:00','LIQUIBASE',1,'2000-01-01 00:00:00',NULL),(90,NULL,0,'2b47a925-1031-11e6-9602-f4f26d067d54','1e43a152-f84f-4022-a2c6-0c66c86e9e70',NULL,'CLASSIFICATION','SATIVA','SATIVA',1,'2000-01-01 00:00:00','LIQUIBASE',1,'2000-01-01 00:00:00',NULL),(91,NULL,0,'2ec42eed-ee06-4648-ba46-9a8381b6fa17','1e43a152-f84f-4022-a2c6-0c66c86e9e70',NULL,'LAB_RESULT_TYPES','CBG','CBG',1,'2010-01-01 00:00:00','LIQUIBASE',1,'2010-01-01 00:00:00',NULL),(92,NULL,0,'2fac0122-3bd1-4aad-92dd-4f7df9cccea3','1e43a152-f84f-4022-a2c6-0c66c86e9e70',NULL,'LAB_RESULT_TYPES','BUTANE','BUTANE',1,'2010-01-01 00:00:00','LIQUIBASE',1,'2010-01-01 00:00:00',NULL),(93,NULL,0,'3978aaf7-a485-45c7-afc3-72a2c6ead14d','1e43a152-f84f-4022-a2c6-0c66c86e9e70',NULL,'LAB_RESULT_TYPES','CBGV','CBGV',1,'2010-01-01 00:00:00','LIQUIBASE',1,'2010-01-01 00:00:00',NULL),(94,NULL,0,'46b44ea6-6c81-4403-adf8-2f631189ec1e','1e43a152-f84f-4022-a2c6-0c66c86e9e70',NULL,'LAB_RESULT_TYPES','TERPINEOL','TERPINEOL',1,'2010-01-01 00:00:00','LIQUIBASE',1,'2010-01-01 00:00:00',NULL),(95,NULL,0,'483a3825-bd01-4977-8f8d-15573e1d6f4a','1e43a152-f84f-4022-a2c6-0c66c86e9e70',NULL,'LAB_RESULT_TYPES','CBD','CBD',1,'2010-01-01 00:00:00','LIQUIBASE',1,'2010-01-01 00:00:00',NULL),(96,NULL,0,'5c2c4d8d-073c-4df8-903c-9960bc81b859','1e43a152-f84f-4022-a2c6-0c66c86e9e70',NULL,'LAB_RESULT_TYPES','ETHANOL','ETHANOL',1,'2010-01-01 00:00:00','LIQUIBASE',1,'2010-01-01 00:00:00',NULL),(97,NULL,0,'5c3da55b-10b2-4535-829d-75a3c927a7cd','1e43a152-f84f-4022-a2c6-0c66c86e9e70',NULL,'LAB_RESULT_TYPES','ALPHA_CARYOPHYLLENE','ALPHA_CARYOPHYLLENE',1,'2010-01-01 00:00:00','LIQUIBASE',1,'2010-01-01 00:00:00',NULL),(98,NULL,0,'5f04a9cb-77fc-4d2b-83f1-ccdd6b70b4e1','1e43a152-f84f-4022-a2c6-0c66c86e9e70',NULL,'LAB_RESULT_TYPES','EUCALYPTOL','EUCALYPTOL',1,'2010-01-01 00:00:00','LIQUIBASE',1,'2010-01-01 00:00:00',NULL),(99,NULL,0,'6303ff9c-49b4-11e9-8035-774805423a5c','1e43a152-f84f-4022-a2c6-0c66c86e9e70',NULL,'MEDIUM','COCONUT HUSK','COCONUT HUSK',1,'2010-01-01 00:00:00','LIQUIBASE',1,'2010-01-01 00:00:00',NULL),(100,NULL,0,'630401a4-49b4-11e9-8035-774805423a5c','1e43a152-f84f-4022-a2c6-0c66c86e9e70',NULL,'MEDIUM','ROCKWOOL CUBE','ROCKWOOL CUBE',1,'2010-01-01 00:00:00','LIQUIBASE',1,'2010-01-01 00:00:00',NULL),(101,NULL,0,'63040208-49b4-11e9-8035-774805423a5c','1e43a152-f84f-4022-a2c6-0c66c86e9e70',NULL,'MEDIUM','SOIL','SOIL',1,'2010-01-01 00:00:00','LIQUIBASE',1,'2010-01-01 00:00:00',NULL),(102,NULL,0,'63040245-49b4-11e9-8035-774805423a5c','1e43a152-f84f-4022-a2c6-0c66c86e9e70',NULL,'MEDIUM','EXPANDED CLAY','EXPANDED CLAY',1,'2010-01-01 00:00:00','LIQUIBASE',1,'2010-01-01 00:00:00',NULL),(103,NULL,0,'63040281-49b4-11e9-8035-774805423a5c','1e43a152-f84f-4022-a2c6-0c66c86e9e70',NULL,'MEDIUM','OTHER','OTHER',1,'2010-01-01 00:00:00','LIQUIBASE',1,'2010-01-01 00:00:00',NULL),(104,NULL,0,'636bc474-49b4-11e9-8035-774805423a5c','1e43a152-f84f-4022-a2c6-0c66c86e9e70',NULL,'PAYMENT_TERM','COD','COD',1,'2010-01-01 00:00:00','LIQUIBASE',1,'2010-01-01 00:00:00',NULL),(105,NULL,0,'636bd702-49b4-11e9-8035-774805423a5c','1e43a152-f84f-4022-a2c6-0c66c86e9e70',NULL,'PAYMENT_TERM','PIA','PIA',1,'2010-01-01 00:00:00','LIQUIBASE',1,'2010-01-01 00:00:00',NULL),(106,NULL,0,'636be440-49b4-11e9-8035-774805423a5c','1e43a152-f84f-4022-a2c6-0c66c86e9e70',NULL,'PAYMENT_TERM','EOM','EOM',1,'2010-01-01 00:00:00','LIQUIBASE',1,'2010-01-01 00:00:00',NULL),(107,NULL,0,'636bf570-49b4-11e9-8035-774805423a5c','1e43a152-f84f-4022-a2c6-0c66c86e9e70',NULL,'PAYMENT_TERM','Net 7','7',1,'2010-01-01 00:00:00','LIQUIBASE',1,'2010-01-01 00:00:00',NULL),(108,NULL,0,'636c03a8-49b4-11e9-8035-774805423a5c','1e43a152-f84f-4022-a2c6-0c66c86e9e70',NULL,'PAYMENT_TERM','Net 10','10',1,'2010-01-01 00:00:00','LIQUIBASE',1,'2010-01-01 00:00:00',NULL),(109,NULL,0,'636c1230-49b4-11e9-8035-774805423a5c','1e43a152-f84f-4022-a2c6-0c66c86e9e70',NULL,'PAYMENT_TERM','Net 14','14',1,'2010-01-01 00:00:00','LIQUIBASE',1,'2010-01-01 00:00:00',NULL),(110,NULL,0,'636c248c-49b4-11e9-8035-774805423a5c','1e43a152-f84f-4022-a2c6-0c66c86e9e70',NULL,'PAYMENT_TERM','Net 30','30',1,'2010-01-01 00:00:00','LIQUIBASE',1,'2010-01-01 00:00:00',NULL),(111,NULL,0,'67fbcd90-49b4-11e9-8035-774805423a5c','1e43a152-f84f-4022-a2c6-0c66c86e9e70',NULL,'TYPE','BEVERAGE','BEVERAGE',1,'2010-01-01 00:00:00','LIQUIBASE',1,'2010-01-01 00:00:00',NULL),(112,NULL,0,'67fbd150-49b4-11e9-8035-774805423a5c','1e43a152-f84f-4022-a2c6-0c66c86e9e70',NULL,'TYPE','CARTRIDGE','CARTRIDGE',1,'2010-01-01 00:00:00','LIQUIBASE',1,'2010-01-01 00:00:00',NULL),(113,NULL,0,'67fbd1fb-49b4-11e9-8035-774805423a5c','1e43a152-f84f-4022-a2c6-0c66c86e9e70',NULL,'TYPE','CBD','CBD',1,'2010-01-01 00:00:00','LIQUIBASE',1,'2010-01-01 00:00:00',NULL),(114,NULL,0,'67fbd272-49b4-11e9-8035-774805423a5c','1e43a152-f84f-4022-a2c6-0c66c86e9e70',NULL,'TYPE','CRUMB','CRUMB',1,'2010-01-01 00:00:00','LIQUIBASE',1,'2010-01-01 00:00:00',NULL),(115,NULL,0,'67fbd2f5-49b4-11e9-8035-774805423a5c','1e43a152-f84f-4022-a2c6-0c66c86e9e70',NULL,'TYPE','EDIBLE','EDIBLE',1,'2010-01-01 00:00:00','LIQUIBASE',1,'2010-01-01 00:00:00',NULL),(116,NULL,0,'67fbd363-49b4-11e9-8035-774805423a5c','1e43a152-f84f-4022-a2c6-0c66c86e9e70',NULL,'TYPE','EXTRACT','EXTRACT',1,'2010-01-01 00:00:00','LIQUIBASE',1,'2010-01-01 00:00:00',NULL),(117,NULL,0,'67fbd6e6-49b4-11e9-8035-774805423a5c','1e43a152-f84f-4022-a2c6-0c66c86e9e70',NULL,'TYPE','FEE','FEE',1,'2010-01-01 00:00:00','LIQUIBASE',1,'2010-01-01 00:00:00',NULL),(118,NULL,0,'67fbd790-49b4-11e9-8035-774805423a5c','1e43a152-f84f-4022-a2c6-0c66c86e9e70',NULL,'TYPE','FLOWER','FLOWER',1,'2010-01-01 00:00:00','LIQUIBASE',1,'2010-01-01 00:00:00',NULL),(119,NULL,0,'67fbd81d-49b4-11e9-8035-774805423a5c','1e43a152-f84f-4022-a2c6-0c66c86e9e70',NULL,'TYPE','MERCH','MERCH',1,'2010-01-01 00:00:00','LIQUIBASE',1,'2010-01-01 00:00:00',NULL),(120,NULL,0,'67fbd89f-49b4-11e9-8035-774805423a5c','1e43a152-f84f-4022-a2c6-0c66c86e9e70',NULL,'TYPE','METRC','METRC',1,'2010-01-01 00:00:00','LIQUIBASE',1,'2010-01-01 00:00:00',NULL),(121,NULL,0,'67fbd916-49b4-11e9-8035-774805423a5c','1e43a152-f84f-4022-a2c6-0c66c86e9e70',NULL,'TYPE','MISC','MISC',1,'2010-01-01 00:00:00','LIQUIBASE',1,'2010-01-01 00:00:00',NULL),(122,NULL,0,'67fbd984-49b4-11e9-8035-774805423a5c','1e43a152-f84f-4022-a2c6-0c66c86e9e70',NULL,'TYPE','PILL','PILL',1,'2010-01-01 00:00:00','LIQUIBASE',1,'2010-01-01 00:00:00',NULL),(123,NULL,0,'67fbd9f2-49b4-11e9-8035-774805423a5c','1e43a152-f84f-4022-a2c6-0c66c86e9e70',NULL,'TYPE','PLANT','PLANT',1,'2010-01-01 00:00:00','LIQUIBASE',1,'2010-01-01 00:00:00',NULL),(124,NULL,0,'67fbda56-49b4-11e9-8035-774805423a5c','1e43a152-f84f-4022-a2c6-0c66c86e9e70',NULL,'TYPE','PREPACK','PREPACK',1,'2010-01-01 00:00:00','LIQUIBASE',1,'2010-01-01 00:00:00',NULL),(125,NULL,0,'67fbdb14-49b4-11e9-8035-774805423a5c','1e43a152-f84f-4022-a2c6-0c66c86e9e70',NULL,'TYPE','PREROLL','PREROLL',1,'2010-01-01 00:00:00','LIQUIBASE',1,'2010-01-01 00:00:00',NULL),(126,NULL,0,'67fbdbfa-49b4-11e9-8035-774805423a5c','1e43a152-f84f-4022-a2c6-0c66c86e9e70',NULL,'TYPE','SHAKE','SHAKE',1,'2010-01-01 00:00:00','LIQUIBASE',1,'2010-01-01 00:00:00',NULL),(127,NULL,0,'67fbdcfe-49b4-11e9-8035-774805423a5c','1e43a152-f84f-4022-a2c6-0c66c86e9e70',NULL,'TYPE','TINCTURE','TINCTURE',1,'2010-01-01 00:00:00','LIQUIBASE',1,'2010-01-01 00:00:00',NULL),(128,NULL,0,'67fbddf8-49b4-11e9-8035-774805423a5c','1e43a152-f84f-4022-a2c6-0c66c86e9e70',NULL,'TYPE','TOPICAL','TOPICAL',1,'2010-01-01 00:00:00','LIQUIBASE',1,'2010-01-01 00:00:00',NULL),(129,NULL,0,'67fbe5fa-49b4-11e9-8035-774805423a5c','1e43a152-f84f-4022-a2c6-0c66c86e9e70',NULL,'FORM','LIQUID','LIQUID',1,'2010-01-01 00:00:00','LIQUIBASE',1,'2010-01-01 00:00:00',NULL),(130,NULL,0,'67fbe910-49b4-11e9-8035-774805423a5c','1e43a152-f84f-4022-a2c6-0c66c86e9e70',NULL,'FORM','SOLID','SOLID',1,'2010-01-01 00:00:00','LIQUIBASE',1,'2010-01-01 00:00:00',NULL),(131,NULL,0,'683e5db8-49b4-11e9-8035-774805423a5c','1e43a152-f84f-4022-a2c6-0c66c86e9e70',NULL,'UOM','GRAMS','GRAMS',1,'2010-01-01 00:00:00','LIQUIBASE',1,'2010-01-01 00:00:00',NULL),(132,NULL,0,'683e5fca-49b4-11e9-8035-774805423a5c','1e43a152-f84f-4022-a2c6-0c66c86e9e70',NULL,'UOM','LITERS','LITERS',1,'2010-01-01 00:00:00','LIQUIBASE',1,'2010-01-01 00:00:00',NULL),(133,NULL,0,'683e6092-49b4-11e9-8035-774805423a5c','1e43a152-f84f-4022-a2c6-0c66c86e9e70',NULL,'UOM','MILLIGRAMS','MILLIGRAMS',1,'2010-01-01 00:00:00','LIQUIBASE',1,'2010-01-01 00:00:00',NULL),(134,NULL,0,'683e6560-49b4-11e9-8035-774805423a5c','1e43a152-f84f-4022-a2c6-0c66c86e9e70',NULL,'UOM','MILLILITERS','MILLILITERS',1,'2010-01-01 00:00:00','LIQUIBASE',1,'2010-01-01 00:00:00',NULL),(135,NULL,0,'6e1406ad-d2d6-4450-a3f6-ebbf56b17efa','1e43a152-f84f-4022-a2c6-0c66c86e9e70',NULL,'LAB_RESULT_TYPES','THCV','THCV',1,'2010-01-01 00:00:00','LIQUIBASE',1,'2010-01-01 00:00:00',NULL),(136,NULL,0,'6fb8a21f-08b9-4472-ae8a-0568b454c86c','1e43a152-f84f-4022-a2c6-0c66c86e9e70',NULL,'LAB_RESULT_TYPES','BORNEOL','BORNEOL',1,'2010-01-01 00:00:00','LIQUIBASE',1,'2010-01-01 00:00:00',NULL),(137,NULL,0,'7450817e-dc79-4a55-92da-b567d8c18136','1e43a152-f84f-4022-a2c6-0c66c86e9e70',NULL,'LAB_RESULT_TYPES','MYRCENE','MYRCENE',1,'2010-01-01 00:00:00','LIQUIBASE',1,'2010-01-01 00:00:00',NULL),(138,NULL,0,'7d8a2819-483c-470e-872c-77cdee5bd922','1e43a152-f84f-4022-a2c6-0c66c86e9e70',NULL,'LAB_RESULT_TYPES','DELTA_3_CARENE','DELTA_3_CARENE',1,'2010-01-01 00:00:00','LIQUIBASE',1,'2010-01-01 00:00:00',NULL),(139,NULL,0,'7e2c7b2e-afe1-4f58-aacd-865ee613da70','1e43a152-f84f-4022-a2c6-0c66c86e9e70',NULL,'LAB_RESULT_TYPES','CAMPHENE','CAMPHENE',1,'2010-01-01 00:00:00','LIQUIBASE',1,'2010-01-01 00:00:00',NULL),(140,NULL,0,'87ea0676-49b4-11e9-8035-774805423a5c','1e43a152-f84f-4022-a2c6-0c66c86e9e70',NULL,'FLOWER_SUBTYPE','KIEF','KIEF',1,'2010-01-01 00:00:00','LIQUIBASE',1,'2010-01-01 00:00:00',NULL),(141,NULL,0,'87ea0a54-49b4-11e9-8035-774805423a5c','1e43a152-f84f-4022-a2c6-0c66c86e9e70',NULL,'FLOWER_SUBTYPE','PRE-PACK','PRE-PACK',1,'2010-01-01 00:00:00','LIQUIBASE',1,'2010-01-01 00:00:00',NULL),(142,NULL,0,'87ea0b3a-49b4-11e9-8035-774805423a5c','1e43a152-f84f-4022-a2c6-0c66c86e9e70',NULL,'FLOWER_SUBTYPE','SHAKE','SHAKE',1,'2010-01-01 00:00:00','LIQUIBASE',1,'2010-01-01 00:00:00',NULL),(143,NULL,0,'87ea0be5-49b4-11e9-8035-774805423a5c','1e43a152-f84f-4022-a2c6-0c66c86e9e70',NULL,'PLANT_SUBTYPE','FRESH WHOLE PLANT','FRESH WHOLE PLANT',1,'2010-01-01 00:00:00','LIQUIBASE',1,'2010-01-01 00:00:00',NULL),(144,NULL,0,'87ea0c98-49b4-11e9-8035-774805423a5c','1e43a152-f84f-4022-a2c6-0c66c86e9e70',NULL,'PLANT_SUBTYPE','CLONE','CLONE',1,'2010-01-01 00:00:00','LIQUIBASE',1,'2010-01-01 00:00:00',NULL),(145,NULL,0,'87ea0d4c-49b4-11e9-8035-774805423a5c','1e43a152-f84f-4022-a2c6-0c66c86e9e70',NULL,'PLANT_SUBTYPE','SEEDS','SEEDS',1,'2010-01-01 00:00:00','LIQUIBASE',1,'2010-01-01 00:00:00',NULL),(146,NULL,0,'87ea0dc5-49b4-11e9-8035-774805423a5c','1e43a152-f84f-4022-a2c6-0c66c86e9e70',NULL,'PREROLL_SUBTYPE','INFUSED','INFUSED',1,'2010-01-01 00:00:00','LIQUIBASE',1,'2010-01-01 00:00:00',NULL),(147,NULL,0,'87ea0e46-49b4-11e9-8035-774805423a5c','1e43a152-f84f-4022-a2c6-0c66c86e9e70',NULL,'PREROLL_SUBTYPE','SHAKE','SHAKE',1,'2010-01-01 00:00:00','LIQUIBASE',1,'2010-01-01 00:00:00',NULL),(148,NULL,0,'87ea0ebf-49b4-11e9-8035-774805423a5c','1e43a152-f84f-4022-a2c6-0c66c86e9e70',NULL,'PREROLL_SUBTYPE','FLOWER','FLOWER',1,'2010-01-01 00:00:00','LIQUIBASE',1,'2010-01-01 00:00:00',NULL),(149,NULL,0,'87ea0f40-49b4-11e9-8035-774805423a5c','1e43a152-f84f-4022-a2c6-0c66c86e9e70',NULL,'MISC_SUBTYPE','SUPPOSITORY','SUPPOSITORY',1,'2010-01-01 00:00:00','LIQUIBASE',1,'2010-01-01 00:00:00',NULL),(150,NULL,0,'87ea0fb9-49b4-11e9-8035-774805423a5c','1e43a152-f84f-4022-a2c6-0c66c86e9e70',NULL,'MISC_SUBTYPE','WASTE','WASTE',1,'2010-01-01 00:00:00','LIQUIBASE',1,'2010-01-01 00:00:00',NULL),(151,NULL,0,'87ea1a9q-49b4-11e9-8035-774805423a5c','1e43a152-f84f-4022-a2c6-0c66c86e9e70',NULL,'FLOWER_SUBTYPE','PRE-PACK SMALLS','PRE-PACK SMALLS',1,'2010-01-01 00:00:00','LIQUIBASE',1,'2010-01-01 00:00:00',NULL),(152,NULL,0,'87ea4c9d-49b4-11e9-8035-774805423a5c','1e43a152-f84f-4022-a2c6-0c66c86e9e70',NULL,'FLOWER_SUBTYPE','STRAIN SPECIFIC SHAKE','STRAIN SPECIFIC SHAKE',1,'2010-01-01 00:00:00','LIQUIBASE',1,'2010-01-01 00:00:00',NULL),(153,NULL,0,'880a78a2-49b4-11e9-8035-774805423a5c','1e43a152-f84f-4022-a2c6-0c66c86e9e70',NULL,'REASON','Display Sample','Display Sample',1,'2010-01-01 00:00:00','LIQUIBASE',1,'2010-01-01 00:00:00',NULL),(154,NULL,0,'880a7a5a-49b4-11e9-8035-774805423a5c','1e43a152-f84f-4022-a2c6-0c66c86e9e70',NULL,'REASON','Enforcement Testing','Enforcement Testing',1,'2010-01-01 00:00:00','LIQUIBASE',1,'2010-01-01 00:00:00',NULL),(155,NULL,0,'880a7b2c-49b4-11e9-8035-774805423a5c','1e43a152-f84f-4022-a2c6-0c66c86e9e70',NULL,'REASON','Free Medicinal Cannabis Goods','Free Medicinal Cannabis Goods',1,'2010-01-01 00:00:00','LIQUIBASE',1,'2010-01-01 00:00:00',NULL),(156,NULL,0,'880a7ef6-49b4-11e9-8035-774805423a5c','1e43a152-f84f-4022-a2c6-0c66c86e9e70',NULL,'REASON','Incorrect Quantity','Incorrect Quantity',1,'2010-01-01 00:00:00','LIQUIBASE',1,'2010-01-01 00:00:00',NULL),(157,NULL,0,'880a7fb4-49b4-11e9-8035-774805423a5c','1e43a152-f84f-4022-a2c6-0c66c86e9e70',NULL,'REASON','Mandated Destruction','Mandated Destruction',1,'2010-01-01 00:00:00','LIQUIBASE',1,'2010-01-01 00:00:00',NULL),(158,NULL,0,'880a805e-49b4-11e9-8035-774805423a5c','1e43a152-f84f-4022-a2c6-0c66c86e9e70',NULL,'REASON','Oversold','Oversold',1,'2010-01-01 00:00:00','LIQUIBASE',1,'2010-01-01 00:00:00',NULL),(159,NULL,0,'880a80e1-49b4-11e9-8035-774805423a5c','1e43a152-f84f-4022-a2c6-0c66c86e9e70',NULL,'REASON','Spoilage','Spoilage',1,'2010-01-01 00:00:00','LIQUIBASE',1,'2010-01-01 00:00:00',NULL),(160,NULL,0,'880a8163-49b4-11e9-8035-774805423a5c','1e43a152-f84f-4022-a2c6-0c66c86e9e70',NULL,'REASON','Theft','Theft',1,'2010-01-01 00:00:00','LIQUIBASE',1,'2010-01-01 00:00:00',NULL),(161,NULL,0,'880a81e4-49b4-11e9-8035-774805423a5c','1e43a152-f84f-4022-a2c6-0c66c86e9e70',NULL,'REASON','Undersold','Undersold',1,'2010-01-01 00:00:00','LIQUIBASE',1,'2010-01-01 00:00:00',NULL),(162,NULL,0,'880a825d-49b4-11e9-8035-774805423a5c','1e43a152-f84f-4022-a2c6-0c66c86e9e70',NULL,'REASON','Voluntary Surrender','Voluntary Surrender',1,'2010-01-01 00:00:00','LIQUIBASE',1,'2010-01-01 00:00:00',NULL),(163,NULL,0,'8cd08e08-0f85-472e-b310-a49ea3ce704c','1e43a152-f84f-4022-a2c6-0c66c86e9e70',NULL,'LAB_RESULT_TYPES','ALPHA_PINENE','ALPHA_PINENE',1,'2010-01-01 00:00:00','LIQUIBASE',1,'2010-01-01 00:00:00',NULL),(164,NULL,0,'92b35b52-49b4-11e9-8035-774805423a5c','1e43a152-f84f-4022-a2c6-0c66c86e9e70',NULL,'EXTRACTIONMETHOD','SOLVENT','SOLVENT',1,'2010-01-01 00:00:00','LIQUIBASE',1,'2010-01-01 00:00:00',NULL),(165,NULL,0,'92b361ec-49b4-11e9-8035-774805423a5c','1e43a152-f84f-4022-a2c6-0c66c86e9e70',NULL,'EXTRACTIONMETHOD','SOLVENTLESS','SOLVENTLESS',1,'2010-01-01 00:00:00','LIQUIBASE',1,'2010-01-01 00:00:00',NULL),(166,NULL,0,'9619a4bd-36fe-4d60-b091-a5fc55ed29aa','1e43a152-f84f-4022-a2c6-0c66c86e9e70',NULL,'LAB_RESULT_TYPES','CBC','CBC',1,'2010-01-01 00:00:00','LIQUIBASE',1,'2010-01-01 00:00:00',NULL),(167,NULL,0,'ac640c69-5699-4d49-9908-968ef25def96','1e43a152-f84f-4022-a2c6-0c66c86e9e70',NULL,'LAB_RESULT_TYPES','VALENCENE','VALENCENE',1,'2010-01-01 00:00:00','LIQUIBASE',1,'2010-01-01 00:00:00',NULL),(168,NULL,0,'b4f216aa-adda-4836-b7e2-237e2e78b130','1e43a152-f84f-4022-a2c6-0c66c86e9e70',NULL,'LAB_RESULT_UNIT_TYPES','%','%',1,'2010-01-01 00:00:00','LIQUIBASE',1,'2010-01-01 00:00:00',NULL),(169,NULL,0,'b922fd6a-49b4-11e9-8035-774805423a5c','1e43a152-f84f-4022-a2c6-0c66c86e9e70',NULL,'DISTRIBUTOR_LICENSE_TYPES','DISTRIBUTOR','DISTRIBUTOR',1,'2010-01-01 00:00:00','LIQUIBASE',1,'2010-01-01 00:00:00',NULL),(170,NULL,0,'b92300b2-49b4-11e9-8035-774805423a5c','1e43a152-f84f-4022-a2c6-0c66c86e9e70',NULL,'DISTRIBUTOR_LICENSE_TYPES','RETAILER','RETAILER',1,'2010-01-01 00:00:00','LIQUIBASE',1,'2010-01-01 00:00:00',NULL),(171,NULL,0,'b924237a-49b4-11e9-8035-774805423a5c','1e43a152-f84f-4022-a2c6-0c66c86e9e70',NULL,'LICENSE_CUSTOMER_TYPES','ALL','ALL',1,'2010-01-01 00:00:00','LIQUIBASE',1,'2010-01-01 00:00:00',NULL),(172,NULL,0,'ccf027e1-bf32-4b39-80e9-564e71ab601a','1e43a152-f84f-4022-a2c6-0c66c86e9e70',NULL,'LAB_RESULT_TYPES','CBDV','CBDV',1,'2010-01-01 00:00:00','LIQUIBASE',1,'2010-01-01 00:00:00',NULL),(173,NULL,0,'d32c72e7-ce8f-4822-8729-7b87abe5a01d','1e43a152-f84f-4022-a2c6-0c66c86e9e70',NULL,'LAB_RESULT_TYPES','MOISTURE','MOISTURE',1,'2010-01-01 00:00:00','LIQUIBASE',1,'2010-01-01 00:00:00',NULL),(174,NULL,0,'da952838-8b3f-4393-8b7c-9a1f27303702','1e43a152-f84f-4022-a2c6-0c66c86e9e70',NULL,'LAB_RESULT_TYPES','BETA_CARYOPHYLLENE','BETA_CARYOPHYLLENE',1,'2010-01-01 00:00:00','LIQUIBASE',1,'2010-01-01 00:00:00',NULL),(175,NULL,0,'e0831924-48cb-4c2d-987a-9a8d5792f7fd','1e43a152-f84f-4022-a2c6-0c66c86e9e70',NULL,'LAB_RESULT_TYPES','GERANIOL','GERANIOL',1,'2010-01-01 00:00:00','LIQUIBASE',1,'2010-01-01 00:00:00',NULL),(176,NULL,0,'e1be7996-1f4e-47d0-999e-28b4fa18fca5','1e43a152-f84f-4022-a2c6-0c66c86e9e70',NULL,'LAB_RESULT_TYPES','LINALOOL','LINALOOL',1,'2010-01-01 00:00:00','LIQUIBASE',1,'2010-01-01 00:00:00',NULL),(177,NULL,0,'ec1210bb-ff62-44a8-a967-8666c30f3dbf','1e43a152-f84f-4022-a2c6-0c66c86e9e70',NULL,'LAB_RESULT_TYPES','TRANS_NEROLIDO','TRANS_NEROLIDO',1,'2010-01-01 00:00:00','LIQUIBASE',1,'2010-01-01 00:00:00',NULL),(178,NULL,0,'f9dfb0f5-5c55-4824-91f6-41df2e7791ab','1e43a152-f84f-4022-a2c6-0c66c86e9e70',NULL,'LAB_RESULT_TYPES','ALPHA_BISABOLOL','ALPHA_BISABOLOL',1,'2010-01-01 00:00:00','LIQUIBASE',1,'2010-01-01 00:00:00',NULL),(1125,NULL,0,'4b1b64cc-51cb-11ea-9640-479b33305416','1e43a152-f84f-4022-a2c6-0c66c86e9e70',NULL,'BEVERAGE_SUBTYPE','BEER','BEER',1,'2010-01-01 00:00:00','LIQUIBASE',1,'2010-01-01 00:00:00',NULL),(1126,NULL,0,'4b1b66e8-51cb-11ea-9640-479b33305416','1e43a152-f84f-4022-a2c6-0c66c86e9e70',NULL,'BEVERAGE_SUBTYPE','COFFEE','COFFEE',1,'2010-01-01 00:00:00','LIQUIBASE',1,'2010-01-01 00:00:00',NULL),(1127,NULL,0,'4b1b6760-51cb-11ea-9640-479b33305416','1e43a152-f84f-4022-a2c6-0c66c86e9e70',NULL,'BEVERAGE_SUBTYPE','DISSOLVABLE','DISSOLVABLE',1,'2010-01-01 00:00:00','LIQUIBASE',1,'2010-01-01 00:00:00',NULL),(1128,NULL,0,'4b1b67c4-51cb-11ea-9640-479b33305416','1e43a152-f84f-4022-a2c6-0c66c86e9e70',NULL,'BEVERAGE_SUBTYPE','ELIXER','ELIXER',1,'2010-01-01 00:00:00','LIQUIBASE',1,'2010-01-01 00:00:00',NULL),(1129,NULL,0,'4b1b681e-51cb-11ea-9640-479b33305416','1e43a152-f84f-4022-a2c6-0c66c86e9e70',NULL,'BEVERAGE_SUBTYPE','JUICE','JUICE',1,'2010-01-01 00:00:00','LIQUIBASE',1,'2010-01-01 00:00:00',NULL),(1130,NULL,0,'4b1b6882-51cb-11ea-9640-479b33305416','1e43a152-f84f-4022-a2c6-0c66c86e9e70',NULL,'BEVERAGE_SUBTYPE','SHOT','SHOT',1,'2010-01-01 00:00:00','LIQUIBASE',1,'2010-01-01 00:00:00',NULL),(1131,NULL,0,'4b1b68c8-51cb-11ea-9640-479b33305416','1e43a152-f84f-4022-a2c6-0c66c86e9e70',NULL,'BEVERAGE_SUBTYPE','SODA','SODA',1,'2010-01-01 00:00:00','LIQUIBASE',1,'2010-01-01 00:00:00',NULL),(1132,NULL,0,'4b1b690e-51cb-11ea-9640-479b33305416','1e43a152-f84f-4022-a2c6-0c66c86e9e70',NULL,'BEVERAGE_SUBTYPE','TEA','TEA',1,'2010-01-01 00:00:00','LIQUIBASE',1,'2010-01-01 00:00:00',NULL),(1133,NULL,0,'4b1b695e-51cb-11ea-9640-479b33305416','1e43a152-f84f-4022-a2c6-0c66c86e9e70',NULL,'BEVERAGE_SUBTYPE','TONIC','TONIC',1,'2010-01-01 00:00:00','LIQUIBASE',1,'2010-01-01 00:00:00',NULL),(1134,NULL,0,'4b1b69ae-51cb-11ea-9640-479b33305416','1e43a152-f84f-4022-a2c6-0c66c86e9e70',NULL,'PILL_SUBTYPE','CAPSULE','CAPSULE',1,'2010-01-01 00:00:00','LIQUIBASE',1,'2010-01-01 00:00:00',NULL),(1135,NULL,0,'4b1b69f4-51cb-11ea-9640-479b33305416','1e43a152-f84f-4022-a2c6-0c66c86e9e70',NULL,'PILL_SUBTYPE','CHEWABLE','CHEWABLE',1,'2010-01-01 00:00:00','LIQUIBASE',1,'2010-01-01 00:00:00',NULL),(1136,NULL,0,'4b1b6a44-51cb-11ea-9640-479b33305416','1e43a152-f84f-4022-a2c6-0c66c86e9e70',NULL,'CBD_SUBTYPE','CAPSULE','CAPSULE',1,'2010-01-01 00:00:00','LIQUIBASE',1,'2010-01-01 00:00:00',NULL),(1137,NULL,0,'4b1b6c10-51cb-11ea-9640-479b33305416','1e43a152-f84f-4022-a2c6-0c66c86e9e70',NULL,'CBD_SUBTYPE','CREAM','CREAM',1,'2010-01-01 00:00:00','LIQUIBASE',1,'2010-01-01 00:00:00',NULL),(1138,NULL,0,'4b1b6c6a-51cb-11ea-9640-479b33305416','1e43a152-f84f-4022-a2c6-0c66c86e9e70',NULL,'CBD_SUBTYPE','OIL','OIL',1,'2010-01-01 00:00:00','LIQUIBASE',1,'2010-01-01 00:00:00',NULL),(1139,NULL,0,'4b1b6cba-51cb-11ea-9640-479b33305416','1e43a152-f84f-4022-a2c6-0c66c86e9e70',NULL,'CBD_SUBTYPE','TINCTURE','TINCTURE',1,'2010-01-01 00:00:00','LIQUIBASE',1,'2010-01-01 00:00:00',NULL),(1140,NULL,0,'4b1b6f80-51cb-11ea-9640-479b33305416','1e43a152-f84f-4022-a2c6-0c66c86e9e70',NULL,'TINCTURE_SUBTYPE','DROPPER','DROPPER',1,'2010-01-01 00:00:00','LIQUIBASE',1,'2010-01-01 00:00:00',NULL),(1141,NULL,0,'4b1b6fe4-51cb-11ea-9640-479b33305416','1e43a152-f84f-4022-a2c6-0c66c86e9e70',NULL,'TINCTURE_SUBTYPE','SYRUP','SYRUP',1,'2010-01-01 00:00:00','LIQUIBASE',1,'2010-01-01 00:00:00',NULL),(1142,NULL,0,'4b1b7034-51cb-11ea-9640-479b33305416','1e43a152-f84f-4022-a2c6-0c66c86e9e70',NULL,'CARTRIDGE_SUBTYPE','DISPOSABLE','DISPOSABLE',1,'2010-01-01 00:00:00','LIQUIBASE',1,'2010-01-01 00:00:00',NULL),(1143,NULL,0,'4b1b7084-51cb-11ea-9640-479b33305416','1e43a152-f84f-4022-a2c6-0c66c86e9e70',NULL,'CARTRIDGE_SUBTYPE','POD','POD',1,'2010-01-01 00:00:00','LIQUIBASE',1,'2010-01-01 00:00:00',NULL),(1144,NULL,0,'4b1b70d4-51cb-11ea-9640-479b33305416','1e43a152-f84f-4022-a2c6-0c66c86e9e70',NULL,'CARTRIDGE_SUBTYPE','SAUCE','SAUCE',1,'2010-01-01 00:00:00','LIQUIBASE',1,'2010-01-01 00:00:00',NULL),(1145,NULL,0,'4b1b711a-51cb-11ea-9640-479b33305416','1e43a152-f84f-4022-a2c6-0c66c86e9e70',NULL,'CARTRIDGE_SUBTYPE','STANDARD','STANDARD',1,'2010-01-01 00:00:00','LIQUIBASE',1,'2010-01-01 00:00:00',NULL),(1146,NULL,0,'4b1b716a-51cb-11ea-9640-479b33305416','1e43a152-f84f-4022-a2c6-0c66c86e9e70',NULL,'MISC_SUBTYPE','SUPPOSITORY','SUPPOSITORY',1,'2010-01-01 00:00:00','LIQUIBASE',1,'2010-01-01 00:00:00',NULL),(1147,NULL,0,'4b1b72b4-51cb-11ea-9640-479b33305416','1e43a152-f84f-4022-a2c6-0c66c86e9e70',NULL,'PREROLL_SUBTYPE','FLOWER','FLOWER',1,'2010-01-01 00:00:00','LIQUIBASE',1,'2010-01-01 00:00:00',NULL),(1148,NULL,0,'4b1b730e-51cb-11ea-9640-479b33305416','1e43a152-f84f-4022-a2c6-0c66c86e9e70',NULL,'PREROLL_SUBTYPE','INFUSED','INFUSED',1,'2010-01-01 00:00:00','LIQUIBASE',1,'2010-01-01 00:00:00',NULL),(1149,NULL,0,'4b1b7354-51cb-11ea-9640-479b33305416','1e43a152-f84f-4022-a2c6-0c66c86e9e70',NULL,'PREROLL_SUBTYPE','SHAKE','SHAKE',1,'2010-01-01 00:00:00','LIQUIBASE',1,'2010-01-01 00:00:00',NULL),(1150,NULL,0,'4b1b73a4-51cb-11ea-9640-479b33305416','1e43a152-f84f-4022-a2c6-0c66c86e9e70',NULL,'FLOWER_SUBTYPE','BULK FLOWER','BULK FLOWER',1,'2010-01-01 00:00:00','LIQUIBASE',1,'2010-01-01 00:00:00',NULL),(1151,NULL,0,'4b1b73f4-51cb-11ea-9640-479b33305416','1e43a152-f84f-4022-a2c6-0c66c86e9e70',NULL,'FLOWER_SUBTYPE','KIEF','KIEF',1,'2010-01-01 00:00:00','LIQUIBASE',1,'2010-01-01 00:00:00',NULL),(1152,NULL,0,'4b1b7444-51cb-11ea-9640-479b33305416','1e43a152-f84f-4022-a2c6-0c66c86e9e70',NULL,'FLOWER_SUBTYPE','PRE-PACK','PRE-PACK',1,'2010-01-01 00:00:00','LIQUIBASE',1,'2010-01-01 00:00:00',NULL),(1153,NULL,0,'4b1b748a-51cb-11ea-9640-479b33305416','1e43a152-f84f-4022-a2c6-0c66c86e9e70',NULL,'FLOWER_SUBTYPE','PRE-PACK SMALLS','PRE-PACK SMALLS',1,'2010-01-01 00:00:00','LIQUIBASE',1,'2010-01-01 00:00:00',NULL),(1154,NULL,0,'4b1b74d0-51cb-11ea-9640-479b33305416','1e43a152-f84f-4022-a2c6-0c66c86e9e70',NULL,'FLOWER_SUBTYPE','SHAKE','SHAKE',1,'2010-01-01 00:00:00','LIQUIBASE',1,'2010-01-01 00:00:00',NULL),(1155,NULL,0,'4b1b7520-51cb-11ea-9640-479b33305416','1e43a152-f84f-4022-a2c6-0c66c86e9e70',NULL,'FLOWER_SUBTYPE','STRAIN SPECIFIC SHAKE','STRAIN SPECIFIC SHAKE',1,'2010-01-01 00:00:00','LIQUIBASE',1,'2010-01-01 00:00:00',NULL),(1156,NULL,0,'4b1b7566-51cb-11ea-9640-479b33305416','1e43a152-f84f-4022-a2c6-0c66c86e9e70',NULL,'EXTRACT_SUBTYPE','BADDER','BADDER',1,'2010-01-01 00:00:00','LIQUIBASE',1,'2010-01-01 00:00:00',NULL),(1157,NULL,0,'4b1b75b6-51cb-11ea-9640-479b33305416','1e43a152-f84f-4022-a2c6-0c66c86e9e70',NULL,'EXTRACT_SUBTYPE','BUDDER','BUDDER',1,'2010-01-01 00:00:00','LIQUIBASE',1,'2010-01-01 00:00:00',NULL),(1158,NULL,0,'4b1b75fc-51cb-11ea-9640-479b33305416','1e43a152-f84f-4022-a2c6-0c66c86e9e70',NULL,'EXTRACT_SUBTYPE','CRUMBLE','CRUMBLE',1,'2010-01-01 00:00:00','LIQUIBASE',1,'2010-01-01 00:00:00',NULL),(1159,NULL,0,'4b1b7642-51cb-11ea-9640-479b33305416','1e43a152-f84f-4022-a2c6-0c66c86e9e70',NULL,'EXTRACT_SUBTYPE','CRYSTALLINE','CRYSTALLINE',1,'2010-01-01 00:00:00','LIQUIBASE',1,'2010-01-01 00:00:00',NULL),(1160,NULL,0,'4b1b7692-51cb-11ea-9640-479b33305416','1e43a152-f84f-4022-a2c6-0c66c86e9e70',NULL,'EXTRACT_SUBTYPE','CURED RESIN','CURED RESIN',1,'2010-01-01 00:00:00','LIQUIBASE',1,'2010-01-01 00:00:00',NULL),(1161,NULL,0,'4b1b76d8-51cb-11ea-9640-479b33305416','1e43a152-f84f-4022-a2c6-0c66c86e9e70',NULL,'EXTRACT_SUBTYPE','DISTILLATE','DISTILLATE',1,'2010-01-01 00:00:00','LIQUIBASE',1,'2010-01-01 00:00:00',NULL),(1162,NULL,0,'4b1b7728-51cb-11ea-9640-479b33305416','1e43a152-f84f-4022-a2c6-0c66c86e9e70',NULL,'EXTRACT_SUBTYPE','DRY SIFT','DRY SIFT',1,'2010-01-01 00:00:00','LIQUIBASE',1,'2010-01-01 00:00:00',NULL),(1163,NULL,0,'4b1b776e-51cb-11ea-9640-479b33305416','1e43a152-f84f-4022-a2c6-0c66c86e9e70',NULL,'EXTRACT_SUBTYPE','HASH','HASH',1,'2010-01-01 00:00:00','LIQUIBASE',1,'2010-01-01 00:00:00',NULL),(1164,NULL,0,'4b1b77b4-51cb-11ea-9640-479b33305416','1e43a152-f84f-4022-a2c6-0c66c86e9e70',NULL,'EXTRACT_SUBTYPE','HASH ROSEN','HASH ROSEN',1,'2010-01-01 00:00:00','LIQUIBASE',1,'2010-01-01 00:00:00',NULL),(1165,NULL,0,'4b1b77fa-51cb-11ea-9640-479b33305416','1e43a152-f84f-4022-a2c6-0c66c86e9e70',NULL,'EXTRACT_SUBTYPE','ICE WATER HASH','ICE WATER HASH',1,'2010-01-01 00:00:00','LIQUIBASE',1,'2010-01-01 00:00:00',NULL),(1166,NULL,0,'4b1b784a-51cb-11ea-9640-479b33305416','1e43a152-f84f-4022-a2c6-0c66c86e9e70',NULL,'EXTRACT_SUBTYPE','ICE WAX','ICE WAX',1,'2010-01-01 00:00:00','LIQUIBASE',1,'2010-01-01 00:00:00',NULL),(1167,NULL,0,'4b1b7890-51cb-11ea-9640-479b33305416','1e43a152-f84f-4022-a2c6-0c66c86e9e70',NULL,'EXTRACT_SUBTYPE','JELLY','JELLY',1,'2010-01-01 00:00:00','LIQUIBASE',1,'2010-01-01 00:00:00',NULL),(1168,NULL,0,'4b1b78d6-51cb-11ea-9640-479b33305416','1e43a152-f84f-4022-a2c6-0c66c86e9e70',NULL,'EXTRACT_SUBTYPE','LIVE RESIN','LIVE RESIN',1,'2010-01-01 00:00:00','LIQUIBASE',1,'2010-01-01 00:00:00',NULL),(1169,NULL,0,'4b1b7926-51cb-11ea-9640-479b33305416','1e43a152-f84f-4022-a2c6-0c66c86e9e70',NULL,'EXTRACT_SUBTYPE','LIVE RESIN BADDER','LIVE RESIN BADDER',1,'2010-01-01 00:00:00','LIQUIBASE',1,'2010-01-01 00:00:00',NULL),(1170,NULL,0,'4b1b796c-51cb-11ea-9640-479b33305416','1e43a152-f84f-4022-a2c6-0c66c86e9e70',NULL,'EXTRACT_SUBTYPE','LIVE RESIN BUDDER','LIVE RESIN BUDDER',1,'2010-01-01 00:00:00','LIQUIBASE',1,'2010-01-01 00:00:00',NULL),(1171,NULL,0,'4b1b79bc-51cb-11ea-9640-479b33305416','1e43a152-f84f-4022-a2c6-0c66c86e9e70',NULL,'EXTRACT_SUBTYPE','LIVE RESIN SUGAR','LIVE RESIN SUGAR',1,'2010-01-01 00:00:00','LIQUIBASE',1,'2010-01-01 00:00:00',NULL),(1172,NULL,0,'4b1b7a02-51cb-11ea-9640-479b33305416','1e43a152-f84f-4022-a2c6-0c66c86e9e70',NULL,'EXTRACT_SUBTYPE','LIVE ROSIN','LIVE ROSIN',1,'2010-01-01 00:00:00','LIQUIBASE',1,'2010-01-01 00:00:00',NULL),(1173,NULL,0,'4b1b7a48-51cb-11ea-9640-479b33305416','1e43a152-f84f-4022-a2c6-0c66c86e9e70',NULL,'EXTRACT_SUBTYPE','OIL','OIL',1,'2010-01-01 00:00:00','LIQUIBASE',1,'2010-01-01 00:00:00',NULL),(1174,NULL,0,'4b1b7a98-51cb-11ea-9640-479b33305416','1e43a152-f84f-4022-a2c6-0c66c86e9e70',NULL,'EXTRACT_SUBTYPE','OTHER','OTHER',1,'2010-01-01 00:00:00','LIQUIBASE',1,'2010-01-01 00:00:00',NULL),(1175,NULL,0,'4b1b7ade-51cb-11ea-9640-479b33305416','1e43a152-f84f-4022-a2c6-0c66c86e9e70',NULL,'EXTRACT_SUBTYPE','ROSIN BUDDER','ROSIN BUDDER',1,'2010-01-01 00:00:00','LIQUIBASE',1,'2010-01-01 00:00:00',NULL),(1176,NULL,0,'4b1b7b24-51cb-11ea-9640-479b33305416','1e43a152-f84f-4022-a2c6-0c66c86e9e70',NULL,'EXTRACT_SUBTYPE','SAUCE','SAUCE',1,'2010-01-01 00:00:00','LIQUIBASE',1,'2010-01-01 00:00:00',NULL),(1177,NULL,0,'4b1b7b74-51cb-11ea-9640-479b33305416','1e43a152-f84f-4022-a2c6-0c66c86e9e70',NULL,'EXTRACT_SUBTYPE','SHATTER','SHATTER',1,'2010-01-01 00:00:00','LIQUIBASE',1,'2010-01-01 00:00:00',NULL),(1178,NULL,0,'4b1b7bba-51cb-11ea-9640-479b33305416','1e43a152-f84f-4022-a2c6-0c66c86e9e70',NULL,'EXTRACT_SUBTYPE','SIFT ROSIN','SIFT ROSIN',1,'2010-01-01 00:00:00','LIQUIBASE',1,'2010-01-01 00:00:00',NULL),(1179,NULL,0,'4b1b7c0a-51cb-11ea-9640-479b33305416','1e43a152-f84f-4022-a2c6-0c66c86e9e70',NULL,'EXTRACT_SUBTYPE','SUGAR','SUGAR',1,'2010-01-01 00:00:00','LIQUIBASE',1,'2010-01-01 00:00:00',NULL),(1180,NULL,0,'4b1b7c5a-51cb-11ea-9640-479b33305416','1e43a152-f84f-4022-a2c6-0c66c86e9e70',NULL,'EXTRACT_SUBTYPE','THC-A','THC-A',1,'2010-01-01 00:00:00','LIQUIBASE',1,'2010-01-01 00:00:00',NULL),(1181,NULL,0,'4b1b7ca0-51cb-11ea-9640-479b33305416','1e43a152-f84f-4022-a2c6-0c66c86e9e70',NULL,'EXTRACT_SUBTYPE','WAX','WAX',1,'2010-01-01 00:00:00','LIQUIBASE',1,'2010-01-01 00:00:00',NULL),(1182,NULL,0,'4b1b7ce6-51cb-11ea-9640-479b33305416','1e43a152-f84f-4022-a2c6-0c66c86e9e70',NULL,'EDIBLE_SUBTYPE','BAKED GOOD','BAKED GOOD',1,'2010-01-01 00:00:00','LIQUIBASE',1,'2010-01-01 00:00:00',NULL),(1183,NULL,0,'4b1b7d36-51cb-11ea-9640-479b33305416','1e43a152-f84f-4022-a2c6-0c66c86e9e70',NULL,'EDIBLE_SUBTYPE','BUTTER','BUTTER',1,'2010-01-01 00:00:00','LIQUIBASE',1,'2010-01-01 00:00:00',NULL),(1184,NULL,0,'4b1b7d7c-51cb-11ea-9640-479b33305416','1e43a152-f84f-4022-a2c6-0c66c86e9e70',NULL,'EDIBLE_SUBTYPE','CHEW','CHEW',1,'2010-01-01 00:00:00','LIQUIBASE',1,'2010-01-01 00:00:00',NULL),(1185,NULL,0,'4b1b7dc2-51cb-11ea-9640-479b33305416','1e43a152-f84f-4022-a2c6-0c66c86e9e70',NULL,'EDIBLE_SUBTYPE','CHOCOLATE','CHOCOLATE',1,'2010-01-01 00:00:00','LIQUIBASE',1,'2010-01-01 00:00:00',NULL),(1186,NULL,0,'4b1b7e08-51cb-11ea-9640-479b33305416','1e43a152-f84f-4022-a2c6-0c66c86e9e70',NULL,'EDIBLE_SUBTYPE','COOKIE','COOKIE',1,'2010-01-01 00:00:00','LIQUIBASE',1,'2010-01-01 00:00:00',NULL),(1187,NULL,0,'4b1b7e4e-51cb-11ea-9640-479b33305416','1e43a152-f84f-4022-a2c6-0c66c86e9e70',NULL,'EDIBLE_SUBTYPE','GUMMY','GUMMY',1,'2010-01-01 00:00:00','LIQUIBASE',1,'2010-01-01 00:00:00',NULL),(1188,NULL,0,'4b1b7e94-51cb-11ea-9640-479b33305416','1e43a152-f84f-4022-a2c6-0c66c86e9e70',NULL,'EDIBLE_SUBTYPE','HARD CANDY','HARD CANDY',1,'2010-01-01 00:00:00','LIQUIBASE',1,'2010-01-01 00:00:00',NULL),(1189,NULL,0,'4b1b7ee4-51cb-11ea-9640-479b33305416','1e43a152-f84f-4022-a2c6-0c66c86e9e70',NULL,'EDIBLE_SUBTYPE','LOZENGE','LOZENGE',1,'2010-01-01 00:00:00','LIQUIBASE',1,'2010-01-01 00:00:00',NULL),(1190,NULL,0,'4b1b915e-51cb-11ea-9640-479b33305416','1e43a152-f84f-4022-a2c6-0c66c86e9e70',NULL,'EDIBLE_SUBTYPE','MINTS','MINTS',1,'2010-01-01 00:00:00','LIQUIBASE',1,'2010-01-01 00:00:00',NULL),(1191,NULL,0,'4b1b921c-51cb-11ea-9640-479b33305416','1e43a152-f84f-4022-a2c6-0c66c86e9e70',NULL,'EDIBLE_SUBTYPE','OIL','OIL',1,'2010-01-01 00:00:00','LIQUIBASE',1,'2010-01-01 00:00:00',NULL),(1192,NULL,0,'4b1b9280-51cb-11ea-9640-479b33305416','1e43a152-f84f-4022-a2c6-0c66c86e9e70',NULL,'EDIBLE_SUBTYPE','SAVORY','SAVORY',1,'2010-01-01 00:00:00','LIQUIBASE',1,'2010-01-01 00:00:00',NULL),(1193,NULL,0,'4b1b92da-51cb-11ea-9640-479b33305416','1e43a152-f84f-4022-a2c6-0c66c86e9e70',NULL,'EDIBLE_SUBTYPE','SUBLINGUAL','SUBLINGUAL',1,'2010-01-01 00:00:00','LIQUIBASE',1,'2010-01-01 00:00:00',NULL),(1194,NULL,0,'4b1b9334-51cb-11ea-9640-479b33305416','1e43a152-f84f-4022-a2c6-0c66c86e9e70',NULL,'EDIBLE_SUBTYPE','OTHER','OTHER',1,'2010-01-01 00:00:00','LIQUIBASE',1,'2010-01-01 00:00:00',NULL),(1195,NULL,0,'4b1b9384-51cb-11ea-9640-479b33305416','1e43a152-f84f-4022-a2c6-0c66c86e9e70',NULL,'PLANT_SUBTYPE','CLONE','CLONE',1,'2010-01-01 00:00:00','LIQUIBASE',1,'2010-01-01 00:00:00',NULL),(1196,NULL,0,'4b1b93d4-51cb-11ea-9640-479b33305416','1e43a152-f84f-4022-a2c6-0c66c86e9e70',NULL,'PLANT_SUBTYPE','FRESH WHOLE PLANT','FRESH WHOLE PLANT',1,'2010-01-01 00:00:00','LIQUIBASE',1,'2010-01-01 00:00:00',NULL),(1197,NULL,0,'4b1b9424-51cb-11ea-9640-479b33305416','1e43a152-f84f-4022-a2c6-0c66c86e9e70',NULL,'PLANT_SUBTYPE','SEEDS','SEEDS',1,'2010-01-01 00:00:00','LIQUIBASE',1,'2010-01-01 00:00:00',NULL),(1198,NULL,0,'4b1b9474-51cb-11ea-9640-479b33305416','1e43a152-f84f-4022-a2c6-0c66c86e9e70',NULL,'TOPICAL_SUBTYPE','BALM','BALM',1,'2010-01-01 00:00:00','LIQUIBASE',1,'2010-01-01 00:00:00',NULL),(1199,NULL,0,'4b1b94ba-51cb-11ea-9640-479b33305416','1e43a152-f84f-4022-a2c6-0c66c86e9e70',NULL,'TOPICAL_SUBTYPE','CREAM','CREAM',1,'2010-01-01 00:00:00','LIQUIBASE',1,'2010-01-01 00:00:00',NULL),(1200,NULL,0,'4b1b950a-51cb-11ea-9640-479b33305416','1e43a152-f84f-4022-a2c6-0c66c86e9e70',NULL,'TOPICAL_SUBTYPE','LOTION','LOTION',1,'2010-01-01 00:00:00','LIQUIBASE',1,'2010-01-01 00:00:00',NULL),(1201,NULL,0,'4b1b96cc-51cb-11ea-9640-479b33305416','1e43a152-f84f-4022-a2c6-0c66c86e9e70',NULL,'TOPICAL_SUBTYPE','OIL','OIL',1,'2010-01-01 00:00:00','LIQUIBASE',1,'2010-01-01 00:00:00',NULL),(1202,NULL,0,'4b1b9730-51cb-11ea-9640-479b33305416','1e43a152-f84f-4022-a2c6-0c66c86e9e70',NULL,'TOPICAL_SUBTYPE','PATCH','PATCH',1,'2010-01-01 00:00:00','LIQUIBASE',1,'2010-01-01 00:00:00',NULL),(1203,NULL,0,'4b1b9780-51cb-11ea-9640-479b33305416','1e43a152-f84f-4022-a2c6-0c66c86e9e70',NULL,'TOPICAL_SUBTYPE','SALVE','SALVE',1,'2010-01-01 00:00:00','LIQUIBASE',1,'2010-01-01 00:00:00',NULL),(1204,NULL,0,'4b1b97d0-51cb-11ea-9640-479b33305416','1e43a152-f84f-4022-a2c6-0c66c86e9e70',NULL,'TOPICAL_SUBTYPE','SPRAY','SPRAY',1,'2010-01-01 00:00:00','LIQUIBASE',1,'2010-01-01 00:00:00',NULL),(1205,NULL,0,'4b1b982a-51cb-11ea-9640-479b33305416','1e43a152-f84f-4022-a2c6-0c66c86e9e70',NULL,'MERCH_SUBTYPE','BATTERY','BATTERY',1,'2010-01-01 00:00:00','LIQUIBASE',1,'2010-01-01 00:00:00',NULL),(1206,NULL,0,'4b1b987a-51cb-11ea-9640-479b33305416','1e43a152-f84f-4022-a2c6-0c66c86e9e70',NULL,'MERCH_SUBTYPE','BONG','BONG',1,'2010-01-01 00:00:00','LIQUIBASE',1,'2010-01-01 00:00:00',NULL),(1207,NULL,0,'4b1baa9a-51cb-11ea-9640-479b33305416','1e43a152-f84f-4022-a2c6-0c66c86e9e70',NULL,'MERCH_SUBTYPE','BOOK','BOOK',1,'2010-01-01 00:00:00','LIQUIBASE',1,'2010-01-01 00:00:00',NULL),(1208,NULL,0,'4b1bab76-51cb-11ea-9640-479b33305416','1e43a152-f84f-4022-a2c6-0c66c86e9e70',NULL,'MERCH_SUBTYPE','HAT','HAT',1,'2010-01-01 00:00:00','LIQUIBASE',1,'2010-01-01 00:00:00',NULL),(1209,NULL,0,'4b1babd0-51cb-11ea-9640-479b33305416','1e43a152-f84f-4022-a2c6-0c66c86e9e70',NULL,'MERCH_SUBTYPE','HOODIE','HOODIE',1,'2010-01-01 00:00:00','LIQUIBASE',1,'2010-01-01 00:00:00',NULL),(1210,NULL,0,'4b1bac2a-51cb-11ea-9640-479b33305416','1e43a152-f84f-4022-a2c6-0c66c86e9e70',NULL,'MERCH_SUBTYPE','LIGHTER','LIGHTER',1,'2010-01-01 00:00:00','LIQUIBASE',1,'2010-01-01 00:00:00',NULL),(1211,NULL,0,'4b1bac7a-51cb-11ea-9640-479b33305416','1e43a152-f84f-4022-a2c6-0c66c86e9e70',NULL,'MERCH_SUBTYPE','OIL RIG','OIL RIG',1,'2010-01-01 00:00:00','LIQUIBASE',1,'2010-01-01 00:00:00',NULL),(1212,NULL,0,'4b1bacca-51cb-11ea-9640-479b33305416','1e43a152-f84f-4022-a2c6-0c66c86e9e70',NULL,'MERCH_SUBTYPE','PIPE','PIPE',1,'2010-01-01 00:00:00','LIQUIBASE',1,'2010-01-01 00:00:00',NULL),(1213,NULL,0,'4b1bad24-51cb-11ea-9640-479b33305416','1e43a152-f84f-4022-a2c6-0c66c86e9e70',NULL,'MERCH_SUBTYPE','ROLLING PAPERS','SPRAY',1,'2010-01-01 00:00:00','LIQUIBASE',1,'2010-01-01 00:00:00',NULL),(1214,NULL,0,'4b1bad74-51cb-11ea-9640-479b33305416','1e43a152-f84f-4022-a2c6-0c66c86e9e70',NULL,'MERCH_SUBTYPE','SWEATSHIRT','SWEATSHIRT',1,'2010-01-01 00:00:00','LIQUIBASE',1,'2010-01-01 00:00:00',NULL),(1215,NULL,0,'4b1badd8-51cb-11ea-9640-479b33305416','1e43a152-f84f-4022-a2c6-0c66c86e9e70',NULL,'MERCH_SUBTYPE','T SHIRT','T SHIRT',1,'2010-01-01 00:00:00','LIQUIBASE',1,'2010-01-01 00:00:00',NULL),(1216,NULL,0,'4b1bae28-51cb-11ea-9640-479b33305416','1e43a152-f84f-4022-a2c6-0c66c86e9e70',NULL,'MERCH_SUBTYPE','VAPORIZER','VAPORIZER',1,'2010-01-01 00:00:00','LIQUIBASE',1,'2010-01-01 00:00:00',NULL),(1217,NULL,0,'4b1bae78-51cb-11ea-9640-479b33305416','1e43a152-f84f-4022-a2c6-0c66c86e9e70',NULL,'NON-INV_SUBTYPE','FEE','FEE',1,'2010-01-01 00:00:00','LIQUIBASE',1,'2010-01-01 00:00:00',NULL),(1218,NULL,0,'4b1baec8-51cb-11ea-9640-479b33305416','1e43a152-f84f-4022-a2c6-0c66c86e9e70',NULL,'NON-INV_SUBTYPE','MEMBERSHIP','MEMBERSHIP',1,'2010-01-01 00:00:00','LIQUIBASE',1,'2010-01-01 00:00:00',NULL),(1219,NULL,0,'4b1c6af2-51cb-11ea-9640-479b33305416','1e43a152-f84f-4022-a2c6-0c66c86e9e70',NULL,'EXTRACT_SUBTYPE','HASH ROSIN','HASH ROSIN',1,'2010-01-01 00:00:00','LIQUIBASE',1,'2010-01-01 00:00:00',NULL),(1288,NULL,0,'4e37c510-51cb-11ea-9640-479b33305416','1e43a152-f84f-4022-a2c6-0c66c86e9e70',NULL,'LAB_RESULT_TYPES','CBN','CBN',1,'2020-02-17 13:20:22','LIQUIBASE',1,'2020-02-17 13:20:22',NULL),(1289,NULL,0,'4e37c736-51cb-11ea-9640-479b33305416','1e43a152-f84f-4022-a2c6-0c66c86e9e70',NULL,'LAB_RESULT_TYPES','TOTAL_CANNABINOIDS','TOTAL_CANNABINOIDS',1,'2020-02-17 13:20:22','LIQUIBASE',1,'2020-02-17 13:20:22',NULL),(1290,NULL,0,'4e37c7b8-51cb-11ea-9640-479b33305416','1e43a152-f84f-4022-a2c6-0c66c86e9e70',NULL,'LAB_RESULT_TYPES','TOTAL_TERPENES','TOTAL_TERPENES',1,'2020-02-17 13:20:22','LIQUIBASE',1,'2020-02-17 13:20:22',NULL),(1291,NULL,0,'4e37c830-51cb-11ea-9640-479b33305416','1e43a152-f84f-4022-a2c6-0c66c86e9e70',NULL,'LAB_RESULT_TYPES','SABINENE','SABINENE',1,'2020-02-17 13:20:22','LIQUIBASE',1,'2020-02-17 13:20:22',NULL),(1292,NULL,0,'4e37c880-51cb-11ea-9640-479b33305416','1e43a152-f84f-4022-a2c6-0c66c86e9e70',NULL,'LAB_RESULT_TYPES','SABINENE_HYDRATE','SABINENE_HYDRATE',1,'2020-02-17 13:20:22','LIQUIBASE',1,'2020-02-17 13:20:22',NULL),(1293,NULL,0,'4e37c8da-51cb-11ea-9640-479b33305416','1e43a152-f84f-4022-a2c6-0c66c86e9e70',NULL,'LAB_RESULT_TYPES','BETA_MYRCENE','BETA_MYRCENE',1,'2020-02-17 13:20:22','LIQUIBASE',1,'2020-02-17 13:20:22',NULL),(1294,NULL,0,'4e37c92a-51cb-11ea-9640-479b33305416','1e43a152-f84f-4022-a2c6-0c66c86e9e70',NULL,'LAB_RESULT_TYPES','ALPHA_TERPINENE','ALPHA_TERPINENE',1,'2020-02-17 13:20:22','LIQUIBASE',1,'2020-02-17 13:20:22',NULL),(1295,NULL,0,'4e37c97a-51cb-11ea-9640-479b33305416','1e43a152-f84f-4022-a2c6-0c66c86e9e70',NULL,'LAB_RESULT_TYPES','GAMMA_TERPINENE','GAMMA_TERPINENE',1,'2020-02-17 13:20:22','LIQUIBASE',1,'2020-02-17 13:20:22',NULL),(1296,NULL,0,'4e37c9c0-51cb-11ea-9640-479b33305416','1e43a152-f84f-4022-a2c6-0c66c86e9e70',NULL,'LAB_RESULT_TYPES','TERPINOLENE','TERPINOLENE',1,'2020-02-17 13:20:22','LIQUIBASE',1,'2020-02-17 13:20:22',NULL),(1297,NULL,0,'4e37ca10-51cb-11ea-9640-479b33305416','1e43a152-f84f-4022-a2c6-0c66c86e9e70',NULL,'LAB_RESULT_TYPES','FENCHONE','FENCHONE',1,'2020-02-17 13:20:22','LIQUIBASE',1,'2020-02-17 13:20:22',NULL),(1298,NULL,0,'4e37ccea-51cb-11ea-9640-479b33305416','1e43a152-f84f-4022-a2c6-0c66c86e9e70',NULL,'LAB_RESULT_TYPES','ENDO_FENCHYL','ENDO_FENCHYL',1,'2020-02-17 13:20:22','LIQUIBASE',1,'2020-02-17 13:20:22',NULL),(1299,NULL,0,'4e37cd58-51cb-11ea-9640-479b33305416','1e43a152-f84f-4022-a2c6-0c66c86e9e70',NULL,'LAB_RESULT_TYPES','ISOPULEGOL','ISOPULEGOL',1,'2020-02-17 13:20:22','LIQUIBASE',1,'2020-02-17 13:20:22',NULL),(1300,NULL,0,'4e37cf74-51cb-11ea-9640-479b33305416','1e43a152-f84f-4022-a2c6-0c66c86e9e70',NULL,'LAB_RESULT_TYPES','HEXAHYDROTHYMOL','HEXAHYDROTHYMOL',1,'2020-02-17 13:20:22','LIQUIBASE',1,'2020-02-17 13:20:22',NULL),(1301,NULL,0,'4e37de56-51cb-11ea-9640-479b33305416','1e43a152-f84f-4022-a2c6-0c66c86e9e70',NULL,'LAB_RESULT_TYPES','ALPHA_TERPINEOL','ALPHA_TERPINEOL',1,'2020-02-17 13:20:22','LIQUIBASE',1,'2020-02-17 13:20:22',NULL),(1302,NULL,0,'4e37df0a-51cb-11ea-9640-479b33305416','1e43a152-f84f-4022-a2c6-0c66c86e9e70',NULL,'LAB_RESULT_TYPES','NEROL','NEROL',1,'2020-02-17 13:20:22','LIQUIBASE',1,'2020-02-17 13:20:22',NULL),(1303,NULL,0,'4e37df6e-51cb-11ea-9640-479b33305416','1e43a152-f84f-4022-a2c6-0c66c86e9e70',NULL,'LAB_RESULT_TYPES','PULEGONE','PULEGONE',1,'2020-02-17 13:20:22','LIQUIBASE',1,'2020-02-17 13:20:22',NULL),(1304,NULL,0,'4e37dfbe-51cb-11ea-9640-479b33305416','1e43a152-f84f-4022-a2c6-0c66c86e9e70',NULL,'LAB_RESULT_TYPES','GERANYL_ACETATE','GERANYL_ACETATE',1,'2020-02-17 13:20:22','LIQUIBASE',1,'2020-02-17 13:20:22',NULL),(1305,NULL,0,'4e37e018-51cb-11ea-9640-479b33305416','1e43a152-f84f-4022-a2c6-0c66c86e9e70',NULL,'LAB_RESULT_TYPES','ALPHA_CEDRENE','ALPHA_CEDRENE',1,'2020-02-17 13:20:22','LIQUIBASE',1,'2020-02-17 13:20:22',NULL),(1306,NULL,0,'4e37e072-51cb-11ea-9640-479b33305416','1e43a152-f84f-4022-a2c6-0c66c86e9e70',NULL,'LAB_RESULT_TYPES','TRANS_CARYOPHYLLENE','TRANS_CARYOPHYLLENE',1,'2020-02-17 13:20:22','LIQUIBASE',1,'2020-02-17 13:20:22',NULL),(1307,NULL,0,'4e37e0c2-51cb-11ea-9640-479b33305416','1e43a152-f84f-4022-a2c6-0c66c86e9e70',NULL,'LAB_RESULT_TYPES','ALPHA_HUMULENE','ALPHA_HUMULENE',1,'2020-02-17 13:20:22','LIQUIBASE',1,'2020-02-17 13:20:22',NULL),(1308,NULL,0,'4e37e112-51cb-11ea-9640-479b33305416','1e43a152-f84f-4022-a2c6-0c66c86e9e70',NULL,'LAB_RESULT_TYPES','CIS_NEROLIDOL','CIS_NEROLIDOL',1,'2020-02-17 13:20:22','LIQUIBASE',1,'2020-02-17 13:20:22',NULL),(1309,NULL,0,'4e37e162-51cb-11ea-9640-479b33305416','1e43a152-f84f-4022-a2c6-0c66c86e9e70',NULL,'LAB_RESULT_TYPES','TRANS_NEROLIDOL','TRANS_NEROLIDOL',1,'2020-02-17 13:20:22','LIQUIBASE',1,'2020-02-17 13:20:22',NULL),(1310,NULL,0,'4e37e252-51cb-11ea-9640-479b33305416','1e43a152-f84f-4022-a2c6-0c66c86e9e70',NULL,'LAB_RESULT_TYPES','GUAIOL','GUAIOL',1,'2020-02-17 13:20:22','LIQUIBASE',1,'2020-02-17 13:20:22',NULL),(1311,NULL,0,'4e37e2a2-51cb-11ea-9640-479b33305416','1e43a152-f84f-4022-a2c6-0c66c86e9e70',NULL,'LAB_RESULT_TYPES','CARYOPHYLLENE_OXIDE','CARYOPHYLLENE_OXIDE',1,'2020-02-17 13:20:22','LIQUIBASE',1,'2020-02-17 13:20:22',NULL),(1312,NULL,0,'4e37e2fc-51cb-11ea-9640-479b33305416','1e43a152-f84f-4022-a2c6-0c66c86e9e70',NULL,'LAB_RESULT_TYPES','CEDROL','CEDROL',1,'2020-02-17 13:20:22','LIQUIBASE',1,'2020-02-17 13:20:22',NULL),(1313,NULL,0,'4e37c510-51cb-11ea-9640-479b33305416','1e43a152-f84f-4022-a2c6-0c66c86e9e70',NULL,'LAB_RESULT_TYPES','CBN','CBN',1,'2020-02-17 13:20:22','LIQUIBASE',1,'2020-02-17 13:20:22',NULL),(1314,NULL,0,'4e37c736-51cb-11ea-9640-479b33305416','1e43a152-f84f-4022-a2c6-0c66c86e9e70',NULL,'LAB_RESULT_TYPES','TOTAL_CANNABINOIDS','TOTAL_CANNABINOIDS',1,'2020-02-17 13:20:22','LIQUIBASE',1,'2020-02-17 13:20:22',NULL),(1315,NULL,0,'4e37c7b8-51cb-11ea-9640-479b33305416','1e43a152-f84f-4022-a2c6-0c66c86e9e70',NULL,'LAB_RESULT_TYPES','TOTAL_TERPENES','TOTAL_TERPENES',1,'2020-02-17 13:20:22','LIQUIBASE',1,'2020-02-17 13:20:22',NULL),(1316,NULL,0,'4e37c830-51cb-11ea-9640-479b33305416','1e43a152-f84f-4022-a2c6-0c66c86e9e70',NULL,'LAB_RESULT_TYPES','SABINENE','SABINENE',1,'2020-02-17 13:20:22','LIQUIBASE',1,'2020-02-17 13:20:22',NULL),(1317,NULL,0,'4e37c880-51cb-11ea-9640-479b33305416','1e43a152-f84f-4022-a2c6-0c66c86e9e70',NULL,'LAB_RESULT_TYPES','SABINENE_HYDRATE','SABINENE_HYDRATE',1,'2020-02-17 13:20:22','LIQUIBASE',1,'2020-02-17 13:20:22',NULL),(1318,NULL,0,'4e37c8da-51cb-11ea-9640-479b33305416','1e43a152-f84f-4022-a2c6-0c66c86e9e70',NULL,'LAB_RESULT_TYPES','BETA_MYRCENE','BETA_MYRCENE',1,'2020-02-17 13:20:22','LIQUIBASE',1,'2020-02-17 13:20:22',NULL),(1319,NULL,0,'4e37c92a-51cb-11ea-9640-479b33305416','1e43a152-f84f-4022-a2c6-0c66c86e9e70',NULL,'LAB_RESULT_TYPES','ALPHA_TERPINENE','ALPHA_TERPINENE',1,'2020-02-17 13:20:22','LIQUIBASE',1,'2020-02-17 13:20:22',NULL),(1320,NULL,0,'4e37c97a-51cb-11ea-9640-479b33305416','1e43a152-f84f-4022-a2c6-0c66c86e9e70',NULL,'LAB_RESULT_TYPES','GAMMA_TERPINENE','GAMMA_TERPINENE',1,'2020-02-17 13:20:22','LIQUIBASE',1,'2020-02-17 13:20:22',NULL),(1321,NULL,0,'4e37c9c0-51cb-11ea-9640-479b33305416','1e43a152-f84f-4022-a2c6-0c66c86e9e70',NULL,'LAB_RESULT_TYPES','TERPINOLENE','TERPINOLENE',1,'2020-02-17 13:20:22','LIQUIBASE',1,'2020-02-17 13:20:22',NULL),(1322,NULL,0,'4e37ca10-51cb-11ea-9640-479b33305416','1e43a152-f84f-4022-a2c6-0c66c86e9e70',NULL,'LAB_RESULT_TYPES','FENCHONE','FENCHONE',1,'2020-02-17 13:20:22','LIQUIBASE',1,'2020-02-17 13:20:22',NULL),(1323,NULL,0,'4e37ccea-51cb-11ea-9640-479b33305416','1e43a152-f84f-4022-a2c6-0c66c86e9e70',NULL,'LAB_RESULT_TYPES','ENDO_FENCHYL','ENDO_FENCHYL',1,'2020-02-17 13:20:22','LIQUIBASE',1,'2020-02-17 13:20:22',NULL),(1324,NULL,0,'4e37cd58-51cb-11ea-9640-479b33305416','1e43a152-f84f-4022-a2c6-0c66c86e9e70',NULL,'LAB_RESULT_TYPES','ISOPULEGOL','ISOPULEGOL',1,'2020-02-17 13:20:22','LIQUIBASE',1,'2020-02-17 13:20:22',NULL),(1325,NULL,0,'4e37cf74-51cb-11ea-9640-479b33305416','1e43a152-f84f-4022-a2c6-0c66c86e9e70',NULL,'LAB_RESULT_TYPES','HEXAHYDROTHYMOL','HEXAHYDROTHYMOL',1,'2020-02-17 13:20:22','LIQUIBASE',1,'2020-02-17 13:20:22',NULL),(1326,NULL,0,'4e37de56-51cb-11ea-9640-479b33305416','1e43a152-f84f-4022-a2c6-0c66c86e9e70',NULL,'LAB_RESULT_TYPES','ALPHA_TERPINEOL','ALPHA_TERPINEOL',1,'2020-02-17 13:20:22','LIQUIBASE',1,'2020-02-17 13:20:22',NULL),(1327,NULL,0,'4e37df0a-51cb-11ea-9640-479b33305416','1e43a152-f84f-4022-a2c6-0c66c86e9e70',NULL,'LAB_RESULT_TYPES','NEROL','NEROL',1,'2020-02-17 13:20:22','LIQUIBASE',1,'2020-02-17 13:20:22',NULL),(1328,NULL,0,'4e37df6e-51cb-11ea-9640-479b33305416','1e43a152-f84f-4022-a2c6-0c66c86e9e70',NULL,'LAB_RESULT_TYPES','PULEGONE','PULEGONE',1,'2020-02-17 13:20:22','LIQUIBASE',1,'2020-02-17 13:20:22',NULL),(1329,NULL,0,'4e37dfbe-51cb-11ea-9640-479b33305416','1e43a152-f84f-4022-a2c6-0c66c86e9e70',NULL,'LAB_RESULT_TYPES','GERANYL_ACETATE','GERANYL_ACETATE',1,'2020-02-17 13:20:22','LIQUIBASE',1,'2020-02-17 13:20:22',NULL),(1330,NULL,0,'4e37e018-51cb-11ea-9640-479b33305416','1e43a152-f84f-4022-a2c6-0c66c86e9e70',NULL,'LAB_RESULT_TYPES','ALPHA_CEDRENE','ALPHA_CEDRENE',1,'2020-02-17 13:20:22','LIQUIBASE',1,'2020-02-17 13:20:22',NULL),(1331,NULL,0,'4e37e072-51cb-11ea-9640-479b33305416','1e43a152-f84f-4022-a2c6-0c66c86e9e70',NULL,'LAB_RESULT_TYPES','TRANS_CARYOPHYLLENE','TRANS_CARYOPHYLLENE',1,'2020-02-17 13:20:22','LIQUIBASE',1,'2020-02-17 13:20:22',NULL),(1332,NULL,0,'4e37e0c2-51cb-11ea-9640-479b33305416','1e43a152-f84f-4022-a2c6-0c66c86e9e70',NULL,'LAB_RESULT_TYPES','ALPHA_HUMULENE','ALPHA_HUMULENE',1,'2020-02-17 13:20:22','LIQUIBASE',1,'2020-02-17 13:20:22',NULL),(1333,NULL,0,'4e37e112-51cb-11ea-9640-479b33305416','1e43a152-f84f-4022-a2c6-0c66c86e9e70',NULL,'LAB_RESULT_TYPES','CIS_NEROLIDOL','CIS_NEROLIDOL',1,'2020-02-17 13:20:22','LIQUIBASE',1,'2020-02-17 13:20:22',NULL),(1334,NULL,0,'4e37e162-51cb-11ea-9640-479b33305416','1e43a152-f84f-4022-a2c6-0c66c86e9e70',NULL,'LAB_RESULT_TYPES','TRANS_NEROLIDOL','TRANS_NEROLIDOL',1,'2020-02-17 13:20:22','LIQUIBASE',1,'2020-02-17 13:20:22',NULL),(1335,NULL,0,'4e37e252-51cb-11ea-9640-479b33305416','1e43a152-f84f-4022-a2c6-0c66c86e9e70',NULL,'LAB_RESULT_TYPES','GUAIOL','GUAIOL',1,'2020-02-17 13:20:22','LIQUIBASE',1,'2020-02-17 13:20:22',NULL),(1336,NULL,0,'4e37e2a2-51cb-11ea-9640-479b33305416','1e43a152-f84f-4022-a2c6-0c66c86e9e70',NULL,'LAB_RESULT_TYPES','CARYOPHYLLENE_OXIDE','CARYOPHYLLENE_OXIDE',1,'2020-02-17 13:20:22','LIQUIBASE',1,'2020-02-17 13:20:22',NULL),(1337,NULL,0,'4e37e2fc-51cb-11ea-9640-479b33305416','1e43a152-f84f-4022-a2c6-0c66c86e9e70',NULL,'LAB_RESULT_TYPES','CEDROL','CEDROL',1,'2020-02-17 13:20:22','LIQUIBASE',1,'2020-02-17 13:20:22',NULL),(1338,NULL,0,'4e3952ea-51cb-11ea-9640-479b33305416','1e43a152-f84f-4022-a2c6-0c66c86e9e70',NULL,'EXTRACT_ALL_UOM','GRAMS','GRAMS',1,'2020-02-17 13:20:22','LIQUIBASE',1,'2020-02-17 13:20:22',NULL),(1339,NULL,0,'4e395470-51cb-11ea-9640-479b33305416','1e43a152-f84f-4022-a2c6-0c66c86e9e70',NULL,'EXTRACT_ALL_UOM','MILLIGRAMS','MILLIGRAMS',1,'2020-02-17 13:20:22','LIQUIBASE',1,'2020-02-17 13:20:22',NULL),(1340,NULL,0,'4e3954d4-51cb-11ea-9640-479b33305416','1e43a152-f84f-4022-a2c6-0c66c86e9e70',NULL,'CARTRIDGE_ALL_UOM','GRAMS','GRAMS',1,'2020-02-17 13:20:22','LIQUIBASE',1,'2020-02-17 13:20:22',NULL),(1341,NULL,0,'4e395524-51cb-11ea-9640-479b33305416','1e43a152-f84f-4022-a2c6-0c66c86e9e70',NULL,'CARTRIDGE_ALL_UOM','MILLIGRAMS','MILLIGRAMS',1,'2020-02-17 13:20:22','LIQUIBASE',1,'2020-02-17 13:20:22',NULL),(1342,NULL,0,'4e395574-51cb-11ea-9640-479b33305416','1e43a152-f84f-4022-a2c6-0c66c86e9e70',NULL,'PREROLL_ALL_UOM','GRAMS','GRAMS',1,'2020-02-17 13:20:22','LIQUIBASE',1,'2020-02-17 13:20:22',NULL),(1343,NULL,0,'4e3955ba-51cb-11ea-9640-479b33305416','1e43a152-f84f-4022-a2c6-0c66c86e9e70',NULL,'PREROLL_ALL_UOM','MILLIGRAMS','MILLIGRAMS',1,'2020-02-17 13:20:22','LIQUIBASE',1,'2020-02-17 13:20:22',NULL),(1364,NULL,0,'4e37c510-51cb-11ea-9640-479b33305416','1e43a152-f84f-4022-a2c6-0c66c86e9e70',NULL,'LAB_RESULT_TYPES','CBN','CBN',1,'2020-02-17 13:20:22','LIQUIBASE',1,'2020-02-17 13:20:22',NULL),(1365,NULL,0,'4e37c736-51cb-11ea-9640-479b33305416','1e43a152-f84f-4022-a2c6-0c66c86e9e70',NULL,'LAB_RESULT_TYPES','TOTAL_CANNABINOIDS','TOTAL_CANNABINOIDS',1,'2020-02-17 13:20:22','LIQUIBASE',1,'2020-02-17 13:20:22',NULL),(1366,NULL,0,'4e37c7b8-51cb-11ea-9640-479b33305416','1e43a152-f84f-4022-a2c6-0c66c86e9e70',NULL,'LAB_RESULT_TYPES','TOTAL_TERPENES','TOTAL_TERPENES',1,'2020-02-17 13:20:22','LIQUIBASE',1,'2020-02-17 13:20:22',NULL),(1367,NULL,0,'4e37c830-51cb-11ea-9640-479b33305416','1e43a152-f84f-4022-a2c6-0c66c86e9e70',NULL,'LAB_RESULT_TYPES','SABINENE','SABINENE',1,'2020-02-17 13:20:22','LIQUIBASE',1,'2020-02-17 13:20:22',NULL),(1368,NULL,0,'4e37c880-51cb-11ea-9640-479b33305416','1e43a152-f84f-4022-a2c6-0c66c86e9e70',NULL,'LAB_RESULT_TYPES','SABINENE_HYDRATE','SABINENE_HYDRATE',1,'2020-02-17 13:20:22','LIQUIBASE',1,'2020-02-17 13:20:22',NULL),(1369,NULL,0,'4e37c8da-51cb-11ea-9640-479b33305416','1e43a152-f84f-4022-a2c6-0c66c86e9e70',NULL,'LAB_RESULT_TYPES','BETA_MYRCENE','BETA_MYRCENE',1,'2020-02-17 13:20:22','LIQUIBASE',1,'2020-02-17 13:20:22',NULL),(1370,NULL,0,'4e37c92a-51cb-11ea-9640-479b33305416','1e43a152-f84f-4022-a2c6-0c66c86e9e70',NULL,'LAB_RESULT_TYPES','ALPHA_TERPINENE','ALPHA_TERPINENE',1,'2020-02-17 13:20:22','LIQUIBASE',1,'2020-02-17 13:20:22',NULL),(1371,NULL,0,'4e37c97a-51cb-11ea-9640-479b33305416','1e43a152-f84f-4022-a2c6-0c66c86e9e70',NULL,'LAB_RESULT_TYPES','GAMMA_TERPINENE','GAMMA_TERPINENE',1,'2020-02-17 13:20:22','LIQUIBASE',1,'2020-02-17 13:20:22',NULL),(1372,NULL,0,'4e37c9c0-51cb-11ea-9640-479b33305416','1e43a152-f84f-4022-a2c6-0c66c86e9e70',NULL,'LAB_RESULT_TYPES','TERPINOLENE','TERPINOLENE',1,'2020-02-17 13:20:22','LIQUIBASE',1,'2020-02-17 13:20:22',NULL),(1373,NULL,0,'4e37ca10-51cb-11ea-9640-479b33305416','1e43a152-f84f-4022-a2c6-0c66c86e9e70',NULL,'LAB_RESULT_TYPES','FENCHONE','FENCHONE',1,'2020-02-17 13:20:22','LIQUIBASE',1,'2020-02-17 13:20:22',NULL),(1374,NULL,0,'4e37ccea-51cb-11ea-9640-479b33305416','1e43a152-f84f-4022-a2c6-0c66c86e9e70',NULL,'LAB_RESULT_TYPES','ENDO_FENCHYL','ENDO_FENCHYL',1,'2020-02-17 13:20:22','LIQUIBASE',1,'2020-02-17 13:20:22',NULL),(1375,NULL,0,'4e37cd58-51cb-11ea-9640-479b33305416','1e43a152-f84f-4022-a2c6-0c66c86e9e70',NULL,'LAB_RESULT_TYPES','ISOPULEGOL','ISOPULEGOL',1,'2020-02-17 13:20:22','LIQUIBASE',1,'2020-02-17 13:20:22',NULL),(1376,NULL,0,'4e37cf74-51cb-11ea-9640-479b33305416','1e43a152-f84f-4022-a2c6-0c66c86e9e70',NULL,'LAB_RESULT_TYPES','HEXAHYDROTHYMOL','HEXAHYDROTHYMOL',1,'2020-02-17 13:20:22','LIQUIBASE',1,'2020-02-17 13:20:22',NULL),(1377,NULL,0,'4e37de56-51cb-11ea-9640-479b33305416','1e43a152-f84f-4022-a2c6-0c66c86e9e70',NULL,'LAB_RESULT_TYPES','ALPHA_TERPINEOL','ALPHA_TERPINEOL',1,'2020-02-17 13:20:22','LIQUIBASE',1,'2020-02-17 13:20:22',NULL),(1378,NULL,0,'4e37df0a-51cb-11ea-9640-479b33305416','1e43a152-f84f-4022-a2c6-0c66c86e9e70',NULL,'LAB_RESULT_TYPES','NEROL','NEROL',1,'2020-02-17 13:20:22','LIQUIBASE',1,'2020-02-17 13:20:22',NULL),(1379,NULL,0,'4e37df6e-51cb-11ea-9640-479b33305416','1e43a152-f84f-4022-a2c6-0c66c86e9e70',NULL,'LAB_RESULT_TYPES','PULEGONE','PULEGONE',1,'2020-02-17 13:20:22','LIQUIBASE',1,'2020-02-17 13:20:22',NULL),(1380,NULL,0,'4e37dfbe-51cb-11ea-9640-479b33305416','1e43a152-f84f-4022-a2c6-0c66c86e9e70',NULL,'LAB_RESULT_TYPES','GERANYL_ACETATE','GERANYL_ACETATE',1,'2020-02-17 13:20:22','LIQUIBASE',1,'2020-02-17 13:20:22',NULL),(1381,NULL,0,'4e37e018-51cb-11ea-9640-479b33305416','1e43a152-f84f-4022-a2c6-0c66c86e9e70',NULL,'LAB_RESULT_TYPES','ALPHA_CEDRENE','ALPHA_CEDRENE',1,'2020-02-17 13:20:22','LIQUIBASE',1,'2020-02-17 13:20:22',NULL),(1382,NULL,0,'4e37e072-51cb-11ea-9640-479b33305416','1e43a152-f84f-4022-a2c6-0c66c86e9e70',NULL,'LAB_RESULT_TYPES','TRANS_CARYOPHYLLENE','TRANS_CARYOPHYLLENE',1,'2020-02-17 13:20:22','LIQUIBASE',1,'2020-02-17 13:20:22',NULL),(1383,NULL,0,'4e37e0c2-51cb-11ea-9640-479b33305416','1e43a152-f84f-4022-a2c6-0c66c86e9e70',NULL,'LAB_RESULT_TYPES','ALPHA_HUMULENE','ALPHA_HUMULENE',1,'2020-02-17 13:20:22','LIQUIBASE',1,'2020-02-17 13:20:22',NULL),(1384,NULL,0,'4e37e112-51cb-11ea-9640-479b33305416','1e43a152-f84f-4022-a2c6-0c66c86e9e70',NULL,'LAB_RESULT_TYPES','CIS_NEROLIDOL','CIS_NEROLIDOL',1,'2020-02-17 13:20:22','LIQUIBASE',1,'2020-02-17 13:20:22',NULL),(1385,NULL,0,'4e37e162-51cb-11ea-9640-479b33305416','1e43a152-f84f-4022-a2c6-0c66c86e9e70',NULL,'LAB_RESULT_TYPES','TRANS_NEROLIDOL','TRANS_NEROLIDOL',1,'2020-02-17 13:20:22','LIQUIBASE',1,'2020-02-17 13:20:22',NULL),(1386,NULL,0,'4e37e252-51cb-11ea-9640-479b33305416','1e43a152-f84f-4022-a2c6-0c66c86e9e70',NULL,'LAB_RESULT_TYPES','GUAIOL','GUAIOL',1,'2020-02-17 13:20:22','LIQUIBASE',1,'2020-02-17 13:20:22',NULL),(1387,NULL,0,'4e37e2a2-51cb-11ea-9640-479b33305416','1e43a152-f84f-4022-a2c6-0c66c86e9e70',NULL,'LAB_RESULT_TYPES','CARYOPHYLLENE_OXIDE','CARYOPHYLLENE_OXIDE',1,'2020-02-17 13:20:22','LIQUIBASE',1,'2020-02-17 13:20:22',NULL),(1388,NULL,0,'4e37e2fc-51cb-11ea-9640-479b33305416','1e43a152-f84f-4022-a2c6-0c66c86e9e70',NULL,'LAB_RESULT_TYPES','CEDROL','CEDROL',1,'2020-02-17 13:20:22','LIQUIBASE',1,'2020-02-17 13:20:22',NULL),(1389,NULL,0,'4e3952ea-51cb-11ea-9640-479b33305416','1e43a152-f84f-4022-a2c6-0c66c86e9e70',NULL,'EXTRACT_ALL_UOM','GRAMS','GRAMS',1,'2020-02-17 13:20:22','LIQUIBASE',1,'2020-02-17 13:20:22',NULL),(1390,NULL,0,'4e395470-51cb-11ea-9640-479b33305416','1e43a152-f84f-4022-a2c6-0c66c86e9e70',NULL,'EXTRACT_ALL_UOM','MILLIGRAMS','MILLIGRAMS',1,'2020-02-17 13:20:22','LIQUIBASE',1,'2020-02-17 13:20:22',NULL),(1391,NULL,0,'4e3954d4-51cb-11ea-9640-479b33305416','1e43a152-f84f-4022-a2c6-0c66c86e9e70',NULL,'CARTRIDGE_ALL_UOM','GRAMS','GRAMS',1,'2020-02-17 13:20:22','LIQUIBASE',1,'2020-02-17 13:20:22',NULL),(1392,NULL,0,'4e395524-51cb-11ea-9640-479b33305416','1e43a152-f84f-4022-a2c6-0c66c86e9e70',NULL,'CARTRIDGE_ALL_UOM','MILLIGRAMS','MILLIGRAMS',1,'2020-02-17 13:20:22','LIQUIBASE',1,'2020-02-17 13:20:22',NULL),(1393,NULL,0,'4e395574-51cb-11ea-9640-479b33305416','1e43a152-f84f-4022-a2c6-0c66c86e9e70',NULL,'PREROLL_ALL_UOM','GRAMS','GRAMS',1,'2020-02-17 13:20:22','LIQUIBASE',1,'2020-02-17 13:20:22',NULL),(1394,NULL,0,'4e3955ba-51cb-11ea-9640-479b33305416','1e43a152-f84f-4022-a2c6-0c66c86e9e70',NULL,'PREROLL_ALL_UOM','MILLIGRAMS','MILLIGRAMS',1,'2020-02-17 13:20:22','LIQUIBASE',1,'2020-02-17 13:20:22',NULL),(1395,NULL,0,'4e3e89d6-51cb-11ea-9640-479b33305416','1e43a152-f84f-4022-a2c6-0c66c86e9e70',NULL,'LAB_RESULT_TYPES','CAMPHOR','CAMPHOR',1,'2020-02-17 13:20:22','LIQUIBASE',1,'2020-02-17 13:20:22',NULL),(1396,NULL,0,'4e3e8b84-51cb-11ea-9640-479b33305416','1e43a152-f84f-4022-a2c6-0c66c86e9e70',NULL,'LAB_RESULT_TYPES','ISOBORNEOL','ISOBORNEOL',1,'2020-02-17 13:20:22','LIQUIBASE',1,'2020-02-17 13:20:22',NULL),(1397,NULL,0,'4e37c510-51cb-11ea-9640-479b33305416','1e43a152-f84f-4022-a2c6-0c66c86e9e70',NULL,'LAB_RESULT_TYPES','CBN','CBN',1,'2020-02-17 13:20:22','LIQUIBASE',1,'2020-02-17 13:20:22',NULL),(1398,NULL,0,'4e37c736-51cb-11ea-9640-479b33305416','1e43a152-f84f-4022-a2c6-0c66c86e9e70',NULL,'LAB_RESULT_TYPES','TOTAL_CANNABINOIDS','TOTAL_CANNABINOIDS',1,'2020-02-17 13:20:22','LIQUIBASE',1,'2020-02-17 13:20:22',NULL),(1399,NULL,0,'4e37c7b8-51cb-11ea-9640-479b33305416','1e43a152-f84f-4022-a2c6-0c66c86e9e70',NULL,'LAB_RESULT_TYPES','TOTAL_TERPENES','TOTAL_TERPENES',1,'2020-02-17 13:20:22','LIQUIBASE',1,'2020-02-17 13:20:22',NULL),(1400,NULL,0,'4e37c830-51cb-11ea-9640-479b33305416','1e43a152-f84f-4022-a2c6-0c66c86e9e70',NULL,'LAB_RESULT_TYPES','SABINENE','SABINENE',1,'2020-02-17 13:20:22','LIQUIBASE',1,'2020-02-17 13:20:22',NULL),(1401,NULL,0,'4e37c880-51cb-11ea-9640-479b33305416','1e43a152-f84f-4022-a2c6-0c66c86e9e70',NULL,'LAB_RESULT_TYPES','SABINENE_HYDRATE','SABINENE_HYDRATE',1,'2020-02-17 13:20:22','LIQUIBASE',1,'2020-02-17 13:20:22',NULL),(1402,NULL,0,'4e37c8da-51cb-11ea-9640-479b33305416','1e43a152-f84f-4022-a2c6-0c66c86e9e70',NULL,'LAB_RESULT_TYPES','BETA_MYRCENE','BETA_MYRCENE',1,'2020-02-17 13:20:22','LIQUIBASE',1,'2020-02-17 13:20:22',NULL),(1403,NULL,0,'4e37c92a-51cb-11ea-9640-479b33305416','1e43a152-f84f-4022-a2c6-0c66c86e9e70',NULL,'LAB_RESULT_TYPES','ALPHA_TERPINENE','ALPHA_TERPINENE',1,'2020-02-17 13:20:22','LIQUIBASE',1,'2020-02-17 13:20:22',NULL),(1404,NULL,0,'4e37c97a-51cb-11ea-9640-479b33305416','1e43a152-f84f-4022-a2c6-0c66c86e9e70',NULL,'LAB_RESULT_TYPES','GAMMA_TERPINENE','GAMMA_TERPINENE',1,'2020-02-17 13:20:22','LIQUIBASE',1,'2020-02-17 13:20:22',NULL),(1405,NULL,0,'4e37c9c0-51cb-11ea-9640-479b33305416','1e43a152-f84f-4022-a2c6-0c66c86e9e70',NULL,'LAB_RESULT_TYPES','TERPINOLENE','TERPINOLENE',1,'2020-02-17 13:20:22','LIQUIBASE',1,'2020-02-17 13:20:22',NULL),(1406,NULL,0,'4e37ca10-51cb-11ea-9640-479b33305416','1e43a152-f84f-4022-a2c6-0c66c86e9e70',NULL,'LAB_RESULT_TYPES','FENCHONE','FENCHONE',1,'2020-02-17 13:20:22','LIQUIBASE',1,'2020-02-17 13:20:22',NULL),(1407,NULL,0,'4e37ccea-51cb-11ea-9640-479b33305416','1e43a152-f84f-4022-a2c6-0c66c86e9e70',NULL,'LAB_RESULT_TYPES','ENDO_FENCHYL','ENDO_FENCHYL',1,'2020-02-17 13:20:22','LIQUIBASE',1,'2020-02-17 13:20:22',NULL),(1408,NULL,0,'4e37cd58-51cb-11ea-9640-479b33305416','1e43a152-f84f-4022-a2c6-0c66c86e9e70',NULL,'LAB_RESULT_TYPES','ISOPULEGOL','ISOPULEGOL',1,'2020-02-17 13:20:22','LIQUIBASE',1,'2020-02-17 13:20:22',NULL),(1409,NULL,0,'4e37cf74-51cb-11ea-9640-479b33305416','1e43a152-f84f-4022-a2c6-0c66c86e9e70',NULL,'LAB_RESULT_TYPES','HEXAHYDROTHYMOL','HEXAHYDROTHYMOL',1,'2020-02-17 13:20:22','LIQUIBASE',1,'2020-02-17 13:20:22',NULL),(1410,NULL,0,'4e37de56-51cb-11ea-9640-479b33305416','1e43a152-f84f-4022-a2c6-0c66c86e9e70',NULL,'LAB_RESULT_TYPES','ALPHA_TERPINEOL','ALPHA_TERPINEOL',1,'2020-02-17 13:20:22','LIQUIBASE',1,'2020-02-17 13:20:22',NULL),(1411,NULL,0,'4e37df0a-51cb-11ea-9640-479b33305416','1e43a152-f84f-4022-a2c6-0c66c86e9e70',NULL,'LAB_RESULT_TYPES','NEROL','NEROL',1,'2020-02-17 13:20:22','LIQUIBASE',1,'2020-02-17 13:20:22',NULL),(1412,NULL,0,'4e37df6e-51cb-11ea-9640-479b33305416','1e43a152-f84f-4022-a2c6-0c66c86e9e70',NULL,'LAB_RESULT_TYPES','PULEGONE','PULEGONE',1,'2020-02-17 13:20:22','LIQUIBASE',1,'2020-02-17 13:20:22',NULL),(1413,NULL,0,'4e37dfbe-51cb-11ea-9640-479b33305416','1e43a152-f84f-4022-a2c6-0c66c86e9e70',NULL,'LAB_RESULT_TYPES','GERANYL_ACETATE','GERANYL_ACETATE',1,'2020-02-17 13:20:22','LIQUIBASE',1,'2020-02-17 13:20:22',NULL),(1414,NULL,0,'4e37e018-51cb-11ea-9640-479b33305416','1e43a152-f84f-4022-a2c6-0c66c86e9e70',NULL,'LAB_RESULT_TYPES','ALPHA_CEDRENE','ALPHA_CEDRENE',1,'2020-02-17 13:20:22','LIQUIBASE',1,'2020-02-17 13:20:22',NULL),(1415,NULL,0,'4e37e072-51cb-11ea-9640-479b33305416','1e43a152-f84f-4022-a2c6-0c66c86e9e70',NULL,'LAB_RESULT_TYPES','TRANS_CARYOPHYLLENE','TRANS_CARYOPHYLLENE',1,'2020-02-17 13:20:22','LIQUIBASE',1,'2020-02-17 13:20:22',NULL),(1416,NULL,0,'4e37e0c2-51cb-11ea-9640-479b33305416','1e43a152-f84f-4022-a2c6-0c66c86e9e70',NULL,'LAB_RESULT_TYPES','ALPHA_HUMULENE','ALPHA_HUMULENE',1,'2020-02-17 13:20:22','LIQUIBASE',1,'2020-02-17 13:20:22',NULL),(1417,NULL,0,'4e37e112-51cb-11ea-9640-479b33305416','1e43a152-f84f-4022-a2c6-0c66c86e9e70',NULL,'LAB_RESULT_TYPES','CIS_NEROLIDOL','CIS_NEROLIDOL',1,'2020-02-17 13:20:22','LIQUIBASE',1,'2020-02-17 13:20:22',NULL),(1418,NULL,0,'4e37e162-51cb-11ea-9640-479b33305416','1e43a152-f84f-4022-a2c6-0c66c86e9e70',NULL,'LAB_RESULT_TYPES','TRANS_NEROLIDOL','TRANS_NEROLIDOL',1,'2020-02-17 13:20:22','LIQUIBASE',1,'2020-02-17 13:20:22',NULL),(1419,NULL,0,'4e37e252-51cb-11ea-9640-479b33305416','1e43a152-f84f-4022-a2c6-0c66c86e9e70',NULL,'LAB_RESULT_TYPES','GUAIOL','GUAIOL',1,'2020-02-17 13:20:22','LIQUIBASE',1,'2020-02-17 13:20:22',NULL),(1420,NULL,0,'4e37e2a2-51cb-11ea-9640-479b33305416','1e43a152-f84f-4022-a2c6-0c66c86e9e70',NULL,'LAB_RESULT_TYPES','CARYOPHYLLENE_OXIDE','CARYOPHYLLENE_OXIDE',1,'2020-02-17 13:20:22','LIQUIBASE',1,'2020-02-17 13:20:22',NULL),(1421,NULL,0,'4e37e2fc-51cb-11ea-9640-479b33305416','1e43a152-f84f-4022-a2c6-0c66c86e9e70',NULL,'LAB_RESULT_TYPES','CEDROL','CEDROL',1,'2020-02-17 13:20:22','LIQUIBASE',1,'2020-02-17 13:20:22',NULL),(1422,NULL,0,'4e3952ea-51cb-11ea-9640-479b33305416','1e43a152-f84f-4022-a2c6-0c66c86e9e70',NULL,'EXTRACT_ALL_UOM','GRAMS','GRAMS',1,'2020-02-17 13:20:22','LIQUIBASE',1,'2020-02-17 13:20:22',NULL),(1423,NULL,0,'4e395470-51cb-11ea-9640-479b33305416','1e43a152-f84f-4022-a2c6-0c66c86e9e70',NULL,'EXTRACT_ALL_UOM','MILLIGRAMS','MILLIGRAMS',1,'2020-02-17 13:20:22','LIQUIBASE',1,'2020-02-17 13:20:22',NULL),(1424,NULL,0,'4e3954d4-51cb-11ea-9640-479b33305416','1e43a152-f84f-4022-a2c6-0c66c86e9e70',NULL,'CARTRIDGE_ALL_UOM','GRAMS','GRAMS',1,'2020-02-17 13:20:22','LIQUIBASE',1,'2020-02-17 13:20:22',NULL),(1425,NULL,0,'4e395524-51cb-11ea-9640-479b33305416','1e43a152-f84f-4022-a2c6-0c66c86e9e70',NULL,'CARTRIDGE_ALL_UOM','MILLIGRAMS','MILLIGRAMS',1,'2020-02-17 13:20:22','LIQUIBASE',1,'2020-02-17 13:20:22',NULL),(1426,NULL,0,'4e395574-51cb-11ea-9640-479b33305416','1e43a152-f84f-4022-a2c6-0c66c86e9e70',NULL,'PREROLL_ALL_UOM','GRAMS','GRAMS',1,'2020-02-17 13:20:22','LIQUIBASE',1,'2020-02-17 13:20:22',NULL),(1427,NULL,0,'4e3955ba-51cb-11ea-9640-479b33305416','1e43a152-f84f-4022-a2c6-0c66c86e9e70',NULL,'PREROLL_ALL_UOM','MILLIGRAMS','MILLIGRAMS',1,'2020-02-17 13:20:22','LIQUIBASE',1,'2020-02-17 13:20:22',NULL),(1428,NULL,0,'4e3e89d6-51cb-11ea-9640-479b33305416','1e43a152-f84f-4022-a2c6-0c66c86e9e70',NULL,'LAB_RESULT_TYPES','CAMPHOR','CAMPHOR',1,'2020-02-17 13:20:22','LIQUIBASE',1,'2020-02-17 13:20:22',NULL),(1429,NULL,0,'4e3e8b84-51cb-11ea-9640-479b33305416','1e43a152-f84f-4022-a2c6-0c66c86e9e70',NULL,'LAB_RESULT_TYPES','ISOBORNEOL','ISOBORNEOL',1,'2020-02-17 13:20:22','LIQUIBASE',1,'2020-02-17 13:20:22',NULL),(1430,NULL,0,'4e40a70c-51cb-11ea-9640-479b33305416','1e43a152-f84f-4022-a2c6-0c66c86e9e70',NULL,'FLOWER_ALL_UOM','GRAMS','GRAMS',1,'2020-02-17 13:20:22','LIQUIBASE',1,'2020-02-17 13:20:22',NULL),(1431,NULL,0,'4e40a8ce-51cb-11ea-9640-479b33305416','1e43a152-f84f-4022-a2c6-0c66c86e9e70',NULL,'FLOWER_ALL_UOM','MILLIGRAMS','MILLIGRAMS',1,'2020-02-17 13:20:22','LIQUIBASE',1,'2020-02-17 13:20:22',NULL),(1432,NULL,0,'4e40a93c-51cb-11ea-9640-479b33305416','1e43a152-f84f-4022-a2c6-0c66c86e9e70',NULL,'PREROLL_INFUSED_UOM','GRAMS','GRAMS',1,'2020-02-17 13:20:22','LIQUIBASE',1,'2020-02-17 13:20:22',NULL),(1433,NULL,0,'4e40a98c-51cb-11ea-9640-479b33305416','1e43a152-f84f-4022-a2c6-0c66c86e9e70',NULL,'PREROLL_INFUSED_UOM','MILLIGRAMS','MILLIGRAMS',1,'2020-02-17 13:20:22','LIQUIBASE',1,'2020-02-17 13:20:22',NULL),(1434,NULL,0,'4e40ab26-51cb-11ea-9640-479b33305416','1e43a152-f84f-4022-a2c6-0c66c86e9e70',NULL,'PREROLL_INFUSED_UOM','LITERS','LITERS',1,'2020-02-17 13:20:22','LIQUIBASE',1,'2020-02-17 13:20:22',NULL),(1435,NULL,0,'4e40ab80-51cb-11ea-9640-479b33305416','1e43a152-f84f-4022-a2c6-0c66c86e9e70',NULL,'PREROLL_INFUSED_UOM','MILLILITERS','MILLILITERS',1,'2020-02-17 13:20:22','LIQUIBASE',1,'2020-02-17 13:20:22',NULL),(1476,NULL,0,'df1fe7ac-0d96-11ea-a3bc-dcc02c9c88d7','1e43a152-f84f-4022-a2c6-0c66c86e9e70',NULL,'PREFERRED_PAYMENT_METHOD','CASH','CASH',1,'2020-02-17 13:20:49','LIQUIBASE',1,'2020-02-17 13:20:49',NULL),(1477,NULL,0,'e49df1a6-0d96-11ea-a3bc-dcc02c9c88d7','1e43a152-f84f-4022-a2c6-0c66c86e9e70',NULL,'PREFERRED_PAYMENT_METHOD','CHECK','CHECK',1,'2020-02-17 13:20:49','LIQUIBASE',1,'2020-02-17 13:20:49',NULL),(1478,NULL,0,'ea0d13c4-0d96-11ea-a3bc-dcc02c9c88d7','1e43a152-f84f-4022-a2c6-0c66c86e9e70',NULL,'PREFERRED_PAYMENT_METHOD','ACH','ACH',1,'2020-02-17 13:20:49','LIQUIBASE',1,'2020-02-17 13:20:49',NULL),(1479,NULL,0,'efdf86ce-0d96-11ea-a3bc-dcc02c9c88d7','1e43a152-f84f-4022-a2c6-0c66c86e9e70',NULL,'PREFERRED_PAYMENT_METHOD','WIRE','WIRE',1,'2020-02-17 13:20:49','LIQUIBASE',1,'2020-02-17 13:20:49',NULL),(1480,NULL,0,'1AB401A7-41DE-4659-8F5D9-2F89D4D977E6','1e43a152-f84f-4022-a2c6-0c66c86e9e70',NULL,'MERCH_SUBTYPE','OTHER','OTHER',1,'2019-06-05 17:49:37','LIQUIBASE',1,'2019-06-05 17:49:37',NULL),(1481,NULL,0,'2142FBB3-A6EE-4638-A7C8-20CBD4DE1A55','1e43a152-f84f-4022-a2c6-0c66c86e9e70',NULL,'EXTRACT_SUBTYPE','ISOLATE','ISOLATE',1,'2019-06-05 17:49:37','LIQUIBASE',1,'2019-06-05 17:49:37',NULL),(1482,NULL,0,'258672C7-4F01-4842-9243-3E31A53858E3','1e43a152-f84f-4022-a2c6-0c66c86e9e70',NULL,'PILL_SUBTYPE','TABLET','TABLET',1,'2019-06-05 17:49:37','LIQUIBASE',1,'2019-06-05 17:49:37',NULL),(1483,NULL,0,'268A1799-1FEC-4ADA-A401-514942970CF9','1e43a152-f84f-4022-a2c6-0c66c86e9e70',NULL,'EXTRACT_SUBTYPE','RSO','RSO',1,'2019-06-05 17:49:37','LIQUIBASE',1,'2019-06-05 17:49:37',NULL),(1484,NULL,0,'378458F6-5715-4B5B-828E-1C5209265E9A','1e43a152-f84f-4022-a2c6-0c66c86e9e70',NULL,'BEVERAGE_SUBTYPE','WATER','WATER',1,'2019-06-05 17:49:37','LIQUIBASE',1,'2019-06-05 17:49:37',NULL),(1485,NULL,0,'3C3E9C6D-9C63-435A-9CC1-AFE0A3A7D1C0','1e43a152-f84f-4022-a2c6-0c66c86e9e70',NULL,'EXTRACT_SUBTYPE','DIAMONDS','DIAMONDS',1,'2019-06-05 17:49:37','LIQUIBASE',1,'2019-06-05 17:49:37',NULL),(1486,NULL,0,'3CF35ABE-E5D8-44FE-B8CD-7686360F562F','1e43a152-f84f-4022-a2c6-0c66c86e9e70',NULL,'TINCTURE_SUBTYPE','SPRAY','SPRAY',1,'2019-06-05 17:49:37','LIQUIBASE',1,'2019-06-05 17:49:37',NULL),(1487,NULL,0,'5e989fe2-51cb-11ea-9640-479b33305416','1e43a152-f84f-4022-a2c6-0c66c86e9e70',NULL,'MISC_SUBTYPE','SOLID','SOLID',1,'2010-01-01 00:00:00','LIQUIBASE',1,'2010-01-01 00:00:00',NULL),(1488,NULL,0,'5e98a294-51cb-11ea-9640-479b33305416','1e43a152-f84f-4022-a2c6-0c66c86e9e70',NULL,'MISC_SUBTYPE','LIQUID','LIQUID',1,'2010-01-01 00:00:00','LIQUIBASE',1,'2010-01-01 00:00:00',NULL),(1489,NULL,0,'5f1e2e14-51cb-11ea-9640-479b33305416','1e43a152-f84f-4022-a2c6-0c66c86e9e70',NULL,'LAB_RESULT_TYPES','THCA','THCA',1,'2020-02-17 13:20:50','LIQUIBASE',1,'2020-02-17 13:20:50',NULL),(1490,NULL,0,'A9BC67B3-8BA3-49AF-9853-7B6F87525EAF','1e43a152-f84f-4022-a2c6-0c66c86e9e70',NULL,'EXTRACT_SUBTYPE','CAVIAR','CAVIAR',1,'2019-06-05 17:49:37','LIQUIBASE',1,'2019-06-05 17:49:37',NULL),(1491,NULL,0,'D329A679-16AE-42C4-BB9DC-0D6D952833A6','1e43a152-f84f-4022-a2c6-0c66c86e9e70',NULL,'TOPICAL_SUBTYPE','OTHER','OTHER',1,'2019-06-05 17:49:37','LIQUIBASE',1,'2019-06-05 17:49:37',NULL),(1492,NULL,0,'e3546aD37-75e5-11e9-8a55-0223de928cc2','1e43a152-f84f-4022-a2c6-0c66c86e9e70',NULL,'BEVERAGE_SUBTYPE','OTHER','OTHER',1,'2019-06-05 17:49:37','LIQUIBASE',1,'2019-06-05 17:49:37',NULL),(1493,NULL,0,'e3547ced-75e5-11e9-8aD55-0223de928cc2','1e43a152-f84f-4022-a2c6-0c66c86e9e70',NULL,'CBD_SUBTYPE','OTHER','OTHER',1,'2019-06-05 17:49:37','LIQUIBASE',1,'2019-06-05 17:49:37',NULL),(1494,NULL,0,'F24A8EAE-EF9C-4947-BC9D-F6E40A182158','1e43a152-f84f-4022-a2c6-0c66c86e9e70',NULL,'TOPICAL_SUBTYPE','GEL','GEL',1,'2019-06-05 17:49:37','LIQUIBASE',1,'2019-06-05 17:49:37',NULL);
/*!40000 ALTER TABLE `tz_dropdown_aud` ENABLE KEYS */;
UNLOCK TABLES;

--
-- Table structure for table `tz_inventory`
--

DROP TABLE IF EXISTS `tz_inventory`;
/*!40101 SET @saved_cs_client     = @@character_set_client */;
/*!40101 SET character_set_client = utf8 */;
CREATE TABLE `tz_inventory` (
  `id` varchar(45) NOT NULL,
  `tenant_id` varchar(45) NOT NULL,
  `location_id` varchar(45) NOT NULL,
  `invoice_line_id` varchar(45) DEFAULT NULL,
  `package_id` varchar(45) NOT NULL,
  `product_id` varchar(45) NOT NULL,
  `last_inventory_id` varchar(45) DEFAULT NULL,
  `last_location_id` varchar(45) DEFAULT NULL,
  `last_reconciliation_id` varchar(45) DEFAULT NULL,
  `change_quantity` decimal(16,6) NOT NULL,
  `available_units` decimal(16,6) NOT NULL COMMENT '\nNumber of units in the batch. ',
  `reserved_units` decimal(16,6) NOT NULL,
  `packed_and_ready_units` decimal(16,6) NOT NULL,
  `sold_units` decimal(16,6) NOT NULL,
  `decision_pending_units` decimal(16,6) NOT NULL,
  `returned_units` decimal(16,6) NOT NULL,
  `destroyed_units` decimal(16,6) NOT NULL,
  `adjusted_units` decimal(16,6) NOT NULL,
  `converted_units` decimal(16,6) NOT NULL DEFAULT '0.000000',
  `unit_of_measurement` varchar(45) DEFAULT NULL,
  `type` varchar(255) NOT NULL,
  `batch_id` varchar(45) NOT NULL,
  `external_id` varchar(100) DEFAULT NULL,
  `cost_per_unit` decimal(16,6) NOT NULL,
  `excise_tax_per_unit` decimal(16,6) NOT NULL,
  `status` varchar(255) DEFAULT NULL COMMENT '\nInventory Status - for example, sold, reserved, returned, loss etc. ',
  `last_count_date` datetime DEFAULT NULL,
  `last_user_id` varchar(45) NOT NULL,
  `source` varchar(45) NOT NULL,
  `last_action` varchar(255) NOT NULL,
  `last_ticketline_id` varchar(45) DEFAULT NULL,
  `returned_from_pos` decimal(16,6) NOT NULL,
  `prev_id` varchar(45) DEFAULT NULL,
  `start_date` datetime NOT NULL,
  `end_date` datetime DEFAULT NULL,
  `current_flag` tinyint(4) NOT NULL DEFAULT '1',
  `version` int(11) NOT NULL,
  `original_start_date` datetime NOT NULL,
  PRIMARY KEY (`id`),
  KEY `inventory_location_fk_idx` (`location_id`),
  KEY `inventory_ref_id_idx` (`tenant_id`,`current_flag`),
  KEY `inventory_available_units` (`available_units`,`invoice_line_id`,`tenant_id`,`current_flag`),
  KEY `inventory_product` (`product_id`,`tenant_id`,`current_flag`),
  KEY `inventory_invoice_line` (`invoice_line_id`,`tenant_id`,`current_flag`),
  KEY `inventory_package_fk_idx` (`package_id`),
  KEY `inventory_product_available_status` (`product_id`,`current_flag`,`available_units`,`tenant_id`,`status`),
  CONSTRAINT `inventory_invoice_line_fk` FOREIGN KEY (`invoice_line_id`) REFERENCES `tz_invoice_line` (`id`) ON DELETE NO ACTION ON UPDATE NO ACTION,
  CONSTRAINT `inventory_location_fk` FOREIGN KEY (`location_id`) REFERENCES `tz_location` (`id`) ON DELETE NO ACTION ON UPDATE NO ACTION,
  CONSTRAINT `inventory_package_fk` FOREIGN KEY (`package_id`) REFERENCES `tz_package` (`id`) ON DELETE NO ACTION ON UPDATE NO ACTION,
  CONSTRAINT `inventory_product_fk` FOREIGN KEY (`product_id`) REFERENCES `tz_product` (`id`) ON DELETE NO ACTION ON UPDATE NO ACTION,
  CONSTRAINT `inventory_tenant_fk` FOREIGN KEY (`tenant_id`) REFERENCES `tz_tenant` (`id`) ON DELETE NO ACTION ON UPDATE NO ACTION
) ENGINE=InnoDB DEFAULT CHARSET=utf8;
/*!40101 SET character_set_client = @saved_cs_client */;

--
-- Dumping data for table `tz_inventory`
--

LOCK TABLES `tz_inventory` WRITE;
/*!40000 ALTER TABLE `tz_inventory` DISABLE KEYS */;
INSERT INTO `tz_inventory` VALUES ('07b4cefd680f86233cf764e95ffd3dc4','1e43a152-f84f-4022-a2c6-0c66c86e9e70','476c71f4-51cb-11ea-9640-479b33305416','7b661d6e-0621-11e8-b4e9-02429027d658','4a83baf0-51cb-11ea-9640-479b33305416','7b9406c0-0621-11e8-b4e9-02429027d658',NULL,NULL,NULL,8.000000,8.000000,0.000000,0.000000,0.000000,0.000000,0.000000,0.000000,0.000000,0.000000,'UNIT','ALL','CHEM-3DC4-07B4-2',NULL,19.021741,0.000000,'AVAILABLE',NULL,'1','RECEIVING_INVOICES','INVOICE_RECEIVED',NULL,0.000000,NULL,'2018-01-30 17:10:48',NULL,1,1,'2018-01-30 17:10:48'),('17513842-0621-11e8-b4e9-02429027d658','1e43a152-f84f-4022-a2c6-0c66c86e9e70','476c71f4-51cb-11ea-9640-479b33305416','1747a723-0621-11e8-b4e9-02429027d658','4a83c16c-51cb-11ea-9640-479b33305416','174d6edf-0621-11e8-b4e9-02429027d658',NULL,NULL,NULL,0.000000,100.000000,0.000000,0.000000,0.000000,0.000000,0.000000,0.000000,0.000000,0.000000,'UNIT','ALL','ESPR-0MS4-WJRL-1',NULL,30.000000,0.000000,'AVAILABLE',NULL,'1','RECEIVING_INVOICES','INVOICE_RECEIVED',NULL,0.000000,NULL,'2018-01-30 16:53:47',NULL,1,1,'2018-01-30 16:53:47'),('19fd460561bbf882632417a96ffabf04','1e43a152-f84f-4022-a2c6-0c66c86e9e70','476c71f4-51cb-11ea-9640-479b33305416','47fe55c4-51cb-11ea-9640-479b33305416','4a83b992-51cb-11ea-9640-479b33305416','655d9edd-0621-11e8-b4e9-02429027d658',NULL,NULL,NULL,8.000000,8.000000,0.000000,0.000000,0.000000,0.000000,0.000000,0.000000,0.000000,0.000000,'UNIT','ALL','KING-BF04-19FD-2',NULL,93.333338,0.000000,'AVAILABLE',NULL,'1','RECEIVING_INVOICES','INVOICE_RECEIVED',NULL,0.000000,NULL,'2018-01-30 17:10:54',NULL,1,1,'2018-01-30 17:10:54'),('1ca382c3-0622-11e8-b4e9-02429027d658','1e43a152-f84f-4022-a2c6-0c66c86e9e70','476c71f4-51cb-11ea-9640-479b33305416','1c99d063-0622-11e8-b4e9-02429027d658','4a83b438-51cb-11ea-9640-479b33305416','1ca01284-0622-11e8-b4e9-02429027d658',NULL,NULL,NULL,0.000000,100.000000,0.000000,0.000000,0.000000,0.000000,0.000000,0.000000,0.000000,0.000000,'UNIT','ALL','COOK-K0EM-5X4P-1',NULL,20.000000,0.000000,'AVAILABLE',NULL,'1','RECEIVING_INVOICES','INVOICE_RECEIVED',NULL,0.000000,NULL,'2018-01-30 17:00:52',NULL,1,1,'2018-01-30 17:00:52'),('229a4246d0cd617e4b746887f55f5eed','1e43a152-f84f-4022-a2c6-0c66c86e9e70','476c71f4-51cb-11ea-9640-479b33305416','47fe5682-51cb-11ea-9640-479b33305416','4a83ba00-51cb-11ea-9640-479b33305416','65629d9e-0621-11e8-b4e9-02429027d658',NULL,NULL,NULL,8.000000,8.000000,0.000000,0.000000,0.000000,0.000000,0.000000,0.000000,0.000000,0.000000,'UNIT','ALL','KING-5EED-229A-2',NULL,46.666669,0.000000,'AVAILABLE',NULL,'1','RECEIVING_INVOICES','INVOICE_RECEIVED',NULL,0.000000,NULL,'2018-01-30 17:10:54',NULL,1,1,'2018-01-30 17:10:54'),('29a34b98-0622-11e8-b4e9-02429027d658','1e43a152-f84f-4022-a2c6-0c66c86e9e70','476c71f4-51cb-11ea-9640-479b33305416','2999a5fc-0622-11e8-b4e9-02429027d658','4a83b5dc-51cb-11ea-9640-479b33305416','299f0a4e-0622-11e8-b4e9-02429027d658',NULL,NULL,NULL,0.000000,100.000000,0.000000,0.000000,0.000000,0.000000,0.000000,0.000000,0.000000,0.000000,'UNIT','ALL','BIRT-O6QH-D0A4-1',NULL,30.000000,0.000000,'AVAILABLE',NULL,'1','RECEIVING_INVOICES','INVOICE_RECEIVED',NULL,0.000000,NULL,'2018-01-30 17:00:54',NULL,1,1,'2018-01-30 17:00:54'),('2df4c57e97fa2899ce0ed1657020e86b','1e43a152-f84f-4022-a2c6-0c66c86e9e70','476c71f4-51cb-11ea-9640-479b33305416','65389ee6-0621-11e8-b4e9-02429027d658','4a83ba82-51cb-11ea-9640-479b33305416','6567be28-0621-11e8-b4e9-02429027d658',NULL,NULL,NULL,8.000000,8.000000,0.000000,0.000000,0.000000,0.000000,0.000000,0.000000,0.000000,0.000000,'UNIT','ALL','KING-E86B-2DF4-2',NULL,23.333335,0.000000,'AVAILABLE',NULL,'1','RECEIVING_INVOICES','INVOICE_RECEIVED',NULL,0.000000,NULL,'2018-01-30 17:10:54',NULL,1,1,'2018-01-30 17:10:54'),('5567a1b7-0622-11e8-b4e9-02429027d658','1e43a152-f84f-4022-a2c6-0c66c86e9e70','476c71f4-51cb-11ea-9640-479b33305416','555da1e5-0622-11e8-b4e9-02429027d658','4a83bb86-51cb-11ea-9640-479b33305416','55635efe-0622-11e8-b4e9-02429027d658',NULL,NULL,NULL,0.000000,100.000000,0.000000,0.000000,0.000000,0.000000,0.000000,0.000000,0.000000,0.000000,'UNIT','ALL','CBDB-PQKN-G8SK-1',NULL,25.000000,0.000000,'AVAILABLE',NULL,'1','RECEIVING_INVOICES','INVOICE_RECEIVED',NULL,0.000000,NULL,'2018-01-30 17:02:45',NULL,1,1,'2018-01-30 17:02:45'),('560a4b4842a0e384e0db524d7a5282e0','1e43a152-f84f-4022-a2c6-0c66c86e9e70','476c71f4-51cb-11ea-9640-479b33305416','47fe5470-51cb-11ea-9640-479b33305416','4a83b76c-51cb-11ea-9640-479b33305416','7b8a5289-0621-11e8-b4e9-02429027d658',NULL,NULL,NULL,8.000000,8.000000,0.000000,0.000000,0.000000,0.000000,0.000000,0.000000,0.000000,0.000000,'UNIT','ALL','CHEM-82E0-560A-2',NULL,76.086962,0.000000,'AVAILABLE',NULL,'1','RECEIVING_INVOICES','INVOICE_RECEIVED',NULL,0.000000,NULL,'2018-01-30 17:10:48',NULL,1,1,'2018-01-30 17:10:48'),('65756f86-0621-11e8-b4e9-02429027d658','1e43a152-f84f-4022-a2c6-0c66c86e9e70','476c71f4-51cb-11ea-9640-479b33305416','47fe556a-51cb-11ea-9640-479b33305416','4a83b91a-51cb-11ea-9640-479b33305416','65584695-0621-11e8-b4e9-02429027d658',NULL,NULL,NULL,0.000000,8.000000,0.000000,0.000000,0.000000,0.000000,0.000000,0.000000,0.000000,0.000000,'UNIT','ALL','KING-IHSG-FQ02-1',NULL,186.666676,0.000000,'AVAILABLE',NULL,'1','RECEIVING_INVOICES','INVOICE_RECEIVED',NULL,0.000000,NULL,'2018-01-30 17:10:54',NULL,1,1,'2018-01-30 17:10:54'),('6e3c0f2a-0622-11e8-b4e9-02429027d658','1e43a152-f84f-4022-a2c6-0c66c86e9e70','476c71f4-51cb-11ea-9640-479b33305416','6e2e3e46-0622-11e8-b4e9-02429027d658','4a83bbfe-51cb-11ea-9640-479b33305416','6e387b94-0622-11e8-b4e9-02429027d658',NULL,NULL,NULL,0.000000,100.000000,0.000000,0.000000,0.000000,0.000000,0.000000,0.000000,0.000000,0.000000,'UNIT','ALL','CBDP-MZZ1-B0AU-1',NULL,25.000000,0.000000,'AVAILABLE',NULL,'1','RECEIVING_INVOICES','INVOICE_RECEIVED',NULL,0.000000,NULL,'2018-01-30 17:02:48',NULL,1,1,'2018-01-30 17:02:48'),('7ba48ef6-0621-11e8-b4e9-02429027d658','1e43a152-f84f-4022-a2c6-0c66c86e9e70','476c71f4-51cb-11ea-9640-479b33305416','47fe54c0-51cb-11ea-9640-479b33305416','4a83b816-51cb-11ea-9640-479b33305416','7b858e91-0621-11e8-b4e9-02429027d658',NULL,NULL,NULL,0.000000,8.000000,0.000000,0.000000,0.000000,0.000000,0.000000,0.000000,0.000000,0.000000,'UNIT','ALL','CHEM-SDNY-1DT3-1',NULL,152.173924,0.000000,'AVAILABLE',NULL,'1','RECEIVING_INVOICES','INVOICE_RECEIVED',NULL,0.000000,NULL,'2018-01-30 17:10:48',NULL,1,1,'2018-01-30 17:10:48'),('8e84da03fba85a8817bc8ab1ad8acd6d','1e43a152-f84f-4022-a2c6-0c66c86e9e70','476c71f4-51cb-11ea-9640-479b33305416','65389ee6-0621-11e8-b4e9-02429027d658','4a83ba82-51cb-11ea-9640-479b33305416','6571dfad-0621-11e8-b4e9-02429027d658',NULL,NULL,NULL,8.000000,8.000000,0.000000,0.000000,0.000000,0.000000,0.000000,0.000000,0.000000,0.000000,'UNIT','ALL','KING-CD6D-8E84-2',NULL,6.666667,0.000000,'AVAILABLE',NULL,'1','RECEIVING_INVOICES','INVOICE_RECEIVED',NULL,0.000000,NULL,'2018-01-30 17:10:54',NULL,1,1,'2018-01-30 17:10:54'),('9378793a-0621-11e8-b4e9-02429027d658','1e43a152-f84f-4022-a2c6-0c66c86e9e70','476c71f4-51cb-11ea-9640-479b33305416','936faa5a-0621-11e8-b4e9-02429027d658','4a83bc80-51cb-11ea-9640-479b33305416','9374f5e3-0621-11e8-b4e9-02429027d658',NULL,NULL,NULL,0.000000,100.000000,0.000000,0.000000,0.000000,0.000000,0.000000,0.000000,0.000000,0.000000,'UNIT','ALL','PAXE-QQYT-NAI7-1',NULL,10.000000,0.000000,'AVAILABLE',NULL,'1','RECEIVING_INVOICES','INVOICE_RECEIVED',NULL,0.000000,NULL,'2018-01-30 16:57:30',NULL,1,1,'2018-01-30 16:57:30'),('a47ac89d-0622-11e8-b4e9-02429027d658','1e43a152-f84f-4022-a2c6-0c66c86e9e70','476c71f4-51cb-11ea-9640-479b33305416','a47132ae-0622-11e8-b4e9-02429027d658','4a83be7e-51cb-11ea-9640-479b33305416','a4771e75-0622-11e8-b4e9-02429027d658',NULL,NULL,NULL,0.000000,100.000000,0.000000,0.000000,0.000000,0.000000,0.000000,0.000000,0.000000,0.000000,'UNIT','ALL','SILV-S25V-H1SK-1',NULL,35.000000,0.000000,'AVAILABLE',NULL,'1','RECEIVING_INVOICES','INVOICE_RECEIVED',NULL,0.000000,NULL,'2018-01-30 17:04:48',NULL,1,1,'2018-01-30 17:04:48'),('b1550a323ba42aba93c21dc6de559add','1e43a152-f84f-4022-a2c6-0c66c86e9e70','476c71f4-51cb-11ea-9640-479b33305416','47fe54de-51cb-11ea-9640-479b33305416','4a83b898-51cb-11ea-9640-479b33305416','7b8f0729-0621-11e8-b4e9-02429027d658',NULL,NULL,NULL,8.000000,8.000000,0.000000,0.000000,0.000000,0.000000,0.000000,0.000000,0.000000,0.000000,'UNIT','ALL','CHEM-9ADD-B155-2',NULL,38.043481,0.000000,'AVAILABLE',NULL,'1','RECEIVING_INVOICES','INVOICE_RECEIVED',NULL,0.000000,NULL,'2018-01-30 17:10:48',NULL,1,1,'2018-01-30 17:10:48'),('b2a9546d-0621-11e8-b4e9-02429027d658','1e43a152-f84f-4022-a2c6-0c66c86e9e70','476c71f4-51cb-11ea-9640-479b33305416','b29fb17d-0621-11e8-b4e9-02429027d658','4a83bcf8-51cb-11ea-9640-479b33305416','b2a581a8-0621-11e8-b4e9-02429027d658',NULL,NULL,NULL,0.000000,100.000000,0.000000,0.000000,0.000000,0.000000,0.000000,0.000000,0.000000,0.000000,'UNIT','ALL','GEML-4B40-HHYO-1',NULL,10.000000,0.000000,'AVAILABLE',NULL,'1','RECEIVING_INVOICES','INVOICE_RECEIVED',NULL,0.000000,NULL,'2018-01-30 16:57:31',NULL,1,1,'2018-01-30 16:57:31'),('b550908a-0622-11e8-b4e9-02429027d658','1e43a152-f84f-4022-a2c6-0c66c86e9e70','476c71f4-51cb-11ea-9640-479b33305416','b5471f7b-0622-11e8-b4e9-02429027d658','4a83bef6-51cb-11ea-9640-479b33305416','b54ce528-0622-11e8-b4e9-02429027d658',NULL,NULL,NULL,0.000000,100.000000,0.000000,0.000000,0.000000,0.000000,0.000000,0.000000,0.000000,0.000000,'UNIT','ALL','BLUE-80T4-DFTX-1',NULL,45.000000,0.000000,'AVAILABLE',NULL,'1','RECEIVING_INVOICES','INVOICE_RECEIVED',NULL,0.000000,NULL,'2018-01-30 17:04:50',NULL,1,1,'2018-01-30 17:04:50'),('bdd1871e-0620-11e8-b4e9-02429027d658','1e43a152-f84f-4022-a2c6-0c66c86e9e70','476c71f4-51cb-11ea-9640-479b33305416','bdc24847-0620-11e8-b4e9-02429027d658','4a83bd84-51cb-11ea-9640-479b33305416','bdcd0f53-0620-11e8-b4e9-02429027d658',NULL,NULL,NULL,0.000000,100.000000,0.000000,0.000000,0.000000,0.000000,0.000000,0.000000,0.000000,0.000000,'UNIT','ALL','SUNS-RWAH-SORD-1',NULL,50.000000,0.000000,'AVAILABLE',NULL,'1','RECEIVING_INVOICES','INVOICE_RECEIVED',NULL,0.000000,NULL,'2018-01-30 16:51:05',NULL,1,1,'2018-01-30 16:51:05'),('bf491d931a1c89d314756df6c692d5e7','1e43a152-f84f-4022-a2c6-0c66c86e9e70','476c71f4-51cb-11ea-9640-479b33305416','7b661d6e-0621-11e8-b4e9-02429027d658','4a83baf0-51cb-11ea-9640-479b33305416','7ba12daf-0621-11e8-b4e9-02429027d658',NULL,NULL,NULL,8.000000,8.000000,0.000000,0.000000,0.000000,0.000000,0.000000,0.000000,0.000000,0.000000,'UNIT','ALL','CHEM-D5E7-BF49-2',NULL,5.434783,0.000000,'AVAILABLE',NULL,'1','RECEIVING_INVOICES','INVOICE_RECEIVED',NULL,0.000000,NULL,'2018-01-30 17:10:48',NULL,1,1,'2018-01-30 17:10:48'),('cd48377e-0620-11e8-b4e9-02429027d658','1e43a152-f84f-4022-a2c6-0c66c86e9e70','476c71f4-51cb-11ea-9640-479b33305416','cd3dc3f5-0620-11e8-b4e9-02429027d658','4a83bdf2-51cb-11ea-9640-479b33305416','cd43d375-0620-11e8-b4e9-02429027d658',NULL,NULL,NULL,0.000000,100.000000,0.000000,0.000000,0.000000,0.000000,0.000000,0.000000,0.000000,0.000000,'UNIT','ALL','SFSO-TA08-03CI-1',NULL,40.000000,0.000000,'AVAILABLE',NULL,'1','RECEIVING_INVOICES','INVOICE_RECEIVED',NULL,0.000000,NULL,'2018-01-30 16:51:07',NULL,1,1,'2018-01-30 16:51:07'),('d76a8285-0623-11e8-b4e9-02429027d658','1e43a152-f84f-4022-a2c6-0c66c86e9e70','476c71f4-51cb-11ea-9640-479b33305416','d75f765a-0623-11e8-b4e9-02429027d658','4a83c07c-51cb-11ea-9640-479b33305416','d7665662-0623-11e8-b4e9-02429027d658',NULL,NULL,NULL,0.000000,100.000000,0.000000,0.000000,0.000000,0.000000,0.000000,0.000000,0.000000,0.000000,'UNIT','ALL','CAND-O8W5-ARDS-1',NULL,50.000000,0.000000,'AVAILABLE',NULL,'1','RECEIVING_INVOICES','INVOICE_RECEIVED',NULL,0.000000,NULL,'2018-01-30 17:13:53',NULL,1,1,'2018-01-30 17:13:53'),('d888289b-0621-11e8-b4e9-02429027d658','1e43a152-f84f-4022-a2c6-0c66c86e9e70','476c71f4-51cb-11ea-9640-479b33305416','d87ddd09-0621-11e8-b4e9-02429027d658','4a83bf78-51cb-11ea-9640-479b33305416','d883cb46-0621-11e8-b4e9-02429027d658',NULL,NULL,NULL,0.000000,100.000000,0.000000,0.000000,0.000000,0.000000,0.000000,0.000000,0.000000,0.000000,'UNIT','ALL','VAPE-PVN4-15OF-1',NULL,10.000000,0.000000,'AVAILABLE',NULL,'1','RECEIVING_INVOICES','INVOICE_RECEIVED',NULL,0.000000,NULL,'2018-01-30 16:59:33',NULL,1,1,'2018-01-30 16:59:33'),('f3220b09-0620-11e8-b4e9-02429027d658','1e43a152-f84f-4022-a2c6-0c66c86e9e70','476c71f4-51cb-11ea-9640-479b33305416','f317c198-0620-11e8-b4e9-02429027d658','4a83c1e4-51cb-11ea-9640-479b33305416','f31db0a4-0620-11e8-b4e9-02429027d658',NULL,NULL,NULL,0.000000,100.000000,0.000000,0.000000,0.000000,0.000000,0.000000,0.000000,0.000000,0.000000,'UNIT','ALL','BLUE-EV0A-QMQX-1',NULL,15.000000,0.000000,'AVAILABLE',NULL,'1','RECEIVING_INVOICES','INVOICE_RECEIVED',NULL,0.000000,NULL,'2018-01-30 16:53:45',NULL,1,1,'2018-01-30 16:53:45'),('fccc7614-0621-11e8-b4e9-02429027d658','1e43a152-f84f-4022-a2c6-0c66c86e9e70','476c71f4-51cb-11ea-9640-479b33305416','fcc33a80-0621-11e8-b4e9-02429027d658','4a83bff0-51cb-11ea-9640-479b33305416','fcc8eed5-0621-11e8-b4e9-02429027d658',NULL,NULL,NULL,0.000000,100.000000,0.000000,0.000000,0.000000,0.000000,0.000000,0.000000,0.000000,0.000000,'UNIT','ALL','PAXE-O2EJ-2XVD-1',NULL,15.000000,0.000000,'AVAILABLE',NULL,'1','RECEIVING_INVOICES','INVOICE_RECEIVED',NULL,0.000000,NULL,'2018-01-30 16:59:35',NULL,1,1,'2018-01-30 16:59:35'),('fe24bc2c-0623-11e8-b4e9-02429027d658','1e43a152-f84f-4022-a2c6-0c66c86e9e70','476c71f4-51cb-11ea-9640-479b33305416','fe1a9acb-0623-11e8-b4e9-02429027d658','4a83c0ea-51cb-11ea-9640-479b33305416','fe20c715-0623-11e8-b4e9-02429027d658',NULL,NULL,NULL,0.000000,100.000000,0.000000,0.000000,0.000000,0.000000,0.000000,0.000000,0.000000,0.000000,'UNIT','ALL','ZKIT-52UN-2BAZ-1',NULL,60.000000,0.000000,'AVAILABLE',NULL,'1','RECEIVING_INVOICES','INVOICE_RECEIVED',NULL,0.000000,NULL,'2018-01-30 17:13:55',NULL,1,1,'2018-01-30 17:13:55');
/*!40000 ALTER TABLE `tz_inventory` ENABLE KEYS */;
UNLOCK TABLES;

--
-- Table structure for table `tz_inventory_aud`
--

DROP TABLE IF EXISTS `tz_inventory_aud`;
/*!40101 SET @saved_cs_client     = @@character_set_client */;
/*!40101 SET character_set_client = utf8 */;
CREATE TABLE `tz_inventory_aud` (
  `rev` int(11) NOT NULL DEFAULT '0',
  `revend` int(11) DEFAULT NULL,
  `revtype` smallint(6) DEFAULT NULL,
  `id` varchar(45) NOT NULL,
  `tenant_id` varchar(45) NOT NULL,
  `location_id` varchar(45) NOT NULL,
  `invoice_line_id` varchar(45) DEFAULT NULL,
  `package_id` varchar(45) NOT NULL,
  `product_id` varchar(45) NOT NULL,
  `last_inventory_id` varchar(45) DEFAULT NULL,
  `last_location_id` varchar(45) DEFAULT NULL,
  `last_reconciliation_id` varchar(45) DEFAULT NULL,
  `change_quantity` decimal(16,6) NOT NULL,
  `available_units` decimal(16,6) NOT NULL COMMENT '\nNumber of units in the batch. ',
  `reserved_units` decimal(16,6) NOT NULL,
  `packed_and_ready_units` decimal(16,6) NOT NULL,
  `sold_units` decimal(16,6) NOT NULL,
  `decision_pending_units` decimal(16,6) NOT NULL,
  `returned_units` decimal(16,6) NOT NULL,
  `destroyed_units` decimal(16,6) NOT NULL,
  `adjusted_units` decimal(16,6) NOT NULL,
  `converted_units` decimal(16,6) NOT NULL DEFAULT '0.000000',
  `unit_of_measurement` varchar(45) DEFAULT NULL,
  `type` varchar(255) NOT NULL,
  `batch_id` varchar(45) NOT NULL,
  `external_id` varchar(100) DEFAULT NULL,
  `cost_per_unit` decimal(16,6) NOT NULL,
  `excise_tax_per_unit` decimal(16,6) NOT NULL,
  `status` varchar(255) DEFAULT NULL COMMENT '\nInventory Status - for example, sold, reserved, returned, loss etc. ',
  `last_count_date` datetime DEFAULT NULL,
  `last_user_id` varchar(45) NOT NULL,
  `source` varchar(45) NOT NULL,
  `last_action` varchar(255) NOT NULL,
  `last_ticketline_id` varchar(45) DEFAULT NULL,
  `returned_from_pos` decimal(16,6) NOT NULL,
  `prev_id` varchar(45) DEFAULT NULL,
  `start_date` datetime NOT NULL,
  `end_date` datetime DEFAULT NULL,
  `current_flag` tinyint(4) NOT NULL DEFAULT '1',
  `version` int(11) DEFAULT NULL,
  `original_start_date` datetime NOT NULL,
  PRIMARY KEY (`rev`,`id`),
  KEY `inventory_aud_product_idx` (`product_id`),
  KEY `inventory_aud_invoiceline_idx` (`invoice_line_id`),
  KEY `inventory_aud_tenant_idx` (`tenant_id`),
  KEY `inventory_aud_location_idx` (`location_id`),
  KEY `inventory_aud_last_inventory_idx` (`last_inventory_id`),
  KEY `inventory_aud_last_location_idx` (`last_location_id`),
  KEY `inventory_aud_dates` (`start_date`,`end_date`),
  KEY `inventory_aud_package_fk_idx` (`package_id`),
  KEY `inventory_aud_inventory_idx` (`id`,`revend`)
) ENGINE=InnoDB DEFAULT CHARSET=utf8;
/*!40101 SET character_set_client = @saved_cs_client */;

--
-- Dumping data for table `tz_inventory_aud`
--

LOCK TABLES `tz_inventory_aud` WRITE;
/*!40000 ALTER TABLE `tz_inventory_aud` DISABLE KEYS */;
INSERT INTO `tz_inventory_aud` VALUES (179,NULL,0,'07b4cefd680f86233cf764e95ffd3dc4','1e43a152-f84f-4022-a2c6-0c66c86e9e70','476c71f4-51cb-11ea-9640-479b33305416','7b661d6e-0621-11e8-b4e9-02429027d658','4a83baf0-51cb-11ea-9640-479b33305416','7b9406c0-0621-11e8-b4e9-02429027d658',NULL,NULL,NULL,8.000000,8.000000,0.000000,0.000000,0.000000,0.000000,0.000000,0.000000,0.000000,0.000000,'UNIT','ALL','CHEM-3DC4-07B4-2',NULL,19.021741,0.000000,'AVAILABLE',NULL,'1','RECEIVING_INVOICES','INVOICE_RECEIVED',NULL,0.000000,NULL,'2018-01-30 17:10:48',NULL,1,1,'2018-01-30 17:10:48'),(180,NULL,0,'17513842-0621-11e8-b4e9-02429027d658','1e43a152-f84f-4022-a2c6-0c66c86e9e70','476c71f4-51cb-11ea-9640-479b33305416','1747a723-0621-11e8-b4e9-02429027d658','4a83c16c-51cb-11ea-9640-479b33305416','174d6edf-0621-11e8-b4e9-02429027d658',NULL,NULL,NULL,0.000000,100.000000,0.000000,0.000000,0.000000,0.000000,0.000000,0.000000,0.000000,0.000000,'UNIT','ALL','ESPR-0MS4-WJRL-1',NULL,30.000000,0.000000,'AVAILABLE',NULL,'1','RECEIVING_INVOICES','INVOICE_RECEIVED',NULL,0.000000,NULL,'2018-01-30 16:53:47',NULL,1,1,'2018-01-30 16:53:47'),(181,NULL,0,'19fd460561bbf882632417a96ffabf04','1e43a152-f84f-4022-a2c6-0c66c86e9e70','476c71f4-51cb-11ea-9640-479b33305416','65389ee6-0621-11e8-b4e9-02429027d658','4a83b992-51cb-11ea-9640-479b33305416','655d9edd-0621-11e8-b4e9-02429027d658',NULL,NULL,NULL,8.000000,8.000000,0.000000,0.000000,0.000000,0.000000,0.000000,0.000000,0.000000,0.000000,'UNIT','ALL','KING-BF04-19FD-2',NULL,93.333338,0.000000,'AVAILABLE',NULL,'1','RECEIVING_INVOICES','INVOICE_RECEIVED',NULL,0.000000,NULL,'2018-01-30 17:10:54',NULL,1,1,'2018-01-30 17:10:54'),(182,NULL,0,'1ca382c3-0622-11e8-b4e9-02429027d658','1e43a152-f84f-4022-a2c6-0c66c86e9e70','476c71f4-51cb-11ea-9640-479b33305416','1c99d063-0622-11e8-b4e9-02429027d658','4a83b438-51cb-11ea-9640-479b33305416','1ca01284-0622-11e8-b4e9-02429027d658',NULL,NULL,NULL,0.000000,100.000000,0.000000,0.000000,0.000000,0.000000,0.000000,0.000000,0.000000,0.000000,'UNIT','ALL','COOK-K0EM-5X4P-1',NULL,20.000000,0.000000,'AVAILABLE',NULL,'1','RECEIVING_INVOICES','INVOICE_RECEIVED',NULL,0.000000,NULL,'2018-01-30 17:00:52',NULL,1,1,'2018-01-30 17:00:52'),(183,NULL,0,'229a4246d0cd617e4b746887f55f5eed','1e43a152-f84f-4022-a2c6-0c66c86e9e70','476c71f4-51cb-11ea-9640-479b33305416','65389ee6-0621-11e8-b4e9-02429027d658','4a83ba00-51cb-11ea-9640-479b33305416','65629d9e-0621-11e8-b4e9-02429027d658',NULL,NULL,NULL,8.000000,8.000000,0.000000,0.000000,0.000000,0.000000,0.000000,0.000000,0.000000,0.000000,'UNIT','ALL','KING-5EED-229A-2',NULL,46.666669,0.000000,'AVAILABLE',NULL,'1','RECEIVING_INVOICES','INVOICE_RECEIVED',NULL,0.000000,NULL,'2018-01-30 17:10:54',NULL,1,1,'2018-01-30 17:10:54'),(184,NULL,0,'29a34b98-0622-11e8-b4e9-02429027d658','1e43a152-f84f-4022-a2c6-0c66c86e9e70','476c71f4-51cb-11ea-9640-479b33305416','2999a5fc-0622-11e8-b4e9-02429027d658','4a83b5dc-51cb-11ea-9640-479b33305416','299f0a4e-0622-11e8-b4e9-02429027d658',NULL,NULL,NULL,0.000000,100.000000,0.000000,0.000000,0.000000,0.000000,0.000000,0.000000,0.000000,0.000000,'UNIT','ALL','BIRT-O6QH-D0A4-1',NULL,30.000000,0.000000,'AVAILABLE',NULL,'1','RECEIVING_INVOICES','INVOICE_RECEIVED',NULL,0.000000,NULL,'2018-01-30 17:00:54',NULL,1,1,'2018-01-30 17:00:54'),(185,NULL,0,'2df4c57e97fa2899ce0ed1657020e86b','1e43a152-f84f-4022-a2c6-0c66c86e9e70','476c71f4-51cb-11ea-9640-479b33305416','65389ee6-0621-11e8-b4e9-02429027d658','4a83ba82-51cb-11ea-9640-479b33305416','6567be28-0621-11e8-b4e9-02429027d658',NULL,NULL,NULL,8.000000,8.000000,0.000000,0.000000,0.000000,0.000000,0.000000,0.000000,0.000000,0.000000,'UNIT','ALL','KING-E86B-2DF4-2',NULL,23.333335,0.000000,'AVAILABLE',NULL,'1','RECEIVING_INVOICES','INVOICE_RECEIVED',NULL,0.000000,NULL,'2018-01-30 17:10:54',NULL,1,1,'2018-01-30 17:10:54'),(186,NULL,0,'5567a1b7-0622-11e8-b4e9-02429027d658','1e43a152-f84f-4022-a2c6-0c66c86e9e70','476c71f4-51cb-11ea-9640-479b33305416','555da1e5-0622-11e8-b4e9-02429027d658','4a83bb86-51cb-11ea-9640-479b33305416','55635efe-0622-11e8-b4e9-02429027d658',NULL,NULL,NULL,0.000000,100.000000,0.000000,0.000000,0.000000,0.000000,0.000000,0.000000,0.000000,0.000000,'UNIT','ALL','CBDB-PQKN-G8SK-1',NULL,25.000000,0.000000,'AVAILABLE',NULL,'1','RECEIVING_INVOICES','INVOICE_RECEIVED',NULL,0.000000,NULL,'2018-01-30 17:02:45',NULL,1,1,'2018-01-30 17:02:45'),(187,NULL,0,'560a4b4842a0e384e0db524d7a5282e0','1e43a152-f84f-4022-a2c6-0c66c86e9e70','476c71f4-51cb-11ea-9640-479b33305416','7b661d6e-0621-11e8-b4e9-02429027d658','4a83b76c-51cb-11ea-9640-479b33305416','7b8a5289-0621-11e8-b4e9-02429027d658',NULL,NULL,NULL,8.000000,8.000000,0.000000,0.000000,0.000000,0.000000,0.000000,0.000000,0.000000,0.000000,'UNIT','ALL','CHEM-82E0-560A-2',NULL,76.086962,0.000000,'AVAILABLE',NULL,'1','RECEIVING_INVOICES','INVOICE_RECEIVED',NULL,0.000000,NULL,'2018-01-30 17:10:48',NULL,1,1,'2018-01-30 17:10:48'),(188,NULL,0,'65756f86-0621-11e8-b4e9-02429027d658','1e43a152-f84f-4022-a2c6-0c66c86e9e70','476c71f4-51cb-11ea-9640-479b33305416','65389ee6-0621-11e8-b4e9-02429027d658','4a83b91a-51cb-11ea-9640-479b33305416','65584695-0621-11e8-b4e9-02429027d658',NULL,NULL,NULL,0.000000,8.000000,0.000000,0.000000,0.000000,0.000000,0.000000,0.000000,0.000000,0.000000,'UNIT','ALL','KING-IHSG-FQ02-1',NULL,186.666676,0.000000,'AVAILABLE',NULL,'1','RECEIVING_INVOICES','INVOICE_RECEIVED',NULL,0.000000,NULL,'2018-01-30 17:10:54',NULL,1,1,'2018-01-30 17:10:54'),(189,NULL,0,'6e3c0f2a-0622-11e8-b4e9-02429027d658','1e43a152-f84f-4022-a2c6-0c66c86e9e70','476c71f4-51cb-11ea-9640-479b33305416','6e2e3e46-0622-11e8-b4e9-02429027d658','4a83bbfe-51cb-11ea-9640-479b33305416','6e387b94-0622-11e8-b4e9-02429027d658',NULL,NULL,NULL,0.000000,100.000000,0.000000,0.000000,0.000000,0.000000,0.000000,0.000000,0.000000,0.000000,'UNIT','ALL','CBDP-MZZ1-B0AU-1',NULL,25.000000,0.000000,'AVAILABLE',NULL,'1','RECEIVING_INVOICES','INVOICE_RECEIVED',NULL,0.000000,NULL,'2018-01-30 17:02:48',NULL,1,1,'2018-01-30 17:02:48'),(190,NULL,0,'7ba48ef6-0621-11e8-b4e9-02429027d658','1e43a152-f84f-4022-a2c6-0c66c86e9e70','476c71f4-51cb-11ea-9640-479b33305416','7b661d6e-0621-11e8-b4e9-02429027d658','4a83b816-51cb-11ea-9640-479b33305416','7b858e91-0621-11e8-b4e9-02429027d658',NULL,NULL,NULL,0.000000,8.000000,0.000000,0.000000,0.000000,0.000000,0.000000,0.000000,0.000000,0.000000,'UNIT','ALL','CHEM-SDNY-1DT3-1',NULL,152.173924,0.000000,'AVAILABLE',NULL,'1','RECEIVING_INVOICES','INVOICE_RECEIVED',NULL,0.000000,NULL,'2018-01-30 17:10:48',NULL,1,1,'2018-01-30 17:10:48'),(191,NULL,0,'8e84da03fba85a8817bc8ab1ad8acd6d','1e43a152-f84f-4022-a2c6-0c66c86e9e70','476c71f4-51cb-11ea-9640-479b33305416','65389ee6-0621-11e8-b4e9-02429027d658','4a83ba82-51cb-11ea-9640-479b33305416','6571dfad-0621-11e8-b4e9-02429027d658',NULL,NULL,NULL,8.000000,8.000000,0.000000,0.000000,0.000000,0.000000,0.000000,0.000000,0.000000,0.000000,'UNIT','ALL','KING-CD6D-8E84-2',NULL,6.666667,0.000000,'AVAILABLE',NULL,'1','RECEIVING_INVOICES','INVOICE_RECEIVED',NULL,0.000000,NULL,'2018-01-30 17:10:54',NULL,1,1,'2018-01-30 17:10:54'),(192,NULL,0,'9378793a-0621-11e8-b4e9-02429027d658','1e43a152-f84f-4022-a2c6-0c66c86e9e70','476c71f4-51cb-11ea-9640-479b33305416','936faa5a-0621-11e8-b4e9-02429027d658','4a83bc80-51cb-11ea-9640-479b33305416','9374f5e3-0621-11e8-b4e9-02429027d658',NULL,NULL,NULL,0.000000,100.000000,0.000000,0.000000,0.000000,0.000000,0.000000,0.000000,0.000000,0.000000,'UNIT','ALL','PAXE-QQYT-NAI7-1',NULL,10.000000,0.000000,'AVAILABLE',NULL,'1','RECEIVING_INVOICES','INVOICE_RECEIVED',NULL,0.000000,NULL,'2018-01-30 16:57:30',NULL,1,1,'2018-01-30 16:57:30'),(193,NULL,0,'a47ac89d-0622-11e8-b4e9-02429027d658','1e43a152-f84f-4022-a2c6-0c66c86e9e70','476c71f4-51cb-11ea-9640-479b33305416','a47132ae-0622-11e8-b4e9-02429027d658','4a83be7e-51cb-11ea-9640-479b33305416','a4771e75-0622-11e8-b4e9-02429027d658',NULL,NULL,NULL,0.000000,100.000000,0.000000,0.000000,0.000000,0.000000,0.000000,0.000000,0.000000,0.000000,'UNIT','ALL','SILV-S25V-H1SK-1',NULL,35.000000,0.000000,'AVAILABLE',NULL,'1','RECEIVING_INVOICES','INVOICE_RECEIVED',NULL,0.000000,NULL,'2018-01-30 17:04:48',NULL,1,1,'2018-01-30 17:04:48'),(194,NULL,0,'b1550a323ba42aba93c21dc6de559add','1e43a152-f84f-4022-a2c6-0c66c86e9e70','476c71f4-51cb-11ea-9640-479b33305416','7b661d6e-0621-11e8-b4e9-02429027d658','4a83b898-51cb-11ea-9640-479b33305416','7b8f0729-0621-11e8-b4e9-02429027d658',NULL,NULL,NULL,8.000000,8.000000,0.000000,0.000000,0.000000,0.000000,0.000000,0.000000,0.000000,0.000000,'UNIT','ALL','CHEM-9ADD-B155-2',NULL,38.043481,0.000000,'AVAILABLE',NULL,'1','RECEIVING_INVOICES','INVOICE_RECEIVED',NULL,0.000000,NULL,'2018-01-30 17:10:48',NULL,1,1,'2018-01-30 17:10:48'),(195,NULL,0,'b2a9546d-0621-11e8-b4e9-02429027d658','1e43a152-f84f-4022-a2c6-0c66c86e9e70','476c71f4-51cb-11ea-9640-479b33305416','b29fb17d-0621-11e8-b4e9-02429027d658','4a83bcf8-51cb-11ea-9640-479b33305416','b2a581a8-0621-11e8-b4e9-02429027d658',NULL,NULL,NULL,0.000000,100.000000,0.000000,0.000000,0.000000,0.000000,0.000000,0.000000,0.000000,0.000000,'UNIT','ALL','GEML-4B40-HHYO-1',NULL,10.000000,0.000000,'AVAILABLE',NULL,'1','RECEIVING_INVOICES','INVOICE_RECEIVED',NULL,0.000000,NULL,'2018-01-30 16:57:31',NULL,1,1,'2018-01-30 16:57:31'),(196,NULL,0,'b550908a-0622-11e8-b4e9-02429027d658','1e43a152-f84f-4022-a2c6-0c66c86e9e70','476c71f4-51cb-11ea-9640-479b33305416','b5471f7b-0622-11e8-b4e9-02429027d658','4a83bef6-51cb-11ea-9640-479b33305416','b54ce528-0622-11e8-b4e9-02429027d658',NULL,NULL,NULL,0.000000,100.000000,0.000000,0.000000,0.000000,0.000000,0.000000,0.000000,0.000000,0.000000,'UNIT','ALL','BLUE-80T4-DFTX-1',NULL,45.000000,0.000000,'AVAILABLE',NULL,'1','RECEIVING_INVOICES','INVOICE_RECEIVED',NULL,0.000000,NULL,'2018-01-30 17:04:50',NULL,1,1,'2018-01-30 17:04:50'),(197,NULL,0,'bdd1871e-0620-11e8-b4e9-02429027d658','1e43a152-f84f-4022-a2c6-0c66c86e9e70','476c71f4-51cb-11ea-9640-479b33305416','bdc24847-0620-11e8-b4e9-02429027d658','4a83bd84-51cb-11ea-9640-479b33305416','bdcd0f53-0620-11e8-b4e9-02429027d658',NULL,NULL,NULL,0.000000,100.000000,0.000000,0.000000,0.000000,0.000000,0.000000,0.000000,0.000000,0.000000,'UNIT','ALL','SUNS-RWAH-SORD-1',NULL,50.000000,0.000000,'AVAILABLE',NULL,'1','RECEIVING_INVOICES','INVOICE_RECEIVED',NULL,0.000000,NULL,'2018-01-30 16:51:05',NULL,1,1,'2018-01-30 16:51:05'),(198,NULL,0,'bf491d931a1c89d314756df6c692d5e7','1e43a152-f84f-4022-a2c6-0c66c86e9e70','476c71f4-51cb-11ea-9640-479b33305416','7b661d6e-0621-11e8-b4e9-02429027d658','4a83baf0-51cb-11ea-9640-479b33305416','7ba12daf-0621-11e8-b4e9-02429027d658',NULL,NULL,NULL,8.000000,8.000000,0.000000,0.000000,0.000000,0.000000,0.000000,0.000000,0.000000,0.000000,'UNIT','ALL','CHEM-D5E7-BF49-2',NULL,5.434783,0.000000,'AVAILABLE',NULL,'1','RECEIVING_INVOICES','INVOICE_RECEIVED',NULL,0.000000,NULL,'2018-01-30 17:10:48',NULL,1,1,'2018-01-30 17:10:48'),(199,NULL,0,'cd48377e-0620-11e8-b4e9-02429027d658','1e43a152-f84f-4022-a2c6-0c66c86e9e70','476c71f4-51cb-11ea-9640-479b33305416','cd3dc3f5-0620-11e8-b4e9-02429027d658','4a83bdf2-51cb-11ea-9640-479b33305416','cd43d375-0620-11e8-b4e9-02429027d658',NULL,NULL,NULL,0.000000,100.000000,0.000000,0.000000,0.000000,0.000000,0.000000,0.000000,0.000000,0.000000,'UNIT','ALL','SFSO-TA08-03CI-1',NULL,40.000000,0.000000,'AVAILABLE',NULL,'1','RECEIVING_INVOICES','INVOICE_RECEIVED',NULL,0.000000,NULL,'2018-01-30 16:51:07',NULL,1,1,'2018-01-30 16:51:07'),(200,NULL,0,'d76a8285-0623-11e8-b4e9-02429027d658','1e43a152-f84f-4022-a2c6-0c66c86e9e70','476c71f4-51cb-11ea-9640-479b33305416','d75f765a-0623-11e8-b4e9-02429027d658','4a83c07c-51cb-11ea-9640-479b33305416','d7665662-0623-11e8-b4e9-02429027d658',NULL,NULL,NULL,0.000000,100.000000,0.000000,0.000000,0.000000,0.000000,0.000000,0.000000,0.000000,0.000000,'UNIT','ALL','CAND-O8W5-ARDS-1',NULL,50.000000,0.000000,'AVAILABLE',NULL,'1','RECEIVING_INVOICES','INVOICE_RECEIVED',NULL,0.000000,NULL,'2018-01-30 17:13:53',NULL,1,1,'2018-01-30 17:13:53'),(201,NULL,0,'d888289b-0621-11e8-b4e9-02429027d658','1e43a152-f84f-4022-a2c6-0c66c86e9e70','476c71f4-51cb-11ea-9640-479b33305416','d87ddd09-0621-11e8-b4e9-02429027d658','4a83bf78-51cb-11ea-9640-479b33305416','d883cb46-0621-11e8-b4e9-02429027d658',NULL,NULL,NULL,0.000000,100.000000,0.000000,0.000000,0.000000,0.000000,0.000000,0.000000,0.000000,0.000000,'UNIT','ALL','VAPE-PVN4-15OF-1',NULL,10.000000,0.000000,'AVAILABLE',NULL,'1','RECEIVING_INVOICES','INVOICE_RECEIVED',NULL,0.000000,NULL,'2018-01-30 16:59:33',NULL,1,1,'2018-01-30 16:59:33'),(202,NULL,0,'f3220b09-0620-11e8-b4e9-02429027d658','1e43a152-f84f-4022-a2c6-0c66c86e9e70','476c71f4-51cb-11ea-9640-479b33305416','f317c198-0620-11e8-b4e9-02429027d658','4a83c1e4-51cb-11ea-9640-479b33305416','f31db0a4-0620-11e8-b4e9-02429027d658',NULL,NULL,NULL,0.000000,100.000000,0.000000,0.000000,0.000000,0.000000,0.000000,0.000000,0.000000,0.000000,'UNIT','ALL','BLUE-EV0A-QMQX-1',NULL,15.000000,0.000000,'AVAILABLE',NULL,'1','RECEIVING_INVOICES','INVOICE_RECEIVED',NULL,0.000000,NULL,'2018-01-30 16:53:45',NULL,1,1,'2018-01-30 16:53:45'),(203,NULL,0,'fccc7614-0621-11e8-b4e9-02429027d658','1e43a152-f84f-4022-a2c6-0c66c86e9e70','476c71f4-51cb-11ea-9640-479b33305416','fcc33a80-0621-11e8-b4e9-02429027d658','4a83bff0-51cb-11ea-9640-479b33305416','fcc8eed5-0621-11e8-b4e9-02429027d658',NULL,NULL,NULL,0.000000,100.000000,0.000000,0.000000,0.000000,0.000000,0.000000,0.000000,0.000000,0.000000,'UNIT','ALL','PAXE-O2EJ-2XVD-1',NULL,15.000000,0.000000,'AVAILABLE',NULL,'1','RECEIVING_INVOICES','INVOICE_RECEIVED',NULL,0.000000,NULL,'2018-01-30 16:59:35',NULL,1,1,'2018-01-30 16:59:35'),(204,NULL,0,'fe24bc2c-0623-11e8-b4e9-02429027d658','1e43a152-f84f-4022-a2c6-0c66c86e9e70','476c71f4-51cb-11ea-9640-479b33305416','fe1a9acb-0623-11e8-b4e9-02429027d658','4a83c0ea-51cb-11ea-9640-479b33305416','fe20c715-0623-11e8-b4e9-02429027d658',NULL,NULL,NULL,0.000000,100.000000,0.000000,0.000000,0.000000,0.000000,0.000000,0.000000,0.000000,0.000000,'UNIT','ALL','ZKIT-52UN-2BAZ-1',NULL,60.000000,0.000000,'AVAILABLE',NULL,'1','RECEIVING_INVOICES','INVOICE_RECEIVED',NULL,0.000000,NULL,'2018-01-30 17:13:55',NULL,1,1,'2018-01-30 17:13:55');
/*!40000 ALTER TABLE `tz_inventory_aud` ENABLE KEYS */;
UNLOCK TABLES;

--
-- Table structure for table `tz_invoice`
--

DROP TABLE IF EXISTS `tz_invoice`;
/*!40101 SET @saved_cs_client     = @@character_set_client */;
/*!40101 SET character_set_client = utf8 */;
CREATE TABLE `tz_invoice` (
  `id` varchar(45) NOT NULL,
  `tenant_id` varchar(45) NOT NULL,
  `distributor_id` varchar(45) DEFAULT NULL,
  `location_id` varchar(45) DEFAULT NULL,
  `invoice_cost_id` varchar(45) NOT NULL,
  `visible_id` int(11) NOT NULL,
  `external_visible_id` varchar(255) DEFAULT NULL,
  `manifest_number` varchar(255) DEFAULT NULL,
  `status` varchar(255) NOT NULL,
  `inventory_type` varchar(45) NOT NULL,
  `dispensary_license` varchar(45) DEFAULT NULL,
  `excise_tax_included` tinyint(4) NOT NULL,
  `last_user_id` varchar(255) NOT NULL,
  `term_id` varchar(45) DEFAULT NULL COMMENT 'Points to tz_dropdown with name PAYMENT_TERM',
  `accepted_date` datetime DEFAULT NULL,
  `due_date` datetime DEFAULT NULL COMMENT '\nPayment due date',
  `departure_date` datetime DEFAULT NULL,
  `arrival_date` datetime DEFAULT NULL,
  `prev_id` varchar(45) DEFAULT NULL,
  `start_date` datetime NOT NULL,
  `end_date` datetime DEFAULT NULL,
  `current_flag` tinyint(4) NOT NULL DEFAULT '1',
  `version` int(11) NOT NULL,
  `original_start_date` datetime NOT NULL,
  `source` varchar(45) NOT NULL DEFAULT 'MANUALLY',
  PRIMARY KEY (`id`),
  KEY `invoice_location_idx` (`tenant_id`),
  KEY `tz_distributor_reference_idx` (`distributor_id`),
  KEY `tz_location_reference_idx` (`location_id`),
  KEY `tz_invoice_invoice_cost_idx` (`invoice_cost_id`),
  KEY `current_start_date_idx` (`current_flag`,`start_date`),
  KEY `tz_invoice_ref_id_idx` (`current_flag`),
  CONSTRAINT `tz_distributor_reference` FOREIGN KEY (`distributor_id`) REFERENCES `tz_distributor` (`id`) ON DELETE NO ACTION ON UPDATE NO ACTION,
  CONSTRAINT `tz_invoice_cost_reference` FOREIGN KEY (`invoice_cost_id`) REFERENCES `tz_invoice_cost` (`id`) ON DELETE NO ACTION ON UPDATE NO ACTION,
  CONSTRAINT `tz_invoice_tenant_reference` FOREIGN KEY (`tenant_id`) REFERENCES `tz_tenant` (`id`) ON DELETE NO ACTION ON UPDATE NO ACTION,
  CONSTRAINT `tz_location_reference` FOREIGN KEY (`location_id`) REFERENCES `tz_location` (`id`) ON DELETE NO ACTION ON UPDATE NO ACTION
) ENGINE=InnoDB DEFAULT CHARSET=utf8;
/*!40101 SET character_set_client = @saved_cs_client */;

--
-- Dumping data for table `tz_invoice`
--

LOCK TABLES `tz_invoice` WRITE;
/*!40000 ALTER TABLE `tz_invoice` DISABLE KEYS */;
INSERT INTO `tz_invoice` VALUES ('047a2e7c-0622-11e8-b4e9-02429027d658','1e43a152-f84f-4022-a2c6-0c66c86e9e70','bdc2278b-0620-11e8-b4e9-02429027d658','476c71f4-51cb-11ea-9640-479b33305416','2df38d51daaa2ae8080ef04187ddaf6b',6,NULL,NULL,'FULFILLED','ALL',NULL,1,'1',NULL,'2018-01-30 16:59:40',NULL,NULL,NULL,NULL,'2018-01-30 16:59:40',NULL,1,1,'2018-01-30 16:59:40','MANUALLY'),('366a196a-0621-11e8-b4e9-02429027d658','1e43a152-f84f-4022-a2c6-0c66c86e9e70','bdc2278b-0620-11e8-b4e9-02429027d658','476c71f4-51cb-11ea-9640-479b33305416','232f220773aa9dcb667958aaf988816a',3,NULL,NULL,'FULFILLED','ALL',NULL,1,'1',NULL,'2018-01-30 16:53:55',NULL,NULL,NULL,NULL,'2018-01-30 16:53:55',NULL,1,1,'2018-01-30 16:53:55','MANUALLY'),('3fe12499-0622-11e8-b4e9-02429027d658','1e43a152-f84f-4022-a2c6-0c66c86e9e70','bdc2278b-0620-11e8-b4e9-02429027d658','476c71f4-51cb-11ea-9640-479b33305416','a2a762abd5d275781101d2e69d177359',7,NULL,NULL,'FULFILLED','ALL',NULL,1,'1',NULL,'2018-01-30 17:01:20',NULL,NULL,NULL,NULL,'2018-01-30 17:01:20',NULL,1,1,'2018-01-30 17:01:20','MANUALLY'),('82e89942-0621-11e8-b4e9-02429027d658','1e43a152-f84f-4022-a2c6-0c66c86e9e70','bdc2278b-0620-11e8-b4e9-02429027d658','476c71f4-51cb-11ea-9640-479b33305416','c76e3e2ad67d7964a0e6c32b89bd555f',4,NULL,NULL,'FULFILLED','ALL',NULL,1,'1',NULL,'2018-01-30 16:56:03',NULL,NULL,NULL,NULL,'2018-01-30 16:56:03',NULL,1,1,'2018-01-30 16:56:03','MANUALLY'),('8f84e4ef-0620-11e8-b4e9-02429027d658','1e43a152-f84f-4022-a2c6-0c66c86e9e70','bdc2278b-0620-11e8-b4e9-02429027d658','476c71f4-51cb-11ea-9640-479b33305416','703d73c2b72104e5ca6cade37653a667',1,NULL,NULL,'FULFILLED','ALL',NULL,1,'1',NULL,'2018-01-30 16:49:15',NULL,NULL,NULL,NULL,'2018-01-30 16:49:15',NULL,1,1,'2018-01-30 16:49:15','MANUALLY'),('952d032f-0622-11e8-b4e9-02429027d658','1e43a152-f84f-4022-a2c6-0c66c86e9e70','bdc2278b-0620-11e8-b4e9-02429027d658','476c71f4-51cb-11ea-9640-479b33305416','2839a95379a2d79cd2ba60626b424cf8',8,NULL,NULL,'FULFILLED','ALL',NULL,1,'1',NULL,'2018-01-30 17:03:43',NULL,NULL,NULL,NULL,'2018-01-30 17:03:43',NULL,1,1,'2018-01-30 17:03:43','MANUALLY'),('c5692242-0621-11e8-b4e9-02429027d658','1e43a152-f84f-4022-a2c6-0c66c86e9e70','bdc2278b-0620-11e8-b4e9-02429027d658','476c71f4-51cb-11ea-9640-479b33305416','cdf32fc0850dfb93378452dd4a0cffc6',5,NULL,NULL,'FULFILLED','ALL',NULL,1,'1',NULL,'2018-01-30 16:57:55',NULL,NULL,NULL,NULL,'2018-01-30 16:57:55',NULL,1,1,'2018-01-30 16:57:55','MANUALLY'),('c9effe22-0623-11e8-b4e9-02429027d658','1e43a152-f84f-4022-a2c6-0c66c86e9e70','bdc2278b-0620-11e8-b4e9-02429027d658','476c71f4-51cb-11ea-9640-479b33305416','e040dc9293bc74809e9b5314a0723c3a',9,NULL,NULL,'FULFILLED','ALL',NULL,1,'1',NULL,'2018-01-30 17:12:21',NULL,NULL,NULL,NULL,'2018-01-30 17:12:21',NULL,1,1,'2018-01-30 17:12:21','MANUALLY'),('e26c0258-0620-11e8-b4e9-02429027d658','1e43a152-f84f-4022-a2c6-0c66c86e9e70','bdc2278b-0620-11e8-b4e9-02429027d658','476c71f4-51cb-11ea-9640-479b33305416','6f5e6b6f76dcbe62cb106ed0ab8402f0',2,NULL,NULL,'FULFILLED','ALL',NULL,1,'1',NULL,'2018-01-30 16:51:34',NULL,NULL,NULL,NULL,'2018-01-30 16:51:34',NULL,1,1,'2018-01-30 16:51:34','MANUALLY');
/*!40000 ALTER TABLE `tz_invoice` ENABLE KEYS */;
UNLOCK TABLES;

--
-- Table structure for table `tz_invoice_aud`
--

DROP TABLE IF EXISTS `tz_invoice_aud`;
/*!40101 SET @saved_cs_client     = @@character_set_client */;
/*!40101 SET character_set_client = utf8 */;
CREATE TABLE `tz_invoice_aud` (
  `rev` int(11) NOT NULL DEFAULT '0',
  `revend` int(11) DEFAULT NULL,
  `revtype` smallint(6) DEFAULT NULL,
  `id` varchar(45) NOT NULL,
  `tenant_id` varchar(45) NOT NULL,
  `distributor_id` varchar(45) DEFAULT NULL,
  `location_id` varchar(45) DEFAULT NULL,
  `invoice_cost_id` varchar(45) NOT NULL,
  `visible_id` int(11) NOT NULL,
  `external_visible_id` varchar(255) DEFAULT NULL,
  `manifest_number` varchar(255) DEFAULT NULL,
  `status` varchar(255) NOT NULL,
  `inventory_type` varchar(45) NOT NULL,
  `dispensary_license` varchar(45) DEFAULT NULL,
  `excise_tax_included` tinyint(4) NOT NULL,
  `last_user_id` varchar(255) NOT NULL,
  `term_id` varchar(45) DEFAULT NULL COMMENT 'Points to tz_dropdown with name PAYMENT_TERM',
  `accepted_date` datetime DEFAULT NULL,
  `due_date` datetime DEFAULT NULL COMMENT '\nPayment due date',
  `departure_date` datetime DEFAULT NULL,
  `arrival_date` datetime DEFAULT NULL,
  `prev_id` varchar(45) DEFAULT NULL,
  `start_date` datetime NOT NULL,
  `end_date` datetime DEFAULT NULL,
  `current_flag` tinyint(4) NOT NULL DEFAULT '1',
  `version` int(11) DEFAULT NULL,
  `original_start_date` datetime NOT NULL,
  `source` varchar(45) NOT NULL DEFAULT 'MANUALLY',
  PRIMARY KEY (`rev`,`id`),
  KEY `invoice_aud_invoice_idx` (`id`),
  KEY `invoice_aud_tenant_idx` (`tenant_id`),
  KEY `invoice_aud_distributor_idx` (`distributor_id`),
  KEY `invoice_aud_location_idx` (`location_id`),
  KEY `invoice_aud_invoice_cost_idx` (`invoice_cost_id`)
) ENGINE=InnoDB DEFAULT CHARSET=utf8;
/*!40101 SET character_set_client = @saved_cs_client */;

--
-- Dumping data for table `tz_invoice_aud`
--

LOCK TABLES `tz_invoice_aud` WRITE;
/*!40000 ALTER TABLE `tz_invoice_aud` DISABLE KEYS */;
INSERT INTO `tz_invoice_aud` VALUES (232,NULL,0,'047a2e7c-0622-11e8-b4e9-02429027d658','1e43a152-f84f-4022-a2c6-0c66c86e9e70','bdc2278b-0620-11e8-b4e9-02429027d658','476c71f4-51cb-11ea-9640-479b33305416','2df38d51daaa2ae8080ef04187ddaf6b',6,NULL,NULL,'FULFILLED','ALL',NULL,1,'1',NULL,NULL,NULL,NULL,NULL,NULL,'2018-01-30 16:59:40',NULL,1,1,'2018-01-30 16:59:40','MANUALLY'),(233,NULL,0,'366a196a-0621-11e8-b4e9-02429027d658','1e43a152-f84f-4022-a2c6-0c66c86e9e70','bdc2278b-0620-11e8-b4e9-02429027d658','476c71f4-51cb-11ea-9640-479b33305416','232f220773aa9dcb667958aaf988816a',3,NULL,NULL,'FULFILLED','ALL',NULL,1,'1',NULL,NULL,NULL,NULL,NULL,NULL,'2018-01-30 16:53:55',NULL,1,1,'2018-01-30 16:53:55','MANUALLY'),(234,NULL,0,'3fe12499-0622-11e8-b4e9-02429027d658','1e43a152-f84f-4022-a2c6-0c66c86e9e70','bdc2278b-0620-11e8-b4e9-02429027d658','476c71f4-51cb-11ea-9640-479b33305416','a2a762abd5d275781101d2e69d177359',7,NULL,NULL,'FULFILLED','ALL',NULL,1,'1',NULL,NULL,NULL,NULL,NULL,NULL,'2018-01-30 17:01:20',NULL,1,1,'2018-01-30 17:01:20','MANUALLY'),(235,NULL,0,'82e89942-0621-11e8-b4e9-02429027d658','1e43a152-f84f-4022-a2c6-0c66c86e9e70','bdc2278b-0620-11e8-b4e9-02429027d658','476c71f4-51cb-11ea-9640-479b33305416','c76e3e2ad67d7964a0e6c32b89bd555f',4,NULL,NULL,'FULFILLED','ALL',NULL,1,'1',NULL,NULL,NULL,NULL,NULL,NULL,'2018-01-30 16:56:03',NULL,1,1,'2018-01-30 16:56:03','MANUALLY'),(236,NULL,0,'8f84e4ef-0620-11e8-b4e9-02429027d658','1e43a152-f84f-4022-a2c6-0c66c86e9e70','bdc2278b-0620-11e8-b4e9-02429027d658','476c71f4-51cb-11ea-9640-479b33305416','703d73c2b72104e5ca6cade37653a667',1,NULL,NULL,'FULFILLED','ALL',NULL,1,'1',NULL,NULL,NULL,NULL,NULL,NULL,'2018-01-30 16:49:15',NULL,1,1,'2018-01-30 16:49:15','MANUALLY'),(237,NULL,0,'952d032f-0622-11e8-b4e9-02429027d658','1e43a152-f84f-4022-a2c6-0c66c86e9e70','bdc2278b-0620-11e8-b4e9-02429027d658','476c71f4-51cb-11ea-9640-479b33305416','2839a95379a2d79cd2ba60626b424cf8',8,NULL,NULL,'FULFILLED','ALL',NULL,1,'1',NULL,NULL,NULL,NULL,NULL,NULL,'2018-01-30 17:03:43',NULL,1,1,'2018-01-30 17:03:43','MANUALLY'),(238,NULL,0,'c5692242-0621-11e8-b4e9-02429027d658','1e43a152-f84f-4022-a2c6-0c66c86e9e70','bdc2278b-0620-11e8-b4e9-02429027d658','476c71f4-51cb-11ea-9640-479b33305416','cdf32fc0850dfb93378452dd4a0cffc6',5,NULL,NULL,'FULFILLED','ALL',NULL,1,'1',NULL,NULL,NULL,NULL,NULL,NULL,'2018-01-30 16:57:55',NULL,1,1,'2018-01-30 16:57:55','MANUALLY'),(239,NULL,0,'c9effe22-0623-11e8-b4e9-02429027d658','1e43a152-f84f-4022-a2c6-0c66c86e9e70','bdc2278b-0620-11e8-b4e9-02429027d658','476c71f4-51cb-11ea-9640-479b33305416','e040dc9293bc74809e9b5314a0723c3a',9,NULL,NULL,'FULFILLED','ALL',NULL,1,'1',NULL,NULL,NULL,NULL,NULL,NULL,'2018-01-30 17:12:21',NULL,1,1,'2018-01-30 17:12:21','MANUALLY'),(240,NULL,0,'e26c0258-0620-11e8-b4e9-02429027d658','1e43a152-f84f-4022-a2c6-0c66c86e9e70','bdc2278b-0620-11e8-b4e9-02429027d658','476c71f4-51cb-11ea-9640-479b33305416','6f5e6b6f76dcbe62cb106ed0ab8402f0',2,NULL,NULL,'FULFILLED','ALL',NULL,1,'1',NULL,NULL,NULL,NULL,NULL,NULL,'2018-01-30 16:51:34',NULL,1,1,'2018-01-30 16:51:34','MANUALLY');
/*!40000 ALTER TABLE `tz_invoice_aud` ENABLE KEYS */;
UNLOCK TABLES;

--
-- Table structure for table `tz_invoice_cost`
--

DROP TABLE IF EXISTS `tz_invoice_cost`;
/*!40101 SET @saved_cs_client     = @@character_set_client */;
/*!40101 SET character_set_client = utf8 */;
CREATE TABLE `tz_invoice_cost` (
  `id` varchar(45) NOT NULL,
  `tenant_id` varchar(45) NOT NULL,
  `prev_id` varchar(45) DEFAULT NULL,
  `last_user_id` varchar(45) NOT NULL,
  `base_cost_from_lines` decimal(16,6) NOT NULL,
  `eligible_fees_from_lines` decimal(16,6) NOT NULL,
  `base_plus_eligible_fees_from_lines` decimal(16,6) NOT NULL,
  `fees_from_lines` decimal(16,6) NOT NULL,
  `base_plus_fees_from_lines` decimal(16,6) NOT NULL,
  `discounts_from_lines` decimal(16,6) NOT NULL,
  `true_cost_from_lines` decimal(16,6) NOT NULL,
  `total_cost_from_lines` decimal(16,6) NOT NULL,
  `excise_tax_from_lines` decimal(16,6) NOT NULL,
  `unspread_eligible_fees` decimal(16,6) NOT NULL,
  `unspread_fees` decimal(16,6) NOT NULL,
  `unspread_discounts` decimal(16,6) NOT NULL,
  `base_plus_eligible_fees_final` decimal(16,6) NOT NULL,
  `base_plus_fees_final` decimal(16,6) NOT NULL,
  `discounts_final` decimal(16,6) NOT NULL,
  `true_cost_final` decimal(16,6) NOT NULL,
  `excise_tax_final` decimal(16,6) NOT NULL,
  `total_cost_final` decimal(16,6) NOT NULL,
  `start_date` datetime NOT NULL,
  `end_date` datetime DEFAULT NULL,
  `version` int(11) NOT NULL,
  `original_start_date` datetime NOT NULL,
  `current_flag` tinyint(4) NOT NULL DEFAULT '1',
  PRIMARY KEY (`id`),
  KEY `invoice_cost_tenant_reference_idx` (`tenant_id`),
  KEY `ref_id` (`current_flag`),
  CONSTRAINT `invoice_cost_tenant_reference` FOREIGN KEY (`tenant_id`) REFERENCES `tz_tenant` (`id`) ON DELETE NO ACTION ON UPDATE NO ACTION
) ENGINE=InnoDB DEFAULT CHARSET=utf8;
/*!40101 SET character_set_client = @saved_cs_client */;

--
-- Dumping data for table `tz_invoice_cost`
--

LOCK TABLES `tz_invoice_cost` WRITE;
/*!40000 ALTER TABLE `tz_invoice_cost` DISABLE KEYS */;
INSERT INTO `tz_invoice_cost` VALUES ('232f220773aa9dcb667958aaf988816a','1e43a152-f84f-4022-a2c6-0c66c86e9e70',NULL,'1',5500.000000,0.000000,5500.000000,0.000000,5500.000000,0.000000,5500.000000,6820.000000,1320.000000,0.000000,0.000000,0.000000,5500.000000,5500.000000,0.000000,5500.000000,1320.000000,6820.000000,'2018-01-30 16:53:55',NULL,1,'2018-01-30 16:53:55',1),('2839a95379a2d79cd2ba60626b424cf8','1e43a152-f84f-4022-a2c6-0c66c86e9e70',NULL,'1',8000.000000,0.000000,8000.000000,0.000000,8000.000000,0.000000,8000.000000,9920.000000,1920.000000,0.000000,0.000000,0.000000,8000.000000,8000.000000,0.000000,8000.000000,1920.000000,9920.000000,'2018-01-30 17:03:43',NULL,1,'2018-01-30 17:03:43',1),('2df38d51daaa2ae8080ef04187ddaf6b','1e43a152-f84f-4022-a2c6-0c66c86e9e70',NULL,'1',5000.000000,0.000000,5000.000000,0.000000,5000.000000,0.000000,5000.000000,6200.000000,1200.000000,0.000000,0.000000,0.000000,5000.000000,5000.000000,0.000000,5000.000000,1200.000000,6200.000000,'2018-01-30 16:59:40',NULL,1,'2018-01-30 16:59:40',1),('6f5e6b6f76dcbe62cb106ed0ab8402f0','1e43a152-f84f-4022-a2c6-0c66c86e9e70',NULL,'1',4500.000000,0.000000,4500.000000,0.000000,4500.000000,0.000000,4500.000000,5580.000000,1080.000000,0.000000,0.000000,0.000000,4500.000000,4500.000000,0.000000,4500.000000,1080.000000,5580.000000,'2018-01-30 16:51:34',NULL,1,'2018-01-30 16:51:34',1),('703d73c2b72104e5ca6cade37653a667','1e43a152-f84f-4022-a2c6-0c66c86e9e70',NULL,'1',9000.000000,0.000000,9000.000000,0.000000,9000.000000,0.000000,9000.000000,11160.000000,2160.000000,0.000000,0.000000,0.000000,9000.000000,9000.000000,0.000000,9000.000000,2160.000000,11160.000000,'2018-01-30 16:49:15',NULL,1,'2018-01-30 16:49:15',1),('a2a762abd5d275781101d2e69d177359','1e43a152-f84f-4022-a2c6-0c66c86e9e70',NULL,'1',5000.000000,0.000000,5000.000000,0.000000,5000.000000,0.000000,5000.000000,6200.000000,1200.000000,0.000000,0.000000,0.000000,5000.000000,5000.000000,0.000000,5000.000000,1200.000000,6200.000000,'2018-01-30 17:01:20',NULL,1,'2018-01-30 17:01:20',1),('c76e3e2ad67d7964a0e6c32b89bd555f','1e43a152-f84f-4022-a2c6-0c66c86e9e70',NULL,'1',2000.000000,0.000000,2000.000000,0.000000,2000.000000,0.000000,2000.000000,2000.000000,0.000000,0.000000,0.000000,0.000000,2000.000000,2000.000000,0.000000,2000.000000,0.000000,2000.000000,'2018-01-30 16:56:03',NULL,1,'2018-01-30 16:56:03',1),('cdf32fc0850dfb93378452dd4a0cffc6','1e43a152-f84f-4022-a2c6-0c66c86e9e70',NULL,'1',2500.000000,0.000000,2500.000000,0.000000,2500.000000,0.000000,2500.000000,3100.000000,600.000000,0.000000,0.000000,0.000000,2500.000000,2500.000000,0.000000,2500.000000,600.000000,3100.000000,'2018-01-30 16:57:55',NULL,1,'2018-01-30 16:57:55',1),('e040dc9293bc74809e9b5314a0723c3a','1e43a152-f84f-4022-a2c6-0c66c86e9e70',NULL,'1',11000.000000,0.000000,11000.000000,0.000000,11000.000000,0.000000,11000.000000,13640.000000,2640.000000,0.000000,0.000000,0.000000,11000.000000,11000.000000,0.000000,11000.000000,2640.000000,13640.000000,'2018-01-30 17:12:21',NULL,1,'2018-01-30 17:12:21',1);
/*!40000 ALTER TABLE `tz_invoice_cost` ENABLE KEYS */;
UNLOCK TABLES;

--
-- Table structure for table `tz_invoice_cost_aud`
--

DROP TABLE IF EXISTS `tz_invoice_cost_aud`;
/*!40101 SET @saved_cs_client     = @@character_set_client */;
/*!40101 SET character_set_client = utf8 */;
CREATE TABLE `tz_invoice_cost_aud` (
  `rev` int(11) NOT NULL DEFAULT '0',
  `revend` int(11) DEFAULT NULL,
  `revtype` smallint(6) DEFAULT NULL,
  `id` varchar(45) NOT NULL,
  `tenant_id` varchar(45) NOT NULL,
  `prev_id` varchar(45) DEFAULT NULL,
  `last_user_id` varchar(45) NOT NULL,
  `base_cost_from_lines` decimal(16,6) NOT NULL,
  `eligible_fees_from_lines` decimal(16,6) NOT NULL,
  `base_plus_eligible_fees_from_lines` decimal(16,6) NOT NULL,
  `fees_from_lines` decimal(16,6) NOT NULL,
  `base_plus_fees_from_lines` decimal(16,6) NOT NULL,
  `discounts_from_lines` decimal(16,6) NOT NULL,
  `true_cost_from_lines` decimal(16,6) NOT NULL,
  `total_cost_from_lines` decimal(16,6) NOT NULL,
  `excise_tax_from_lines` decimal(16,6) NOT NULL,
  `unspread_eligible_fees` decimal(16,6) NOT NULL,
  `unspread_fees` decimal(16,6) NOT NULL,
  `unspread_discounts` decimal(16,6) NOT NULL,
  `base_plus_eligible_fees_final` decimal(16,6) NOT NULL,
  `base_plus_fees_final` decimal(16,6) NOT NULL,
  `discounts_final` decimal(16,6) NOT NULL,
  `true_cost_final` decimal(16,6) NOT NULL,
  `excise_tax_final` decimal(16,6) NOT NULL,
  `total_cost_final` decimal(16,6) NOT NULL,
  `start_date` datetime NOT NULL,
  `end_date` datetime DEFAULT NULL,
  `version` int(11) DEFAULT NULL,
  `original_start_date` datetime NOT NULL,
  `current_flag` tinyint(4) NOT NULL DEFAULT '1',
  PRIMARY KEY (`rev`,`id`),
  KEY `invoice_cost_aud_invoice_cost_idx` (`id`),
  KEY `invoice_cost_aud_tenant_idx` (`tenant_id`)
) ENGINE=InnoDB DEFAULT CHARSET=utf8;
/*!40101 SET character_set_client = @saved_cs_client */;

--
-- Dumping data for table `tz_invoice_cost_aud`
--

LOCK TABLES `tz_invoice_cost_aud` WRITE;
/*!40000 ALTER TABLE `tz_invoice_cost_aud` DISABLE KEYS */;
INSERT INTO `tz_invoice_cost_aud` VALUES (205,NULL,0,'232f220773aa9dcb667958aaf988816a','1e43a152-f84f-4022-a2c6-0c66c86e9e70',NULL,'1',5500.000000,0.000000,5500.000000,0.000000,5500.000000,0.000000,5500.000000,6820.000000,1320.000000,0.000000,0.000000,0.000000,5500.000000,5500.000000,0.000000,5500.000000,1320.000000,6820.000000,'2018-01-30 16:53:55',NULL,1,'2018-01-30 16:53:55',1),(206,NULL,0,'2839a95379a2d79cd2ba60626b424cf8','1e43a152-f84f-4022-a2c6-0c66c86e9e70',NULL,'1',8000.000000,0.000000,8000.000000,0.000000,8000.000000,0.000000,8000.000000,9920.000000,1920.000000,0.000000,0.000000,0.000000,8000.000000,8000.000000,0.000000,8000.000000,1920.000000,9920.000000,'2018-01-30 17:03:43',NULL,1,'2018-01-30 17:03:43',1),(207,NULL,0,'2df38d51daaa2ae8080ef04187ddaf6b','1e43a152-f84f-4022-a2c6-0c66c86e9e70',NULL,'1',5000.000000,0.000000,5000.000000,0.000000,5000.000000,0.000000,5000.000000,6200.000000,1200.000000,0.000000,0.000000,0.000000,5000.000000,5000.000000,0.000000,5000.000000,1200.000000,6200.000000,'2018-01-30 16:59:40',NULL,1,'2018-01-30 16:59:40',1),(208,NULL,0,'6f5e6b6f76dcbe62cb106ed0ab8402f0','1e43a152-f84f-4022-a2c6-0c66c86e9e70',NULL,'1',4500.000000,0.000000,4500.000000,0.000000,4500.000000,0.000000,4500.000000,5580.000000,1080.000000,0.000000,0.000000,0.000000,4500.000000,4500.000000,0.000000,4500.000000,1080.000000,5580.000000,'2018-01-30 16:51:34',NULL,1,'2018-01-30 16:51:34',1),(209,NULL,0,'703d73c2b72104e5ca6cade37653a667','1e43a152-f84f-4022-a2c6-0c66c86e9e70',NULL,'1',9000.000000,0.000000,9000.000000,0.000000,9000.000000,0.000000,9000.000000,11160.000000,2160.000000,0.000000,0.000000,0.000000,9000.000000,9000.000000,0.000000,9000.000000,2160.000000,11160.000000,'2018-01-30 16:49:15',NULL,1,'2018-01-30 16:49:15',1),(210,NULL,0,'a2a762abd5d275781101d2e69d177359','1e43a152-f84f-4022-a2c6-0c66c86e9e70',NULL,'1',5000.000000,0.000000,5000.000000,0.000000,5000.000000,0.000000,5000.000000,6200.000000,1200.000000,0.000000,0.000000,0.000000,5000.000000,5000.000000,0.000000,5000.000000,1200.000000,6200.000000,'2018-01-30 17:01:20',NULL,1,'2018-01-30 17:01:20',1),(211,NULL,0,'c76e3e2ad67d7964a0e6c32b89bd555f','1e43a152-f84f-4022-a2c6-0c66c86e9e70',NULL,'1',2000.000000,0.000000,2000.000000,0.000000,2000.000000,0.000000,2000.000000,2000.000000,0.000000,0.000000,0.000000,0.000000,2000.000000,2000.000000,0.000000,2000.000000,0.000000,2000.000000,'2018-01-30 16:56:03',NULL,1,'2018-01-30 16:56:03',1),(212,NULL,0,'cdf32fc0850dfb93378452dd4a0cffc6','1e43a152-f84f-4022-a2c6-0c66c86e9e70',NULL,'1',2500.000000,0.000000,2500.000000,0.000000,2500.000000,0.000000,2500.000000,3100.000000,600.000000,0.000000,0.000000,0.000000,2500.000000,2500.000000,0.000000,2500.000000,600.000000,3100.000000,'2018-01-30 16:57:55',NULL,1,'2018-01-30 16:57:55',1),(213,NULL,0,'e040dc9293bc74809e9b5314a0723c3a','1e43a152-f84f-4022-a2c6-0c66c86e9e70',NULL,'1',11000.000000,0.000000,11000.000000,0.000000,11000.000000,0.000000,11000.000000,13640.000000,2640.000000,0.000000,0.000000,0.000000,11000.000000,11000.000000,0.000000,11000.000000,2640.000000,13640.000000,'2018-01-30 17:12:21',NULL,1,'2018-01-30 17:12:21',1);
/*!40000 ALTER TABLE `tz_invoice_cost_aud` ENABLE KEYS */;
UNLOCK TABLES;

--
-- Table structure for table `tz_invoice_line`
--

DROP TABLE IF EXISTS `tz_invoice_line`;
/*!40101 SET @saved_cs_client     = @@character_set_client */;
/*!40101 SET character_set_client = utf8 */;
CREATE TABLE `tz_invoice_line` (
  `id` varchar(45) NOT NULL,
  `tenant_id` varchar(45) NOT NULL,
  `invoice_id` varchar(45) NOT NULL,
  `type_id` varchar(45) DEFAULT NULL,
  `line_number` int(11) NOT NULL,
  `product_id` varchar(45) DEFAULT NULL,
  `last_user_id` varchar(45) NOT NULL,
  `prev_id` varchar(45) DEFAULT NULL,
  `start_date` datetime NOT NULL,
  `end_date` datetime DEFAULT NULL,
  `current_flag` tinyint(4) NOT NULL DEFAULT '1',
  `version` int(11) NOT NULL,
  `original_start_date` datetime NOT NULL,
  `distributor_id` varchar(45) DEFAULT NULL,
  `is_accepted` tinyint(4) NOT NULL DEFAULT '0',
  `cost_id` varchar(45) NOT NULL,
  PRIMARY KEY (`id`),
  KEY `invoice_line_location_idx` (`tenant_id`),
  KEY `tz_invoice_reference_idx` (`invoice_id`),
  KEY `tz_invoice_type_reference_idx` (`type_id`),
  KEY `tz_product_reference_idx` (`product_id`),
  KEY `tz_invoice_line_cost_reference_idx` (`cost_id`),
  KEY `tz_invoice_line_ref_idx` (`tenant_id`,`current_flag`),
  KEY `invoice_line_product` (`product_id`,`tenant_id`,`current_flag`),
  KEY `tz_distributor_invoice_line_reference` (`distributor_id`),
  CONSTRAINT `tz_distributor_invoice_line_reference` FOREIGN KEY (`distributor_id`) REFERENCES `tz_distributor` (`id`) ON DELETE NO ACTION ON UPDATE NO ACTION,
  CONSTRAINT `tz_invoice_line_cost_reference` FOREIGN KEY (`cost_id`) REFERENCES `tz_invoice_line_cost` (`id`) ON DELETE NO ACTION ON UPDATE NO ACTION,
  CONSTRAINT `tz_invoice_line_tenant_reference` FOREIGN KEY (`tenant_id`) REFERENCES `tz_tenant` (`id`) ON DELETE NO ACTION ON UPDATE NO ACTION,
  CONSTRAINT `tz_invoice_line_type_reference` FOREIGN KEY (`type_id`) REFERENCES `tz_type` (`id`) ON DELETE NO ACTION ON UPDATE NO ACTION,
  CONSTRAINT `tz_invoice_reference` FOREIGN KEY (`invoice_id`) REFERENCES `tz_invoice` (`id`) ON DELETE NO ACTION ON UPDATE NO ACTION,
  CONSTRAINT `tz_product_reference` FOREIGN KEY (`product_id`) REFERENCES `tz_product` (`id`) ON DELETE NO ACTION ON UPDATE NO ACTION
) ENGINE=InnoDB DEFAULT CHARSET=utf8;
/*!40101 SET character_set_client = @saved_cs_client */;

--
-- Dumping data for table `tz_invoice_line`
--

LOCK TABLES `tz_invoice_line` WRITE;
/*!40000 ALTER TABLE `tz_invoice_line` DISABLE KEYS */;
INSERT INTO `tz_invoice_line` VALUES ('1747a723-0621-11e8-b4e9-02429027d658','1e43a152-f84f-4022-a2c6-0c66c86e9e70','e26c0258-0620-11e8-b4e9-02429027d658','7e31e311-da84-11e5-bc38-5c514f48b06a',2,'174d6edf-0621-11e8-b4e9-02429027d658','1',NULL,'2018-01-30 16:53:02',NULL,1,1,'2018-01-30 16:53:02','bdc2278b-0620-11e8-b4e9-02429027d658',1,'96ed789c8fd768a6d9172260495a172c'),('1c99d063-0622-11e8-b4e9-02429027d658','1e43a152-f84f-4022-a2c6-0c66c86e9e70','047a2e7c-0622-11e8-b4e9-02429027d658','7c5b8eb8-82ab-11e6-a87c-0862661081dd',1,'1ca01284-0622-11e8-b4e9-02429027d658','1',NULL,'2018-01-30 17:00:21',NULL,1,1,'2018-01-30 17:00:21','bdc2278b-0620-11e8-b4e9-02429027d658',1,'f5ac293837e72e7c20b645c40a12b21b'),('2999a5fc-0622-11e8-b4e9-02429027d658','1e43a152-f84f-4022-a2c6-0c66c86e9e70','047a2e7c-0622-11e8-b4e9-02429027d658','7c5b8eb8-82ab-11e6-a87c-0862661081dd',2,'299f0a4e-0622-11e8-b4e9-02429027d658','1',NULL,'2018-01-30 17:00:43',NULL,1,1,'2018-01-30 17:00:43','bdc2278b-0620-11e8-b4e9-02429027d658',1,'651a334b59c4e69cc4afb667d6365292'),('47fe5470-51cb-11ea-9640-479b33305416','1e43a152-f84f-4022-a2c6-0c66c86e9e70','366a196a-0621-11e8-b4e9-02429027d658','7e2b2130-da84-11e5-bc38-5c514f48b06a',2,'7b8a5289-0621-11e8-b4e9-02429027d658','1',NULL,'2018-01-30 16:55:50',NULL,1,1,'2018-01-30 16:55:50','bdc2278b-0620-11e8-b4e9-02429027d658',1,'47fe5484-51cb-11ea-9640-479b33305416'),('47fe54c0-51cb-11ea-9640-479b33305416','1e43a152-f84f-4022-a2c6-0c66c86e9e70','366a196a-0621-11e8-b4e9-02429027d658','7e2b2130-da84-11e5-bc38-5c514f48b06a',2,'7b858e91-0621-11e8-b4e9-02429027d658','1',NULL,'2018-01-30 16:55:50',NULL,1,1,'2018-01-30 16:55:50','bdc2278b-0620-11e8-b4e9-02429027d658',1,'47fe54c1-51cb-11ea-9640-479b33305416'),('47fe54de-51cb-11ea-9640-479b33305416','1e43a152-f84f-4022-a2c6-0c66c86e9e70','366a196a-0621-11e8-b4e9-02429027d658','7e2b2130-da84-11e5-bc38-5c514f48b06a',2,'7b8f0729-0621-11e8-b4e9-02429027d658','1',NULL,'2018-01-30 16:55:50',NULL,1,1,'2018-01-30 16:55:50','bdc2278b-0620-11e8-b4e9-02429027d658',1,'47fe54df-51cb-11ea-9640-479b33305416'),('47fe556a-51cb-11ea-9640-479b33305416','1e43a152-f84f-4022-a2c6-0c66c86e9e70','366a196a-0621-11e8-b4e9-02429027d658','7e2b2130-da84-11e5-bc38-5c514f48b06a',1,'65584695-0621-11e8-b4e9-02429027d658','1',NULL,'2018-01-30 16:55:13',NULL,1,1,'2018-01-30 16:55:13','bdc2278b-0620-11e8-b4e9-02429027d658',1,'47fe5574-51cb-11ea-9640-479b33305416'),('47fe55c4-51cb-11ea-9640-479b33305416','1e43a152-f84f-4022-a2c6-0c66c86e9e70','366a196a-0621-11e8-b4e9-02429027d658','7e2b2130-da84-11e5-bc38-5c514f48b06a',1,'655d9edd-0621-11e8-b4e9-02429027d658','1',NULL,'2018-01-30 16:55:13',NULL,1,1,'2018-01-30 16:55:13','bdc2278b-0620-11e8-b4e9-02429027d658',1,'47fe55ce-51cb-11ea-9640-479b33305416'),('47fe5682-51cb-11ea-9640-479b33305416','1e43a152-f84f-4022-a2c6-0c66c86e9e70','366a196a-0621-11e8-b4e9-02429027d658','7e2b2130-da84-11e5-bc38-5c514f48b06a',1,'65629d9e-0621-11e8-b4e9-02429027d658','1',NULL,'2018-01-30 16:55:13',NULL,1,1,'2018-01-30 16:55:13','bdc2278b-0620-11e8-b4e9-02429027d658',1,'47fe5683-51cb-11ea-9640-479b33305416'),('555da1e5-0622-11e8-b4e9-02429027d658','1e43a152-f84f-4022-a2c6-0c66c86e9e70','3fe12499-0622-11e8-b4e9-02429027d658','7e362cd7-ec92-11e5-a7c5-6c0b843dcc4d',1,'55635efe-0622-11e8-b4e9-02429027d658','1',NULL,'2018-01-30 17:01:56',NULL,1,1,'2018-01-30 17:01:56','bdc2278b-0620-11e8-b4e9-02429027d658',1,'5e8f9030d0bb255455e45914ba9de72f'),('65389ee6-0621-11e8-b4e9-02429027d658','1e43a152-f84f-4022-a2c6-0c66c86e9e70','366a196a-0621-11e8-b4e9-02429027d658','7e2b2130-da84-11e5-bc38-5c514f48b06a',1,'6567be28-0621-11e8-b4e9-02429027d658','1',NULL,'2018-01-30 16:55:13',NULL,1,1,'2018-01-30 16:55:13','bdc2278b-0620-11e8-b4e9-02429027d658',1,'d70afb7fc28549a368b12ef7d142093b'),('6e2e3e46-0622-11e8-b4e9-02429027d658','1e43a152-f84f-4022-a2c6-0c66c86e9e70','3fe12499-0622-11e8-b4e9-02429027d658','7e362cd7-ec92-11e5-a7c5-6c0b843dcc4d',2,'6e387b94-0622-11e8-b4e9-02429027d658','1',NULL,'2018-01-30 17:02:38',NULL,1,1,'2018-01-30 17:02:38','bdc2278b-0620-11e8-b4e9-02429027d658',1,'528f8391fab3d3a4204ac93a2c6f3b53'),('7b661d6e-0621-11e8-b4e9-02429027d658','1e43a152-f84f-4022-a2c6-0c66c86e9e70','366a196a-0621-11e8-b4e9-02429027d658','7e2b2130-da84-11e5-bc38-5c514f48b06a',2,'7b9406c0-0621-11e8-b4e9-02429027d658','1',NULL,'2018-01-30 16:55:50',NULL,1,1,'2018-01-30 16:55:50','bdc2278b-0620-11e8-b4e9-02429027d658',1,'3e8381ac1d24fcca8ea7bcd6c1f4aa59'),('936faa5a-0621-11e8-b4e9-02429027d658','1e43a152-f84f-4022-a2c6-0c66c86e9e70','82e89942-0621-11e8-b4e9-02429027d658','7e37edd2-da84-11e5-bc38-5c514f48b06a',1,'9374f5e3-0621-11e8-b4e9-02429027d658','1',NULL,'2018-01-30 16:56:31',NULL,1,1,'2018-01-30 16:56:31','bdc2278b-0620-11e8-b4e9-02429027d658',1,'7ef28d22a9898153569e384f4226544c'),('a47132ae-0622-11e8-b4e9-02429027d658','1e43a152-f84f-4022-a2c6-0c66c86e9e70','952d032f-0622-11e8-b4e9-02429027d658','7e34f465-da84-11e5-bc38-5c514f48b06a',1,'a4771e75-0622-11e8-b4e9-02429027d658','1',NULL,'2018-01-30 17:04:09',NULL,1,1,'2018-01-30 17:04:09','bdc2278b-0620-11e8-b4e9-02429027d658',1,'dcc570015bdb1c7ce3b39742ffcc39ea'),('b29fb17d-0621-11e8-b4e9-02429027d658','1e43a152-f84f-4022-a2c6-0c66c86e9e70','82e89942-0621-11e8-b4e9-02429027d658','7e37edd2-da84-11e5-bc38-5c514f48b06a',2,'b2a581a8-0621-11e8-b4e9-02429027d658','1',NULL,'2018-01-30 16:57:23',NULL,1,1,'2018-01-30 16:57:23','bdc2278b-0620-11e8-b4e9-02429027d658',1,'90c36d24ebafdc4cd959c3684f40f033'),('b5471f7b-0622-11e8-b4e9-02429027d658','1e43a152-f84f-4022-a2c6-0c66c86e9e70','952d032f-0622-11e8-b4e9-02429027d658','7e34f465-da84-11e5-bc38-5c514f48b06a',2,'b54ce528-0622-11e8-b4e9-02429027d658','1',NULL,'2018-01-30 17:04:37',NULL,1,1,'2018-01-30 17:04:37','bdc2278b-0620-11e8-b4e9-02429027d658',1,'914c3c0229edae8ed940342661584861'),('bdc24847-0620-11e8-b4e9-02429027d658','1e43a152-f84f-4022-a2c6-0c66c86e9e70','8f84e4ef-0620-11e8-b4e9-02429027d658','7c5b3ad1-82ab-11e6-a87c-0862661081dd',1,'bdcd0f53-0620-11e8-b4e9-02429027d658','1',NULL,'2018-01-30 16:50:32',NULL,1,1,'2018-01-30 16:50:32','bdc2278b-0620-11e8-b4e9-02429027d658',1,'2b66e54f677f7b87579ca50e83d137e1'),('cd3dc3f5-0620-11e8-b4e9-02429027d658','1e43a152-f84f-4022-a2c6-0c66c86e9e70','8f84e4ef-0620-11e8-b4e9-02429027d658','7c5b3ad1-82ab-11e6-a87c-0862661081dd',2,'cd43d375-0620-11e8-b4e9-02429027d658','1',NULL,'2018-01-30 16:50:58',NULL,1,1,'2018-01-30 16:50:58','bdc2278b-0620-11e8-b4e9-02429027d658',1,'c28792d73f16a82bce2e0e654fed49ed'),('d75f765a-0623-11e8-b4e9-02429027d658','1e43a152-f84f-4022-a2c6-0c66c86e9e70','c9effe22-0623-11e8-b4e9-02429027d658','7e2ee239-da84-11e5-bc38-5c514f48b06a',1,'d7665662-0623-11e8-b4e9-02429027d658','1',NULL,'2018-01-30 17:12:44',NULL,1,1,'2018-01-30 17:12:44','bdc2278b-0620-11e8-b4e9-02429027d658',1,'ffdf7707b470c840cc1a5d656edbe490'),('d87ddd09-0621-11e8-b4e9-02429027d658','1e43a152-f84f-4022-a2c6-0c66c86e9e70','c5692242-0621-11e8-b4e9-02429027d658','7c5b706f-82ab-11e6-a87c-0862661081dd',1,'d883cb46-0621-11e8-b4e9-02429027d658','1',NULL,'2018-01-30 16:58:27',NULL,1,1,'2018-01-30 16:58:27','bdc2278b-0620-11e8-b4e9-02429027d658',1,'87d8758280d4396f863ef64ff775541b'),('f317c198-0620-11e8-b4e9-02429027d658','1e43a152-f84f-4022-a2c6-0c66c86e9e70','e26c0258-0620-11e8-b4e9-02429027d658','7e31e311-da84-11e5-bc38-5c514f48b06a',1,'f31db0a4-0620-11e8-b4e9-02429027d658','1',NULL,'2018-01-30 16:52:02',NULL,1,1,'2018-01-30 16:52:02','bdc2278b-0620-11e8-b4e9-02429027d658',1,'6996a25bf8ae5d56da0e0a53632a8be9'),('fcc33a80-0621-11e8-b4e9-02429027d658','1e43a152-f84f-4022-a2c6-0c66c86e9e70','c5692242-0621-11e8-b4e9-02429027d658','7c5b706f-82ab-11e6-a87c-0862661081dd',2,'fcc8eed5-0621-11e8-b4e9-02429027d658','1',NULL,'2018-01-30 16:59:27',NULL,1,1,'2018-01-30 16:59:27','bdc2278b-0620-11e8-b4e9-02429027d658',1,'a215bc9a75ebbdbcce7c10cf3681eeca'),('fe1a9acb-0623-11e8-b4e9-02429027d658','1e43a152-f84f-4022-a2c6-0c66c86e9e70','c9effe22-0623-11e8-b4e9-02429027d658','7e2ee239-da84-11e5-bc38-5c514f48b06a',2,'fe20c715-0623-11e8-b4e9-02429027d658','1',NULL,'2018-01-30 17:13:49',NULL,1,1,'2018-01-30 17:13:49','bdc2278b-0620-11e8-b4e9-02429027d658',1,'4cbcf4259bd7c3b78f27b2aa46cf4573');
/*!40000 ALTER TABLE `tz_invoice_line` ENABLE KEYS */;
UNLOCK TABLES;

--
-- Table structure for table `tz_invoice_line_aud`
--

DROP TABLE IF EXISTS `tz_invoice_line_aud`;
/*!40101 SET @saved_cs_client     = @@character_set_client */;
/*!40101 SET character_set_client = utf8 */;
CREATE TABLE `tz_invoice_line_aud` (
  `rev` int(11) NOT NULL DEFAULT '0',
  `revend` int(11) DEFAULT NULL,
  `revtype` smallint(6) DEFAULT NULL,
  `id` varchar(45) NOT NULL,
  `tenant_id` varchar(45) NOT NULL,
  `invoice_id` varchar(45) NOT NULL,
  `type_id` varchar(45) DEFAULT NULL,
  `line_number` int(11) NOT NULL,
  `product_id` varchar(45) DEFAULT NULL,
  `last_user_id` varchar(45) NOT NULL,
  `prev_id` varchar(45) DEFAULT NULL,
  `start_date` datetime NOT NULL,
  `end_date` datetime DEFAULT NULL,
  `current_flag` tinyint(4) NOT NULL DEFAULT '1',
  `version` int(11) DEFAULT NULL,
  `original_start_date` datetime NOT NULL,
  `distributor_id` varchar(45) DEFAULT NULL,
  `is_accepted` tinyint(4) NOT NULL DEFAULT '0',
  `cost_id` varchar(45) NOT NULL,
  PRIMARY KEY (`rev`,`id`),
  KEY `invoice_line_aud_invoice_line_idx` (`id`),
  KEY `invoice_line_aud_tenant_idx` (`tenant_id`),
  KEY `invoice_line_aud_invoice_idx` (`invoice_id`),
  KEY `invoice_line_aud_type_idx` (`type_id`),
  KEY `invoice_line_aud_product_idx` (`product_id`),
  KEY `invoice_line_aud_distributor_idx` (`distributor_id`),
  KEY `invoice_line_aud_cost_idx` (`cost_id`),
  KEY `invoice_line_aud_invoice_line` (`id`),
  KEY `invoice_line_aud_tenant` (`tenant_id`),
  KEY `invoice_line_aud_invoice` (`invoice_id`),
  KEY `invoice_line_aud_type` (`type_id`),
  KEY `invoice_line_aud_product` (`product_id`)
) ENGINE=InnoDB DEFAULT CHARSET=utf8;
/*!40101 SET character_set_client = @saved_cs_client */;

--
-- Dumping data for table `tz_invoice_line_aud`
--

LOCK TABLES `tz_invoice_line_aud` WRITE;
/*!40000 ALTER TABLE `tz_invoice_line_aud` DISABLE KEYS */;
INSERT INTO `tz_invoice_line_aud` VALUES (214,NULL,0,'1747a723-0621-11e8-b4e9-02429027d658','1e43a152-f84f-4022-a2c6-0c66c86e9e70','e26c0258-0620-11e8-b4e9-02429027d658','7e31e311-da84-11e5-bc38-5c514f48b06a',2,'174d6edf-0621-11e8-b4e9-02429027d658','1',NULL,'2018-01-30 16:53:02',NULL,1,1,'2018-01-30 16:53:02','bdc2278b-0620-11e8-b4e9-02429027d658',1,'96ed789c8fd768a6d9172260495a172c'),(215,NULL,0,'1c99d063-0622-11e8-b4e9-02429027d658','1e43a152-f84f-4022-a2c6-0c66c86e9e70','047a2e7c-0622-11e8-b4e9-02429027d658','7c5b8eb8-82ab-11e6-a87c-0862661081dd',1,'1ca01284-0622-11e8-b4e9-02429027d658','1',NULL,'2018-01-30 17:00:21',NULL,1,1,'2018-01-30 17:00:21','bdc2278b-0620-11e8-b4e9-02429027d658',1,'f5ac293837e72e7c20b645c40a12b21b'),(216,NULL,0,'2999a5fc-0622-11e8-b4e9-02429027d658','1e43a152-f84f-4022-a2c6-0c66c86e9e70','047a2e7c-0622-11e8-b4e9-02429027d658','7c5b8eb8-82ab-11e6-a87c-0862661081dd',2,'299f0a4e-0622-11e8-b4e9-02429027d658','1',NULL,'2018-01-30 17:00:43',NULL,1,1,'2018-01-30 17:00:43','bdc2278b-0620-11e8-b4e9-02429027d658',1,'651a334b59c4e69cc4afb667d6365292'),(217,NULL,0,'555da1e5-0622-11e8-b4e9-02429027d658','1e43a152-f84f-4022-a2c6-0c66c86e9e70','3fe12499-0622-11e8-b4e9-02429027d658','7e362cd7-ec92-11e5-a7c5-6c0b843dcc4d',1,'55635efe-0622-11e8-b4e9-02429027d658','1',NULL,'2018-01-30 17:01:56',NULL,1,1,'2018-01-30 17:01:56','bdc2278b-0620-11e8-b4e9-02429027d658',1,'5e8f9030d0bb255455e45914ba9de72f'),(218,NULL,0,'65389ee6-0621-11e8-b4e9-02429027d658','1e43a152-f84f-4022-a2c6-0c66c86e9e70','366a196a-0621-11e8-b4e9-02429027d658','7e2b2130-da84-11e5-bc38-5c514f48b06a',1,'6571dfad-0621-11e8-b4e9-02429027d658','1',NULL,'2018-01-30 16:55:13',NULL,1,1,'2018-01-30 16:55:13','bdc2278b-0620-11e8-b4e9-02429027d658',1,'d70afb7fc28549a368b12ef7d142093b'),(219,NULL,0,'6e2e3e46-0622-11e8-b4e9-02429027d658','1e43a152-f84f-4022-a2c6-0c66c86e9e70','3fe12499-0622-11e8-b4e9-02429027d658','7e362cd7-ec92-11e5-a7c5-6c0b843dcc4d',2,'6e387b94-0622-11e8-b4e9-02429027d658','1',NULL,'2018-01-30 17:02:38',NULL,1,1,'2018-01-30 17:02:38','bdc2278b-0620-11e8-b4e9-02429027d658',1,'528f8391fab3d3a4204ac93a2c6f3b53'),(220,NULL,0,'7b661d6e-0621-11e8-b4e9-02429027d658','1e43a152-f84f-4022-a2c6-0c66c86e9e70','366a196a-0621-11e8-b4e9-02429027d658','7e2b2130-da84-11e5-bc38-5c514f48b06a',2,'7ba12daf-0621-11e8-b4e9-02429027d658','1',NULL,'2018-01-30 16:55:50',NULL,1,1,'2018-01-30 16:55:50','bdc2278b-0620-11e8-b4e9-02429027d658',1,'3e8381ac1d24fcca8ea7bcd6c1f4aa59'),(221,NULL,0,'936faa5a-0621-11e8-b4e9-02429027d658','1e43a152-f84f-4022-a2c6-0c66c86e9e70','82e89942-0621-11e8-b4e9-02429027d658','7e37edd2-da84-11e5-bc38-5c514f48b06a',1,'9374f5e3-0621-11e8-b4e9-02429027d658','1',NULL,'2018-01-30 16:56:31',NULL,1,1,'2018-01-30 16:56:31','bdc2278b-0620-11e8-b4e9-02429027d658',1,'7ef28d22a9898153569e384f4226544c'),(222,NULL,0,'a47132ae-0622-11e8-b4e9-02429027d658','1e43a152-f84f-4022-a2c6-0c66c86e9e70','952d032f-0622-11e8-b4e9-02429027d658','7e34f465-da84-11e5-bc38-5c514f48b06a',1,'a4771e75-0622-11e8-b4e9-02429027d658','1',NULL,'2018-01-30 17:04:09',NULL,1,1,'2018-01-30 17:04:09','bdc2278b-0620-11e8-b4e9-02429027d658',1,'dcc570015bdb1c7ce3b39742ffcc39ea'),(223,NULL,0,'b29fb17d-0621-11e8-b4e9-02429027d658','1e43a152-f84f-4022-a2c6-0c66c86e9e70','82e89942-0621-11e8-b4e9-02429027d658','7e37edd2-da84-11e5-bc38-5c514f48b06a',2,'b2a581a8-0621-11e8-b4e9-02429027d658','1',NULL,'2018-01-30 16:57:23',NULL,1,1,'2018-01-30 16:57:23','bdc2278b-0620-11e8-b4e9-02429027d658',1,'90c36d24ebafdc4cd959c3684f40f033'),(224,NULL,0,'b5471f7b-0622-11e8-b4e9-02429027d658','1e43a152-f84f-4022-a2c6-0c66c86e9e70','952d032f-0622-11e8-b4e9-02429027d658','7e34f465-da84-11e5-bc38-5c514f48b06a',2,'b54ce528-0622-11e8-b4e9-02429027d658','1',NULL,'2018-01-30 17:04:37',NULL,1,1,'2018-01-30 17:04:37','bdc2278b-0620-11e8-b4e9-02429027d658',1,'914c3c0229edae8ed940342661584861'),(225,NULL,0,'bdc24847-0620-11e8-b4e9-02429027d658','1e43a152-f84f-4022-a2c6-0c66c86e9e70','8f84e4ef-0620-11e8-b4e9-02429027d658','7c5b3ad1-82ab-11e6-a87c-0862661081dd',1,'bdcd0f53-0620-11e8-b4e9-02429027d658','1',NULL,'2018-01-30 16:50:32',NULL,1,1,'2018-01-30 16:50:32','bdc2278b-0620-11e8-b4e9-02429027d658',1,'2b66e54f677f7b87579ca50e83d137e1'),(226,NULL,0,'cd3dc3f5-0620-11e8-b4e9-02429027d658','1e43a152-f84f-4022-a2c6-0c66c86e9e70','8f84e4ef-0620-11e8-b4e9-02429027d658','7c5b3ad1-82ab-11e6-a87c-0862661081dd',2,'cd43d375-0620-11e8-b4e9-02429027d658','1',NULL,'2018-01-30 16:50:58',NULL,1,1,'2018-01-30 16:50:58','bdc2278b-0620-11e8-b4e9-02429027d658',1,'c28792d73f16a82bce2e0e654fed49ed'),(227,NULL,0,'d75f765a-0623-11e8-b4e9-02429027d658','1e43a152-f84f-4022-a2c6-0c66c86e9e70','c9effe22-0623-11e8-b4e9-02429027d658','7e2ee239-da84-11e5-bc38-5c514f48b06a',1,'d7665662-0623-11e8-b4e9-02429027d658','1',NULL,'2018-01-30 17:12:44',NULL,1,1,'2018-01-30 17:12:44','bdc2278b-0620-11e8-b4e9-02429027d658',1,'ffdf7707b470c840cc1a5d656edbe490'),(228,NULL,0,'d87ddd09-0621-11e8-b4e9-02429027d658','1e43a152-f84f-4022-a2c6-0c66c86e9e70','c5692242-0621-11e8-b4e9-02429027d658','7c5b706f-82ab-11e6-a87c-0862661081dd',1,'d883cb46-0621-11e8-b4e9-02429027d658','1',NULL,'2018-01-30 16:58:27',NULL,1,1,'2018-01-30 16:58:27','bdc2278b-0620-11e8-b4e9-02429027d658',1,'87d8758280d4396f863ef64ff775541b'),(229,NULL,0,'f317c198-0620-11e8-b4e9-02429027d658','1e43a152-f84f-4022-a2c6-0c66c86e9e70','e26c0258-0620-11e8-b4e9-02429027d658','7e31e311-da84-11e5-bc38-5c514f48b06a',1,'f31db0a4-0620-11e8-b4e9-02429027d658','1',NULL,'2018-01-30 16:52:02',NULL,1,1,'2018-01-30 16:52:02','bdc2278b-0620-11e8-b4e9-02429027d658',1,'6996a25bf8ae5d56da0e0a53632a8be9'),(230,NULL,0,'fcc33a80-0621-11e8-b4e9-02429027d658','1e43a152-f84f-4022-a2c6-0c66c86e9e70','c5692242-0621-11e8-b4e9-02429027d658','7c5b706f-82ab-11e6-a87c-0862661081dd',2,'fcc8eed5-0621-11e8-b4e9-02429027d658','1',NULL,'2018-01-30 16:59:27',NULL,1,1,'2018-01-30 16:59:27','bdc2278b-0620-11e8-b4e9-02429027d658',1,'a215bc9a75ebbdbcce7c10cf3681eeca'),(231,NULL,0,'fe1a9acb-0623-11e8-b4e9-02429027d658','1e43a152-f84f-4022-a2c6-0c66c86e9e70','c9effe22-0623-11e8-b4e9-02429027d658','7e2ee239-da84-11e5-bc38-5c514f48b06a',2,'fe20c715-0623-11e8-b4e9-02429027d658','1',NULL,'2018-01-30 17:13:49',NULL,1,1,'2018-01-30 17:13:49','bdc2278b-0620-11e8-b4e9-02429027d658',1,'4cbcf4259bd7c3b78f27b2aa46cf4573'),(1077,NULL,0,'47fe5470-51cb-11ea-9640-479b33305416','1e43a152-f84f-4022-a2c6-0c66c86e9e70','366a196a-0621-11e8-b4e9-02429027d658','7e2b2130-da84-11e5-bc38-5c514f48b06a',2,'7b8a5289-0621-11e8-b4e9-02429027d658','1',NULL,'2018-01-30 16:55:50',NULL,1,1,'2018-01-30 16:55:50','bdc2278b-0620-11e8-b4e9-02429027d658',1,'47fe5484-51cb-11ea-9640-479b33305416'),(1078,NULL,0,'47fe54c0-51cb-11ea-9640-479b33305416','1e43a152-f84f-4022-a2c6-0c66c86e9e70','366a196a-0621-11e8-b4e9-02429027d658','7e2b2130-da84-11e5-bc38-5c514f48b06a',2,'7b858e91-0621-11e8-b4e9-02429027d658','1',NULL,'2018-01-30 16:55:50',NULL,1,1,'2018-01-30 16:55:50','bdc2278b-0620-11e8-b4e9-02429027d658',1,'47fe54c1-51cb-11ea-9640-479b33305416'),(1079,NULL,0,'47fe54de-51cb-11ea-9640-479b33305416','1e43a152-f84f-4022-a2c6-0c66c86e9e70','366a196a-0621-11e8-b4e9-02429027d658','7e2b2130-da84-11e5-bc38-5c514f48b06a',2,'7b8f0729-0621-11e8-b4e9-02429027d658','1',NULL,'2018-01-30 16:55:50',NULL,1,1,'2018-01-30 16:55:50','bdc2278b-0620-11e8-b4e9-02429027d658',1,'47fe54df-51cb-11ea-9640-479b33305416'),(1080,NULL,0,'47fe556a-51cb-11ea-9640-479b33305416','1e43a152-f84f-4022-a2c6-0c66c86e9e70','366a196a-0621-11e8-b4e9-02429027d658','7e2b2130-da84-11e5-bc38-5c514f48b06a',1,'65584695-0621-11e8-b4e9-02429027d658','1',NULL,'2018-01-30 16:55:13',NULL,1,1,'2018-01-30 16:55:13','bdc2278b-0620-11e8-b4e9-02429027d658',1,'47fe5574-51cb-11ea-9640-479b33305416'),(1081,NULL,0,'47fe55c4-51cb-11ea-9640-479b33305416','1e43a152-f84f-4022-a2c6-0c66c86e9e70','366a196a-0621-11e8-b4e9-02429027d658','7e2b2130-da84-11e5-bc38-5c514f48b06a',1,'655d9edd-0621-11e8-b4e9-02429027d658','1',NULL,'2018-01-30 16:55:13',NULL,1,1,'2018-01-30 16:55:13','bdc2278b-0620-11e8-b4e9-02429027d658',1,'47fe55ce-51cb-11ea-9640-479b33305416'),(1082,NULL,0,'47fe5682-51cb-11ea-9640-479b33305416','1e43a152-f84f-4022-a2c6-0c66c86e9e70','366a196a-0621-11e8-b4e9-02429027d658','7e2b2130-da84-11e5-bc38-5c514f48b06a',1,'65629d9e-0621-11e8-b4e9-02429027d658','1',NULL,'2018-01-30 16:55:13',NULL,1,1,'2018-01-30 16:55:13','bdc2278b-0620-11e8-b4e9-02429027d658',1,'47fe5683-51cb-11ea-9640-479b33305416');
/*!40000 ALTER TABLE `tz_invoice_line_aud` ENABLE KEYS */;
UNLOCK TABLES;

--
-- Table structure for table `tz_invoice_line_cost`
--

DROP TABLE IF EXISTS `tz_invoice_line_cost`;
/*!40101 SET @saved_cs_client     = @@character_set_client */;
/*!40101 SET character_set_client = utf8 */;
CREATE TABLE `tz_invoice_line_cost` (
  `id` varchar(45) NOT NULL,
  `tenant_id` varchar(45) NOT NULL,
  `prev_id` varchar(45) DEFAULT NULL,
  `last_user_id` varchar(45) NOT NULL,
  `base_cost_per_unit` decimal(16,6) DEFAULT NULL,
  `eligible_fees_per_unit` decimal(16,1) DEFAULT NULL,
  `base_plus_eligible_fees_per_unit` decimal(16,1) DEFAULT NULL,
  `base_plus_fees_per_unit` decimal(16,6) DEFAULT NULL,
  `fees_per_unit` decimal(16,6) DEFAULT NULL,
  `discount_total` decimal(16,6) DEFAULT NULL,
  `true_cost_per_unit` decimal(16,6) DEFAULT NULL,
  `excise_tax_per_unit` decimal(16,6) DEFAULT NULL,
  `total_cost_per_unit` decimal(16,6) DEFAULT NULL,
  `base_cost_total` decimal(16,6) DEFAULT NULL,
  `eligible_fees_total` decimal(16,1) DEFAULT NULL,
  `base_plus_eligible_fees_total` decimal(16,1) DEFAULT NULL,
  `base_plus_fees_total` decimal(16,6) DEFAULT NULL,
  `fees_total` decimal(16,6) DEFAULT NULL,
  `discount_per_unit` decimal(16,6) DEFAULT NULL,
  `true_cost_total` decimal(16,6) DEFAULT NULL,
  `total_cost_total` decimal(16,6) DEFAULT NULL,
  `excise_tax_total` decimal(16,6) DEFAULT NULL,
  `effective_excise_ratio` decimal(16,6) DEFAULT NULL,
  `units` decimal(16,6) DEFAULT NULL,
  `start_date` datetime NOT NULL,
  `end_date` datetime DEFAULT NULL,
  `version` int(11) NOT NULL,
  `original_start_date` datetime NOT NULL,
  `current_flag` tinyint(1) NOT NULL DEFAULT '1',
  `auto_calculate_excise` tinyint(1) NOT NULL DEFAULT '1',
  PRIMARY KEY (`id`),
  KEY `cost_tenant_reference_idx` (`tenant_id`),
  KEY `invoice_line_cost_reference_idx` (`tenant_id`,`current_flag`),
  CONSTRAINT `cost_tenant_reference` FOREIGN KEY (`tenant_id`) REFERENCES `tz_tenant` (`id`) ON DELETE NO ACTION ON UPDATE NO ACTION
) ENGINE=InnoDB DEFAULT CHARSET=utf8;
/*!40101 SET character_set_client = @saved_cs_client */;

--
-- Dumping data for table `tz_invoice_line_cost`
--

LOCK TABLES `tz_invoice_line_cost` WRITE;
/*!40000 ALTER TABLE `tz_invoice_line_cost` DISABLE KEYS */;
INSERT INTO `tz_invoice_line_cost` VALUES ('2b66e54f677f7b87579ca50e83d137e1','1e43a152-f84f-4022-a2c6-0c66c86e9e70',NULL,'1',50.000000,0.0,50.0,50.000000,0.000000,0.000000,50.000000,0.000000,50.000000,5000.000000,0.0,5000.0,5000.000000,0.000000,0.000000,5000.000000,5000.000000,0.000000,0.240000,100.000000,'2018-01-30 16:50:32',NULL,1,'2018-01-30 16:50:32',1,1),('3e8381ac1d24fcca8ea7bcd6c1f4aa59','1e43a152-f84f-4022-a2c6-0c66c86e9e70',NULL,'1',19.021741,0.0,19.0,19.021741,0.000000,0.000000,19.021741,0.000000,19.021741,625.000000,0.0,625.0,625.000000,0.000000,0.000000,625.000000,625.000000,0.000000,0.240000,131.428571,'2018-01-30 16:55:50',NULL,1,'2018-01-30 16:55:50',1,1),('47fe5484-51cb-11ea-9640-479b33305416','1e43a152-f84f-4022-a2c6-0c66c86e9e70',NULL,'1',76.086962,0.0,76.1,76.086962,0.000000,0.000000,76.086962,0.000000,76.086962,625.000000,0.0,625.0,625.000000,0.000000,0.000000,625.000000,625.000000,0.000000,0.240000,32.857143,'2018-01-30 16:55:50',NULL,1,'2018-01-30 16:55:50',1,1),('47fe54c1-51cb-11ea-9640-479b33305416','1e43a152-f84f-4022-a2c6-0c66c86e9e70',NULL,'1',152.173924,0.0,152.2,152.173924,0.000000,0.000000,152.173924,0.000000,152.173924,625.000000,0.0,625.0,625.000000,0.000000,0.000000,625.000000,625.000000,0.000000,0.240000,16.428571,'2018-01-30 16:55:50',NULL,1,'2018-01-30 16:55:50',1,1),('47fe54df-51cb-11ea-9640-479b33305416','1e43a152-f84f-4022-a2c6-0c66c86e9e70',NULL,'1',38.043481,0.0,38.0,38.043481,0.000000,0.000000,38.043481,0.000000,38.043481,625.000000,0.0,625.0,625.000000,0.000000,0.000000,625.000000,625.000000,0.000000,0.240000,65.714286,'2018-01-30 16:55:50',NULL,1,'2018-01-30 16:55:50',1,1),('47fe5574-51cb-11ea-9640-479b33305416','1e43a152-f84f-4022-a2c6-0c66c86e9e70',NULL,'1',186.666676,0.0,186.7,186.666676,0.000000,0.000000,186.666676,0.000000,186.666676,750.000000,0.0,750.0,750.000000,0.000000,0.000000,750.000000,750.000000,0.000000,0.240000,16.071429,'2018-01-30 16:55:13',NULL,1,'2018-01-30 16:55:13',1,1),('47fe55ce-51cb-11ea-9640-479b33305416','1e43a152-f84f-4022-a2c6-0c66c86e9e70',NULL,'1',93.333338,0.0,93.3,93.333338,0.000000,0.000000,93.333338,0.000000,93.333338,750.000000,0.0,750.0,750.000000,0.000000,0.000000,750.000000,750.000000,0.000000,0.240000,32.142857,'2018-01-30 16:55:13',NULL,1,'2018-01-30 16:55:13',1,1),('47fe5683-51cb-11ea-9640-479b33305416','1e43a152-f84f-4022-a2c6-0c66c86e9e70',NULL,'1',46.666669,0.0,46.7,46.666669,0.000000,0.000000,46.666669,0.000000,46.666669,750.000000,0.0,750.0,750.000000,0.000000,0.000000,750.000000,750.000000,0.000000,0.240000,64.285714,'2018-01-30 16:55:13',NULL,1,'2018-01-30 16:55:13',1,1),('4cbcf4259bd7c3b78f27b2aa46cf4573','1e43a152-f84f-4022-a2c6-0c66c86e9e70',NULL,'1',60.000000,0.0,60.0,60.000000,0.000000,0.000000,60.000000,0.000000,60.000000,6000.000000,0.0,6000.0,6000.000000,0.000000,0.000000,6000.000000,6000.000000,0.000000,0.240000,100.000000,'2018-01-30 17:13:49',NULL,1,'2018-01-30 17:13:49',1,1),('528f8391fab3d3a4204ac93a2c6f3b53','1e43a152-f84f-4022-a2c6-0c66c86e9e70',NULL,'1',25.000000,0.0,25.0,25.000000,0.000000,0.000000,25.000000,0.000000,25.000000,2500.000000,0.0,2500.0,2500.000000,0.000000,0.000000,2500.000000,2500.000000,0.000000,0.240000,100.000000,'2018-01-30 17:02:38',NULL,1,'2018-01-30 17:02:38',1,1),('5e8f9030d0bb255455e45914ba9de72f','1e43a152-f84f-4022-a2c6-0c66c86e9e70',NULL,'1',25.000000,0.0,25.0,25.000000,0.000000,0.000000,25.000000,0.000000,25.000000,2500.000000,0.0,2500.0,2500.000000,0.000000,0.000000,2500.000000,2500.000000,0.000000,0.240000,100.000000,'2018-01-30 17:01:56',NULL,1,'2018-01-30 17:01:56',1,1),('651a334b59c4e69cc4afb667d6365292','1e43a152-f84f-4022-a2c6-0c66c86e9e70',NULL,'1',30.000000,0.0,30.0,30.000000,0.000000,0.000000,30.000000,0.000000,30.000000,3000.000000,0.0,3000.0,3000.000000,0.000000,0.000000,3000.000000,3000.000000,0.000000,0.240000,100.000000,'2018-01-30 17:00:43',NULL,1,'2018-01-30 17:00:43',1,1),('6996a25bf8ae5d56da0e0a53632a8be9','1e43a152-f84f-4022-a2c6-0c66c86e9e70',NULL,'1',15.000000,0.0,15.0,15.000000,0.000000,0.000000,15.000000,0.000000,15.000000,1500.000000,0.0,1500.0,1500.000000,0.000000,0.000000,1500.000000,1500.000000,0.000000,0.240000,100.000000,'2018-01-30 16:52:02',NULL,1,'2018-01-30 16:52:02',1,1),('7ef28d22a9898153569e384f4226544c','1e43a152-f84f-4022-a2c6-0c66c86e9e70',NULL,'1',10.000000,0.0,10.0,10.000000,0.000000,0.000000,10.000000,0.000000,10.000000,1000.000000,0.0,1000.0,1000.000000,0.000000,0.000000,1000.000000,1000.000000,0.000000,0.240000,100.000000,'2018-01-30 16:56:31',NULL,1,'2018-01-30 16:56:31',1,1),('87d8758280d4396f863ef64ff775541b','1e43a152-f84f-4022-a2c6-0c66c86e9e70',NULL,'1',10.000000,0.0,10.0,10.000000,0.000000,0.000000,10.000000,0.000000,10.000000,1000.000000,0.0,1000.0,1000.000000,0.000000,0.000000,1000.000000,1000.000000,0.000000,0.240000,100.000000,'2018-01-30 16:58:27',NULL,1,'2018-01-30 16:58:27',1,1),('90c36d24ebafdc4cd959c3684f40f033','1e43a152-f84f-4022-a2c6-0c66c86e9e70',NULL,'1',10.000000,0.0,10.0,10.000000,0.000000,0.000000,10.000000,0.000000,10.000000,1000.000000,0.0,1000.0,1000.000000,0.000000,0.000000,1000.000000,1000.000000,0.000000,0.240000,100.000000,'2018-01-30 16:57:23',NULL,1,'2018-01-30 16:57:23',1,1),('914c3c0229edae8ed940342661584861','1e43a152-f84f-4022-a2c6-0c66c86e9e70',NULL,'1',45.000000,0.0,45.0,45.000000,0.000000,0.000000,45.000000,0.000000,45.000000,4500.000000,0.0,4500.0,4500.000000,0.000000,0.000000,4500.000000,4500.000000,0.000000,0.240000,100.000000,'2018-01-30 17:04:37',NULL,1,'2018-01-30 17:04:37',1,1),('96ed789c8fd768a6d9172260495a172c','1e43a152-f84f-4022-a2c6-0c66c86e9e70',NULL,'1',30.000000,0.0,30.0,30.000000,0.000000,0.000000,30.000000,0.000000,30.000000,3000.000000,0.0,3000.0,3000.000000,0.000000,0.000000,3000.000000,3000.000000,0.000000,0.240000,100.000000,'2018-01-30 16:53:02',NULL,1,'2018-01-30 16:53:02',1,1),('a215bc9a75ebbdbcce7c10cf3681eeca','1e43a152-f84f-4022-a2c6-0c66c86e9e70',NULL,'1',15.000000,0.0,15.0,15.000000,0.000000,0.000000,15.000000,0.000000,15.000000,1500.000000,0.0,1500.0,1500.000000,0.000000,0.000000,1500.000000,1500.000000,0.000000,0.240000,100.000000,'2018-01-30 16:59:27',NULL,1,'2018-01-30 16:59:27',1,1),('c28792d73f16a82bce2e0e654fed49ed','1e43a152-f84f-4022-a2c6-0c66c86e9e70',NULL,'1',40.000000,0.0,40.0,40.000000,0.000000,0.000000,40.000000,0.000000,40.000000,4000.000000,0.0,4000.0,4000.000000,0.000000,0.000000,4000.000000,4000.000000,0.000000,0.240000,100.000000,'2018-01-30 16:50:58',NULL,1,'2018-01-30 16:50:58',1,1),('d70afb7fc28549a368b12ef7d142093b','1e43a152-f84f-4022-a2c6-0c66c86e9e70',NULL,'1',23.333335,0.0,23.3,23.333335,0.000000,0.000000,23.333335,0.000000,23.333335,750.000000,0.0,750.0,750.000000,0.000000,0.000000,750.000000,750.000000,0.000000,0.240000,128.571429,'2018-01-30 16:55:13',NULL,1,'2018-01-30 16:55:13',1,1),('dcc570015bdb1c7ce3b39742ffcc39ea','1e43a152-f84f-4022-a2c6-0c66c86e9e70',NULL,'1',35.000000,0.0,35.0,35.000000,0.000000,0.000000,35.000000,0.000000,35.000000,3500.000000,0.0,3500.0,3500.000000,0.000000,0.000000,3500.000000,3500.000000,0.000000,0.240000,100.000000,'2018-01-30 17:04:09',NULL,1,'2018-01-30 17:04:09',1,1),('f5ac293837e72e7c20b645c40a12b21b','1e43a152-f84f-4022-a2c6-0c66c86e9e70',NULL,'1',20.000000,0.0,20.0,20.000000,0.000000,0.000000,20.000000,0.000000,20.000000,2000.000000,0.0,2000.0,2000.000000,0.000000,0.000000,2000.000000,2000.000000,0.000000,0.240000,100.000000,'2018-01-30 17:00:21',NULL,1,'2018-01-30 17:00:21',1,1),('ffdf7707b470c840cc1a5d656edbe490','1e43a152-f84f-4022-a2c6-0c66c86e9e70',NULL,'1',50.000000,0.0,50.0,50.000000,0.000000,0.000000,50.000000,0.000000,50.000000,5000.000000,0.0,5000.0,5000.000000,0.000000,0.000000,5000.000000,5000.000000,0.000000,0.240000,100.000000,'2018-01-30 17:12:44',NULL,1,'2018-01-30 17:12:44',1,1);
/*!40000 ALTER TABLE `tz_invoice_line_cost` ENABLE KEYS */;
UNLOCK TABLES;

--
-- Table structure for table `tz_invoice_line_cost_aud`
--

DROP TABLE IF EXISTS `tz_invoice_line_cost_aud`;
/*!40101 SET @saved_cs_client     = @@character_set_client */;
/*!40101 SET character_set_client = utf8 */;
CREATE TABLE `tz_invoice_line_cost_aud` (
  `rev` int(11) NOT NULL DEFAULT '0',
  `revend` int(11) DEFAULT NULL,
  `revtype` smallint(6) DEFAULT NULL,
  `id` varchar(45) NOT NULL,
  `tenant_id` varchar(45) NOT NULL,
  `prev_id` varchar(45) DEFAULT NULL,
  `last_user_id` varchar(45) NOT NULL,
  `base_cost_per_unit` decimal(16,6) DEFAULT NULL,
  `eligible_fees_per_unit` decimal(16,1) DEFAULT NULL,
  `base_plus_eligible_fees_per_unit` decimal(16,1) DEFAULT NULL,
  `base_plus_fees_per_unit` decimal(16,6) DEFAULT NULL,
  `fees_per_unit` decimal(16,6) DEFAULT NULL,
  `discount_total` decimal(16,6) DEFAULT NULL,
  `true_cost_per_unit` decimal(16,6) DEFAULT NULL,
  `excise_tax_per_unit` decimal(16,6) DEFAULT NULL,
  `total_cost_per_unit` decimal(16,6) DEFAULT NULL,
  `base_cost_total` decimal(16,6) DEFAULT NULL,
  `eligible_fees_total` decimal(16,1) DEFAULT NULL,
  `base_plus_eligible_fees_total` decimal(16,1) DEFAULT NULL,
  `base_plus_fees_total` decimal(16,6) DEFAULT NULL,
  `fees_total` decimal(16,6) DEFAULT NULL,
  `discount_per_unit` decimal(16,6) DEFAULT NULL,
  `true_cost_total` decimal(16,6) DEFAULT NULL,
  `total_cost_total` decimal(16,6) DEFAULT NULL,
  `excise_tax_total` decimal(16,6) DEFAULT NULL,
  `effective_excise_ratio` decimal(16,6) DEFAULT NULL,
  `units` decimal(16,6) DEFAULT NULL,
  `start_date` datetime NOT NULL,
  `end_date` datetime DEFAULT NULL,
  `version` int(11) DEFAULT NULL,
  `original_start_date` datetime NOT NULL,
  `current_flag` tinyint(1) NOT NULL DEFAULT '1',
  `auto_calculate_excise` tinyint(1) NOT NULL DEFAULT '1',
  PRIMARY KEY (`rev`,`id`),
  KEY `invoice_line_cost_aud_invoice_line_cost_idx` (`id`),
  KEY `invoice_line_cost_aud_tenant_idx` (`tenant_id`)
) ENGINE=InnoDB DEFAULT CHARSET=utf8;
/*!40101 SET character_set_client = @saved_cs_client */;

--
-- Dumping data for table `tz_invoice_line_cost_aud`
--

LOCK TABLES `tz_invoice_line_cost_aud` WRITE;
/*!40000 ALTER TABLE `tz_invoice_line_cost_aud` DISABLE KEYS */;
INSERT INTO `tz_invoice_line_cost_aud` VALUES (1053,NULL,0,'2b66e54f677f7b87579ca50e83d137e1','1e43a152-f84f-4022-a2c6-0c66c86e9e70',NULL,'1',50.000000,0.0,50.0,50.000000,0.000000,0.000000,50.000000,0.000000,50.000000,5000.000000,0.0,5000.0,5000.000000,0.000000,0.000000,5000.000000,5000.000000,0.000000,0.240000,100.000000,'2018-01-30 16:50:32',NULL,1,'2018-01-30 16:50:32',1,1),(1054,NULL,0,'3e8381ac1d24fcca8ea7bcd6c1f4aa59','1e43a152-f84f-4022-a2c6-0c66c86e9e70',NULL,'1',5.434783,0.0,5.4,5.434783,0.000000,0.000000,5.434783,0.000000,5.434783,2500.000000,0.0,2500.0,2500.000000,0.000000,0.000000,2500.000000,2500.000000,0.000000,0.240000,460.000000,'2018-01-30 16:55:50',NULL,1,'2018-01-30 16:55:50',1,1),(1055,NULL,0,'4cbcf4259bd7c3b78f27b2aa46cf4573','1e43a152-f84f-4022-a2c6-0c66c86e9e70',NULL,'1',60.000000,0.0,60.0,60.000000,0.000000,0.000000,60.000000,0.000000,60.000000,6000.000000,0.0,6000.0,6000.000000,0.000000,0.000000,6000.000000,6000.000000,0.000000,0.240000,100.000000,'2018-01-30 17:13:49',NULL,1,'2018-01-30 17:13:49',1,1),(1056,NULL,0,'528f8391fab3d3a4204ac93a2c6f3b53','1e43a152-f84f-4022-a2c6-0c66c86e9e70',NULL,'1',25.000000,0.0,25.0,25.000000,0.000000,0.000000,25.000000,0.000000,25.000000,2500.000000,0.0,2500.0,2500.000000,0.000000,0.000000,2500.000000,2500.000000,0.000000,0.240000,100.000000,'2018-01-30 17:02:38',NULL,1,'2018-01-30 17:02:38',1,1),(1057,NULL,0,'5e8f9030d0bb255455e45914ba9de72f','1e43a152-f84f-4022-a2c6-0c66c86e9e70',NULL,'1',25.000000,0.0,25.0,25.000000,0.000000,0.000000,25.000000,0.000000,25.000000,2500.000000,0.0,2500.0,2500.000000,0.000000,0.000000,2500.000000,2500.000000,0.000000,0.240000,100.000000,'2018-01-30 17:01:56',NULL,1,'2018-01-30 17:01:56',1,1),(1058,NULL,0,'651a334b59c4e69cc4afb667d6365292','1e43a152-f84f-4022-a2c6-0c66c86e9e70',NULL,'1',30.000000,0.0,30.0,30.000000,0.000000,0.000000,30.000000,0.000000,30.000000,3000.000000,0.0,3000.0,3000.000000,0.000000,0.000000,3000.000000,3000.000000,0.000000,0.240000,100.000000,'2018-01-30 17:00:43',NULL,1,'2018-01-30 17:00:43',1,1),(1059,NULL,0,'6996a25bf8ae5d56da0e0a53632a8be9','1e43a152-f84f-4022-a2c6-0c66c86e9e70',NULL,'1',15.000000,0.0,15.0,15.000000,0.000000,0.000000,15.000000,0.000000,15.000000,1500.000000,0.0,1500.0,1500.000000,0.000000,0.000000,1500.000000,1500.000000,0.000000,0.240000,100.000000,'2018-01-30 16:52:02',NULL,1,'2018-01-30 16:52:02',1,1),(1060,NULL,0,'7ef28d22a9898153569e384f4226544c','1e43a152-f84f-4022-a2c6-0c66c86e9e70',NULL,'1',10.000000,0.0,10.0,10.000000,0.000000,0.000000,10.000000,0.000000,10.000000,1000.000000,0.0,1000.0,1000.000000,0.000000,0.000000,1000.000000,1000.000000,0.000000,0.240000,100.000000,'2018-01-30 16:56:31',NULL,1,'2018-01-30 16:56:31',1,1),(1061,NULL,0,'87d8758280d4396f863ef64ff775541b','1e43a152-f84f-4022-a2c6-0c66c86e9e70',NULL,'1',10.000000,0.0,10.0,10.000000,0.000000,0.000000,10.000000,0.000000,10.000000,1000.000000,0.0,1000.0,1000.000000,0.000000,0.000000,1000.000000,1000.000000,0.000000,0.240000,100.000000,'2018-01-30 16:58:27',NULL,1,'2018-01-30 16:58:27',1,1),(1062,NULL,0,'90c36d24ebafdc4cd959c3684f40f033','1e43a152-f84f-4022-a2c6-0c66c86e9e70',NULL,'1',10.000000,0.0,10.0,10.000000,0.000000,0.000000,10.000000,0.000000,10.000000,1000.000000,0.0,1000.0,1000.000000,0.000000,0.000000,1000.000000,1000.000000,0.000000,0.240000,100.000000,'2018-01-30 16:57:23',NULL,1,'2018-01-30 16:57:23',1,1),(1063,NULL,0,'914c3c0229edae8ed940342661584861','1e43a152-f84f-4022-a2c6-0c66c86e9e70',NULL,'1',45.000000,0.0,45.0,45.000000,0.000000,0.000000,45.000000,0.000000,45.000000,4500.000000,0.0,4500.0,4500.000000,0.000000,0.000000,4500.000000,4500.000000,0.000000,0.240000,100.000000,'2018-01-30 17:04:37',NULL,1,'2018-01-30 17:04:37',1,1),(1064,NULL,0,'96ed789c8fd768a6d9172260495a172c','1e43a152-f84f-4022-a2c6-0c66c86e9e70',NULL,'1',30.000000,0.0,30.0,30.000000,0.000000,0.000000,30.000000,0.000000,30.000000,3000.000000,0.0,3000.0,3000.000000,0.000000,0.000000,3000.000000,3000.000000,0.000000,0.240000,100.000000,'2018-01-30 16:53:02',NULL,1,'2018-01-30 16:53:02',1,1),(1065,NULL,0,'a215bc9a75ebbdbcce7c10cf3681eeca','1e43a152-f84f-4022-a2c6-0c66c86e9e70',NULL,'1',15.000000,0.0,15.0,15.000000,0.000000,0.000000,15.000000,0.000000,15.000000,1500.000000,0.0,1500.0,1500.000000,0.000000,0.000000,1500.000000,1500.000000,0.000000,0.240000,100.000000,'2018-01-30 16:59:27',NULL,1,'2018-01-30 16:59:27',1,1),(1066,NULL,0,'c28792d73f16a82bce2e0e654fed49ed','1e43a152-f84f-4022-a2c6-0c66c86e9e70',NULL,'1',40.000000,0.0,40.0,40.000000,0.000000,0.000000,40.000000,0.000000,40.000000,4000.000000,0.0,4000.0,4000.000000,0.000000,0.000000,4000.000000,4000.000000,0.000000,0.240000,100.000000,'2018-01-30 16:50:58',NULL,1,'2018-01-30 16:50:58',1,1),(1067,NULL,0,'d70afb7fc28549a368b12ef7d142093b','1e43a152-f84f-4022-a2c6-0c66c86e9e70',NULL,'1',6.666667,0.0,6.7,6.666667,0.000000,0.000000,6.666667,0.000000,6.666667,3000.000000,0.0,3000.0,3000.000000,0.000000,0.000000,3000.000000,3000.000000,0.000000,0.240000,450.000000,'2018-01-30 16:55:13',NULL,1,'2018-01-30 16:55:13',1,1),(1068,NULL,0,'dcc570015bdb1c7ce3b39742ffcc39ea','1e43a152-f84f-4022-a2c6-0c66c86e9e70',NULL,'1',35.000000,0.0,35.0,35.000000,0.000000,0.000000,35.000000,0.000000,35.000000,3500.000000,0.0,3500.0,3500.000000,0.000000,0.000000,3500.000000,3500.000000,0.000000,0.240000,100.000000,'2018-01-30 17:04:09',NULL,1,'2018-01-30 17:04:09',1,1),(1069,NULL,0,'f5ac293837e72e7c20b645c40a12b21b','1e43a152-f84f-4022-a2c6-0c66c86e9e70',NULL,'1',20.000000,0.0,20.0,20.000000,0.000000,0.000000,20.000000,0.000000,20.000000,2000.000000,0.0,2000.0,2000.000000,0.000000,0.000000,2000.000000,2000.000000,0.000000,0.240000,100.000000,'2018-01-30 17:00:21',NULL,1,'2018-01-30 17:00:21',1,1),(1070,NULL,0,'ffdf7707b470c840cc1a5d656edbe490','1e43a152-f84f-4022-a2c6-0c66c86e9e70',NULL,'1',50.000000,0.0,50.0,50.000000,0.000000,0.000000,50.000000,0.000000,50.000000,5000.000000,0.0,5000.0,5000.000000,0.000000,0.000000,5000.000000,5000.000000,0.000000,0.240000,100.000000,'2018-01-30 17:12:44',NULL,1,'2018-01-30 17:12:44',1,1),(1071,NULL,0,'47fe5484-51cb-11ea-9640-479b33305416','1e43a152-f84f-4022-a2c6-0c66c86e9e70',NULL,'1',76.086962,0.0,76.1,76.086962,0.000000,0.000000,76.086962,0.000000,76.086962,625.000000,0.0,625.0,625.000000,0.000000,0.000000,625.000000,625.000000,0.000000,0.240000,32.857143,'2018-01-30 16:55:50',NULL,1,'2018-01-30 16:55:50',1,1),(1072,NULL,0,'47fe54c1-51cb-11ea-9640-479b33305416','1e43a152-f84f-4022-a2c6-0c66c86e9e70',NULL,'1',152.173924,0.0,152.2,152.173924,0.000000,0.000000,152.173924,0.000000,152.173924,625.000000,0.0,625.0,625.000000,0.000000,0.000000,625.000000,625.000000,0.000000,0.240000,16.428571,'2018-01-30 16:55:50',NULL,1,'2018-01-30 16:55:50',1,1),(1073,NULL,0,'47fe54df-51cb-11ea-9640-479b33305416','1e43a152-f84f-4022-a2c6-0c66c86e9e70',NULL,'1',38.043481,0.0,38.0,38.043481,0.000000,0.000000,38.043481,0.000000,38.043481,625.000000,0.0,625.0,625.000000,0.000000,0.000000,625.000000,625.000000,0.000000,0.240000,65.714286,'2018-01-30 16:55:50',NULL,1,'2018-01-30 16:55:50',1,1),(1074,NULL,0,'47fe5574-51cb-11ea-9640-479b33305416','1e43a152-f84f-4022-a2c6-0c66c86e9e70',NULL,'1',186.666676,0.0,186.7,186.666676,0.000000,0.000000,186.666676,0.000000,186.666676,750.000000,0.0,750.0,750.000000,0.000000,0.000000,750.000000,750.000000,0.000000,0.240000,16.071429,'2018-01-30 16:55:13',NULL,1,'2018-01-30 16:55:13',1,1),(1075,NULL,0,'47fe55ce-51cb-11ea-9640-479b33305416','1e43a152-f84f-4022-a2c6-0c66c86e9e70',NULL,'1',93.333338,0.0,93.3,93.333338,0.000000,0.000000,93.333338,0.000000,93.333338,750.000000,0.0,750.0,750.000000,0.000000,0.000000,750.000000,750.000000,0.000000,0.240000,32.142857,'2018-01-30 16:55:13',NULL,1,'2018-01-30 16:55:13',1,1),(1076,NULL,0,'47fe5683-51cb-11ea-9640-479b33305416','1e43a152-f84f-4022-a2c6-0c66c86e9e70',NULL,'1',46.666669,0.0,46.7,46.666669,0.000000,0.000000,46.666669,0.000000,46.666669,750.000000,0.0,750.0,750.000000,0.000000,0.000000,750.000000,750.000000,0.000000,0.240000,64.285714,'2018-01-30 16:55:13',NULL,1,'2018-01-30 16:55:13',1,1);
/*!40000 ALTER TABLE `tz_invoice_line_cost_aud` ENABLE KEYS */;
UNLOCK TABLES;

--
-- Table structure for table `tz_invoice_payment`
--

DROP TABLE IF EXISTS `tz_invoice_payment`;
/*!40101 SET @saved_cs_client     = @@character_set_client */;
/*!40101 SET character_set_client = utf8 */;
CREATE TABLE `tz_invoice_payment` (
  `id` varchar(45) NOT NULL,
  `tenant_id` varchar(45) NOT NULL,
  `invoice_id` varchar(45) NOT NULL,
  `transaction_id` varchar(45) DEFAULT NULL,
  `distributor_id` varchar(45) DEFAULT NULL,
  `is_credit_application` tinyint(1) NOT NULL DEFAULT '0',
  `amount` double NOT NULL,
  `payment_date` datetime NOT NULL,
  `note` varchar(1500) DEFAULT NULL,
  `prev_id` varchar(45) DEFAULT NULL,
  `start_date` datetime NOT NULL,
  `end_date` datetime DEFAULT NULL,
  `current_flag` tinyint(1) NOT NULL DEFAULT '1',
  `version` int(11) NOT NULL,
  `original_start_date` datetime NOT NULL,
  `last_user_id` varchar(45) NOT NULL,
  PRIMARY KEY (`id`),
  KEY `payment_tenant_idx` (`tenant_id`),
  KEY `payment_invoice_idx` (`invoice_id`),
  KEY `payment_distributor_idx` (`transaction_id`),
  KEY `tz_payment_distributor_ref_idx` (`distributor_id`),
  CONSTRAINT `tz_payment_distributor_ref` FOREIGN KEY (`distributor_id`) REFERENCES `tz_distributor` (`id`) ON DELETE NO ACTION ON UPDATE NO ACTION,
  CONSTRAINT `tz_payment_invoice_ref` FOREIGN KEY (`invoice_id`) REFERENCES `tz_invoice` (`id`) ON DELETE NO ACTION ON UPDATE NO ACTION,
  CONSTRAINT `tz_payment_tenant_ref` FOREIGN KEY (`tenant_id`) REFERENCES `tz_tenant` (`id`) ON DELETE NO ACTION ON UPDATE NO ACTION
) ENGINE=InnoDB DEFAULT CHARSET=utf8;
/*!40101 SET character_set_client = @saved_cs_client */;

--
-- Dumping data for table `tz_invoice_payment`
--

LOCK TABLES `tz_invoice_payment` WRITE;
/*!40000 ALTER TABLE `tz_invoice_payment` DISABLE KEYS */;
/*!40000 ALTER TABLE `tz_invoice_payment` ENABLE KEYS */;
UNLOCK TABLES;

--
-- Table structure for table `tz_invoice_payment_aud`
--

DROP TABLE IF EXISTS `tz_invoice_payment_aud`;
/*!40101 SET @saved_cs_client     = @@character_set_client */;
/*!40101 SET character_set_client = utf8 */;
CREATE TABLE `tz_invoice_payment_aud` (
  `rev` int(11) NOT NULL DEFAULT '0',
  `revend` int(11) DEFAULT NULL,
  `revtype` smallint(6) DEFAULT NULL,
  `id` varchar(45) NOT NULL,
  `tenant_id` varchar(45) NOT NULL,
  `invoice_id` varchar(45) NOT NULL,
  `transaction_id` varchar(45) DEFAULT NULL,
  `distributor_id` varchar(45) DEFAULT NULL,
  `is_credit_application` tinyint(1) NOT NULL DEFAULT '0',
  `amount` double NOT NULL,
  `payment_date` datetime NOT NULL,
  `note` varchar(1500) DEFAULT NULL,
  `prev_id` varchar(45) DEFAULT NULL,
  `start_date` datetime NOT NULL,
  `end_date` datetime DEFAULT NULL,
  `current_flag` tinyint(1) NOT NULL DEFAULT '1',
  `version` int(11) DEFAULT NULL,
  `original_start_date` datetime NOT NULL,
  `last_user_id` varchar(45) NOT NULL,
  PRIMARY KEY (`rev`,`id`),
  KEY `invoice_payment_aud_invoice_payment_idx` (`id`),
  KEY `invoice_payment_aud_tenant_idx` (`tenant_id`),
  KEY `invoice_payment_aud_invoice_idx` (`invoice_id`),
  KEY `payment_distributor_idx` (`transaction_id`),
  KEY `tz_payment_distributor_ref_idx` (`distributor_id`)
) ENGINE=InnoDB DEFAULT CHARSET=utf8;
/*!40101 SET character_set_client = @saved_cs_client */;

--
-- Dumping data for table `tz_invoice_payment_aud`
--

LOCK TABLES `tz_invoice_payment_aud` WRITE;
/*!40000 ALTER TABLE `tz_invoice_payment_aud` DISABLE KEYS */;
/*!40000 ALTER TABLE `tz_invoice_payment_aud` ENABLE KEYS */;
UNLOCK TABLES;

--
-- Table structure for table `tz_lab_data`
--

DROP TABLE IF EXISTS `tz_lab_data`;
/*!40101 SET @saved_cs_client     = @@character_set_client */;
/*!40101 SET character_set_client = utf8 */;
CREATE TABLE `tz_lab_data` (
  `id` varchar(45) NOT NULL,
  `tenant_id` varchar(45) NOT NULL,
  `reference_type` varchar(255) NOT NULL,
  `reference_id` varchar(45) NOT NULL,
  `name` varchar(255) NOT NULL,
  `min_value` varchar(255) DEFAULT NULL,
  `max_value` varchar(255) DEFAULT NULL,
  `unit_type` varchar(45) NOT NULL,
  `prev_id` varchar(45) DEFAULT NULL,
  `start_date` datetime NOT NULL,
  `end_date` datetime DEFAULT NULL,
  `current_flag` tinyint(4) NOT NULL DEFAULT '1',
  `version` int(11) NOT NULL,
  `original_start_date` datetime NOT NULL,
  `last_user_id` varchar(45) NOT NULL,
  PRIMARY KEY (`id`),
  KEY `batch_lab_data_location_idx` (`tenant_id`),
  KEY `lab_data_current` (`current_flag`),
  KEY `lab_data_ref` (`tenant_id`,`current_flag`),
  KEY `tz_lab_data_reference_idx` (`reference_id`,`reference_type`,`tenant_id`,`current_flag`,`name`),
  CONSTRAINT `tz_lab_data_tenant_reference` FOREIGN KEY (`tenant_id`) REFERENCES `tz_tenant` (`id`) ON DELETE NO ACTION ON UPDATE NO ACTION
) ENGINE=InnoDB DEFAULT CHARSET=utf8;
/*!40101 SET character_set_client = @saved_cs_client */;

--
-- Dumping data for table `tz_lab_data`
--

LOCK TABLES `tz_lab_data` WRITE;
/*!40000 ALTER TABLE `tz_lab_data` DISABLE KEYS */;
/*!40000 ALTER TABLE `tz_lab_data` ENABLE KEYS */;
UNLOCK TABLES;

--
-- Table structure for table `tz_lab_data_aud`
--

DROP TABLE IF EXISTS `tz_lab_data_aud`;
/*!40101 SET @saved_cs_client     = @@character_set_client */;
/*!40101 SET character_set_client = utf8 */;
CREATE TABLE `tz_lab_data_aud` (
  `rev` int(11) NOT NULL DEFAULT '0',
  `revend` int(11) DEFAULT NULL,
  `revtype` smallint(6) DEFAULT NULL,
  `id` varchar(45) NOT NULL,
  `tenant_id` varchar(45) NOT NULL,
  `reference_type` varchar(255) NOT NULL,
  `reference_id` varchar(45) NOT NULL,
  `name` varchar(255) NOT NULL,
  `min_value` varchar(255) DEFAULT NULL,
  `max_value` varchar(255) DEFAULT NULL,
  `unit_type` varchar(45) NOT NULL,
  `prev_id` varchar(45) DEFAULT NULL,
  `start_date` datetime NOT NULL,
  `end_date` datetime DEFAULT NULL,
  `current_flag` tinyint(4) NOT NULL DEFAULT '1',
  `version` int(11) DEFAULT NULL,
  `original_start_date` datetime NOT NULL,
  `last_user_id` varchar(45) NOT NULL,
  PRIMARY KEY (`rev`,`id`),
  KEY `lab_data_aud_lab_data_idx` (`id`),
  KEY `lab_data_aud_tenant_idx` (`tenant_id`),
  KEY `lab_data_aud_reference_id` (`reference_id`)
) ENGINE=InnoDB DEFAULT CHARSET=utf8;
/*!40101 SET character_set_client = @saved_cs_client */;

--
-- Dumping data for table `tz_lab_data_aud`
--

LOCK TABLES `tz_lab_data_aud` WRITE;
/*!40000 ALTER TABLE `tz_lab_data_aud` DISABLE KEYS */;
/*!40000 ALTER TABLE `tz_lab_data_aud` ENABLE KEYS */;
UNLOCK TABLES;

--
-- Table structure for table `tz_label_data_mapper`
--

DROP TABLE IF EXISTS `tz_label_data_mapper`;
/*!40101 SET @saved_cs_client     = @@character_set_client */;
/*!40101 SET character_set_client = utf8 */;
CREATE TABLE `tz_label_data_mapper` (
  `id` varchar(45) NOT NULL,
  `tenant_id` varchar(45) NOT NULL,
  `prev_id` varchar(45) DEFAULT NULL,
  `start_date` datetime NOT NULL,
  `end_date` datetime DEFAULT NULL,
  `current_flag` tinyint(4) NOT NULL DEFAULT '1',
  `version` int(11) NOT NULL,
  `original_start_date` datetime NOT NULL,
  `last_user_id` varchar(45) NOT NULL,
  `label_type` varchar(45) NOT NULL,
  `label_field_name` varchar(45) NOT NULL,
  `reference_field_name` varchar(45) NOT NULL,
  `reference_type` varchar(45) NOT NULL,
  `label_size` varchar(45) NOT NULL,
  `label_field_type` varchar(45) NOT NULL,
  `max_length` int(11) NOT NULL,
  PRIMARY KEY (`id`),
  KEY `label_data_tenant_id_idx` (`tenant_id`),
  KEY `current_flag_size` (`label_size`,`current_flag`,`tenant_id`),
  CONSTRAINT `label_data_tenant_id` FOREIGN KEY (`tenant_id`) REFERENCES `tz_tenant` (`id`) ON DELETE NO ACTION ON UPDATE NO ACTION
) ENGINE=InnoDB DEFAULT CHARSET=utf8;
/*!40101 SET character_set_client = @saved_cs_client */;

--
-- Dumping data for table `tz_label_data_mapper`
--

LOCK TABLES `tz_label_data_mapper` WRITE;
/*!40000 ALTER TABLE `tz_label_data_mapper` DISABLE KEYS */;
INSERT INTO `tz_label_data_mapper` VALUES ('0D3BEFCE-204D-11E9-8A3F-27D2ABE16555','1e43a152-f84f-4022-a2c6-0c66c86e9e70',NULL,'2000-01-01 00:00:00',NULL,1,1,'2000-01-01 00:00:00','LIQUIBASE','INVENTORY_BARCODE','qrcode','packageLabel','package','4 x 3','QR_CODE',24),('116B9545-0D9A-4600-A8E3-23BA230427B6','1e43a152-f84f-4022-a2c6-0c66c86e9e70',NULL,'2000-01-01 00:00:00',NULL,1,1,'2000-01-01 00:00:00','LIQUIBASE','INVENTORY_BARCODE','SF-1','Name','productmetadata','.5 x .5','SHORT',7),('1355072E-1F4E-11E9-8A3F-27D2ABE16555','1e43a152-f84f-4022-a2c6-0c66c86e9e70',NULL,'2000-01-01 00:00:00',NULL,1,1,'2000-01-01 00:00:00','LIQUIBASE','INVENTORY_BARCODE','PT-1','Name','productmetadata','4 x 3','PRIMARY',24),('13555E4A-1F4E-11E9-8A3F-27D2ABE16555','1e43a152-f84f-4022-a2c6-0c66c86e9e70',NULL,'2000-01-01 00:00:00',NULL,1,1,'2000-01-01 00:00:00','LIQUIBASE','INVENTORY_BARCODE','PT-2','Brand','productmetadata','4 x 3','PRIMARY',24),('13558F00-1F4E-11E9-8A3F-27D2ABE16555','1e43a152-f84f-4022-a2c6-0c66c86e9e70',NULL,'2000-01-01 00:00:00',NULL,1,1,'2000-01-01 00:00:00','LIQUIBASE','INVENTORY_BARCODE','LF-1','price','product','4 x 3','LONG',26),('1355B840-1F4E-11E9-8A3F-27D2ABE16555','1e43a152-f84f-4022-a2c6-0c66c86e9e70',NULL,'2000-01-01 00:00:00',NULL,1,1,'2000-01-01 00:00:00','LIQUIBASE','INVENTORY_BARCODE','LF-2','Classification','productmetadata','4 x 3','LONG',26),('135655B6-1F4E-11E9-8A3F-27D2ABE16555','1e43a152-f84f-4022-a2c6-0c66c86e9e70',NULL,'2000-01-01 00:00:00',NULL,1,1,'2000-01-01 00:00:00','LIQUIBASE','INVENTORY_BARCODE','LF-3','Size','productmetadata','4 x 3','LONG',26),('13569B7A-1F4E-11E9-8A3F-27D2ABE16555','1e43a152-f84f-4022-a2c6-0c66c86e9e70',NULL,'2000-01-01 00:00:00',NULL,1,1,'2000-01-01 00:00:00','LIQUIBASE','INVENTORY_BARCODE','LF-4','Subtype','productmetadata','4 x 3','LONG',26),('1356BDB2-1F4E-11E9-8A3F-27D2ABE16555','1e43a152-f84f-4022-a2c6-0c66c86e9e70',NULL,'2000-01-01 00:00:00',NULL,1,1,'2000-01-01 00:00:00','LIQUIBASE','INVENTORY_BARCODE','LF-5','Type','productmetadata','4 x 3','LONG',26),('1356EAF8-1F4E-11E9-8A3F-27D2ABE16555','1e43a152-f84f-4022-a2c6-0c66c86e9e70',NULL,'2000-01-01 00:00:00',NULL,1,1,'2000-01-01 00:00:00','LIQUIBASE','INVENTORY_BARCODE','LF-6','packageLabel','invoiceline','4 x 3','LONG',26),('135716F4-1F4E-11E9-8A3F-27D2ABE16555','1e43a152-f84f-4022-a2c6-0c66c86e9e70',NULL,'2000-01-01 00:00:00',NULL,1,1,'2000-01-01 00:00:00','LIQUIBASE','INVENTORY_BARCODE','LF-7','','productmetadata','4 x 3','LONG',26),('13574124-1F4E-11E9-8A3F-27D2ABE16555','1e43a152-f84f-4022-a2c6-0c66c86e9e70',NULL,'2000-01-01 00:00:00',NULL,1,1,'2000-01-01 00:00:00','LIQUIBASE','INVENTORY_BARCODE','LF-8','','productmetadata','4 x 3','LONG',26),('13577CC0-1F4E-11E9-8A3F-27D2ABE16555','1e43a152-f84f-4022-a2c6-0c66c86e9e70',NULL,'2000-01-01 00:00:00',NULL,1,1,'2000-01-01 00:00:00','LIQUIBASE','INVENTORY_BARCODE','LF-9','','productmetadata','4 x 3','LONG',26),('1357BAF0-1F4E-11E9-8A3F-27D2ABE16555','1e43a152-f84f-4022-a2c6-0c66c86e9e70',NULL,'2000-01-01 00:00:00',NULL,1,1,'2000-01-01 00:00:00','LIQUIBASE','INVENTORY_BARCODE','LF-10','','productmetadata','4 x 3','LONG',26),('1357F6C8-1F4E-11E9-8A3F-27D2ABE16555','1e43a152-f84f-4022-a2c6-0c66c86e9e70',NULL,'2000-01-01 00:00:00',NULL,1,1,'2000-01-01 00:00:00','LIQUIBASE','INVENTORY_BARCODE','LF-11','','productmetadata','4 x 3','LONG',26),('13581752-1F4E-11E9-8A3F-27D2ABE16555','1e43a152-f84f-4022-a2c6-0c66c86e9e70',NULL,'2000-01-01 00:00:00',NULL,1,1,'2000-01-01 00:00:00','LIQUIBASE','INVENTORY_BARCODE','LF-12','','productmetadata','4 x 3','LONG',26),('13583F16-1F4E-11E9-8A3F-27D2ABE16555','1e43a152-f84f-4022-a2c6-0c66c86e9e70',NULL,'2000-01-01 00:00:00',NULL,1,1,'2000-01-01 00:00:00','LIQUIBASE','INVENTORY_BARCODE','SF-1','','productmetadata','4 x 3','SHORT',26),('13586892-1F4E-11E9-8A3F-27D2ABE16555','1e43a152-f84f-4022-a2c6-0c66c86e9e70',NULL,'2000-01-01 00:00:00',NULL,1,1,'2000-01-01 00:00:00','LIQUIBASE','INVENTORY_BARCODE','SF-2','','productmetadata','4 x 3','SHORT',26),('13588F52-1F4E-11E9-8A3F-27D2ABE16555','1e43a152-f84f-4022-a2c6-0c66c86e9e70',NULL,'2000-01-01 00:00:00',NULL,1,1,'2000-01-01 00:00:00','LIQUIBASE','INVENTORY_BARCODE','SF-3','','productmetadata','4 x 3','SHORT',26),('1358C8F0-1F4E-11E9-8A3F-27D2ABE16555','1e43a152-f84f-4022-a2c6-0c66c86e9e70',NULL,'2000-01-01 00:00:00',NULL,1,1,'2000-01-01 00:00:00','LIQUIBASE','INVENTORY_BARCODE','SF-4','','productmetadata','4 x 3','SHORT',26),('1358F60E-1F4E-11E9-8A3F-27D2ABE16555','1e43a152-f84f-4022-a2c6-0c66c86e9e70',NULL,'2000-01-01 00:00:00',NULL,1,1,'2000-01-01 00:00:00','LIQUIBASE','INVENTORY_BARCODE','SF-5','','productmetadata','4 x 3','SHORT',26),('135918AA-1F4E-11E9-8A3F-27D2ABE16555','1e43a152-f84f-4022-a2c6-0c66c86e9e70',NULL,'2000-01-01 00:00:00',NULL,1,1,'2000-01-01 00:00:00','LIQUIBASE','INVENTORY_BARCODE','SF-6','','productmetadata','4 x 3','SHORT',26),('135936B4-1F4E-11E9-8A3F-27D2ABE16555','1e43a152-f84f-4022-a2c6-0c66c86e9e70',NULL,'2000-01-01 00:00:00',NULL,1,1,'2000-01-01 00:00:00','LIQUIBASE','INVENTORY_BARCODE','SF-7','','productmetadata','4 x 3','SHORT',26),('13595414-1F4E-11E9-8A3F-27D2ABE16555','1e43a152-f84f-4022-a2c6-0c66c86e9e70',NULL,'2000-01-01 00:00:00',NULL,1,1,'2000-01-01 00:00:00','LIQUIBASE','INVENTORY_BARCODE','SF-8','','productmetadata','4 x 3','SHORT',26),('13597B74-1F4E-11E9-8A3F-27D2ABE16555','1e43a152-f84f-4022-a2c6-0c66c86e9e70',NULL,'2000-01-01 00:00:00',NULL,1,1,'2000-01-01 00:00:00','LIQUIBASE','INVENTORY_BARCODE','SF-9','','productmetadata','4 x 3','SHORT',26),('1359A4DC-1F4E-11E9-8A3F-27D2ABE16555','1e43a152-f84f-4022-a2c6-0c66c86e9e70',NULL,'2000-01-01 00:00:00',NULL,1,1,'2000-01-01 00:00:00','LIQUIBASE','INVENTORY_BARCODE','SF-10','','productmetadata','4 x 3','SHORT',26),('1359CE44-1F4E-11E9-8A3F-27D2ABE16555','1e43a152-f84f-4022-a2c6-0c66c86e9e70',NULL,'2000-01-01 00:00:00',NULL,1,1,'2000-01-01 00:00:00','LIQUIBASE','INVENTORY_BARCODE','ST-1','LABEL_DISPENSARY_NAME','config','4 x 3','SUBTITLE',7),('155DE17F-D442-4249-B956-8A43F16D1101','1e43a152-f84f-4022-a2c6-0c66c86e9e70',NULL,'2000-01-01 00:00:00',NULL,1,1,'2000-01-01 00:00:00','LIQUIBASE','INVENTORY_BARCODE','SF-3','Classification','productmetadata','2 x 1','SHORT',12),('263ECC54-88F8-41CB-BC38-30C747174371','1e43a152-f84f-4022-a2c6-0c66c86e9e70',NULL,'2000-01-01 00:00:00',NULL,1,1,'2000-01-01 00:00:00','LIQUIBASE','BATCH_BARCODE','SF-2','price','product','2 x 1','SHORT',12),('264CE29A-1781-48F9-87BB-9E007A25D986','1e43a152-f84f-4022-a2c6-0c66c86e9e70',NULL,'2000-01-01 00:00:00',NULL,1,1,'2000-01-01 00:00:00','LIQUIBASE','INVENTORY_BARCODE','LF-1','Subtype','productmetadata','2 x 1','LONG',34),('2C3619DE-CB66-482B-A46D-30529D2E64D7','1e43a152-f84f-4022-a2c6-0c66c86e9e70',NULL,'2000-01-01 00:00:00',NULL,1,1,'2000-01-01 00:00:00','LIQUIBASE','INVENTORY_BARCODE','qrcode','packageLabel','package','2 x 1','QR_CODE',24),('2DD12B86-9066-4905-AADF-7C63F9517205','1e43a152-f84f-4022-a2c6-0c66c86e9e70',NULL,'2000-01-01 00:00:00',NULL,1,1,'2000-01-01 00:00:00','LIQUIBASE','INVENTORY_BARCODE','SF-4','Size','productmetadata','2 x 1','SHORT',12),('4b9664a6-51cb-11ea-9640-479b33305416','1e43a152-f84f-4022-a2c6-0c66c86e9e70',NULL,'2000-01-01 00:00:00',NULL,1,1,'2000-01-01 00:00:00','LIQUIBASE','INVENTORY_BARCODE','qrcode','packageLabel','package','.5 x .5','QR_CODE',24),('4CEF8027-6426-437A-8BAA-21F6031FA58A','1e43a152-f84f-4022-a2c6-0c66c86e9e70',NULL,'2000-01-01 00:00:00',NULL,1,1,'2000-01-01 00:00:00','LIQUIBASE','BATCH_BARCODE','ST-1','LABEL_DISPENSARY_NAME','config','2 x 1','SUBTITLE',7),('5853D438-AB94-4A4D-BFFA-8D78CF6EEFD0','1e43a152-f84f-4022-a2c6-0c66c86e9e70',NULL,'2000-01-01 00:00:00',NULL,1,1,'2000-01-01 00:00:00','LIQUIBASE','INVENTORY_BARCODE','SF-2','price','product','2 x 1','SHORT',12),('66617F43-FDC1-4C50-97AE-F94156560611','1e43a152-f84f-4022-a2c6-0c66c86e9e70',NULL,'2000-01-01 00:00:00',NULL,1,1,'2000-01-01 00:00:00','LIQUIBASE','INVENTORY_BARCODE','SF-2','LABEL_DISPENSARY_NAME','config','.5 x .5','SHORT',7),('74E6434B-0ADE-4D64-A5D5-B3398EFCA986','1e43a152-f84f-4022-a2c6-0c66c86e9e70',NULL,'2000-01-01 00:00:00',NULL,1,1,'2000-01-01 00:00:00','LIQUIBASE','INVENTORY_BARCODE','LF-1','Size','productmetadata','.5 x .5','LONG',10),('8705E828-0F4C-4DC6-91EA-5BA4E662AC6C','1e43a152-f84f-4022-a2c6-0c66c86e9e70',NULL,'2000-01-01 00:00:00',NULL,1,1,'2000-01-01 00:00:00','LIQUIBASE','BATCH_BARCODE','LF-1','Brand','productmetadata','2 x 1','SHORT',34),('91B6FFF6-3648-4AC4-82E0-C350A2943372','1e43a152-f84f-4022-a2c6-0c66c86e9e70',NULL,'2000-01-01 00:00:00',NULL,1,1,'2000-01-01 00:00:00','LIQUIBASE','INVENTORY_BARCODE','PT-1','Name','productmetadata','2 x 1','PRIMARY',24),('96F622A9-AA2B-4A3E-8C4E-56FEBC7FB6D2','1e43a152-f84f-4022-a2c6-0c66c86e9e70',NULL,'2000-01-01 00:00:00',NULL,1,1,'2000-01-01 00:00:00','LIQUIBASE','INVENTORY_BARCODE','PT-2','Brand','productmetadata','2 x 1','PRIMARY',24),('A82C61A3-61AF-4C2B-80F1-8271746CE314','1e43a152-f84f-4022-a2c6-0c66c86e9e70',NULL,'2000-01-01 00:00:00',NULL,1,1,'2000-01-01 00:00:00','LIQUIBASE','BATCH_BARCODE','SF-1','Size','productmetadata','2 x 1','SHORT',12),('A9147DED-4A62-42FB-AB5B-F4B2867347B4','1e43a152-f84f-4022-a2c6-0c66c86e9e70',NULL,'2000-01-01 00:00:00',NULL,1,1,'2000-01-01 00:00:00','LIQUIBASE','BATCH_BARCODE','PT-1','Name','productmetadata','2 x 1','PRIMARY',24),('AAEC377A-1359-4C31-B5E8-4D99F2DBAA37','1e43a152-f84f-4022-a2c6-0c66c86e9e70',NULL,'2000-01-01 00:00:00',NULL,1,1,'2000-01-01 00:00:00','LIQUIBASE','BATCH_BARCODE','LF-2','packageLabel','invoiceline','2 x 1','LONG',34),('D4E6DD2F-D946-47F3-BA17-A654CF23154F','1e43a152-f84f-4022-a2c6-0c66c86e9e70',NULL,'2000-01-01 00:00:00',NULL,1,1,'2000-01-01 00:00:00','LIQUIBASE','INVENTORY_BARCODE','LF-2','packageLabel','invoiceline','2 x 1','LONG',34),('DCA57E1F-620F-45B7-BF91-4C1E63F83E33','1e43a152-f84f-4022-a2c6-0c66c86e9e70',NULL,'2000-01-01 00:00:00',NULL,1,1,'2000-01-01 00:00:00','LIQUIBASE','INVENTORY_BARCODE','LF-2','price','product','.5 x .5','LONG',10),('DFE139BA-0513-4EC6-B44F-BD452ADEB3A3','1e43a152-f84f-4022-a2c6-0c66c86e9e70',NULL,'2000-01-01 00:00:00',NULL,1,1,'2000-01-01 00:00:00','LIQUIBASE','INVENTORY_BARCODE','SF-1','Type','productmetadata','2 x 1','SHORT',12),('E803BA73-A06B-472B-98BB-E0A1E8EECB78','1e43a152-f84f-4022-a2c6-0c66c86e9e70',NULL,'2000-01-01 00:00:00',NULL,1,1,'2000-01-01 00:00:00','LIQUIBASE','INVENTORY_BARCODE','ST-1','LABEL_DISPENSARY_NAME','config','2 x 1','SUBTITLE',7);
/*!40000 ALTER TABLE `tz_label_data_mapper` ENABLE KEYS */;
UNLOCK TABLES;

--
-- Table structure for table `tz_label_data_mapper_aud`
--

DROP TABLE IF EXISTS `tz_label_data_mapper_aud`;
/*!40101 SET @saved_cs_client     = @@character_set_client */;
/*!40101 SET character_set_client = utf8 */;
CREATE TABLE `tz_label_data_mapper_aud` (
  `rev` int(11) NOT NULL DEFAULT '0',
  `revend` int(11) DEFAULT NULL,
  `revtype` smallint(6) DEFAULT NULL,
  `id` varchar(45) NOT NULL,
  `tenant_id` varchar(45) NOT NULL,
  `prev_id` varchar(45) DEFAULT NULL,
  `start_date` datetime NOT NULL,
  `end_date` datetime DEFAULT NULL,
  `current_flag` tinyint(4) NOT NULL DEFAULT '1',
  `version` int(11) DEFAULT NULL,
  `original_start_date` datetime NOT NULL,
  `last_user_id` varchar(45) NOT NULL,
  `label_type` varchar(45) NOT NULL,
  `label_field_name` varchar(45) NOT NULL,
  `reference_field_name` varchar(45) NOT NULL,
  `reference_type` varchar(45) NOT NULL,
  `label_size` varchar(45) NOT NULL,
  `label_field_type` varchar(45) NOT NULL,
  `max_length` int(11) NOT NULL,
  PRIMARY KEY (`rev`,`id`),
  KEY `label_data_mapper_aud_label_data_mapper_idx` (`id`),
  KEY `label_data_mapper_aud_tenant_idx` (`tenant_id`)
) ENGINE=InnoDB DEFAULT CHARSET=utf8;
/*!40101 SET character_set_client = @saved_cs_client */;

--
-- Dumping data for table `tz_label_data_mapper_aud`
--

LOCK TABLES `tz_label_data_mapper_aud` WRITE;
/*!40000 ALTER TABLE `tz_label_data_mapper_aud` DISABLE KEYS */;
INSERT INTO `tz_label_data_mapper_aud` VALUES (241,NULL,0,'0D3BEFCE-204D-11E9-8A3F-27D2ABE16555','1e43a152-f84f-4022-a2c6-0c66c86e9e70',NULL,'2000-01-01 00:00:00',NULL,1,1,'2000-01-01 00:00:00','LIQUIBASE','INVENTORY_BARCODE','qrcode','WEBSITE_NAME','config','4 x 3','QR_CODE',7),(242,NULL,0,'116B9545-0D9A-4600-A8E3-23BA230427B6','1e43a152-f84f-4022-a2c6-0c66c86e9e70',NULL,'2000-01-01 00:00:00',NULL,1,1,'2000-01-01 00:00:00','LIQUIBASE','INVENTORY_BARCODE','SF-1','Name','productmetadata','.5 x .5','SHORT',7),(243,NULL,0,'1355072E-1F4E-11E9-8A3F-27D2ABE16555','1e43a152-f84f-4022-a2c6-0c66c86e9e70',NULL,'2000-01-01 00:00:00',NULL,1,1,'2000-01-01 00:00:00','LIQUIBASE','INVENTORY_BARCODE','PT-1','Name','productmetadata','4 x 3','PRIMARY',24),(244,NULL,0,'13555E4A-1F4E-11E9-8A3F-27D2ABE16555','1e43a152-f84f-4022-a2c6-0c66c86e9e70',NULL,'2000-01-01 00:00:00',NULL,1,1,'2000-01-01 00:00:00','LIQUIBASE','INVENTORY_BARCODE','PT-2','Brand','productmetadata','4 x 3','PRIMARY',24),(245,NULL,0,'13558F00-1F4E-11E9-8A3F-27D2ABE16555','1e43a152-f84f-4022-a2c6-0c66c86e9e70',NULL,'2000-01-01 00:00:00',NULL,1,1,'2000-01-01 00:00:00','LIQUIBASE','INVENTORY_BARCODE','LF-1','price','product','4 x 3','LONG',26),(246,NULL,0,'1355B840-1F4E-11E9-8A3F-27D2ABE16555','1e43a152-f84f-4022-a2c6-0c66c86e9e70',NULL,'2000-01-01 00:00:00',NULL,1,1,'2000-01-01 00:00:00','LIQUIBASE','INVENTORY_BARCODE','LF-2','Classification','productmetadata','4 x 3','LONG',26),(247,NULL,0,'135655B6-1F4E-11E9-8A3F-27D2ABE16555','1e43a152-f84f-4022-a2c6-0c66c86e9e70',NULL,'2000-01-01 00:00:00',NULL,1,1,'2000-01-01 00:00:00','LIQUIBASE','INVENTORY_BARCODE','LF-3','Size','productmetadata','4 x 3','LONG',26),(248,NULL,0,'13569B7A-1F4E-11E9-8A3F-27D2ABE16555','1e43a152-f84f-4022-a2c6-0c66c86e9e70',NULL,'2000-01-01 00:00:00',NULL,1,1,'2000-01-01 00:00:00','LIQUIBASE','INVENTORY_BARCODE','LF-4','Subtype','productmetadata','4 x 3','LONG',26),(249,NULL,0,'1356BDB2-1F4E-11E9-8A3F-27D2ABE16555','1e43a152-f84f-4022-a2c6-0c66c86e9e70',NULL,'2000-01-01 00:00:00',NULL,1,1,'2000-01-01 00:00:00','LIQUIBASE','INVENTORY_BARCODE','LF-5','Type','productmetadata','4 x 3','LONG',26),(250,NULL,0,'1356EAF8-1F4E-11E9-8A3F-27D2ABE16555','1e43a152-f84f-4022-a2c6-0c66c86e9e70',NULL,'2000-01-01 00:00:00',NULL,1,1,'2000-01-01 00:00:00','LIQUIBASE','INVENTORY_BARCODE','LF-6','packageLabel','invoiceline','4 x 3','LONG',26),(251,NULL,0,'135716F4-1F4E-11E9-8A3F-27D2ABE16555','1e43a152-f84f-4022-a2c6-0c66c86e9e70',NULL,'2000-01-01 00:00:00',NULL,1,1,'2000-01-01 00:00:00','LIQUIBASE','INVENTORY_BARCODE','LF-7','','productmetadata','4 x 3','LONG',26),(252,NULL,0,'13574124-1F4E-11E9-8A3F-27D2ABE16555','1e43a152-f84f-4022-a2c6-0c66c86e9e70',NULL,'2000-01-01 00:00:00',NULL,1,1,'2000-01-01 00:00:00','LIQUIBASE','INVENTORY_BARCODE','LF-8','','productmetadata','4 x 3','LONG',26),(253,NULL,0,'13577CC0-1F4E-11E9-8A3F-27D2ABE16555','1e43a152-f84f-4022-a2c6-0c66c86e9e70',NULL,'2000-01-01 00:00:00',NULL,1,1,'2000-01-01 00:00:00','LIQUIBASE','INVENTORY_BARCODE','LF-9','','productmetadata','4 x 3','LONG',26),(254,NULL,0,'1357BAF0-1F4E-11E9-8A3F-27D2ABE16555','1e43a152-f84f-4022-a2c6-0c66c86e9e70',NULL,'2000-01-01 00:00:00',NULL,1,1,'2000-01-01 00:00:00','LIQUIBASE','INVENTORY_BARCODE','LF-10','','productmetadata','4 x 3','LONG',26),(255,NULL,0,'1357F6C8-1F4E-11E9-8A3F-27D2ABE16555','1e43a152-f84f-4022-a2c6-0c66c86e9e70',NULL,'2000-01-01 00:00:00',NULL,1,1,'2000-01-01 00:00:00','LIQUIBASE','INVENTORY_BARCODE','LF-11','','productmetadata','4 x 3','LONG',26),(256,NULL,0,'13581752-1F4E-11E9-8A3F-27D2ABE16555','1e43a152-f84f-4022-a2c6-0c66c86e9e70',NULL,'2000-01-01 00:00:00',NULL,1,1,'2000-01-01 00:00:00','LIQUIBASE','INVENTORY_BARCODE','LF-12','','productmetadata','4 x 3','LONG',26),(257,NULL,0,'13583F16-1F4E-11E9-8A3F-27D2ABE16555','1e43a152-f84f-4022-a2c6-0c66c86e9e70',NULL,'2000-01-01 00:00:00',NULL,1,1,'2000-01-01 00:00:00','LIQUIBASE','INVENTORY_BARCODE','SF-1','','productmetadata','4 x 3','SHORT',26),(258,NULL,0,'13586892-1F4E-11E9-8A3F-27D2ABE16555','1e43a152-f84f-4022-a2c6-0c66c86e9e70',NULL,'2000-01-01 00:00:00',NULL,1,1,'2000-01-01 00:00:00','LIQUIBASE','INVENTORY_BARCODE','SF-2','','productmetadata','4 x 3','SHORT',26),(259,NULL,0,'13588F52-1F4E-11E9-8A3F-27D2ABE16555','1e43a152-f84f-4022-a2c6-0c66c86e9e70',NULL,'2000-01-01 00:00:00',NULL,1,1,'2000-01-01 00:00:00','LIQUIBASE','INVENTORY_BARCODE','SF-3','','productmetadata','4 x 3','SHORT',26),(260,NULL,0,'1358C8F0-1F4E-11E9-8A3F-27D2ABE16555','1e43a152-f84f-4022-a2c6-0c66c86e9e70',NULL,'2000-01-01 00:00:00',NULL,1,1,'2000-01-01 00:00:00','LIQUIBASE','INVENTORY_BARCODE','SF-4','','productmetadata','4 x 3','SHORT',26),(261,NULL,0,'1358F60E-1F4E-11E9-8A3F-27D2ABE16555','1e43a152-f84f-4022-a2c6-0c66c86e9e70',NULL,'2000-01-01 00:00:00',NULL,1,1,'2000-01-01 00:00:00','LIQUIBASE','INVENTORY_BARCODE','SF-5','','productmetadata','4 x 3','SHORT',26),(262,NULL,0,'135918AA-1F4E-11E9-8A3F-27D2ABE16555','1e43a152-f84f-4022-a2c6-0c66c86e9e70',NULL,'2000-01-01 00:00:00',NULL,1,1,'2000-01-01 00:00:00','LIQUIBASE','INVENTORY_BARCODE','SF-6','','productmetadata','4 x 3','SHORT',26),(263,NULL,0,'135936B4-1F4E-11E9-8A3F-27D2ABE16555','1e43a152-f84f-4022-a2c6-0c66c86e9e70',NULL,'2000-01-01 00:00:00',NULL,1,1,'2000-01-01 00:00:00','LIQUIBASE','INVENTORY_BARCODE','SF-7','','productmetadata','4 x 3','SHORT',26),(264,NULL,0,'13595414-1F4E-11E9-8A3F-27D2ABE16555','1e43a152-f84f-4022-a2c6-0c66c86e9e70',NULL,'2000-01-01 00:00:00',NULL,1,1,'2000-01-01 00:00:00','LIQUIBASE','INVENTORY_BARCODE','SF-8','','productmetadata','4 x 3','SHORT',26),(265,NULL,0,'13597B74-1F4E-11E9-8A3F-27D2ABE16555','1e43a152-f84f-4022-a2c6-0c66c86e9e70',NULL,'2000-01-01 00:00:00',NULL,1,1,'2000-01-01 00:00:00','LIQUIBASE','INVENTORY_BARCODE','SF-9','','productmetadata','4 x 3','SHORT',26),(266,NULL,0,'1359A4DC-1F4E-11E9-8A3F-27D2ABE16555','1e43a152-f84f-4022-a2c6-0c66c86e9e70',NULL,'2000-01-01 00:00:00',NULL,1,1,'2000-01-01 00:00:00','LIQUIBASE','INVENTORY_BARCODE','SF-10','','productmetadata','4 x 3','SHORT',26),(267,NULL,0,'1359CE44-1F4E-11E9-8A3F-27D2ABE16555','1e43a152-f84f-4022-a2c6-0c66c86e9e70',NULL,'2000-01-01 00:00:00',NULL,1,1,'2000-01-01 00:00:00','LIQUIBASE','INVENTORY_BARCODE','ST-1','LABEL_DISPENSARY_NAME','config','4 x 3','SUBTITLE',7),(268,NULL,0,'155DE17F-D442-4249-B956-8A43F16D1101','1e43a152-f84f-4022-a2c6-0c66c86e9e70',NULL,'2000-01-01 00:00:00',NULL,1,1,'2000-01-01 00:00:00','LIQUIBASE','INVENTORY_BARCODE','SF-3','Classification','productmetadata','2 x 1','SHORT',12),(269,NULL,0,'264CE29A-1781-48F9-87BB-9E007A25D986','1e43a152-f84f-4022-a2c6-0c66c86e9e70',NULL,'2000-01-01 00:00:00',NULL,1,1,'2000-01-01 00:00:00','LIQUIBASE','INVENTORY_BARCODE','LF-1','Subtype','productmetadata','2 x 1','LONG',34),(270,NULL,0,'2C3619DE-CB66-482B-A46D-30529D2E64D7','1e43a152-f84f-4022-a2c6-0c66c86e9e70',NULL,'2000-01-01 00:00:00',NULL,1,1,'2000-01-01 00:00:00','LIQUIBASE','INVENTORY_BARCODE','qrcode','WEBSITE_NAME','config','2 x 1','QR_CODE',7),(271,NULL,0,'2DD12B86-9066-4905-AADF-7C63F9517205','1e43a152-f84f-4022-a2c6-0c66c86e9e70',NULL,'2000-01-01 00:00:00',NULL,1,1,'2000-01-01 00:00:00','LIQUIBASE','INVENTORY_BARCODE','SF-4','Size','productmetadata','2 x 1','SHORT',12),(272,NULL,0,'5853D438-AB94-4A4D-BFFA-8D78CF6EEFD0','1e43a152-f84f-4022-a2c6-0c66c86e9e70',NULL,'2000-01-01 00:00:00',NULL,1,1,'2000-01-01 00:00:00','LIQUIBASE','INVENTORY_BARCODE','SF-2','price','product','2 x 1','SHORT',12),(273,NULL,0,'66617F43-FDC1-4C50-97AE-F94156560611','1e43a152-f84f-4022-a2c6-0c66c86e9e70',NULL,'2000-01-01 00:00:00',NULL,1,1,'2000-01-01 00:00:00','LIQUIBASE','INVENTORY_BARCODE','SF-2','LABEL_DISPENSARY_NAME','config','.5 x .5','SHORT',7),(274,NULL,0,'74E6434B-0ADE-4D64-A5D5-B3398EFCA986','1e43a152-f84f-4022-a2c6-0c66c86e9e70',NULL,'2000-01-01 00:00:00',NULL,1,1,'2000-01-01 00:00:00','LIQUIBASE','INVENTORY_BARCODE','LF-1','Size','productmetadata','.5 x .5','LONG',10),(275,NULL,0,'91B6FFF6-3648-4AC4-82E0-C350A2943372','1e43a152-f84f-4022-a2c6-0c66c86e9e70',NULL,'2000-01-01 00:00:00',NULL,1,1,'2000-01-01 00:00:00','LIQUIBASE','INVENTORY_BARCODE','PT-1','Name','productmetadata','2 x 1','PRIMARY',24),(276,NULL,0,'96F622A9-AA2B-4A3E-8C4E-56FEBC7FB6D2','1e43a152-f84f-4022-a2c6-0c66c86e9e70',NULL,'2000-01-01 00:00:00',NULL,1,1,'2000-01-01 00:00:00','LIQUIBASE','INVENTORY_BARCODE','PT-2','Brand','productmetadata','2 x 1','PRIMARY',24),(277,NULL,0,'D4E6DD2F-D946-47F3-BA17-A654CF23154F','1e43a152-f84f-4022-a2c6-0c66c86e9e70',NULL,'2000-01-01 00:00:00',NULL,1,1,'2000-01-01 00:00:00','LIQUIBASE','INVENTORY_BARCODE','LF-2','packageLabel','invoiceline','2 x 1','LONG',34),(278,NULL,0,'DCA57E1F-620F-45B7-BF91-4C1E63F83E33','1e43a152-f84f-4022-a2c6-0c66c86e9e70',NULL,'2000-01-01 00:00:00',NULL,1,1,'2000-01-01 00:00:00','LIQUIBASE','INVENTORY_BARCODE','LF-2','price','product','.5 x .5','LONG',10),(279,NULL,0,'DFE139BA-0513-4EC6-B44F-BD452ADEB3A3','1e43a152-f84f-4022-a2c6-0c66c86e9e70',NULL,'2000-01-01 00:00:00',NULL,1,1,'2000-01-01 00:00:00','LIQUIBASE','INVENTORY_BARCODE','SF-1','Type','productmetadata','2 x 1','SHORT',12),(280,NULL,0,'E803BA73-A06B-472B-98BB-E0A1E8EECB78','1e43a152-f84f-4022-a2c6-0c66c86e9e70',NULL,'2000-01-01 00:00:00',NULL,1,1,'2000-01-01 00:00:00','LIQUIBASE','INVENTORY_BARCODE','ST-1','LABEL_DISPENSARY_NAME','config','2 x 1','SUBTITLE',7),(1089,NULL,0,'263ECC54-88F8-41CB-BC38-30C747174371','1e43a152-f84f-4022-a2c6-0c66c86e9e70',NULL,'2000-01-01 00:00:00',NULL,1,1,'2000-01-01 00:00:00','LIQUIBASE','BATCH_BARCODE','SF-2','price','product','2 x 1','SHORT',12),(1090,NULL,0,'4CEF8027-6426-437A-8BAA-21F6031FA58A','1e43a152-f84f-4022-a2c6-0c66c86e9e70',NULL,'2000-01-01 00:00:00',NULL,1,1,'2000-01-01 00:00:00','LIQUIBASE','BATCH_BARCODE','ST-1','LABEL_DISPENSARY_NAME','config','2 x 1','SUBTITLE',7),(1091,NULL,0,'8705E828-0F4C-4DC6-91EA-5BA4E662AC6C','1e43a152-f84f-4022-a2c6-0c66c86e9e70',NULL,'2000-01-01 00:00:00',NULL,1,1,'2000-01-01 00:00:00','LIQUIBASE','BATCH_BARCODE','LF-1','Brand','productmetadata','2 x 1','SHORT',34),(1092,NULL,0,'A82C61A3-61AF-4C2B-80F1-8271746CE314','1e43a152-f84f-4022-a2c6-0c66c86e9e70',NULL,'2000-01-01 00:00:00',NULL,1,1,'2000-01-01 00:00:00','LIQUIBASE','BATCH_BARCODE','SF-1','Size','productmetadata','2 x 1','SHORT',12),(1093,NULL,0,'A9147DED-4A62-42FB-AB5B-F4B2867347B4','1e43a152-f84f-4022-a2c6-0c66c86e9e70',NULL,'2000-01-01 00:00:00',NULL,1,1,'2000-01-01 00:00:00','LIQUIBASE','BATCH_BARCODE','PT-1','Name','productmetadata','2 x 1','PRIMARY',24),(1094,NULL,0,'AAEC377A-1359-4C31-B5E8-4D99F2DBAA37','1e43a152-f84f-4022-a2c6-0c66c86e9e70',NULL,'2000-01-01 00:00:00',NULL,1,1,'2000-01-01 00:00:00','LIQUIBASE','BATCH_BARCODE','LF-2','packageLabel','invoiceline','2 x 1','LONG',34);
/*!40000 ALTER TABLE `tz_label_data_mapper_aud` ENABLE KEYS */;
UNLOCK TABLES;

--
-- Table structure for table `tz_license`
--

DROP TABLE IF EXISTS `tz_license`;
/*!40101 SET @saved_cs_client     = @@character_set_client */;
/*!40101 SET character_set_client = utf8 */;
CREATE TABLE `tz_license` (
  `id` varchar(45) NOT NULL,
  `tenant_id` varchar(45) NOT NULL,
  `prev_id` varchar(45) DEFAULT NULL,
  `reference_id` varchar(45) DEFAULT NULL,
  `reference_type` varchar(45) NOT NULL,
  `label` varchar(255) NOT NULL,
  `license_type` varchar(255) DEFAULT NULL,
  `customer_type` varchar(45) NOT NULL,
  `license_number` varchar(255) NOT NULL,
  `expiration_date` datetime DEFAULT NULL,
  `last_paid_date` datetime DEFAULT NULL,
  `activation_date` datetime DEFAULT NULL,
  `license_start_date` datetime DEFAULT NULL,
  `license_end_date` datetime DEFAULT NULL,
  `default_inventory_type` varchar(45) DEFAULT NULL,
  `is_active` tinyint(4) NOT NULL DEFAULT '1',
  `start_date` datetime NOT NULL,
  `end_date` datetime DEFAULT NULL,
  `current_flag` tinyint(4) NOT NULL DEFAULT '1',
  `version` int(11) NOT NULL,
  `original_start_date` datetime NOT NULL,
  `last_user_id` varchar(45) NOT NULL,
  PRIMARY KEY (`id`),
  KEY `distributor_license_tenant_idx` (`tenant_id`),
  KEY `distributor_license_reference_id` (`reference_id`),
  CONSTRAINT `tz_tenant_license_reference` FOREIGN KEY (`tenant_id`) REFERENCES `tz_tenant` (`id`) ON DELETE NO ACTION ON UPDATE NO ACTION
) ENGINE=InnoDB DEFAULT CHARSET=utf8;
/*!40101 SET character_set_client = @saved_cs_client */;

--
-- Dumping data for table `tz_license`
--

LOCK TABLES `tz_license` WRITE;
/*!40000 ALTER TABLE `tz_license` DISABLE KEYS */;
/*!40000 ALTER TABLE `tz_license` ENABLE KEYS */;
UNLOCK TABLES;

--
-- Table structure for table `tz_license_aud`
--

DROP TABLE IF EXISTS `tz_license_aud`;
/*!40101 SET @saved_cs_client     = @@character_set_client */;
/*!40101 SET character_set_client = utf8 */;
CREATE TABLE `tz_license_aud` (
  `rev` int(11) NOT NULL DEFAULT '0',
  `revend` int(11) DEFAULT NULL,
  `revtype` smallint(6) DEFAULT NULL,
  `id` varchar(45) NOT NULL,
  `tenant_id` varchar(45) NOT NULL,
  `prev_id` varchar(45) DEFAULT NULL,
  `reference_id` varchar(45) DEFAULT NULL,
  `reference_type` varchar(45) NOT NULL,
  `label` varchar(255) NOT NULL,
  `license_type` varchar(255) DEFAULT NULL,
  `customer_type` varchar(45) NOT NULL,
  `license_number` varchar(255) NOT NULL,
  `expiration_date` datetime DEFAULT NULL,
  `last_paid_date` datetime DEFAULT NULL,
  `activation_date` datetime DEFAULT NULL,
  `license_start_date` datetime DEFAULT NULL,
  `license_end_date` datetime DEFAULT NULL,
  `default_inventory_type` varchar(45) DEFAULT NULL,
  `is_active` tinyint(4) NOT NULL DEFAULT '1',
  `start_date` datetime NOT NULL,
  `end_date` datetime DEFAULT NULL,
  `current_flag` tinyint(4) NOT NULL DEFAULT '1',
  `version` int(11) DEFAULT NULL,
  `original_start_date` datetime NOT NULL,
  `last_user_id` varchar(45) NOT NULL,
  PRIMARY KEY (`rev`,`id`),
  KEY `license_aud_license_idx` (`id`),
  KEY `license_aud_tenant_idx` (`tenant_id`),
  KEY `license_aud_reference_id` (`reference_id`)
) ENGINE=InnoDB DEFAULT CHARSET=utf8;
/*!40101 SET character_set_client = @saved_cs_client */;

--
-- Dumping data for table `tz_license_aud`
--

LOCK TABLES `tz_license_aud` WRITE;
/*!40000 ALTER TABLE `tz_license_aud` DISABLE KEYS */;
/*!40000 ALTER TABLE `tz_license_aud` ENABLE KEYS */;
UNLOCK TABLES;

--
-- Table structure for table `tz_location`
--

DROP TABLE IF EXISTS `tz_location`;
/*!40101 SET @saved_cs_client     = @@character_set_client */;
/*!40101 SET character_set_client = utf8 */;
CREATE TABLE `tz_location` (
  `id` varchar(45) NOT NULL,
  `tenant_id` varchar(45) NOT NULL,
  `parent_location_id` varchar(45) DEFAULT NULL COMMENT 'Locations Hierarchy - Parent Location',
  `name` varchar(255) NOT NULL,
  `location_type` varchar(255) NOT NULL COMMENT 'Licensee - Top level Location - Licensees operate as separate businesses and have separate reporting.  For Example, Harborside Oakland Retail, Harborside Oakland Distribution, Harborside San Jose Retail.\nRoom\nShelf\nDispensary',
  `inventory_type` varchar(45) NOT NULL COMMENT 'Adult\nMedical',
  `is_sellable` tinyint(1) NOT NULL DEFAULT '0',
  `is_active` tinyint(4) NOT NULL,
  `prev_id` varchar(45) DEFAULT NULL,
  `start_date` datetime NOT NULL,
  `end_date` datetime DEFAULT NULL,
  `current_flag` tinyint(4) NOT NULL DEFAULT '1' COMMENT 'is_visible = false : deleted\nis_visible = true : not deleted',
  `version` int(11) NOT NULL COMMENT 'Incrementing version number for the row- for tracking history in the location_log table',
  `original_start_date` datetime NOT NULL,
  `last_user_id` varchar(45) NOT NULL,
  `is_default_selected` tinyint(1) NOT NULL DEFAULT '0',
  PRIMARY KEY (`id`),
  KEY `sub_location_location_idx` (`tenant_id`),
  KEY `sub_location_ref_location_idx` (`parent_location_id`),
  KEY `location_ref_id_index` (`current_flag`),
  CONSTRAINT `sub_location_ref_location` FOREIGN KEY (`parent_location_id`) REFERENCES `tz_location` (`id`) ON DELETE NO ACTION ON UPDATE NO ACTION,
  CONSTRAINT `tz_location_tenant_reference` FOREIGN KEY (`tenant_id`) REFERENCES `tz_tenant` (`id`) ON DELETE NO ACTION ON UPDATE NO ACTION
) ENGINE=InnoDB DEFAULT CHARSET=utf8 COMMENT='Physical Locations for products, printing, terminals, etc. ';
/*!40101 SET character_set_client = @saved_cs_client */;

--
-- Dumping data for table `tz_location`
--

LOCK TABLES `tz_location` WRITE;
/*!40000 ALTER TABLE `tz_location` DISABLE KEYS */;
INSERT INTO `tz_location` VALUES ('476c71f4-51cb-11ea-9640-479b33305416','1e43a152-f84f-4022-a2c6-0c66c86e9e70','476c8f54-51cb-11ea-9640-479b33305416','FRONT OF HOUSE','LOCATION','ALL',1,1,NULL,'2010-01-01 00:00:00',NULL,1,1,'2010-01-01 00:00:00','LIQUIBASE',0),('476c7b7c-51cb-11ea-9640-479b33305416','1e43a152-f84f-4022-a2c6-0c66c86e9e70','476c8f54-51cb-11ea-9640-479b33305416','POS RETURN','RETURN','ALL',0,1,NULL,'2010-01-01 00:00:00',NULL,1,1,'2010-01-01 00:00:00','LIQUIBASE',0),('476c8f54-51cb-11ea-9640-479b33305416','1e43a152-f84f-4022-a2c6-0c66c86e9e70',NULL,'TREEZ DISPENSARY','DEFAULT','ALL',0,1,NULL,'2010-01-01 00:00:00',NULL,1,1,'2010-01-01 00:00:00','LIQUIBASE',0),('476c9800-51cb-11ea-9640-479b33305416','1e43a152-f84f-4022-a2c6-0c66c86e9e70','476c8f54-51cb-11ea-9640-479b33305416','BACK OF HOUSE','LOCATION','ALL',0,1,NULL,'2010-01-01 00:00:00',NULL,1,1,'2010-01-01 00:00:00','LIQUIBASE',1),('4dd785e2-51cb-11ea-9640-479b33305416','1e43a152-f84f-4022-a2c6-0c66c86e9e70','476c8f54-51cb-11ea-9640-479b33305416','QUARANTINE','QUARANTINE','ALL',0,1,NULL,'2020-02-17 13:20:21',NULL,1,1,'2020-02-17 13:20:21','LIQUIBASE',0);
/*!40000 ALTER TABLE `tz_location` ENABLE KEYS */;
UNLOCK TABLES;

--
-- Table structure for table `tz_location_aud`
--

DROP TABLE IF EXISTS `tz_location_aud`;
/*!40101 SET @saved_cs_client     = @@character_set_client */;
/*!40101 SET character_set_client = utf8 */;
CREATE TABLE `tz_location_aud` (
  `rev` int(11) NOT NULL DEFAULT '0',
  `revend` int(11) DEFAULT NULL,
  `revtype` smallint(6) DEFAULT NULL,
  `id` varchar(45) NOT NULL,
  `tenant_id` varchar(45) NOT NULL,
  `parent_location_id` varchar(45) DEFAULT NULL COMMENT 'Locations Hierarchy - Parent Location',
  `name` varchar(255) NOT NULL,
  `location_type` varchar(255) NOT NULL COMMENT 'Licensee - Top level Location - Licensees operate as separate businesses and have separate reporting.  For Example, Harborside Oakland Retail, Harborside Oakland Distribution, Harborside San Jose Retail.\nRoom\nShelf\nDispensary',
  `inventory_type` varchar(45) NOT NULL COMMENT 'Adult\nMedical',
  `is_sellable` tinyint(1) NOT NULL DEFAULT '0',
  `is_active` tinyint(4) NOT NULL,
  `prev_id` varchar(45) DEFAULT NULL,
  `start_date` datetime NOT NULL,
  `end_date` datetime DEFAULT NULL,
  `current_flag` tinyint(4) NOT NULL DEFAULT '1' COMMENT 'is_visible = false : deleted\nis_visible = true : not deleted',
  `version` int(11) DEFAULT NULL,
  `original_start_date` datetime NOT NULL,
  `last_user_id` varchar(45) NOT NULL,
  `is_default_selected` tinyint(1) NOT NULL DEFAULT '0',
  PRIMARY KEY (`rev`,`id`),
  KEY `location_aud_location_idx` (`id`),
  KEY `location_aud_tenant_idx` (`tenant_id`),
  KEY `location_aud_parent_location_idx` (`parent_location_id`)
) ENGINE=InnoDB DEFAULT CHARSET=utf8;
/*!40101 SET character_set_client = @saved_cs_client */;

--
-- Dumping data for table `tz_location_aud`
--

LOCK TABLES `tz_location_aud` WRITE;
/*!40000 ALTER TABLE `tz_location_aud` DISABLE KEYS */;
INSERT INTO `tz_location_aud` VALUES (281,NULL,0,'476c71f4-51cb-11ea-9640-479b33305416','1e43a152-f84f-4022-a2c6-0c66c86e9e70','476c8f54-51cb-11ea-9640-479b33305416','FRONT OF HOUSE','LOCATION','ALL',1,1,NULL,'2010-01-01 00:00:00',NULL,1,1,'2010-01-01 00:00:00','LIQUIBASE',0),(282,NULL,0,'476c7b7c-51cb-11ea-9640-479b33305416','1e43a152-f84f-4022-a2c6-0c66c86e9e70','476c8f54-51cb-11ea-9640-479b33305416','POS RETURN','RETURN','ALL',0,1,NULL,'2010-01-01 00:00:00',NULL,1,1,'2010-01-01 00:00:00','LIQUIBASE',0),(283,NULL,0,'476c8f54-51cb-11ea-9640-479b33305416','1e43a152-f84f-4022-a2c6-0c66c86e9e70',NULL,'TREEZ DISPENSARY','DEFAULT','ALL',0,1,NULL,'2010-01-01 00:00:00',NULL,1,1,'2010-01-01 00:00:00','LIQUIBASE',0),(284,NULL,0,'476c9800-51cb-11ea-9640-479b33305416','1e43a152-f84f-4022-a2c6-0c66c86e9e70','476c8f54-51cb-11ea-9640-479b33305416','BACK OF HOUSE','LOCATION','ALL',0,1,NULL,'2010-01-01 00:00:00',NULL,1,1,'2010-01-01 00:00:00','LIQUIBASE',1);
/*!40000 ALTER TABLE `tz_location_aud` ENABLE KEYS */;
UNLOCK TABLES;

--
-- Table structure for table `tz_location_license`
--

DROP TABLE IF EXISTS `tz_location_license`;
/*!40101 SET @saved_cs_client     = @@character_set_client */;
/*!40101 SET character_set_client = utf8 */;
CREATE TABLE `tz_location_license` (
  `id` varchar(45) NOT NULL,
  `tenant_id` varchar(45) NOT NULL,
  `location_id` varchar(45) NOT NULL,
  `license_id` varchar(45) NOT NULL,
  `version` int(11) NOT NULL,
  `original_start_date` datetime NOT NULL,
  `last_user_id` varchar(45) NOT NULL,
  `current_flag` tinyint(1) NOT NULL,
  `start_date` datetime NOT NULL,
  `end_date` datetime DEFAULT NULL,
  PRIMARY KEY (`id`),
  KEY `location_license_tenant_idx` (`tenant_id`),
  KEY `location_license_location_idx` (`location_id`),
  KEY `location_license_license_idx` (`license_id`),
  CONSTRAINT `location_license_license_fk` FOREIGN KEY (`license_id`) REFERENCES `tz_license` (`id`) ON DELETE NO ACTION ON UPDATE NO ACTION,
  CONSTRAINT `location_license_location_fk` FOREIGN KEY (`location_id`) REFERENCES `tz_location` (`id`) ON DELETE NO ACTION ON UPDATE NO ACTION,
  CONSTRAINT `location_license_tenant_fk` FOREIGN KEY (`tenant_id`) REFERENCES `tz_tenant` (`id`) ON DELETE NO ACTION ON UPDATE NO ACTION
) ENGINE=InnoDB DEFAULT CHARSET=utf8;
/*!40101 SET character_set_client = @saved_cs_client */;

--
-- Dumping data for table `tz_location_license`
--

LOCK TABLES `tz_location_license` WRITE;
/*!40000 ALTER TABLE `tz_location_license` DISABLE KEYS */;
/*!40000 ALTER TABLE `tz_location_license` ENABLE KEYS */;
UNLOCK TABLES;

--
-- Table structure for table `tz_location_license_aud`
--

DROP TABLE IF EXISTS `tz_location_license_aud`;
/*!40101 SET @saved_cs_client     = @@character_set_client */;
/*!40101 SET character_set_client = utf8 */;
CREATE TABLE `tz_location_license_aud` (
  `rev` int(11) NOT NULL DEFAULT '0',
  `revend` int(11) DEFAULT NULL,
  `revtype` smallint(6) DEFAULT NULL,
  `id` varchar(45) NOT NULL,
  `tenant_id` varchar(45) NOT NULL,
  `location_id` varchar(45) NOT NULL,
  `license_id` varchar(45) NOT NULL,
  `version` int(11) DEFAULT NULL,
  `original_start_date` datetime NOT NULL,
  `last_user_id` varchar(45) NOT NULL,
  `current_flag` tinyint(1) NOT NULL,
  `start_date` datetime NOT NULL,
  `end_date` datetime DEFAULT NULL,
  PRIMARY KEY (`rev`,`id`),
  KEY `location_license_aud_location_license_idx` (`id`),
  KEY `location_license_aud_tenant_idx` (`tenant_id`),
  KEY `location_license_aud_location_idx` (`location_id`),
  KEY `location_license_aud_license_idx` (`license_id`)
) ENGINE=InnoDB DEFAULT CHARSET=utf8;
/*!40101 SET character_set_client = @saved_cs_client */;

--
-- Dumping data for table `tz_location_license_aud`
--

LOCK TABLES `tz_location_license_aud` WRITE;
/*!40000 ALTER TABLE `tz_location_license_aud` DISABLE KEYS */;
/*!40000 ALTER TABLE `tz_location_license_aud` ENABLE KEYS */;
UNLOCK TABLES;

--
-- Table structure for table `tz_location_terminal`
--

DROP TABLE IF EXISTS `tz_location_terminal`;
/*!40101 SET @saved_cs_client     = @@character_set_client */;
/*!40101 SET character_set_client = utf8 */;
CREATE TABLE `tz_location_terminal` (
  `id` varchar(45) NOT NULL,
  `tenant_id` varchar(45) DEFAULT NULL,
  `location_id` varchar(45) DEFAULT NULL,
  `terminal_id` varchar(45) DEFAULT NULL,
  `current_flag` tinyint(1) DEFAULT NULL,
  `version` int(11) DEFAULT NULL,
  `start_date` datetime DEFAULT NULL,
  `end_date` datetime DEFAULT NULL,
  `original_start_date` datetime DEFAULT NULL,
  `last_user_id` varchar(45) DEFAULT NULL,
  PRIMARY KEY (`id`)
) ENGINE=InnoDB DEFAULT CHARSET=utf8;
/*!40101 SET character_set_client = @saved_cs_client */;

--
-- Dumping data for table `tz_location_terminal`
--

LOCK TABLES `tz_location_terminal` WRITE;
/*!40000 ALTER TABLE `tz_location_terminal` DISABLE KEYS */;
INSERT INTO `tz_location_terminal` VALUES ('5f43622e-51cb-11ea-9640-479b33305416','1e43a152-f84f-4022-a2c6-0c66c86e9e70','476c71f4-51cb-11ea-9640-479b33305416','5f42e452-51cb-11ea-9640-479b33305416',1,0,'2020-02-17 13:20:50',NULL,'2020-02-17 13:20:50','LIQUIBASE'),('5f43aef0-51cb-11ea-9640-479b33305416','1e43a152-f84f-4022-a2c6-0c66c86e9e70','476c71f4-51cb-11ea-9640-479b33305416','5f43a0cc-51cb-11ea-9640-479b33305416',1,0,'2020-02-17 13:20:50',NULL,'2020-02-17 13:20:50','LIQUIBASE');
/*!40000 ALTER TABLE `tz_location_terminal` ENABLE KEYS */;
UNLOCK TABLES;

--
-- Table structure for table `tz_location_terminal_aud`
--

DROP TABLE IF EXISTS `tz_location_terminal_aud`;
/*!40101 SET @saved_cs_client     = @@character_set_client */;
/*!40101 SET character_set_client = utf8 */;
CREATE TABLE `tz_location_terminal_aud` (
  `rev` int(11) NOT NULL DEFAULT '0',
  `revend` int(11) DEFAULT NULL,
  `revtype` smallint(6) DEFAULT NULL,
  `id` varchar(45) NOT NULL,
  `tenant_id` varchar(45) DEFAULT NULL,
  `location_id` varchar(45) DEFAULT NULL,
  `terminal_id` varchar(45) DEFAULT NULL,
  `current_flag` tinyint(1) DEFAULT NULL,
  `version` int(11) DEFAULT NULL,
  `start_date` datetime DEFAULT NULL,
  `end_date` datetime DEFAULT NULL,
  `original_start_date` datetime DEFAULT NULL,
  `last_user_id` varchar(45) DEFAULT NULL
) ENGINE=InnoDB DEFAULT CHARSET=utf8;
/*!40101 SET character_set_client = @saved_cs_client */;

--
-- Dumping data for table `tz_location_terminal_aud`
--

LOCK TABLES `tz_location_terminal_aud` WRITE;
/*!40000 ALTER TABLE `tz_location_terminal_aud` DISABLE KEYS */;
INSERT INTO `tz_location_terminal_aud` VALUES (1497,NULL,0,'5f43622e-51cb-11ea-9640-479b33305416','1e43a152-f84f-4022-a2c6-0c66c86e9e70','476c71f4-51cb-11ea-9640-479b33305416','5f42e452-51cb-11ea-9640-479b33305416',1,0,'2020-02-17 13:20:50',NULL,'2020-02-17 13:20:50','LIQUIBASE'),(1498,NULL,0,'5f43aef0-51cb-11ea-9640-479b33305416','1e43a152-f84f-4022-a2c6-0c66c86e9e70','476c71f4-51cb-11ea-9640-479b33305416','5f43a0cc-51cb-11ea-9640-479b33305416',1,0,'2020-02-17 13:20:50',NULL,'2020-02-17 13:20:50','LIQUIBASE');
/*!40000 ALTER TABLE `tz_location_terminal_aud` ENABLE KEYS */;
UNLOCK TABLES;

--
-- Table structure for table `tz_merge_split_group`
--

DROP TABLE IF EXISTS `tz_merge_split_group`;
/*!40101 SET @saved_cs_client     = @@character_set_client */;
/*!40101 SET character_set_client = utf8 */;
CREATE TABLE `tz_merge_split_group` (
  `id` varchar(45) NOT NULL,
  `inventory_action` varchar(45) NOT NULL,
  `original_start_date` datetime NOT NULL,
  `user_id` varchar(45) NOT NULL,
  PRIMARY KEY (`id`)
) ENGINE=InnoDB DEFAULT CHARSET=utf8;
/*!40101 SET character_set_client = @saved_cs_client */;

--
-- Dumping data for table `tz_merge_split_group`
--

LOCK TABLES `tz_merge_split_group` WRITE;
/*!40000 ALTER TABLE `tz_merge_split_group` DISABLE KEYS */;
/*!40000 ALTER TABLE `tz_merge_split_group` ENABLE KEYS */;
UNLOCK TABLES;

--
-- Table structure for table `tz_merge_split_inventory`
--

DROP TABLE IF EXISTS `tz_merge_split_inventory`;
/*!40101 SET @saved_cs_client     = @@character_set_client */;
/*!40101 SET character_set_client = utf8 */;
CREATE TABLE `tz_merge_split_inventory` (
  `id` varchar(45) NOT NULL,
  `merge_split_group_id` varchar(45) NOT NULL,
  `parent_id` varchar(45) NOT NULL,
  `child_id` varchar(45) NOT NULL,
  `original_start_date` datetime NOT NULL,
  PRIMARY KEY (`id`),
  KEY `parent_inventory_idx` (`parent_id`),
  KEY `child_inventory_idx` (`child_id`),
  KEY `inventory_merge_split_group_idx` (`merge_split_group_id`),
  CONSTRAINT `child_inventory` FOREIGN KEY (`child_id`) REFERENCES `tz_inventory` (`id`) ON DELETE NO ACTION ON UPDATE NO ACTION,
  CONSTRAINT `inventory_merge_split_group` FOREIGN KEY (`merge_split_group_id`) REFERENCES `tz_merge_split_group` (`id`) ON DELETE NO ACTION ON UPDATE NO ACTION,
  CONSTRAINT `parent_inventory` FOREIGN KEY (`parent_id`) REFERENCES `tz_inventory` (`id`) ON DELETE NO ACTION ON UPDATE NO ACTION
) ENGINE=InnoDB DEFAULT CHARSET=utf8;
/*!40101 SET character_set_client = @saved_cs_client */;

--
-- Dumping data for table `tz_merge_split_inventory`
--

LOCK TABLES `tz_merge_split_inventory` WRITE;
/*!40000 ALTER TABLE `tz_merge_split_inventory` DISABLE KEYS */;
/*!40000 ALTER TABLE `tz_merge_split_inventory` ENABLE KEYS */;
UNLOCK TABLES;

--
-- Table structure for table `tz_merge_split_package`
--

DROP TABLE IF EXISTS `tz_merge_split_package`;
/*!40101 SET @saved_cs_client     = @@character_set_client */;
/*!40101 SET character_set_client = utf8 */;
CREATE TABLE `tz_merge_split_package` (
  `id` varchar(45) NOT NULL,
  `merge_split_group_id` varchar(45) NOT NULL,
  `parent_id` varchar(45) NOT NULL,
  `child_id` varchar(45) NOT NULL,
  `original_start_date` datetime NOT NULL,
  PRIMARY KEY (`id`),
  KEY `tz_package_merge_split_parent_idx` (`parent_id`),
  KEY `tz_package_merge_split_child_idx` (`child_id`),
  KEY `tz_packge_merge_split_group_idx` (`merge_split_group_id`),
  CONSTRAINT `tz_package_merge_split_child` FOREIGN KEY (`child_id`) REFERENCES `tz_package` (`id`) ON DELETE NO ACTION ON UPDATE NO ACTION,
  CONSTRAINT `tz_package_merge_split_parent` FOREIGN KEY (`parent_id`) REFERENCES `tz_package` (`id`) ON DELETE NO ACTION ON UPDATE NO ACTION,
  CONSTRAINT `tz_packge_merge_split_group` FOREIGN KEY (`merge_split_group_id`) REFERENCES `tz_merge_split_group` (`id`) ON DELETE NO ACTION ON UPDATE NO ACTION
) ENGINE=InnoDB DEFAULT CHARSET=utf8;
/*!40101 SET character_set_client = @saved_cs_client */;

--
-- Dumping data for table `tz_merge_split_package`
--

LOCK TABLES `tz_merge_split_package` WRITE;
/*!40000 ALTER TABLE `tz_merge_split_package` DISABLE KEYS */;
/*!40000 ALTER TABLE `tz_merge_split_package` ENABLE KEYS */;
UNLOCK TABLES;

--
-- Table structure for table `tz_note`
--

DROP TABLE IF EXISTS `tz_note`;
/*!40101 SET @saved_cs_client     = @@character_set_client */;
/*!40101 SET character_set_client = utf8 */;
CREATE TABLE `tz_note` (
  `id` varchar(45) NOT NULL,
  `tenant_id` varchar(45) NOT NULL,
  `prev_id` varchar(45) DEFAULT NULL,
  `start_date` datetime NOT NULL,
  `end_date` datetime DEFAULT NULL,
  `current_flag` tinyint(4) NOT NULL DEFAULT '1',
  `version` int(11) NOT NULL,
  `original_start_date` datetime NOT NULL,
  `last_user_id` varchar(45) NOT NULL,
  `reference_type` varchar(45) NOT NULL,
  `reference_id` varchar(45) DEFAULT NULL,
  `value` mediumtext NOT NULL,
  PRIMARY KEY (`id`),
  UNIQUE KEY `id_UNIQUE` (`id`),
  KEY `tenant_id_reference_idx` (`tenant_id`),
  KEY `reference_id_idx` (`reference_id`,`reference_type`,`tenant_id`,`current_flag`),
  KEY `note_ref` (`tenant_id`,`current_flag`),
  CONSTRAINT `tenant_id_reference` FOREIGN KEY (`tenant_id`) REFERENCES `tz_tenant` (`id`) ON DELETE NO ACTION ON UPDATE NO ACTION
) ENGINE=InnoDB DEFAULT CHARSET=utf8;
/*!40101 SET character_set_client = @saved_cs_client */;

--
-- Dumping data for table `tz_note`
--

LOCK TABLES `tz_note` WRITE;
/*!40000 ALTER TABLE `tz_note` DISABLE KEYS */;
/*!40000 ALTER TABLE `tz_note` ENABLE KEYS */;
UNLOCK TABLES;

--
-- Table structure for table `tz_note_aud`
--

DROP TABLE IF EXISTS `tz_note_aud`;
/*!40101 SET @saved_cs_client     = @@character_set_client */;
/*!40101 SET character_set_client = utf8 */;
CREATE TABLE `tz_note_aud` (
  `rev` int(11) NOT NULL DEFAULT '0',
  `revend` int(11) DEFAULT NULL,
  `revtype` smallint(6) DEFAULT NULL,
  `id` varchar(45) NOT NULL,
  `tenant_id` varchar(45) NOT NULL,
  `prev_id` varchar(45) DEFAULT NULL,
  `start_date` datetime NOT NULL,
  `end_date` datetime DEFAULT NULL,
  `current_flag` tinyint(4) NOT NULL DEFAULT '1',
  `version` int(11) DEFAULT NULL,
  `original_start_date` datetime NOT NULL,
  `last_user_id` varchar(45) NOT NULL,
  `reference_type` varchar(45) NOT NULL,
  `reference_id` varchar(45) DEFAULT NULL,
  `value` mediumtext NOT NULL,
  PRIMARY KEY (`rev`,`id`),
  KEY `note_aud_note_idx` (`id`),
  KEY `note_aud_tenant_idx` (`tenant_id`),
  KEY `note_aud_reference_id` (`reference_id`)
) ENGINE=InnoDB DEFAULT CHARSET=utf8;
/*!40101 SET character_set_client = @saved_cs_client */;

--
-- Dumping data for table `tz_note_aud`
--

LOCK TABLES `tz_note_aud` WRITE;
/*!40000 ALTER TABLE `tz_note_aud` DISABLE KEYS */;
/*!40000 ALTER TABLE `tz_note_aud` ENABLE KEYS */;
UNLOCK TABLES;

--
-- Table structure for table `tz_package`
--

DROP TABLE IF EXISTS `tz_package`;
/*!40101 SET @saved_cs_client     = @@character_set_client */;
/*!40101 SET character_set_client = utf8 */;
CREATE TABLE `tz_package` (
  `id` varchar(45) NOT NULL,
  `tenant_id` varchar(45) NOT NULL,
  `invoice_line_id` varchar(45) DEFAULT NULL,
  `product_id` varchar(45) DEFAULT NULL,
  `distributor_id` varchar(45) DEFAULT NULL,
  `package_label` varchar(150) DEFAULT NULL,
  `dispensary_license` varchar(45) DEFAULT NULL,
  `quantity` decimal(16,6) DEFAULT NULL,
  `original_quantity` decimal(16,6) DEFAULT NULL,
  `original_uom` varchar(45) DEFAULT NULL,
  `original_product_volume` decimal(16,6) DEFAULT NULL,
  `original_product_volume_uom` varchar(45) DEFAULT NULL,
  `original_product_weight` decimal(16,6) DEFAULT NULL,
  `original_product_weight_uom` varchar(45) DEFAULT NULL,
  `original_product_uom` varchar(45) DEFAULT NULL,
  `original_category` varchar(45) DEFAULT NULL,
  `original_product_quantity_type` varchar(45) DEFAULT NULL,
  `manifest_number` varchar(45) DEFAULT NULL,
  `lab_testing_state` datetime DEFAULT NULL,
  `harvest_date` datetime DEFAULT NULL,
  `received_date` datetime DEFAULT NULL,
  `expiration_date` datetime DEFAULT NULL,
  `customer_type` varchar(45) NOT NULL DEFAULT 'ALL',
  `is_tracked` tinyint(4) NOT NULL DEFAULT '0',
  `last_user_id` varchar(45) NOT NULL,
  `prev_id` varchar(45) DEFAULT NULL,
  `start_date` datetime NOT NULL,
  `end_date` datetime DEFAULT NULL,
  `current_flag` tinyint(4) NOT NULL DEFAULT '1',
  `version` int(11) NOT NULL,
  `original_start_date` datetime NOT NULL,
  PRIMARY KEY (`id`),
  KEY `package_tenant_fk_idx` (`tenant_id`),
  KEY `package_invoice_line_fk_idx` (`invoice_line_id`),
  KEY `package_product_fk_idx` (`product_id`),
  KEY `package_distributor_fk_idx` (`distributor_id`),
  KEY `package_product_customer_type` (`product_id`,`customer_type`,`tenant_id`,`current_flag`),
  KEY `package_package_label` (`package_label`),
  CONSTRAINT `package_distributor_fk` FOREIGN KEY (`distributor_id`) REFERENCES `tz_distributor` (`id`) ON DELETE NO ACTION ON UPDATE NO ACTION,
  CONSTRAINT `package_invoice_line_fk` FOREIGN KEY (`invoice_line_id`) REFERENCES `tz_invoice_line` (`id`) ON DELETE NO ACTION ON UPDATE NO ACTION,
  CONSTRAINT `package_product_fk` FOREIGN KEY (`product_id`) REFERENCES `tz_product` (`id`) ON DELETE NO ACTION ON UPDATE NO ACTION,
  CONSTRAINT `package_tenant_fk` FOREIGN KEY (`tenant_id`) REFERENCES `tz_tenant` (`id`) ON DELETE NO ACTION ON UPDATE NO ACTION
) ENGINE=InnoDB DEFAULT CHARSET=utf8;
/*!40101 SET character_set_client = @saved_cs_client */;

--
-- Dumping data for table `tz_package`
--

LOCK TABLES `tz_package` WRITE;
/*!40000 ALTER TABLE `tz_package` DISABLE KEYS */;
INSERT INTO `tz_package` VALUES ('4a83b438-51cb-11ea-9640-479b33305416','1e43a152-f84f-4022-a2c6-0c66c86e9e70','1c99d063-0622-11e8-b4e9-02429027d658','1ca01284-0622-11e8-b4e9-02429027d658','bdc2278b-0620-11e8-b4e9-02429027d658','4780F90851CB11EA9640479B',NULL,100.000000,NULL,NULL,NULL,NULL,NULL,NULL,NULL,NULL,NULL,NULL,NULL,NULL,'2018-01-30 16:59:40',NULL,'ALL',0,'LIQUIBASE',NULL,'2018-01-30 17:00:21',NULL,1,1,'2020-02-17 13:20:15'),('4a83b5dc-51cb-11ea-9640-479b33305416','1e43a152-f84f-4022-a2c6-0c66c86e9e70','2999a5fc-0622-11e8-b4e9-02429027d658','299f0a4e-0622-11e8-b4e9-02429027d658','bdc2278b-0620-11e8-b4e9-02429027d658','4780FA4851CB11EA9640479B',NULL,100.000000,NULL,NULL,NULL,NULL,NULL,NULL,NULL,NULL,NULL,NULL,NULL,NULL,'2018-01-30 16:59:40',NULL,'ALL',0,'LIQUIBASE',NULL,'2018-01-30 17:00:43',NULL,1,1,'2020-02-17 13:20:15'),('4a83b76c-51cb-11ea-9640-479b33305416','1e43a152-f84f-4022-a2c6-0c66c86e9e70','47fe5470-51cb-11ea-9640-479b33305416','7b8a5289-0621-11e8-b4e9-02429027d658','bdc2278b-0620-11e8-b4e9-02429027d658','47FEA81251CB11EA9640479B',NULL,32.857143,NULL,NULL,NULL,NULL,NULL,NULL,NULL,NULL,NULL,NULL,NULL,NULL,'2018-01-30 16:53:55',NULL,'ALL',0,'LIQUIBASE',NULL,'2018-01-30 16:55:50',NULL,1,1,'2020-02-17 13:20:15'),('4a83b816-51cb-11ea-9640-479b33305416','1e43a152-f84f-4022-a2c6-0c66c86e9e70','47fe54c0-51cb-11ea-9640-479b33305416','7b858e91-0621-11e8-b4e9-02429027d658','bdc2278b-0620-11e8-b4e9-02429027d658','47FEB2D051CB11EA9640479B',NULL,16.428571,NULL,NULL,NULL,NULL,NULL,NULL,NULL,NULL,NULL,NULL,NULL,NULL,'2018-01-30 16:53:55',NULL,'ALL',0,'LIQUIBASE',NULL,'2018-01-30 16:55:50',NULL,1,1,'2020-02-17 13:20:15'),('4a83b898-51cb-11ea-9640-479b33305416','1e43a152-f84f-4022-a2c6-0c66c86e9e70','47fe54de-51cb-11ea-9640-479b33305416','7b8f0729-0621-11e8-b4e9-02429027d658','bdc2278b-0620-11e8-b4e9-02429027d658','47FEB4EC51CB11EA9640479B',NULL,65.714286,NULL,NULL,NULL,NULL,NULL,NULL,NULL,NULL,NULL,NULL,NULL,NULL,'2018-01-30 16:53:55',NULL,'ALL',0,'LIQUIBASE',NULL,'2018-01-30 16:55:50',NULL,1,1,'2020-02-17 13:20:15'),('4a83b91a-51cb-11ea-9640-479b33305416','1e43a152-f84f-4022-a2c6-0c66c86e9e70','47fe556a-51cb-11ea-9640-479b33305416','65584695-0621-11e8-b4e9-02429027d658','bdc2278b-0620-11e8-b4e9-02429027d658','47FEAD1251CB11EA9640479B',NULL,16.071429,NULL,NULL,NULL,NULL,NULL,NULL,NULL,NULL,NULL,NULL,NULL,NULL,'2018-01-30 16:53:55',NULL,'ALL',0,'LIQUIBASE',NULL,'2018-01-30 16:55:13',NULL,1,1,'2020-02-17 13:20:15'),('4a83b992-51cb-11ea-9640-479b33305416','1e43a152-f84f-4022-a2c6-0c66c86e9e70','47fe55c4-51cb-11ea-9640-479b33305416','655d9edd-0621-11e8-b4e9-02429027d658','bdc2278b-0620-11e8-b4e9-02429027d658','47FE9FAC51CB11EA9640479B',NULL,32.142857,NULL,NULL,NULL,NULL,NULL,NULL,NULL,NULL,NULL,NULL,NULL,NULL,'2018-01-30 16:53:55',NULL,'ALL',0,'LIQUIBASE',NULL,'2018-01-30 16:55:13',NULL,1,1,'2020-02-17 13:20:15'),('4a83ba00-51cb-11ea-9640-479b33305416','1e43a152-f84f-4022-a2c6-0c66c86e9e70','47fe5682-51cb-11ea-9640-479b33305416','65629d9e-0621-11e8-b4e9-02429027d658','bdc2278b-0620-11e8-b4e9-02429027d658','47FEA21851CB11EA9640479B',NULL,64.285714,NULL,NULL,NULL,NULL,NULL,NULL,NULL,NULL,NULL,NULL,NULL,NULL,'2018-01-30 16:53:55',NULL,'ALL',0,'LIQUIBASE',NULL,'2018-01-30 16:55:13',NULL,1,1,'2020-02-17 13:20:15'),('4a83ba82-51cb-11ea-9640-479b33305416','1e43a152-f84f-4022-a2c6-0c66c86e9e70','65389ee6-0621-11e8-b4e9-02429027d658','6571dfad-0621-11e8-b4e9-02429027d658','bdc2278b-0620-11e8-b4e9-02429027d658','4780FDB851CB11EA9640479B',NULL,128.571429,NULL,NULL,NULL,NULL,NULL,NULL,NULL,NULL,NULL,NULL,NULL,NULL,'2018-01-30 16:53:55',NULL,'ALL',0,'LIQUIBASE',NULL,'2018-01-30 16:55:13',NULL,1,1,'2020-02-17 13:20:15'),('4a83baf0-51cb-11ea-9640-479b33305416','1e43a152-f84f-4022-a2c6-0c66c86e9e70','7b661d6e-0621-11e8-b4e9-02429027d658','7ba12daf-0621-11e8-b4e9-02429027d658','bdc2278b-0620-11e8-b4e9-02429027d658','478104F251CB11EA9640479B',NULL,131.428571,NULL,NULL,NULL,NULL,NULL,NULL,NULL,NULL,NULL,NULL,NULL,NULL,'2018-01-30 16:53:55',NULL,'ALL',0,'LIQUIBASE',NULL,'2018-01-30 16:55:50',NULL,1,1,'2020-02-17 13:20:15'),('4a83bb86-51cb-11ea-9640-479b33305416','1e43a152-f84f-4022-a2c6-0c66c86e9e70','555da1e5-0622-11e8-b4e9-02429027d658','55635efe-0622-11e8-b4e9-02429027d658','bdc2278b-0620-11e8-b4e9-02429027d658','4780FB6A51CB11EA9640479B',NULL,100.000000,NULL,NULL,NULL,NULL,NULL,NULL,NULL,NULL,NULL,NULL,NULL,NULL,'2018-01-30 17:01:20',NULL,'ALL',0,'LIQUIBASE',NULL,'2018-01-30 17:01:56',NULL,1,1,'2020-02-17 13:20:15'),('4a83bbfe-51cb-11ea-9640-479b33305416','1e43a152-f84f-4022-a2c6-0c66c86e9e70','6e2e3e46-0622-11e8-b4e9-02429027d658','6e387b94-0622-11e8-b4e9-02429027d658','bdc2278b-0620-11e8-b4e9-02429027d658','4781033A51CB11EA9640479B',NULL,100.000000,NULL,NULL,NULL,NULL,NULL,NULL,NULL,NULL,NULL,NULL,NULL,NULL,'2018-01-30 17:01:20',NULL,'ALL',0,'LIQUIBASE',NULL,'2018-01-30 17:02:38',NULL,1,1,'2020-02-17 13:20:15'),('4a83bc80-51cb-11ea-9640-479b33305416','1e43a152-f84f-4022-a2c6-0c66c86e9e70','936faa5a-0621-11e8-b4e9-02429027d658','9374f5e3-0621-11e8-b4e9-02429027d658','bdc2278b-0620-11e8-b4e9-02429027d658','47810A7E51CB11EA9640479B',NULL,100.000000,NULL,NULL,NULL,NULL,NULL,NULL,NULL,NULL,NULL,NULL,NULL,NULL,'2018-01-30 16:56:03',NULL,'ALL',0,'LIQUIBASE',NULL,'2018-01-30 16:56:31',NULL,1,1,'2020-02-17 13:20:15'),('4a83bcf8-51cb-11ea-9640-479b33305416','1e43a152-f84f-4022-a2c6-0c66c86e9e70','b29fb17d-0621-11e8-b4e9-02429027d658','b2a581a8-0621-11e8-b4e9-02429027d658','bdc2278b-0620-11e8-b4e9-02429027d658','4781124451CB11EA9640479B',NULL,100.000000,NULL,NULL,NULL,NULL,NULL,NULL,NULL,NULL,NULL,NULL,NULL,NULL,'2018-01-30 16:56:03',NULL,'ALL',0,'LIQUIBASE',NULL,'2018-01-30 16:57:23',NULL,1,1,'2020-02-17 13:20:15'),('4a83bd84-51cb-11ea-9640-479b33305416','1e43a152-f84f-4022-a2c6-0c66c86e9e70','bdc24847-0620-11e8-b4e9-02429027d658','bdcd0f53-0620-11e8-b4e9-02429027d658','bdc2278b-0620-11e8-b4e9-02429027d658','4781147E51CB11EA9640479B',NULL,100.000000,NULL,NULL,NULL,NULL,NULL,NULL,NULL,NULL,NULL,NULL,NULL,NULL,'2018-01-30 16:49:15',NULL,'ALL',0,'LIQUIBASE',NULL,'2018-01-30 16:50:32',NULL,1,1,'2020-02-17 13:20:15'),('4a83bdf2-51cb-11ea-9640-479b33305416','1e43a152-f84f-4022-a2c6-0c66c86e9e70','cd3dc3f5-0620-11e8-b4e9-02429027d658','cd43d375-0620-11e8-b4e9-02429027d658','bdc2278b-0620-11e8-b4e9-02429027d658','478115AA51CB11EA9640479B',NULL,100.000000,NULL,NULL,NULL,NULL,NULL,NULL,NULL,NULL,NULL,NULL,NULL,NULL,'2018-01-30 16:49:15',NULL,'ALL',0,'LIQUIBASE',NULL,'2018-01-30 16:50:58',NULL,1,1,'2020-02-17 13:20:15'),('4a83be7e-51cb-11ea-9640-479b33305416','1e43a152-f84f-4022-a2c6-0c66c86e9e70','a47132ae-0622-11e8-b4e9-02429027d658','a4771e75-0622-11e8-b4e9-02429027d658','bdc2278b-0620-11e8-b4e9-02429027d658','4781103251CB11EA9640479B',NULL,100.000000,NULL,NULL,NULL,NULL,NULL,NULL,NULL,NULL,NULL,NULL,NULL,NULL,'2018-01-30 17:03:43',NULL,'ALL',0,'LIQUIBASE',NULL,'2018-01-30 17:04:09',NULL,1,1,'2020-02-17 13:20:15'),('4a83bef6-51cb-11ea-9640-479b33305416','1e43a152-f84f-4022-a2c6-0c66c86e9e70','b5471f7b-0622-11e8-b4e9-02429027d658','b54ce528-0622-11e8-b4e9-02429027d658','bdc2278b-0620-11e8-b4e9-02429027d658','4781136651CB11EA9640479B',NULL,100.000000,NULL,NULL,NULL,NULL,NULL,NULL,NULL,NULL,NULL,NULL,NULL,NULL,'2018-01-30 17:03:43',NULL,'ALL',0,'LIQUIBASE',NULL,'2018-01-30 17:04:37',NULL,1,1,'2020-02-17 13:20:15'),('4a83bf78-51cb-11ea-9640-479b33305416','1e43a152-f84f-4022-a2c6-0c66c86e9e70','d87ddd09-0621-11e8-b4e9-02429027d658','d883cb46-0621-11e8-b4e9-02429027d658','bdc2278b-0620-11e8-b4e9-02429027d658','478117C651CB11EA9640479B',NULL,100.000000,NULL,NULL,NULL,NULL,NULL,NULL,NULL,NULL,NULL,NULL,NULL,NULL,'2018-01-30 16:57:55',NULL,'ALL',0,'LIQUIBASE',NULL,'2018-01-30 16:58:27',NULL,1,1,'2020-02-17 13:20:15'),('4a83bff0-51cb-11ea-9640-479b33305416','1e43a152-f84f-4022-a2c6-0c66c86e9e70','fcc33a80-0621-11e8-b4e9-02429027d658','fcc8eed5-0621-11e8-b4e9-02429027d658','bdc2278b-0620-11e8-b4e9-02429027d658','47811A0051CB11EA9640479B',NULL,100.000000,NULL,NULL,NULL,NULL,NULL,NULL,NULL,NULL,NULL,NULL,NULL,NULL,'2018-01-30 16:57:55',NULL,'ALL',0,'LIQUIBASE',NULL,'2018-01-30 16:59:27',NULL,1,1,'2020-02-17 13:20:15'),('4a83c07c-51cb-11ea-9640-479b33305416','1e43a152-f84f-4022-a2c6-0c66c86e9e70','d75f765a-0623-11e8-b4e9-02429027d658','d7665662-0623-11e8-b4e9-02429027d658','bdc2278b-0620-11e8-b4e9-02429027d658','478116B851CB11EA9640479B',NULL,100.000000,NULL,NULL,NULL,NULL,NULL,NULL,NULL,NULL,NULL,NULL,NULL,NULL,'2018-01-30 17:12:21',NULL,'ALL',0,'LIQUIBASE',NULL,'2018-01-30 17:12:44',NULL,1,1,'2020-02-17 13:20:15'),('4a83c0ea-51cb-11ea-9640-479b33305416','1e43a152-f84f-4022-a2c6-0c66c86e9e70','fe1a9acb-0623-11e8-b4e9-02429027d658','fe20c715-0623-11e8-b4e9-02429027d658','bdc2278b-0620-11e8-b4e9-02429027d658','47811C9451CB11EA9640479B',NULL,100.000000,NULL,NULL,NULL,NULL,NULL,NULL,NULL,NULL,NULL,NULL,NULL,NULL,'2018-01-30 17:12:21',NULL,'ALL',0,'LIQUIBASE',NULL,'2018-01-30 17:13:49',NULL,1,1,'2020-02-17 13:20:15'),('4a83c16c-51cb-11ea-9640-479b33305416','1e43a152-f84f-4022-a2c6-0c66c86e9e70','1747a723-0621-11e8-b4e9-02429027d658','174d6edf-0621-11e8-b4e9-02429027d658','bdc2278b-0620-11e8-b4e9-02429027d658','4780F5E851CB11EA9640479B',NULL,100.000000,NULL,NULL,NULL,NULL,NULL,NULL,NULL,NULL,NULL,NULL,NULL,NULL,'2018-01-30 16:51:34',NULL,'ALL',0,'LIQUIBASE',NULL,'2018-01-30 16:53:02',NULL,1,1,'2020-02-17 13:20:15'),('4a83c1e4-51cb-11ea-9640-479b33305416','1e43a152-f84f-4022-a2c6-0c66c86e9e70','f317c198-0620-11e8-b4e9-02429027d658','f31db0a4-0620-11e8-b4e9-02429027d658','bdc2278b-0620-11e8-b4e9-02429027d658','478118E851CB11EA9640479B',NULL,100.000000,NULL,NULL,NULL,NULL,NULL,NULL,NULL,NULL,NULL,NULL,NULL,NULL,'2018-01-30 16:51:34',NULL,'ALL',0,'LIQUIBASE',NULL,'2018-01-30 16:52:02',NULL,1,1,'2020-02-17 13:20:15');
/*!40000 ALTER TABLE `tz_package` ENABLE KEYS */;
UNLOCK TABLES;

--
-- Table structure for table `tz_package_aud`
--

DROP TABLE IF EXISTS `tz_package_aud`;
/*!40101 SET @saved_cs_client     = @@character_set_client */;
/*!40101 SET character_set_client = utf8 */;
CREATE TABLE `tz_package_aud` (
  `rev` int(11) NOT NULL DEFAULT '0',
  `revend` int(11) DEFAULT NULL,
  `revtype` smallint(6) DEFAULT NULL,
  `id` varchar(45) NOT NULL,
  `tenant_id` varchar(45) NOT NULL,
  `invoice_line_id` varchar(45) DEFAULT NULL,
  `product_id` varchar(45) DEFAULT NULL,
  `distributor_id` varchar(45) DEFAULT NULL,
  `package_label` varchar(150) DEFAULT NULL,
  `dispensary_license` varchar(45) DEFAULT NULL,
  `quantity` decimal(16,6) DEFAULT NULL,
  `original_quantity` decimal(16,6) DEFAULT NULL,
  `original_uom` varchar(45) DEFAULT NULL,
  `original_product_volume` decimal(16,6) DEFAULT NULL,
  `original_product_volume_uom` varchar(45) DEFAULT NULL,
  `original_product_weight` decimal(16,6) DEFAULT NULL,
  `original_product_weight_uom` varchar(45) DEFAULT NULL,
  `original_product_uom` varchar(45) DEFAULT NULL,
  `original_category` varchar(45) DEFAULT NULL,
  `original_product_quantity_type` varchar(45) DEFAULT NULL,
  `manifest_number` varchar(45) DEFAULT NULL,
  `lab_testing_state` datetime DEFAULT NULL,
  `harvest_date` datetime DEFAULT NULL,
  `received_date` datetime DEFAULT NULL,
  `expiration_date` datetime DEFAULT NULL,
  `customer_type` varchar(45) NOT NULL DEFAULT 'ALL',
  `is_tracked` tinyint(4) NOT NULL DEFAULT '0',
  `last_user_id` varchar(45) NOT NULL,
  `prev_id` varchar(45) DEFAULT NULL,
  `start_date` datetime NOT NULL,
  `end_date` datetime DEFAULT NULL,
  `current_flag` tinyint(4) NOT NULL DEFAULT '1',
  `version` int(11) DEFAULT NULL,
  `original_start_date` datetime NOT NULL,
  PRIMARY KEY (`rev`,`id`),
  KEY `package_aud_tenant_fk_idx` (`tenant_id`),
  KEY `package_aud_invoice_line_fk_idx` (`invoice_line_id`),
  KEY `package_aud_product_fk_idx` (`product_id`),
  KEY `package_aud_distributor_fk_idx` (`distributor_id`),
  KEY `package_aud_package_idx` (`id`)
) ENGINE=InnoDB DEFAULT CHARSET=utf8;
/*!40101 SET character_set_client = @saved_cs_client */;

--
-- Dumping data for table `tz_package_aud`
--

LOCK TABLES `tz_package_aud` WRITE;
/*!40000 ALTER TABLE `tz_package_aud` DISABLE KEYS */;
INSERT INTO `tz_package_aud` VALUES (1101,NULL,0,'4a83b438-51cb-11ea-9640-479b33305416','1e43a152-f84f-4022-a2c6-0c66c86e9e70','1c99d063-0622-11e8-b4e9-02429027d658','1ca01284-0622-11e8-b4e9-02429027d658','bdc2278b-0620-11e8-b4e9-02429027d658','4780F90851CB11EA9640479B',NULL,100.000000,NULL,NULL,NULL,NULL,NULL,NULL,NULL,NULL,NULL,NULL,NULL,NULL,NULL,NULL,'ALL',0,'LIQUIBASE',NULL,'2018-01-30 17:00:21',NULL,1,1,'2020-02-17 13:20:15'),(1102,NULL,0,'4a83b5dc-51cb-11ea-9640-479b33305416','1e43a152-f84f-4022-a2c6-0c66c86e9e70','2999a5fc-0622-11e8-b4e9-02429027d658','299f0a4e-0622-11e8-b4e9-02429027d658','bdc2278b-0620-11e8-b4e9-02429027d658','4780FA4851CB11EA9640479B',NULL,100.000000,NULL,NULL,NULL,NULL,NULL,NULL,NULL,NULL,NULL,NULL,NULL,NULL,NULL,NULL,'ALL',0,'LIQUIBASE',NULL,'2018-01-30 17:00:43',NULL,1,1,'2020-02-17 13:20:15'),(1103,NULL,0,'4a83b76c-51cb-11ea-9640-479b33305416','1e43a152-f84f-4022-a2c6-0c66c86e9e70','47fe5470-51cb-11ea-9640-479b33305416','7b8a5289-0621-11e8-b4e9-02429027d658','bdc2278b-0620-11e8-b4e9-02429027d658','47FEA81251CB11EA9640479B',NULL,32.857143,NULL,NULL,NULL,NULL,NULL,NULL,NULL,NULL,NULL,NULL,NULL,NULL,NULL,NULL,'ALL',0,'LIQUIBASE',NULL,'2018-01-30 16:55:50',NULL,1,1,'2020-02-17 13:20:15'),(1104,NULL,0,'4a83b816-51cb-11ea-9640-479b33305416','1e43a152-f84f-4022-a2c6-0c66c86e9e70','47fe54c0-51cb-11ea-9640-479b33305416','7b858e91-0621-11e8-b4e9-02429027d658','bdc2278b-0620-11e8-b4e9-02429027d658','47FEB2D051CB11EA9640479B',NULL,16.428571,NULL,NULL,NULL,NULL,NULL,NULL,NULL,NULL,NULL,NULL,NULL,NULL,NULL,NULL,'ALL',0,'LIQUIBASE',NULL,'2018-01-30 16:55:50',NULL,1,1,'2020-02-17 13:20:15'),(1105,NULL,0,'4a83b898-51cb-11ea-9640-479b33305416','1e43a152-f84f-4022-a2c6-0c66c86e9e70','47fe54de-51cb-11ea-9640-479b33305416','7b8f0729-0621-11e8-b4e9-02429027d658','bdc2278b-0620-11e8-b4e9-02429027d658','47FEB4EC51CB11EA9640479B',NULL,65.714286,NULL,NULL,NULL,NULL,NULL,NULL,NULL,NULL,NULL,NULL,NULL,NULL,NULL,NULL,'ALL',0,'LIQUIBASE',NULL,'2018-01-30 16:55:50',NULL,1,1,'2020-02-17 13:20:15'),(1106,NULL,0,'4a83b91a-51cb-11ea-9640-479b33305416','1e43a152-f84f-4022-a2c6-0c66c86e9e70','47fe556a-51cb-11ea-9640-479b33305416','65584695-0621-11e8-b4e9-02429027d658','bdc2278b-0620-11e8-b4e9-02429027d658','47FEAD1251CB11EA9640479B',NULL,16.071429,NULL,NULL,NULL,NULL,NULL,NULL,NULL,NULL,NULL,NULL,NULL,NULL,NULL,NULL,'ALL',0,'LIQUIBASE',NULL,'2018-01-30 16:55:13',NULL,1,1,'2020-02-17 13:20:15'),(1107,NULL,0,'4a83b992-51cb-11ea-9640-479b33305416','1e43a152-f84f-4022-a2c6-0c66c86e9e70','47fe55c4-51cb-11ea-9640-479b33305416','655d9edd-0621-11e8-b4e9-02429027d658','bdc2278b-0620-11e8-b4e9-02429027d658','47FE9FAC51CB11EA9640479B',NULL,32.142857,NULL,NULL,NULL,NULL,NULL,NULL,NULL,NULL,NULL,NULL,NULL,NULL,NULL,NULL,'ALL',0,'LIQUIBASE',NULL,'2018-01-30 16:55:13',NULL,1,1,'2020-02-17 13:20:15'),(1108,NULL,0,'4a83ba00-51cb-11ea-9640-479b33305416','1e43a152-f84f-4022-a2c6-0c66c86e9e70','47fe5682-51cb-11ea-9640-479b33305416','65629d9e-0621-11e8-b4e9-02429027d658','bdc2278b-0620-11e8-b4e9-02429027d658','47FEA21851CB11EA9640479B',NULL,64.285714,NULL,NULL,NULL,NULL,NULL,NULL,NULL,NULL,NULL,NULL,NULL,NULL,NULL,NULL,'ALL',0,'LIQUIBASE',NULL,'2018-01-30 16:55:13',NULL,1,1,'2020-02-17 13:20:15'),(1109,NULL,0,'4a83ba82-51cb-11ea-9640-479b33305416','1e43a152-f84f-4022-a2c6-0c66c86e9e70','65389ee6-0621-11e8-b4e9-02429027d658','6571dfad-0621-11e8-b4e9-02429027d658','bdc2278b-0620-11e8-b4e9-02429027d658','4780FDB851CB11EA9640479B',NULL,128.571429,NULL,NULL,NULL,NULL,NULL,NULL,NULL,NULL,NULL,NULL,NULL,NULL,NULL,NULL,'ALL',0,'LIQUIBASE',NULL,'2018-01-30 16:55:13',NULL,1,1,'2020-02-17 13:20:15'),(1110,NULL,0,'4a83baf0-51cb-11ea-9640-479b33305416','1e43a152-f84f-4022-a2c6-0c66c86e9e70','7b661d6e-0621-11e8-b4e9-02429027d658','7ba12daf-0621-11e8-b4e9-02429027d658','bdc2278b-0620-11e8-b4e9-02429027d658','478104F251CB11EA9640479B',NULL,131.428571,NULL,NULL,NULL,NULL,NULL,NULL,NULL,NULL,NULL,NULL,NULL,NULL,NULL,NULL,'ALL',0,'LIQUIBASE',NULL,'2018-01-30 16:55:50',NULL,1,1,'2020-02-17 13:20:15'),(1111,NULL,0,'4a83bb86-51cb-11ea-9640-479b33305416','1e43a152-f84f-4022-a2c6-0c66c86e9e70','555da1e5-0622-11e8-b4e9-02429027d658','55635efe-0622-11e8-b4e9-02429027d658','bdc2278b-0620-11e8-b4e9-02429027d658','4780FB6A51CB11EA9640479B',NULL,100.000000,NULL,NULL,NULL,NULL,NULL,NULL,NULL,NULL,NULL,NULL,NULL,NULL,NULL,NULL,'ALL',0,'LIQUIBASE',NULL,'2018-01-30 17:01:56',NULL,1,1,'2020-02-17 13:20:15'),(1112,NULL,0,'4a83bbfe-51cb-11ea-9640-479b33305416','1e43a152-f84f-4022-a2c6-0c66c86e9e70','6e2e3e46-0622-11e8-b4e9-02429027d658','6e387b94-0622-11e8-b4e9-02429027d658','bdc2278b-0620-11e8-b4e9-02429027d658','4781033A51CB11EA9640479B',NULL,100.000000,NULL,NULL,NULL,NULL,NULL,NULL,NULL,NULL,NULL,NULL,NULL,NULL,NULL,NULL,'ALL',0,'LIQUIBASE',NULL,'2018-01-30 17:02:38',NULL,1,1,'2020-02-17 13:20:15'),(1113,NULL,0,'4a83bc80-51cb-11ea-9640-479b33305416','1e43a152-f84f-4022-a2c6-0c66c86e9e70','936faa5a-0621-11e8-b4e9-02429027d658','9374f5e3-0621-11e8-b4e9-02429027d658','bdc2278b-0620-11e8-b4e9-02429027d658','47810A7E51CB11EA9640479B',NULL,100.000000,NULL,NULL,NULL,NULL,NULL,NULL,NULL,NULL,NULL,NULL,NULL,NULL,NULL,NULL,'ALL',0,'LIQUIBASE',NULL,'2018-01-30 16:56:31',NULL,1,1,'2020-02-17 13:20:15'),(1114,NULL,0,'4a83bcf8-51cb-11ea-9640-479b33305416','1e43a152-f84f-4022-a2c6-0c66c86e9e70','b29fb17d-0621-11e8-b4e9-02429027d658','b2a581a8-0621-11e8-b4e9-02429027d658','bdc2278b-0620-11e8-b4e9-02429027d658','4781124451CB11EA9640479B',NULL,100.000000,NULL,NULL,NULL,NULL,NULL,NULL,NULL,NULL,NULL,NULL,NULL,NULL,NULL,NULL,'ALL',0,'LIQUIBASE',NULL,'2018-01-30 16:57:23',NULL,1,1,'2020-02-17 13:20:15'),(1115,NULL,0,'4a83bd84-51cb-11ea-9640-479b33305416','1e43a152-f84f-4022-a2c6-0c66c86e9e70','bdc24847-0620-11e8-b4e9-02429027d658','bdcd0f53-0620-11e8-b4e9-02429027d658','bdc2278b-0620-11e8-b4e9-02429027d658','4781147E51CB11EA9640479B',NULL,100.000000,NULL,NULL,NULL,NULL,NULL,NULL,NULL,NULL,NULL,NULL,NULL,NULL,NULL,NULL,'ALL',0,'LIQUIBASE',NULL,'2018-01-30 16:50:32',NULL,1,1,'2020-02-17 13:20:15'),(1116,NULL,0,'4a83bdf2-51cb-11ea-9640-479b33305416','1e43a152-f84f-4022-a2c6-0c66c86e9e70','cd3dc3f5-0620-11e8-b4e9-02429027d658','cd43d375-0620-11e8-b4e9-02429027d658','bdc2278b-0620-11e8-b4e9-02429027d658','478115AA51CB11EA9640479B',NULL,100.000000,NULL,NULL,NULL,NULL,NULL,NULL,NULL,NULL,NULL,NULL,NULL,NULL,NULL,NULL,'ALL',0,'LIQUIBASE',NULL,'2018-01-30 16:50:58',NULL,1,1,'2020-02-17 13:20:15'),(1117,NULL,0,'4a83be7e-51cb-11ea-9640-479b33305416','1e43a152-f84f-4022-a2c6-0c66c86e9e70','a47132ae-0622-11e8-b4e9-02429027d658','a4771e75-0622-11e8-b4e9-02429027d658','bdc2278b-0620-11e8-b4e9-02429027d658','4781103251CB11EA9640479B',NULL,100.000000,NULL,NULL,NULL,NULL,NULL,NULL,NULL,NULL,NULL,NULL,NULL,NULL,NULL,NULL,'ALL',0,'LIQUIBASE',NULL,'2018-01-30 17:04:09',NULL,1,1,'2020-02-17 13:20:15'),(1118,NULL,0,'4a83bef6-51cb-11ea-9640-479b33305416','1e43a152-f84f-4022-a2c6-0c66c86e9e70','b5471f7b-0622-11e8-b4e9-02429027d658','b54ce528-0622-11e8-b4e9-02429027d658','bdc2278b-0620-11e8-b4e9-02429027d658','4781136651CB11EA9640479B',NULL,100.000000,NULL,NULL,NULL,NULL,NULL,NULL,NULL,NULL,NULL,NULL,NULL,NULL,NULL,NULL,'ALL',0,'LIQUIBASE',NULL,'2018-01-30 17:04:37',NULL,1,1,'2020-02-17 13:20:15'),(1119,NULL,0,'4a83bf78-51cb-11ea-9640-479b33305416','1e43a152-f84f-4022-a2c6-0c66c86e9e70','d87ddd09-0621-11e8-b4e9-02429027d658','d883cb46-0621-11e8-b4e9-02429027d658','bdc2278b-0620-11e8-b4e9-02429027d658','478117C651CB11EA9640479B',NULL,100.000000,NULL,NULL,NULL,NULL,NULL,NULL,NULL,NULL,NULL,NULL,NULL,NULL,NULL,NULL,'ALL',0,'LIQUIBASE',NULL,'2018-01-30 16:58:27',NULL,1,1,'2020-02-17 13:20:15'),(1120,NULL,0,'4a83bff0-51cb-11ea-9640-479b33305416','1e43a152-f84f-4022-a2c6-0c66c86e9e70','fcc33a80-0621-11e8-b4e9-02429027d658','fcc8eed5-0621-11e8-b4e9-02429027d658','bdc2278b-0620-11e8-b4e9-02429027d658','47811A0051CB11EA9640479B',NULL,100.000000,NULL,NULL,NULL,NULL,NULL,NULL,NULL,NULL,NULL,NULL,NULL,NULL,NULL,NULL,'ALL',0,'LIQUIBASE',NULL,'2018-01-30 16:59:27',NULL,1,1,'2020-02-17 13:20:15'),(1121,NULL,0,'4a83c07c-51cb-11ea-9640-479b33305416','1e43a152-f84f-4022-a2c6-0c66c86e9e70','d75f765a-0623-11e8-b4e9-02429027d658','d7665662-0623-11e8-b4e9-02429027d658','bdc2278b-0620-11e8-b4e9-02429027d658','478116B851CB11EA9640479B',NULL,100.000000,NULL,NULL,NULL,NULL,NULL,NULL,NULL,NULL,NULL,NULL,NULL,NULL,NULL,NULL,'ALL',0,'LIQUIBASE',NULL,'2018-01-30 17:12:44',NULL,1,1,'2020-02-17 13:20:15'),(1122,NULL,0,'4a83c0ea-51cb-11ea-9640-479b33305416','1e43a152-f84f-4022-a2c6-0c66c86e9e70','fe1a9acb-0623-11e8-b4e9-02429027d658','fe20c715-0623-11e8-b4e9-02429027d658','bdc2278b-0620-11e8-b4e9-02429027d658','47811C9451CB11EA9640479B',NULL,100.000000,NULL,NULL,NULL,NULL,NULL,NULL,NULL,NULL,NULL,NULL,NULL,NULL,NULL,NULL,'ALL',0,'LIQUIBASE',NULL,'2018-01-30 17:13:49',NULL,1,1,'2020-02-17 13:20:15'),(1123,NULL,0,'4a83c16c-51cb-11ea-9640-479b33305416','1e43a152-f84f-4022-a2c6-0c66c86e9e70','1747a723-0621-11e8-b4e9-02429027d658','174d6edf-0621-11e8-b4e9-02429027d658','bdc2278b-0620-11e8-b4e9-02429027d658','4780F5E851CB11EA9640479B',NULL,100.000000,NULL,NULL,NULL,NULL,NULL,NULL,NULL,NULL,NULL,NULL,NULL,NULL,NULL,NULL,'ALL',0,'LIQUIBASE',NULL,'2018-01-30 16:53:02',NULL,1,1,'2020-02-17 13:20:15'),(1124,NULL,0,'4a83c1e4-51cb-11ea-9640-479b33305416','1e43a152-f84f-4022-a2c6-0c66c86e9e70','f317c198-0620-11e8-b4e9-02429027d658','f31db0a4-0620-11e8-b4e9-02429027d658','bdc2278b-0620-11e8-b4e9-02429027d658','478118E851CB11EA9640479B',NULL,100.000000,NULL,NULL,NULL,NULL,NULL,NULL,NULL,NULL,NULL,NULL,NULL,NULL,NULL,NULL,'ALL',0,'LIQUIBASE',NULL,'2018-01-30 16:52:02',NULL,1,1,'2020-02-17 13:20:15');
/*!40000 ALTER TABLE `tz_package_aud` ENABLE KEYS */;
UNLOCK TABLES;

--
-- Table structure for table `tz_price_flat`
--

DROP TABLE IF EXISTS `tz_price_flat`;
/*!40101 SET @saved_cs_client     = @@character_set_client */;
/*!40101 SET character_set_client = utf8 */;
CREATE TABLE `tz_price_flat` (
  `id` varchar(45) NOT NULL,
  `tenant_id` varchar(45) NOT NULL,
  `product_id` varchar(45) NOT NULL,
  `price` decimal(16,6) NOT NULL COMMENT '\nList price excluding discounts',
  `customer` varchar(255) DEFAULT NULL COMMENT 'BLANK - Default\nCustomer Group Pricing is applied to',
  `unit` varchar(45) DEFAULT NULL COMMENT 'EACH - basic pricing\nGRAM - per gram pricing',
  `prev_id` varchar(45) DEFAULT NULL,
  `start_date` datetime NOT NULL COMMENT '	',
  `end_date` datetime DEFAULT NULL,
  `current_flag` tinyint(4) NOT NULL DEFAULT '1',
  `version` int(11) NOT NULL,
  `original_start_date` datetime NOT NULL,
  `last_user_id` varchar(45) NOT NULL,
  PRIMARY KEY (`id`),
  KEY `product_price_location_idx` (`tenant_id`),
  KEY `tz_price_flat_product_reference_idx` (`product_id`),
  KEY `ref_id` (`tenant_id`,`current_flag`),
  KEY `price_flat_product` (`product_id`,`tenant_id`,`current_flag`),
  CONSTRAINT `tz_price_flat_product_reference` FOREIGN KEY (`product_id`) REFERENCES `tz_product` (`id`) ON DELETE NO ACTION ON UPDATE NO ACTION,
  CONSTRAINT `tz_price_flat_tenant_reference` FOREIGN KEY (`tenant_id`) REFERENCES `tz_tenant` (`id`) ON DELETE NO ACTION ON UPDATE NO ACTION
) ENGINE=InnoDB DEFAULT CHARSET=utf8 COMMENT='Flat pricing ';
/*!40101 SET character_set_client = @saved_cs_client */;

--
-- Dumping data for table `tz_price_flat`
--

LOCK TABLES `tz_price_flat` WRITE;
/*!40000 ALTER TABLE `tz_price_flat` DISABLE KEYS */;
INSERT INTO `tz_price_flat` VALUES ('476eaafa-51cb-11ea-9640-479b33305416','1e43a152-f84f-4022-a2c6-0c66c86e9e70','174d6edf-0621-11e8-b4e9-02429027d658',60.000000,NULL,NULL,NULL,'2000-01-01 00:00:00',NULL,1,1,'2000-01-01 00:00:00','LIQUIBASE'),('476eacb2-51cb-11ea-9640-479b33305416','1e43a152-f84f-4022-a2c6-0c66c86e9e70','1ca01284-0622-11e8-b4e9-02429027d658',40.000000,NULL,NULL,NULL,'2000-01-01 00:00:00',NULL,1,1,'2000-01-01 00:00:00','LIQUIBASE'),('476eadb6-51cb-11ea-9640-479b33305416','1e43a152-f84f-4022-a2c6-0c66c86e9e70','299f0a4e-0622-11e8-b4e9-02429027d658',60.000000,NULL,NULL,NULL,'2000-01-01 00:00:00',NULL,1,1,'2000-01-01 00:00:00','LIQUIBASE'),('476eae74-51cb-11ea-9640-479b33305416','1e43a152-f84f-4022-a2c6-0c66c86e9e70','55635efe-0622-11e8-b4e9-02429027d658',50.000000,NULL,NULL,NULL,'2000-01-01 00:00:00',NULL,1,1,'2000-01-01 00:00:00','LIQUIBASE'),('476eaf1e-51cb-11ea-9640-479b33305416','1e43a152-f84f-4022-a2c6-0c66c86e9e70','653e9730-0621-11e8-b4e9-02429027d658',30.000000,NULL,NULL,NULL,'2000-01-01 00:00:00',NULL,1,1,'2000-01-01 00:00:00','LIQUIBASE'),('476eb022-51cb-11ea-9640-479b33305416','1e43a152-f84f-4022-a2c6-0c66c86e9e70','6544372d-0621-11e8-b4e9-02429027d658',40.000000,NULL,NULL,NULL,'2000-01-01 00:00:00',NULL,1,1,'2000-01-01 00:00:00','LIQUIBASE'),('476eb0c2-51cb-11ea-9640-479b33305416','1e43a152-f84f-4022-a2c6-0c66c86e9e70','6549952e-0621-11e8-b4e9-02429027d658',10.000000,NULL,NULL,NULL,'2000-01-01 00:00:00',NULL,1,1,'2000-01-01 00:00:00','LIQUIBASE'),('476eb14e-51cb-11ea-9640-479b33305416','1e43a152-f84f-4022-a2c6-0c66c86e9e70','654e9171-0621-11e8-b4e9-02429027d658',15.000000,NULL,NULL,NULL,'2000-01-01 00:00:00',NULL,1,1,'2000-01-01 00:00:00','LIQUIBASE'),('476eb1ee-51cb-11ea-9640-479b33305416','1e43a152-f84f-4022-a2c6-0c66c86e9e70','65539712-0621-11e8-b4e9-02429027d658',20.000000,NULL,NULL,NULL,'2000-01-01 00:00:00',NULL,1,1,'2000-01-01 00:00:00','LIQUIBASE'),('476eb27a-51cb-11ea-9640-479b33305416','1e43a152-f84f-4022-a2c6-0c66c86e9e70','65584695-0621-11e8-b4e9-02429027d658',360.000000,NULL,NULL,NULL,'2000-01-01 00:00:00',NULL,1,1,'2000-01-01 00:00:00','LIQUIBASE'),('476eb306-51cb-11ea-9640-479b33305416','1e43a152-f84f-4022-a2c6-0c66c86e9e70','655d9edd-0621-11e8-b4e9-02429027d658',210.000000,NULL,NULL,NULL,'2000-01-01 00:00:00',NULL,1,1,'2000-01-01 00:00:00','LIQUIBASE'),('476eb3ce-51cb-11ea-9640-479b33305416','1e43a152-f84f-4022-a2c6-0c66c86e9e70','65629d9e-0621-11e8-b4e9-02429027d658',110.000000,NULL,NULL,NULL,'2000-01-01 00:00:00',NULL,1,1,'2000-01-01 00:00:00','LIQUIBASE'),('476eb46e-51cb-11ea-9640-479b33305416','1e43a152-f84f-4022-a2c6-0c66c86e9e70','6567be28-0621-11e8-b4e9-02429027d658',60.000000,NULL,NULL,NULL,'2000-01-01 00:00:00',NULL,1,1,'2000-01-01 00:00:00','LIQUIBASE'),('476eb4fa-51cb-11ea-9640-479b33305416','1e43a152-f84f-4022-a2c6-0c66c86e9e70','6571dfad-0621-11e8-b4e9-02429027d658',20.000000,NULL,NULL,NULL,'2000-01-01 00:00:00',NULL,1,1,'2000-01-01 00:00:00','LIQUIBASE'),('476eb586-51cb-11ea-9640-479b33305416','1e43a152-f84f-4022-a2c6-0c66c86e9e70','6e387b94-0622-11e8-b4e9-02429027d658',50.000000,NULL,NULL,NULL,'2000-01-01 00:00:00',NULL,1,1,'2000-01-01 00:00:00','LIQUIBASE'),('476eb61c-51cb-11ea-9640-479b33305416','1e43a152-f84f-4022-a2c6-0c66c86e9e70','7b6c346c-0621-11e8-b4e9-02429027d658',30.000000,NULL,NULL,NULL,'2000-01-01 00:00:00',NULL,1,1,'2000-01-01 00:00:00','LIQUIBASE'),('476eb6a8-51cb-11ea-9640-479b33305416','1e43a152-f84f-4022-a2c6-0c66c86e9e70','7b71e939-0621-11e8-b4e9-02429027d658',40.000000,NULL,NULL,NULL,'2000-01-01 00:00:00',NULL,1,1,'2000-01-01 00:00:00','LIQUIBASE'),('476eb77a-51cb-11ea-9640-479b33305416','1e43a152-f84f-4022-a2c6-0c66c86e9e70','7b76be1f-0621-11e8-b4e9-02429027d658',10.000000,NULL,NULL,NULL,'2000-01-01 00:00:00',NULL,1,1,'2000-01-01 00:00:00','LIQUIBASE'),('476eb810-51cb-11ea-9640-479b33305416','1e43a152-f84f-4022-a2c6-0c66c86e9e70','7b7bbca8-0621-11e8-b4e9-02429027d658',15.000000,NULL,NULL,NULL,'2000-01-01 00:00:00',NULL,1,1,'2000-01-01 00:00:00','LIQUIBASE'),('476eb89c-51cb-11ea-9640-479b33305416','1e43a152-f84f-4022-a2c6-0c66c86e9e70','7b80bca1-0621-11e8-b4e9-02429027d658',20.000000,NULL,NULL,NULL,'2000-01-01 00:00:00',NULL,1,1,'2000-01-01 00:00:00','LIQUIBASE'),('476eb932-51cb-11ea-9640-479b33305416','1e43a152-f84f-4022-a2c6-0c66c86e9e70','7b858e91-0621-11e8-b4e9-02429027d658',230.000000,NULL,NULL,NULL,'2000-01-01 00:00:00',NULL,1,1,'2000-01-01 00:00:00','LIQUIBASE'),('476eb9be-51cb-11ea-9640-479b33305416','1e43a152-f84f-4022-a2c6-0c66c86e9e70','7b8a5289-0621-11e8-b4e9-02429027d658',130.000000,NULL,NULL,NULL,'2000-01-01 00:00:00',NULL,1,1,'2000-01-01 00:00:00','LIQUIBASE'),('476eba4a-51cb-11ea-9640-479b33305416','1e43a152-f84f-4022-a2c6-0c66c86e9e70','7b8f0729-0621-11e8-b4e9-02429027d658',70.000000,NULL,NULL,NULL,'2000-01-01 00:00:00',NULL,1,1,'2000-01-01 00:00:00','LIQUIBASE'),('476ebb12-51cb-11ea-9640-479b33305416','1e43a152-f84f-4022-a2c6-0c66c86e9e70','7b9406c0-0621-11e8-b4e9-02429027d658',40.000000,NULL,NULL,NULL,'2000-01-01 00:00:00',NULL,1,1,'2000-01-01 00:00:00','LIQUIBASE'),('476ebba8-51cb-11ea-9640-479b33305416','1e43a152-f84f-4022-a2c6-0c66c86e9e70','7ba12daf-0621-11e8-b4e9-02429027d658',12.000000,NULL,NULL,NULL,'2000-01-01 00:00:00',NULL,1,1,'2000-01-01 00:00:00','LIQUIBASE'),('476ebc3e-51cb-11ea-9640-479b33305416','1e43a152-f84f-4022-a2c6-0c66c86e9e70','9374f5e3-0621-11e8-b4e9-02429027d658',20.000000,NULL,NULL,NULL,'2000-01-01 00:00:00',NULL,1,1,'2000-01-01 00:00:00','LIQUIBASE'),('476ebcca-51cb-11ea-9640-479b33305416','1e43a152-f84f-4022-a2c6-0c66c86e9e70','a4771e75-0622-11e8-b4e9-02429027d658',70.000000,NULL,NULL,NULL,'2000-01-01 00:00:00',NULL,1,1,'2000-01-01 00:00:00','LIQUIBASE'),('476ebd56-51cb-11ea-9640-479b33305416','1e43a152-f84f-4022-a2c6-0c66c86e9e70','b2a581a8-0621-11e8-b4e9-02429027d658',20.000000,NULL,NULL,NULL,'2000-01-01 00:00:00',NULL,1,1,'2000-01-01 00:00:00','LIQUIBASE'),('476ebde2-51cb-11ea-9640-479b33305416','1e43a152-f84f-4022-a2c6-0c66c86e9e70','b54ce528-0622-11e8-b4e9-02429027d658',90.000000,NULL,NULL,NULL,'2000-01-01 00:00:00',NULL,1,1,'2000-01-01 00:00:00','LIQUIBASE'),('476ebeaa-51cb-11ea-9640-479b33305416','1e43a152-f84f-4022-a2c6-0c66c86e9e70','bdcd0f53-0620-11e8-b4e9-02429027d658',100.000000,NULL,NULL,NULL,'2000-01-01 00:00:00',NULL,1,1,'2000-01-01 00:00:00','LIQUIBASE'),('476ebf40-51cb-11ea-9640-479b33305416','1e43a152-f84f-4022-a2c6-0c66c86e9e70','cd43d375-0620-11e8-b4e9-02429027d658',80.000000,NULL,NULL,NULL,'2000-01-01 00:00:00',NULL,1,1,'2000-01-01 00:00:00','LIQUIBASE'),('476ebfcc-51cb-11ea-9640-479b33305416','1e43a152-f84f-4022-a2c6-0c66c86e9e70','crumb',0.000000,NULL,NULL,NULL,'2000-01-01 00:00:00',NULL,1,1,'2000-01-01 00:00:00','LIQUIBASE'),('476ec062-51cb-11ea-9640-479b33305416','1e43a152-f84f-4022-a2c6-0c66c86e9e70','crumb preroll 0.5g',10.000000,NULL,NULL,NULL,'2000-01-01 00:00:00',NULL,1,1,'2000-01-01 00:00:00','LIQUIBASE'),('476ec0f8-51cb-11ea-9640-479b33305416','1e43a152-f84f-4022-a2c6-0c66c86e9e70','crumb preroll 1.5g',20.000000,NULL,NULL,NULL,'2000-01-01 00:00:00',NULL,1,1,'2000-01-01 00:00:00','LIQUIBASE'),('476ec18e-51cb-11ea-9640-479b33305416','1e43a152-f84f-4022-a2c6-0c66c86e9e70','crumb preroll 1g',15.000000,NULL,NULL,NULL,'2000-01-01 00:00:00',NULL,1,1,'2000-01-01 00:00:00','LIQUIBASE'),('476ec260-51cb-11ea-9640-479b33305416','1e43a152-f84f-4022-a2c6-0c66c86e9e70','crumb35',40.000000,NULL,NULL,NULL,'2000-01-01 00:00:00',NULL,1,1,'2000-01-01 00:00:00','LIQUIBASE'),('476ec2f6-51cb-11ea-9640-479b33305416','1e43a152-f84f-4022-a2c6-0c66c86e9e70','d7665662-0623-11e8-b4e9-02429027d658',100.000000,NULL,NULL,NULL,'2000-01-01 00:00:00',NULL,1,1,'2000-01-01 00:00:00','LIQUIBASE'),('476ec38c-51cb-11ea-9640-479b33305416','1e43a152-f84f-4022-a2c6-0c66c86e9e70','d883cb46-0621-11e8-b4e9-02429027d658',20.000000,NULL,NULL,NULL,'2000-01-01 00:00:00',NULL,1,1,'2000-01-01 00:00:00','LIQUIBASE'),('476ec418-51cb-11ea-9640-479b33305416','1e43a152-f84f-4022-a2c6-0c66c86e9e70','e7fdeccc-679f-11e9-9c85-510c48478add',0.000000,NULL,NULL,NULL,'2000-01-01 00:00:00',NULL,1,1,'2000-01-01 00:00:00','LIQUIBASE'),('476ec4a4-51cb-11ea-9640-479b33305416','1e43a152-f84f-4022-a2c6-0c66c86e9e70','f31db0a4-0620-11e8-b4e9-02429027d658',30.000000,NULL,NULL,NULL,'2000-01-01 00:00:00',NULL,1,1,'2000-01-01 00:00:00','LIQUIBASE'),('476ec53a-51cb-11ea-9640-479b33305416','1e43a152-f84f-4022-a2c6-0c66c86e9e70','fcc8eed5-0621-11e8-b4e9-02429027d658',30.000000,NULL,NULL,NULL,'2000-01-01 00:00:00',NULL,1,1,'2000-01-01 00:00:00','LIQUIBASE'),('476ec5f8-51cb-11ea-9640-479b33305416','1e43a152-f84f-4022-a2c6-0c66c86e9e70','fe20c715-0623-11e8-b4e9-02429027d658',120.000000,NULL,NULL,NULL,'2000-01-01 00:00:00',NULL,1,1,'2000-01-01 00:00:00','LIQUIBASE'),('476ec698-51cb-11ea-9640-479b33305416','1e43a152-f84f-4022-a2c6-0c66c86e9e70','shake',0.000000,NULL,NULL,NULL,'2000-01-01 00:00:00',NULL,1,1,'2000-01-01 00:00:00','LIQUIBASE'),('476ec724-51cb-11ea-9640-479b33305416','1e43a152-f84f-4022-a2c6-0c66c86e9e70','shake preroll 0.5g',10.000000,NULL,NULL,NULL,'2000-01-01 00:00:00',NULL,1,1,'2000-01-01 00:00:00','LIQUIBASE'),('476ec7b0-51cb-11ea-9640-479b33305416','1e43a152-f84f-4022-a2c6-0c66c86e9e70','shake preroll 1.5g',20.000000,NULL,NULL,NULL,'2000-01-01 00:00:00',NULL,1,1,'2000-01-01 00:00:00','LIQUIBASE'),('476ec846-51cb-11ea-9640-479b33305416','1e43a152-f84f-4022-a2c6-0c66c86e9e70','shake preroll 1g',15.000000,NULL,NULL,NULL,'2000-01-01 00:00:00',NULL,1,1,'2000-01-01 00:00:00','LIQUIBASE'),('476ec8d2-51cb-11ea-9640-479b33305416','1e43a152-f84f-4022-a2c6-0c66c86e9e70','shake35',30.000000,NULL,NULL,NULL,'2000-01-01 00:00:00',NULL,1,1,'2000-01-01 00:00:00','LIQUIBASE');
/*!40000 ALTER TABLE `tz_price_flat` ENABLE KEYS */;
UNLOCK TABLES;

--
-- Table structure for table `tz_price_flat_aud`
--

DROP TABLE IF EXISTS `tz_price_flat_aud`;
/*!40101 SET @saved_cs_client     = @@character_set_client */;
/*!40101 SET character_set_client = utf8 */;
CREATE TABLE `tz_price_flat_aud` (
  `rev` int(11) NOT NULL DEFAULT '0',
  `revend` int(11) DEFAULT NULL,
  `revtype` smallint(6) DEFAULT NULL,
  `id` varchar(45) NOT NULL,
  `tenant_id` varchar(45) NOT NULL,
  `product_id` varchar(45) NOT NULL,
  `price` decimal(16,6) NOT NULL COMMENT '\nList price excluding discounts',
  `customer` varchar(255) DEFAULT NULL COMMENT 'BLANK - Default\nCustomer Group Pricing is applied to',
  `unit` varchar(45) DEFAULT NULL COMMENT 'EACH - basic pricing\nGRAM - per gram pricing',
  `prev_id` varchar(45) DEFAULT NULL,
  `start_date` datetime NOT NULL COMMENT '	',
  `end_date` datetime DEFAULT NULL,
  `current_flag` tinyint(4) NOT NULL DEFAULT '1',
  `version` int(11) DEFAULT NULL,
  `original_start_date` datetime NOT NULL,
  `last_user_id` varchar(45) NOT NULL,
  PRIMARY KEY (`rev`,`id`),
  KEY `price_flat_aud_price_flat_idx` (`id`),
  KEY `price_flat_aud_tenant_idx` (`tenant_id`),
  KEY `price_flat_aud_product_idx` (`product_id`)
) ENGINE=InnoDB DEFAULT CHARSET=utf8;
/*!40101 SET character_set_client = @saved_cs_client */;

--
-- Dumping data for table `tz_price_flat_aud`
--

LOCK TABLES `tz_price_flat_aud` WRITE;
/*!40000 ALTER TABLE `tz_price_flat_aud` DISABLE KEYS */;
INSERT INTO `tz_price_flat_aud` VALUES (285,NULL,0,'476eaafa-51cb-11ea-9640-479b33305416','1e43a152-f84f-4022-a2c6-0c66c86e9e70','174d6edf-0621-11e8-b4e9-02429027d658',60.000000,NULL,NULL,NULL,'2000-01-01 00:00:00',NULL,1,1,'2000-01-01 00:00:00','LIQUIBASE'),(286,NULL,0,'476eacb2-51cb-11ea-9640-479b33305416','1e43a152-f84f-4022-a2c6-0c66c86e9e70','1ca01284-0622-11e8-b4e9-02429027d658',40.000000,NULL,NULL,NULL,'2000-01-01 00:00:00',NULL,1,1,'2000-01-01 00:00:00','LIQUIBASE'),(287,NULL,0,'476eadb6-51cb-11ea-9640-479b33305416','1e43a152-f84f-4022-a2c6-0c66c86e9e70','299f0a4e-0622-11e8-b4e9-02429027d658',60.000000,NULL,NULL,NULL,'2000-01-01 00:00:00',NULL,1,1,'2000-01-01 00:00:00','LIQUIBASE'),(288,NULL,0,'476eae74-51cb-11ea-9640-479b33305416','1e43a152-f84f-4022-a2c6-0c66c86e9e70','55635efe-0622-11e8-b4e9-02429027d658',50.000000,NULL,NULL,NULL,'2000-01-01 00:00:00',NULL,1,1,'2000-01-01 00:00:00','LIQUIBASE'),(289,NULL,0,'476eaf1e-51cb-11ea-9640-479b33305416','1e43a152-f84f-4022-a2c6-0c66c86e9e70','653e9730-0621-11e8-b4e9-02429027d658',30.000000,NULL,NULL,NULL,'2000-01-01 00:00:00',NULL,1,1,'2000-01-01 00:00:00','LIQUIBASE'),(290,NULL,0,'476eb022-51cb-11ea-9640-479b33305416','1e43a152-f84f-4022-a2c6-0c66c86e9e70','6544372d-0621-11e8-b4e9-02429027d658',40.000000,NULL,NULL,NULL,'2000-01-01 00:00:00',NULL,1,1,'2000-01-01 00:00:00','LIQUIBASE'),(291,NULL,0,'476eb0c2-51cb-11ea-9640-479b33305416','1e43a152-f84f-4022-a2c6-0c66c86e9e70','6549952e-0621-11e8-b4e9-02429027d658',10.000000,NULL,NULL,NULL,'2000-01-01 00:00:00',NULL,1,1,'2000-01-01 00:00:00','LIQUIBASE'),(292,NULL,0,'476eb14e-51cb-11ea-9640-479b33305416','1e43a152-f84f-4022-a2c6-0c66c86e9e70','654e9171-0621-11e8-b4e9-02429027d658',15.000000,NULL,NULL,NULL,'2000-01-01 00:00:00',NULL,1,1,'2000-01-01 00:00:00','LIQUIBASE'),(293,NULL,0,'476eb1ee-51cb-11ea-9640-479b33305416','1e43a152-f84f-4022-a2c6-0c66c86e9e70','65539712-0621-11e8-b4e9-02429027d658',20.000000,NULL,NULL,NULL,'2000-01-01 00:00:00',NULL,1,1,'2000-01-01 00:00:00','LIQUIBASE'),(294,NULL,0,'476eb27a-51cb-11ea-9640-479b33305416','1e43a152-f84f-4022-a2c6-0c66c86e9e70','65584695-0621-11e8-b4e9-02429027d658',360.000000,NULL,NULL,NULL,'2000-01-01 00:00:00',NULL,1,1,'2000-01-01 00:00:00','LIQUIBASE'),(295,NULL,0,'476eb306-51cb-11ea-9640-479b33305416','1e43a152-f84f-4022-a2c6-0c66c86e9e70','655d9edd-0621-11e8-b4e9-02429027d658',210.000000,NULL,NULL,NULL,'2000-01-01 00:00:00',NULL,1,1,'2000-01-01 00:00:00','LIQUIBASE'),(296,NULL,0,'476eb3ce-51cb-11ea-9640-479b33305416','1e43a152-f84f-4022-a2c6-0c66c86e9e70','65629d9e-0621-11e8-b4e9-02429027d658',110.000000,NULL,NULL,NULL,'2000-01-01 00:00:00',NULL,1,1,'2000-01-01 00:00:00','LIQUIBASE'),(297,NULL,0,'476eb46e-51cb-11ea-9640-479b33305416','1e43a152-f84f-4022-a2c6-0c66c86e9e70','6567be28-0621-11e8-b4e9-02429027d658',60.000000,NULL,NULL,NULL,'2000-01-01 00:00:00',NULL,1,1,'2000-01-01 00:00:00','LIQUIBASE'),(298,NULL,0,'476eb4fa-51cb-11ea-9640-479b33305416','1e43a152-f84f-4022-a2c6-0c66c86e9e70','6571dfad-0621-11e8-b4e9-02429027d658',20.000000,NULL,NULL,NULL,'2000-01-01 00:00:00',NULL,1,1,'2000-01-01 00:00:00','LIQUIBASE'),(299,NULL,0,'476eb586-51cb-11ea-9640-479b33305416','1e43a152-f84f-4022-a2c6-0c66c86e9e70','6e387b94-0622-11e8-b4e9-02429027d658',50.000000,NULL,NULL,NULL,'2000-01-01 00:00:00',NULL,1,1,'2000-01-01 00:00:00','LIQUIBASE'),(300,NULL,0,'476eb61c-51cb-11ea-9640-479b33305416','1e43a152-f84f-4022-a2c6-0c66c86e9e70','7b6c346c-0621-11e8-b4e9-02429027d658',30.000000,NULL,NULL,NULL,'2000-01-01 00:00:00',NULL,1,1,'2000-01-01 00:00:00','LIQUIBASE'),(301,NULL,0,'476eb6a8-51cb-11ea-9640-479b33305416','1e43a152-f84f-4022-a2c6-0c66c86e9e70','7b71e939-0621-11e8-b4e9-02429027d658',40.000000,NULL,NULL,NULL,'2000-01-01 00:00:00',NULL,1,1,'2000-01-01 00:00:00','LIQUIBASE'),(302,NULL,0,'476eb77a-51cb-11ea-9640-479b33305416','1e43a152-f84f-4022-a2c6-0c66c86e9e70','7b76be1f-0621-11e8-b4e9-02429027d658',10.000000,NULL,NULL,NULL,'2000-01-01 00:00:00',NULL,1,1,'2000-01-01 00:00:00','LIQUIBASE'),(303,NULL,0,'476eb810-51cb-11ea-9640-479b33305416','1e43a152-f84f-4022-a2c6-0c66c86e9e70','7b7bbca8-0621-11e8-b4e9-02429027d658',15.000000,NULL,NULL,NULL,'2000-01-01 00:00:00',NULL,1,1,'2000-01-01 00:00:00','LIQUIBASE'),(304,NULL,0,'476eb89c-51cb-11ea-9640-479b33305416','1e43a152-f84f-4022-a2c6-0c66c86e9e70','7b80bca1-0621-11e8-b4e9-02429027d658',20.000000,NULL,NULL,NULL,'2000-01-01 00:00:00',NULL,1,1,'2000-01-01 00:00:00','LIQUIBASE'),(305,NULL,0,'476eb932-51cb-11ea-9640-479b33305416','1e43a152-f84f-4022-a2c6-0c66c86e9e70','7b858e91-0621-11e8-b4e9-02429027d658',230.000000,NULL,NULL,NULL,'2000-01-01 00:00:00',NULL,1,1,'2000-01-01 00:00:00','LIQUIBASE'),(306,NULL,0,'476eb9be-51cb-11ea-9640-479b33305416','1e43a152-f84f-4022-a2c6-0c66c86e9e70','7b8a5289-0621-11e8-b4e9-02429027d658',130.000000,NULL,NULL,NULL,'2000-01-01 00:00:00',NULL,1,1,'2000-01-01 00:00:00','LIQUIBASE'),(307,NULL,0,'476eba4a-51cb-11ea-9640-479b33305416','1e43a152-f84f-4022-a2c6-0c66c86e9e70','7b8f0729-0621-11e8-b4e9-02429027d658',70.000000,NULL,NULL,NULL,'2000-01-01 00:00:00',NULL,1,1,'2000-01-01 00:00:00','LIQUIBASE'),(308,NULL,0,'476ebb12-51cb-11ea-9640-479b33305416','1e43a152-f84f-4022-a2c6-0c66c86e9e70','7b9406c0-0621-11e8-b4e9-02429027d658',40.000000,NULL,NULL,NULL,'2000-01-01 00:00:00',NULL,1,1,'2000-01-01 00:00:00','LIQUIBASE'),(309,NULL,0,'476ebba8-51cb-11ea-9640-479b33305416','1e43a152-f84f-4022-a2c6-0c66c86e9e70','7ba12daf-0621-11e8-b4e9-02429027d658',12.000000,NULL,NULL,NULL,'2000-01-01 00:00:00',NULL,1,1,'2000-01-01 00:00:00','LIQUIBASE'),(310,NULL,0,'476ebc3e-51cb-11ea-9640-479b33305416','1e43a152-f84f-4022-a2c6-0c66c86e9e70','9374f5e3-0621-11e8-b4e9-02429027d658',20.000000,NULL,NULL,NULL,'2000-01-01 00:00:00',NULL,1,1,'2000-01-01 00:00:00','LIQUIBASE'),(311,NULL,0,'476ebcca-51cb-11ea-9640-479b33305416','1e43a152-f84f-4022-a2c6-0c66c86e9e70','a4771e75-0622-11e8-b4e9-02429027d658',70.000000,NULL,NULL,NULL,'2000-01-01 00:00:00',NULL,1,1,'2000-01-01 00:00:00','LIQUIBASE'),(312,NULL,0,'476ebd56-51cb-11ea-9640-479b33305416','1e43a152-f84f-4022-a2c6-0c66c86e9e70','b2a581a8-0621-11e8-b4e9-02429027d658',20.000000,NULL,NULL,NULL,'2000-01-01 00:00:00',NULL,1,1,'2000-01-01 00:00:00','LIQUIBASE'),(313,NULL,0,'476ebde2-51cb-11ea-9640-479b33305416','1e43a152-f84f-4022-a2c6-0c66c86e9e70','b54ce528-0622-11e8-b4e9-02429027d658',90.000000,NULL,NULL,NULL,'2000-01-01 00:00:00',NULL,1,1,'2000-01-01 00:00:00','LIQUIBASE'),(314,NULL,0,'476ebeaa-51cb-11ea-9640-479b33305416','1e43a152-f84f-4022-a2c6-0c66c86e9e70','bdcd0f53-0620-11e8-b4e9-02429027d658',100.000000,NULL,NULL,NULL,'2000-01-01 00:00:00',NULL,1,1,'2000-01-01 00:00:00','LIQUIBASE'),(315,NULL,0,'476ebf40-51cb-11ea-9640-479b33305416','1e43a152-f84f-4022-a2c6-0c66c86e9e70','cd43d375-0620-11e8-b4e9-02429027d658',80.000000,NULL,NULL,NULL,'2000-01-01 00:00:00',NULL,1,1,'2000-01-01 00:00:00','LIQUIBASE'),(316,NULL,0,'476ebfcc-51cb-11ea-9640-479b33305416','1e43a152-f84f-4022-a2c6-0c66c86e9e70','crumb',0.000000,NULL,NULL,NULL,'2000-01-01 00:00:00',NULL,1,1,'2000-01-01 00:00:00','LIQUIBASE'),(317,NULL,0,'476ec062-51cb-11ea-9640-479b33305416','1e43a152-f84f-4022-a2c6-0c66c86e9e70','crumb preroll 0.5g',10.000000,NULL,NULL,NULL,'2000-01-01 00:00:00',NULL,1,1,'2000-01-01 00:00:00','LIQUIBASE'),(318,NULL,0,'476ec0f8-51cb-11ea-9640-479b33305416','1e43a152-f84f-4022-a2c6-0c66c86e9e70','crumb preroll 1.5g',20.000000,NULL,NULL,NULL,'2000-01-01 00:00:00',NULL,1,1,'2000-01-01 00:00:00','LIQUIBASE'),(319,NULL,0,'476ec18e-51cb-11ea-9640-479b33305416','1e43a152-f84f-4022-a2c6-0c66c86e9e70','crumb preroll 1g',15.000000,NULL,NULL,NULL,'2000-01-01 00:00:00',NULL,1,1,'2000-01-01 00:00:00','LIQUIBASE'),(320,NULL,0,'476ec260-51cb-11ea-9640-479b33305416','1e43a152-f84f-4022-a2c6-0c66c86e9e70','crumb35',40.000000,NULL,NULL,NULL,'2000-01-01 00:00:00',NULL,1,1,'2000-01-01 00:00:00','LIQUIBASE'),(321,NULL,0,'476ec2f6-51cb-11ea-9640-479b33305416','1e43a152-f84f-4022-a2c6-0c66c86e9e70','d7665662-0623-11e8-b4e9-02429027d658',100.000000,NULL,NULL,NULL,'2000-01-01 00:00:00',NULL,1,1,'2000-01-01 00:00:00','LIQUIBASE'),(322,NULL,0,'476ec38c-51cb-11ea-9640-479b33305416','1e43a152-f84f-4022-a2c6-0c66c86e9e70','d883cb46-0621-11e8-b4e9-02429027d658',20.000000,NULL,NULL,NULL,'2000-01-01 00:00:00',NULL,1,1,'2000-01-01 00:00:00','LIQUIBASE'),(323,NULL,0,'476ec418-51cb-11ea-9640-479b33305416','1e43a152-f84f-4022-a2c6-0c66c86e9e70','e7fdeccc-679f-11e9-9c85-510c48478add',0.000000,NULL,NULL,NULL,'2000-01-01 00:00:00',NULL,1,1,'2000-01-01 00:00:00','LIQUIBASE'),(324,NULL,0,'476ec4a4-51cb-11ea-9640-479b33305416','1e43a152-f84f-4022-a2c6-0c66c86e9e70','f31db0a4-0620-11e8-b4e9-02429027d658',30.000000,NULL,NULL,NULL,'2000-01-01 00:00:00',NULL,1,1,'2000-01-01 00:00:00','LIQUIBASE'),(325,NULL,0,'476ec53a-51cb-11ea-9640-479b33305416','1e43a152-f84f-4022-a2c6-0c66c86e9e70','fcc8eed5-0621-11e8-b4e9-02429027d658',30.000000,NULL,NULL,NULL,'2000-01-01 00:00:00',NULL,1,1,'2000-01-01 00:00:00','LIQUIBASE'),(326,NULL,0,'476ec5f8-51cb-11ea-9640-479b33305416','1e43a152-f84f-4022-a2c6-0c66c86e9e70','fe20c715-0623-11e8-b4e9-02429027d658',120.000000,NULL,NULL,NULL,'2000-01-01 00:00:00',NULL,1,1,'2000-01-01 00:00:00','LIQUIBASE'),(327,NULL,0,'476ec698-51cb-11ea-9640-479b33305416','1e43a152-f84f-4022-a2c6-0c66c86e9e70','shake',0.000000,NULL,NULL,NULL,'2000-01-01 00:00:00',NULL,1,1,'2000-01-01 00:00:00','LIQUIBASE'),(328,NULL,0,'476ec724-51cb-11ea-9640-479b33305416','1e43a152-f84f-4022-a2c6-0c66c86e9e70','shake preroll 0.5g',10.000000,NULL,NULL,NULL,'2000-01-01 00:00:00',NULL,1,1,'2000-01-01 00:00:00','LIQUIBASE'),(329,NULL,0,'476ec7b0-51cb-11ea-9640-479b33305416','1e43a152-f84f-4022-a2c6-0c66c86e9e70','shake preroll 1.5g',20.000000,NULL,NULL,NULL,'2000-01-01 00:00:00',NULL,1,1,'2000-01-01 00:00:00','LIQUIBASE'),(330,NULL,0,'476ec846-51cb-11ea-9640-479b33305416','1e43a152-f84f-4022-a2c6-0c66c86e9e70','shake preroll 1g',15.000000,NULL,NULL,NULL,'2000-01-01 00:00:00',NULL,1,1,'2000-01-01 00:00:00','LIQUIBASE'),(331,NULL,0,'476ec8d2-51cb-11ea-9640-479b33305416','1e43a152-f84f-4022-a2c6-0c66c86e9e70','shake35',30.000000,NULL,NULL,NULL,'2000-01-01 00:00:00',NULL,1,1,'2000-01-01 00:00:00','LIQUIBASE');
/*!40000 ALTER TABLE `tz_price_flat_aud` ENABLE KEYS */;
UNLOCK TABLES;

--
-- Table structure for table `tz_price_threshold`
--

DROP TABLE IF EXISTS `tz_price_threshold`;
/*!40101 SET @saved_cs_client     = @@character_set_client */;
/*!40101 SET character_set_client = utf8 */;
CREATE TABLE `tz_price_threshold` (
  `id` varchar(45) NOT NULL,
  `tenant_id` varchar(45) NOT NULL,
  `tier_id` varchar(45) NOT NULL,
  `price_per` decimal(16,6) NOT NULL COMMENT 'List price excluding discounts',
  `customer` varchar(255) DEFAULT NULL COMMENT 'BLANK - Default\nCustomer Group Pricing is applied to',
  `quantity_start` decimal(16,6) NOT NULL,
  `quantity_end` decimal(16,6) DEFAULT NULL,
  `tolerance` decimal(16,6) NOT NULL DEFAULT '0.000000',
  `prev_id` varchar(45) DEFAULT NULL,
  `start_date` datetime NOT NULL,
  `end_date` datetime DEFAULT NULL,
  `current_flag` tinyint(4) NOT NULL DEFAULT '1',
  `version` int(11) NOT NULL,
  `original_start_date` datetime NOT NULL,
  `last_user_id` varchar(45) NOT NULL,
  PRIMARY KEY (`id`),
  KEY `product_price_location_idx` (`tenant_id`),
  KEY `tz_price_tier_threshold_reference_idx` (`tier_id`),
  KEY `threshold_current` (`current_flag`),
  KEY `ref_id` (`current_flag`),
  CONSTRAINT `tz_price_threshold_tenant_reference` FOREIGN KEY (`tenant_id`) REFERENCES `tz_tenant` (`id`) ON DELETE NO ACTION ON UPDATE NO ACTION,
  CONSTRAINT `tz_price_tier_threshold_reference` FOREIGN KEY (`tier_id`) REFERENCES `tz_price_tier` (`id`) ON DELETE NO ACTION ON UPDATE NO ACTION
) ENGINE=InnoDB DEFAULT CHARSET=utf8 COMMENT='Threshold based Pricing';
/*!40101 SET character_set_client = @saved_cs_client */;

--
-- Dumping data for table `tz_price_threshold`
--

LOCK TABLES `tz_price_threshold` WRITE;
/*!40000 ALTER TABLE `tz_price_threshold` DISABLE KEYS */;
INSERT INTO `tz_price_threshold` VALUES ('476f0482-51cb-11ea-9640-479b33305416','1e43a152-f84f-4022-a2c6-0c66c86e9e70','3b31346f-dea6-11e7-940e-02429027d658',12.857143,NULL,28.000000,NULL,0.000000,NULL,'2000-01-01 00:00:00',NULL,1,1,'2000-01-01 00:00:00','LIQUIBASE'),('476f063a-51cb-11ea-9640-479b33305416','1e43a152-f84f-4022-a2c6-0c66c86e9e70','3b31346f-dea6-11e7-940e-02429027d658',15.000000,NULL,14.000000,28.000000,0.000000,NULL,'2000-01-01 00:00:00',NULL,1,1,'2000-01-01 00:00:00','LIQUIBASE'),('476f0838-51cb-11ea-9640-479b33305416','1e43a152-f84f-4022-a2c6-0c66c86e9e70','3b31346f-dea6-11e7-940e-02429027d658',15.714286,NULL,7.000000,14.000000,0.000000,NULL,'2000-01-01 00:00:00',NULL,1,1,'2000-01-01 00:00:00','LIQUIBASE'),('476f0b44-51cb-11ea-9640-479b33305416','1e43a152-f84f-4022-a2c6-0c66c86e9e70','3b31346f-dea6-11e7-940e-02429027d658',17.142857,NULL,3.500000,7.000000,0.000000,NULL,'2000-01-01 00:00:00',NULL,1,1,'2000-01-01 00:00:00','LIQUIBASE'),('476f0cb6-51cb-11ea-9640-479b33305416','1e43a152-f84f-4022-a2c6-0c66c86e9e70','3b31346f-dea6-11e7-940e-02429027d658',20.000000,NULL,1.000000,3.500000,0.000000,NULL,'2000-01-01 00:00:00',NULL,1,1,'2000-01-01 00:00:00','LIQUIBASE'),('476f0eaa-51cb-11ea-9640-479b33305416','1e43a152-f84f-4022-a2c6-0c66c86e9e70','3b3186f0-dea6-11e7-940e-02429027d658',11.071429,NULL,28.000000,NULL,0.000000,NULL,'2000-01-01 00:00:00',NULL,1,1,'2000-01-01 00:00:00','LIQUIBASE'),('476f0f7c-51cb-11ea-9640-479b33305416','1e43a152-f84f-4022-a2c6-0c66c86e9e70','3b3186f0-dea6-11e7-940e-02429027d658',11.428571,NULL,14.000000,28.000000,0.000000,NULL,'2000-01-01 00:00:00',NULL,1,1,'2000-01-01 00:00:00','LIQUIBASE'),('476f10da-51cb-11ea-9640-479b33305416','1e43a152-f84f-4022-a2c6-0c66c86e9e70','3b3186f0-dea6-11e7-940e-02429027d658',12.857143,NULL,7.000000,14.000000,0.000000,NULL,'2000-01-01 00:00:00',NULL,1,1,'2000-01-01 00:00:00','LIQUIBASE'),('476f1238-51cb-11ea-9640-479b33305416','1e43a152-f84f-4022-a2c6-0c66c86e9e70','3b3186f0-dea6-11e7-940e-02429027d658',14.285714,NULL,3.500000,7.000000,0.000000,NULL,'2000-01-01 00:00:00',NULL,1,1,'2000-01-01 00:00:00','LIQUIBASE'),('476f13c8-51cb-11ea-9640-479b33305416','1e43a152-f84f-4022-a2c6-0c66c86e9e70','3b3186f0-dea6-11e7-940e-02429027d658',15.000000,NULL,1.000000,3.500000,0.000000,NULL,'2000-01-01 00:00:00',NULL,1,1,'2000-01-01 00:00:00','LIQUIBASE'),('476f15c6-51cb-11ea-9640-479b33305416','1e43a152-f84f-4022-a2c6-0c66c86e9e70','3b31bd90-dea6-11e7-940e-02429027d658',8.214286,NULL,28.000000,NULL,0.000000,NULL,'2000-01-01 00:00:00',NULL,1,1,'2000-01-01 00:00:00','LIQUIBASE'),('476f168e-51cb-11ea-9640-479b33305416','1e43a152-f84f-4022-a2c6-0c66c86e9e70','3b31bd90-dea6-11e7-940e-02429027d658',9.285714,NULL,14.000000,28.000000,0.000000,NULL,'2000-01-01 00:00:00',NULL,1,1,'2000-01-01 00:00:00','LIQUIBASE'),('476f17e2-51cb-11ea-9640-479b33305416','1e43a152-f84f-4022-a2c6-0c66c86e9e70','3b31bd90-dea6-11e7-940e-02429027d658',10.000000,NULL,7.000000,14.000000,0.000000,NULL,'2000-01-01 00:00:00',NULL,1,1,'2000-01-01 00:00:00','LIQUIBASE'),('476f192c-51cb-11ea-9640-479b33305416','1e43a152-f84f-4022-a2c6-0c66c86e9e70','3b31bd90-dea6-11e7-940e-02429027d658',11.428571,NULL,3.500000,7.000000,0.000000,NULL,'2000-01-01 00:00:00',NULL,1,1,'2000-01-01 00:00:00','LIQUIBASE'),('476f1b0c-51cb-11ea-9640-479b33305416','1e43a152-f84f-4022-a2c6-0c66c86e9e70','3b31bd90-dea6-11e7-940e-02429027d658',12.000000,NULL,1.000000,3.500000,0.000000,NULL,'2000-01-01 00:00:00',NULL,1,1,'2000-01-01 00:00:00','LIQUIBASE'),('476f1cb0-51cb-11ea-9640-479b33305416','1e43a152-f84f-4022-a2c6-0c66c86e9e70','3b31f2fc-dea6-11e7-940e-02429027d658',6.428571,NULL,28.000000,NULL,0.000000,NULL,'2000-01-01 00:00:00',NULL,1,1,'2000-01-01 00:00:00','LIQUIBASE'),('476f1d78-51cb-11ea-9640-479b33305416','1e43a152-f84f-4022-a2c6-0c66c86e9e70','3b31f2fc-dea6-11e7-940e-02429027d658',7.142857,NULL,14.000000,28.000000,0.000000,NULL,'2000-01-01 00:00:00',NULL,1,1,'2000-01-01 00:00:00','LIQUIBASE'),('476f1ee0-51cb-11ea-9640-479b33305416','1e43a152-f84f-4022-a2c6-0c66c86e9e70','3b31f2fc-dea6-11e7-940e-02429027d658',7.857143,NULL,7.000000,14.000000,0.000000,NULL,'2000-01-01 00:00:00',NULL,1,1,'2000-01-01 00:00:00','LIQUIBASE'),('476f2020-51cb-11ea-9640-479b33305416','1e43a152-f84f-4022-a2c6-0c66c86e9e70','3b31f2fc-dea6-11e7-940e-02429027d658',8.571429,NULL,3.500000,7.000000,0.000000,NULL,'2000-01-01 00:00:00',NULL,1,1,'2000-01-01 00:00:00','LIQUIBASE'),('476f2160-51cb-11ea-9640-479b33305416','1e43a152-f84f-4022-a2c6-0c66c86e9e70','3b31f2fc-dea6-11e7-940e-02429027d658',10.000000,NULL,1.000000,3.500000,0.000000,NULL,'2000-01-01 00:00:00',NULL,1,1,'2000-01-01 00:00:00','LIQUIBASE'),('476f2368-51cb-11ea-9640-479b33305416','1e43a152-f84f-4022-a2c6-0c66c86e9e70','a97a1d8b-bc73-467c-95ba-5a92c77b2b78',9.642857,NULL,28.000000,NULL,0.000000,NULL,'2000-01-01 00:00:00',NULL,1,1,'2000-01-01 00:00:00','LIQUIBASE'),('476f241c-51cb-11ea-9640-479b33305416','1e43a152-f84f-4022-a2c6-0c66c86e9e70','a97a1d8b-bc73-467c-95ba-5a92c77b2b78',10.714286,NULL,14.000000,28.000000,0.000000,NULL,'2000-01-01 00:00:00',NULL,1,1,'2000-01-01 00:00:00','LIQUIBASE'),('476f2552-51cb-11ea-9640-479b33305416','1e43a152-f84f-4022-a2c6-0c66c86e9e70','a97a1d8b-bc73-467c-95ba-5a92c77b2b78',11.428571,NULL,7.000000,14.000000,0.000000,NULL,'2000-01-01 00:00:00',NULL,1,1,'2000-01-01 00:00:00','LIQUIBASE'),('476f2688-51cb-11ea-9640-479b33305416','1e43a152-f84f-4022-a2c6-0c66c86e9e70','a97a1d8b-bc73-467c-95ba-5a92c77b2b78',12.857143,NULL,3.500000,7.000000,0.000000,NULL,'2000-01-01 00:00:00',NULL,1,1,'2000-01-01 00:00:00','LIQUIBASE'),('476f28f4-51cb-11ea-9640-479b33305416','1e43a152-f84f-4022-a2c6-0c66c86e9e70','a97a1d8b-bc73-467c-95ba-5a92c77b2b78',13.000000,NULL,1.000000,3.500000,0.000000,NULL,'2000-01-01 00:00:00',NULL,1,1,'2000-01-01 00:00:00','LIQUIBASE'),('476f40fa-51cb-11ea-9640-479b33305416','1e43a152-f84f-4022-a2c6-0c66c86e9e70','3b31346f-dea6-11e7-940e-02429027d658',20.000000,NULL,0.000000,1.000000,0.000000,NULL,'2000-01-01 00:00:00',NULL,1,1,'2000-01-01 00:00:00','LIQUIBASE'),('476f42c6-51cb-11ea-9640-479b33305416','1e43a152-f84f-4022-a2c6-0c66c86e9e70','3b3186f0-dea6-11e7-940e-02429027d658',15.000000,NULL,0.000000,1.000000,0.000000,NULL,'2000-01-01 00:00:00',NULL,1,1,'2000-01-01 00:00:00','LIQUIBASE'),('476f43f2-51cb-11ea-9640-479b33305416','1e43a152-f84f-4022-a2c6-0c66c86e9e70','3b31bd90-dea6-11e7-940e-02429027d658',12.000000,NULL,0.000000,1.000000,0.000000,NULL,'2000-01-01 00:00:00',NULL,1,1,'2000-01-01 00:00:00','LIQUIBASE'),('476f4816-51cb-11ea-9640-479b33305416','1e43a152-f84f-4022-a2c6-0c66c86e9e70','3b31f2fc-dea6-11e7-940e-02429027d658',10.000000,NULL,0.000000,1.000000,0.000000,NULL,'2000-01-01 00:00:00',NULL,1,1,'2000-01-01 00:00:00','LIQUIBASE'),('476f497e-51cb-11ea-9640-479b33305416','1e43a152-f84f-4022-a2c6-0c66c86e9e70','a97a1d8b-bc73-467c-95ba-5a92c77b2b78',13.000000,NULL,0.000000,1.000000,0.000000,NULL,'2000-01-01 00:00:00',NULL,1,1,'2000-01-01 00:00:00','LIQUIBASE');
/*!40000 ALTER TABLE `tz_price_threshold` ENABLE KEYS */;
UNLOCK TABLES;

--
-- Table structure for table `tz_price_threshold_aud`
--

DROP TABLE IF EXISTS `tz_price_threshold_aud`;
/*!40101 SET @saved_cs_client     = @@character_set_client */;
/*!40101 SET character_set_client = utf8 */;
CREATE TABLE `tz_price_threshold_aud` (
  `rev` int(11) NOT NULL DEFAULT '0',
  `revend` int(11) DEFAULT NULL,
  `revtype` smallint(6) DEFAULT NULL,
  `id` varchar(45) NOT NULL,
  `tenant_id` varchar(45) NOT NULL,
  `tier_id` varchar(45) NOT NULL,
  `price_per` decimal(16,6) NOT NULL COMMENT 'List price excluding discounts',
  `customer` varchar(255) DEFAULT NULL COMMENT 'BLANK - Default\nCustomer Group Pricing is applied to',
  `quantity_start` decimal(16,6) NOT NULL,
  `quantity_end` decimal(16,6) DEFAULT NULL,
  `tolerance` decimal(16,6) NOT NULL DEFAULT '0.000000',
  `prev_id` varchar(45) DEFAULT NULL,
  `start_date` datetime NOT NULL,
  `end_date` datetime DEFAULT NULL,
  `current_flag` tinyint(4) NOT NULL DEFAULT '1',
  `version` int(11) DEFAULT NULL,
  `original_start_date` datetime NOT NULL,
  `last_user_id` varchar(45) NOT NULL,
  PRIMARY KEY (`rev`,`id`),
  KEY `price_threshold_aud_price_threshold_idx` (`id`),
  KEY `price_threshold_aud_tier_idx` (`tier_id`),
  KEY `price_threshold_aud_tenant_idx` (`tenant_id`)
) ENGINE=InnoDB DEFAULT CHARSET=utf8;
/*!40101 SET character_set_client = @saved_cs_client */;

--
-- Dumping data for table `tz_price_threshold_aud`
--

LOCK TABLES `tz_price_threshold_aud` WRITE;
/*!40000 ALTER TABLE `tz_price_threshold_aud` DISABLE KEYS */;
INSERT INTO `tz_price_threshold_aud` VALUES (332,NULL,0,'476f0482-51cb-11ea-9640-479b33305416','1e43a152-f84f-4022-a2c6-0c66c86e9e70','3b31346f-dea6-11e7-940e-02429027d658',12.857143,NULL,28.000000,NULL,0.000000,NULL,'2000-01-01 00:00:00',NULL,1,1,'2000-01-01 00:00:00','LIQUIBASE'),(333,NULL,0,'476f063a-51cb-11ea-9640-479b33305416','1e43a152-f84f-4022-a2c6-0c66c86e9e70','3b31346f-dea6-11e7-940e-02429027d658',15.000000,NULL,14.000000,28.000000,0.000000,NULL,'2000-01-01 00:00:00',NULL,1,1,'2000-01-01 00:00:00','LIQUIBASE'),(334,NULL,0,'476f0838-51cb-11ea-9640-479b33305416','1e43a152-f84f-4022-a2c6-0c66c86e9e70','3b31346f-dea6-11e7-940e-02429027d658',15.714286,NULL,7.000000,14.000000,0.000000,NULL,'2000-01-01 00:00:00',NULL,1,1,'2000-01-01 00:00:00','LIQUIBASE'),(335,NULL,0,'476f0b44-51cb-11ea-9640-479b33305416','1e43a152-f84f-4022-a2c6-0c66c86e9e70','3b31346f-dea6-11e7-940e-02429027d658',17.142857,NULL,3.500000,7.000000,0.000000,NULL,'2000-01-01 00:00:00',NULL,1,1,'2000-01-01 00:00:00','LIQUIBASE'),(336,NULL,0,'476f0cb6-51cb-11ea-9640-479b33305416','1e43a152-f84f-4022-a2c6-0c66c86e9e70','3b31346f-dea6-11e7-940e-02429027d658',20.000000,NULL,1.000000,3.500000,0.000000,NULL,'2000-01-01 00:00:00',NULL,1,1,'2000-01-01 00:00:00','LIQUIBASE'),(337,NULL,0,'476f0eaa-51cb-11ea-9640-479b33305416','1e43a152-f84f-4022-a2c6-0c66c86e9e70','3b3186f0-dea6-11e7-940e-02429027d658',11.071429,NULL,28.000000,NULL,0.000000,NULL,'2000-01-01 00:00:00',NULL,1,1,'2000-01-01 00:00:00','LIQUIBASE'),(338,NULL,0,'476f0f7c-51cb-11ea-9640-479b33305416','1e43a152-f84f-4022-a2c6-0c66c86e9e70','3b3186f0-dea6-11e7-940e-02429027d658',11.428571,NULL,14.000000,28.000000,0.000000,NULL,'2000-01-01 00:00:00',NULL,1,1,'2000-01-01 00:00:00','LIQUIBASE'),(339,NULL,0,'476f10da-51cb-11ea-9640-479b33305416','1e43a152-f84f-4022-a2c6-0c66c86e9e70','3b3186f0-dea6-11e7-940e-02429027d658',12.857143,NULL,7.000000,14.000000,0.000000,NULL,'2000-01-01 00:00:00',NULL,1,1,'2000-01-01 00:00:00','LIQUIBASE'),(340,NULL,0,'476f1238-51cb-11ea-9640-479b33305416','1e43a152-f84f-4022-a2c6-0c66c86e9e70','3b3186f0-dea6-11e7-940e-02429027d658',14.285714,NULL,3.500000,7.000000,0.000000,NULL,'2000-01-01 00:00:00',NULL,1,1,'2000-01-01 00:00:00','LIQUIBASE'),(341,NULL,0,'476f13c8-51cb-11ea-9640-479b33305416','1e43a152-f84f-4022-a2c6-0c66c86e9e70','3b3186f0-dea6-11e7-940e-02429027d658',15.000000,NULL,1.000000,3.500000,0.000000,NULL,'2000-01-01 00:00:00',NULL,1,1,'2000-01-01 00:00:00','LIQUIBASE'),(342,NULL,0,'476f15c6-51cb-11ea-9640-479b33305416','1e43a152-f84f-4022-a2c6-0c66c86e9e70','3b31bd90-dea6-11e7-940e-02429027d658',8.214286,NULL,28.000000,NULL,0.000000,NULL,'2000-01-01 00:00:00',NULL,1,1,'2000-01-01 00:00:00','LIQUIBASE'),(343,NULL,0,'476f168e-51cb-11ea-9640-479b33305416','1e43a152-f84f-4022-a2c6-0c66c86e9e70','3b31bd90-dea6-11e7-940e-02429027d658',9.285714,NULL,14.000000,28.000000,0.000000,NULL,'2000-01-01 00:00:00',NULL,1,1,'2000-01-01 00:00:00','LIQUIBASE'),(344,NULL,0,'476f17e2-51cb-11ea-9640-479b33305416','1e43a152-f84f-4022-a2c6-0c66c86e9e70','3b31bd90-dea6-11e7-940e-02429027d658',10.000000,NULL,7.000000,14.000000,0.000000,NULL,'2000-01-01 00:00:00',NULL,1,1,'2000-01-01 00:00:00','LIQUIBASE'),(345,NULL,0,'476f192c-51cb-11ea-9640-479b33305416','1e43a152-f84f-4022-a2c6-0c66c86e9e70','3b31bd90-dea6-11e7-940e-02429027d658',11.428571,NULL,3.500000,7.000000,0.000000,NULL,'2000-01-01 00:00:00',NULL,1,1,'2000-01-01 00:00:00','LIQUIBASE'),(346,NULL,0,'476f1b0c-51cb-11ea-9640-479b33305416','1e43a152-f84f-4022-a2c6-0c66c86e9e70','3b31bd90-dea6-11e7-940e-02429027d658',12.000000,NULL,1.000000,3.500000,0.000000,NULL,'2000-01-01 00:00:00',NULL,1,1,'2000-01-01 00:00:00','LIQUIBASE'),(347,NULL,0,'476f1cb0-51cb-11ea-9640-479b33305416','1e43a152-f84f-4022-a2c6-0c66c86e9e70','3b31f2fc-dea6-11e7-940e-02429027d658',6.428571,NULL,28.000000,NULL,0.000000,NULL,'2000-01-01 00:00:00',NULL,1,1,'2000-01-01 00:00:00','LIQUIBASE'),(348,NULL,0,'476f1d78-51cb-11ea-9640-479b33305416','1e43a152-f84f-4022-a2c6-0c66c86e9e70','3b31f2fc-dea6-11e7-940e-02429027d658',7.142857,NULL,14.000000,28.000000,0.000000,NULL,'2000-01-01 00:00:00',NULL,1,1,'2000-01-01 00:00:00','LIQUIBASE'),(349,NULL,0,'476f1ee0-51cb-11ea-9640-479b33305416','1e43a152-f84f-4022-a2c6-0c66c86e9e70','3b31f2fc-dea6-11e7-940e-02429027d658',7.857143,NULL,7.000000,14.000000,0.000000,NULL,'2000-01-01 00:00:00',NULL,1,1,'2000-01-01 00:00:00','LIQUIBASE'),(350,NULL,0,'476f2020-51cb-11ea-9640-479b33305416','1e43a152-f84f-4022-a2c6-0c66c86e9e70','3b31f2fc-dea6-11e7-940e-02429027d658',8.571429,NULL,3.500000,7.000000,0.000000,NULL,'2000-01-01 00:00:00',NULL,1,1,'2000-01-01 00:00:00','LIQUIBASE'),(351,NULL,0,'476f2160-51cb-11ea-9640-479b33305416','1e43a152-f84f-4022-a2c6-0c66c86e9e70','3b31f2fc-dea6-11e7-940e-02429027d658',10.000000,NULL,1.000000,3.500000,0.000000,NULL,'2000-01-01 00:00:00',NULL,1,1,'2000-01-01 00:00:00','LIQUIBASE'),(352,NULL,0,'476f2368-51cb-11ea-9640-479b33305416','1e43a152-f84f-4022-a2c6-0c66c86e9e70','a97a1d8b-bc73-467c-95ba-5a92c77b2b78',9.642857,NULL,28.000000,NULL,0.000000,NULL,'2000-01-01 00:00:00',NULL,1,1,'2000-01-01 00:00:00','LIQUIBASE'),(353,NULL,0,'476f241c-51cb-11ea-9640-479b33305416','1e43a152-f84f-4022-a2c6-0c66c86e9e70','a97a1d8b-bc73-467c-95ba-5a92c77b2b78',10.714286,NULL,14.000000,28.000000,0.000000,NULL,'2000-01-01 00:00:00',NULL,1,1,'2000-01-01 00:00:00','LIQUIBASE'),(354,NULL,0,'476f2552-51cb-11ea-9640-479b33305416','1e43a152-f84f-4022-a2c6-0c66c86e9e70','a97a1d8b-bc73-467c-95ba-5a92c77b2b78',11.428571,NULL,7.000000,14.000000,0.000000,NULL,'2000-01-01 00:00:00',NULL,1,1,'2000-01-01 00:00:00','LIQUIBASE'),(355,NULL,0,'476f2688-51cb-11ea-9640-479b33305416','1e43a152-f84f-4022-a2c6-0c66c86e9e70','a97a1d8b-bc73-467c-95ba-5a92c77b2b78',12.857143,NULL,3.500000,7.000000,0.000000,NULL,'2000-01-01 00:00:00',NULL,1,1,'2000-01-01 00:00:00','LIQUIBASE'),(356,NULL,0,'476f28f4-51cb-11ea-9640-479b33305416','1e43a152-f84f-4022-a2c6-0c66c86e9e70','a97a1d8b-bc73-467c-95ba-5a92c77b2b78',13.000000,NULL,1.000000,3.500000,0.000000,NULL,'2000-01-01 00:00:00',NULL,1,1,'2000-01-01 00:00:00','LIQUIBASE'),(357,NULL,0,'476f40fa-51cb-11ea-9640-479b33305416','1e43a152-f84f-4022-a2c6-0c66c86e9e70','3b31346f-dea6-11e7-940e-02429027d658',20.000000,NULL,0.000000,1.000000,0.000000,NULL,'2000-01-01 00:00:00',NULL,1,1,'2000-01-01 00:00:00','LIQUIBASE'),(358,NULL,0,'476f42c6-51cb-11ea-9640-479b33305416','1e43a152-f84f-4022-a2c6-0c66c86e9e70','3b3186f0-dea6-11e7-940e-02429027d658',15.000000,NULL,0.000000,1.000000,0.000000,NULL,'2000-01-01 00:00:00',NULL,1,1,'2000-01-01 00:00:00','LIQUIBASE'),(359,NULL,0,'476f43f2-51cb-11ea-9640-479b33305416','1e43a152-f84f-4022-a2c6-0c66c86e9e70','3b31bd90-dea6-11e7-940e-02429027d658',12.000000,NULL,0.000000,1.000000,0.000000,NULL,'2000-01-01 00:00:00',NULL,1,1,'2000-01-01 00:00:00','LIQUIBASE'),(360,NULL,0,'476f4816-51cb-11ea-9640-479b33305416','1e43a152-f84f-4022-a2c6-0c66c86e9e70','3b31f2fc-dea6-11e7-940e-02429027d658',10.000000,NULL,0.000000,1.000000,0.000000,NULL,'2000-01-01 00:00:00',NULL,1,1,'2000-01-01 00:00:00','LIQUIBASE'),(361,NULL,0,'476f497e-51cb-11ea-9640-479b33305416','1e43a152-f84f-4022-a2c6-0c66c86e9e70','a97a1d8b-bc73-467c-95ba-5a92c77b2b78',13.000000,NULL,0.000000,1.000000,0.000000,NULL,'2000-01-01 00:00:00',NULL,1,1,'2000-01-01 00:00:00','LIQUIBASE');
/*!40000 ALTER TABLE `tz_price_threshold_aud` ENABLE KEYS */;
UNLOCK TABLES;

--
-- Table structure for table `tz_price_tier`
--

DROP TABLE IF EXISTS `tz_price_tier`;
/*!40101 SET @saved_cs_client     = @@character_set_client */;
/*!40101 SET character_set_client = utf8 */;
CREATE TABLE `tz_price_tier` (
  `id` varchar(45) NOT NULL,
  `tenant_id` varchar(45) NOT NULL,
  `prev_id` varchar(45) DEFAULT NULL,
  `label` varchar(225) NOT NULL,
  `method` varchar(45) NOT NULL,
  `range_mode` varchar(45) NOT NULL DEFAULT 'RANGE',
  `start_date` datetime NOT NULL,
  `end_date` datetime DEFAULT NULL,
  `is_active` tinyint(4) NOT NULL,
  `current_flag` tinyint(4) NOT NULL DEFAULT '1',
  `version` int(11) NOT NULL,
  `original_start_date` datetime NOT NULL,
  `last_user_id` varchar(45) NOT NULL,
  PRIMARY KEY (`id`),
  KEY `price_tier_tenant_idx` (`tenant_id`),
  KEY `ref_id` (`tenant_id`,`current_flag`),
  CONSTRAINT `tz_price_tier_tenant_reference` FOREIGN KEY (`tenant_id`) REFERENCES `tz_tenant` (`id`) ON DELETE NO ACTION ON UPDATE NO ACTION
) ENGINE=InnoDB DEFAULT CHARSET=utf8;
/*!40101 SET character_set_client = @saved_cs_client */;

--
-- Dumping data for table `tz_price_tier`
--

LOCK TABLES `tz_price_tier` WRITE;
/*!40000 ALTER TABLE `tz_price_tier` DISABLE KEYS */;
INSERT INTO `tz_price_tier` VALUES ('3b31346f-dea6-11e7-940e-02429027d658','1e43a152-f84f-4022-a2c6-0c66c86e9e70',NULL,'60','WEIGHT','RANGE','2000-01-01 00:00:00',NULL,1,1,1,'2000-01-01 00:00:00','LIQUIBASE'),('3b3186f0-dea6-11e7-940e-02429027d658','1e43a152-f84f-4022-a2c6-0c66c86e9e70',NULL,'50','WEIGHT','RANGE','2000-01-01 00:00:00',NULL,1,1,1,'2000-01-01 00:00:00','LIQUIBASE'),('3b31bd90-dea6-11e7-940e-02429027d658','1e43a152-f84f-4022-a2c6-0c66c86e9e70',NULL,'40','WEIGHT','RANGE','2000-01-01 00:00:00',NULL,1,1,1,'2000-01-01 00:00:00','LIQUIBASE'),('3b31f2fc-dea6-11e7-940e-02429027d658','1e43a152-f84f-4022-a2c6-0c66c86e9e70',NULL,'30','WEIGHT','RANGE','2000-01-01 00:00:00',NULL,1,1,1,'2000-01-01 00:00:00','LIQUIBASE'),('a97a1d8b-bc73-467c-95ba-5a92c77b2b78','1e43a152-f84f-4022-a2c6-0c66c86e9e70',NULL,'45','WEIGHT','RANGE','2000-01-01 00:00:00',NULL,1,1,1,'2000-01-01 00:00:00','LIQUIBASE');
/*!40000 ALTER TABLE `tz_price_tier` ENABLE KEYS */;
UNLOCK TABLES;

--
-- Table structure for table `tz_price_tier_aud`
--

DROP TABLE IF EXISTS `tz_price_tier_aud`;
/*!40101 SET @saved_cs_client     = @@character_set_client */;
/*!40101 SET character_set_client = utf8 */;
CREATE TABLE `tz_price_tier_aud` (
  `rev` int(11) NOT NULL DEFAULT '0',
  `revend` int(11) DEFAULT NULL,
  `revtype` smallint(6) DEFAULT NULL,
  `id` varchar(45) NOT NULL,
  `tenant_id` varchar(45) NOT NULL,
  `prev_id` varchar(45) DEFAULT NULL,
  `label` varchar(225) NOT NULL,
  `method` varchar(45) NOT NULL,
  `range_mode` varchar(45) NOT NULL DEFAULT 'RANGE',
  `start_date` datetime NOT NULL,
  `end_date` datetime DEFAULT NULL,
  `is_active` tinyint(4) NOT NULL,
  `current_flag` tinyint(4) NOT NULL DEFAULT '1',
  `version` int(11) DEFAULT NULL,
  `original_start_date` datetime NOT NULL,
  `last_user_id` varchar(45) NOT NULL,
  PRIMARY KEY (`rev`,`id`),
  KEY `price_tier_aud_price_tier_idx` (`id`),
  KEY `price_tier_aud_tenant_idx` (`tenant_id`)
) ENGINE=InnoDB DEFAULT CHARSET=utf8;
/*!40101 SET character_set_client = @saved_cs_client */;

--
-- Dumping data for table `tz_price_tier_aud`
--

LOCK TABLES `tz_price_tier_aud` WRITE;
/*!40000 ALTER TABLE `tz_price_tier_aud` DISABLE KEYS */;
INSERT INTO `tz_price_tier_aud` VALUES (362,NULL,0,'3b31346f-dea6-11e7-940e-02429027d658','1e43a152-f84f-4022-a2c6-0c66c86e9e70',NULL,'60','WEIGHT','RANGE','2000-01-01 00:00:00',NULL,1,1,1,'2000-01-01 00:00:00','LIQUIBASE'),(363,NULL,0,'3b3186f0-dea6-11e7-940e-02429027d658','1e43a152-f84f-4022-a2c6-0c66c86e9e70',NULL,'50','WEIGHT','RANGE','2000-01-01 00:00:00',NULL,1,1,1,'2000-01-01 00:00:00','LIQUIBASE'),(364,NULL,0,'3b31bd90-dea6-11e7-940e-02429027d658','1e43a152-f84f-4022-a2c6-0c66c86e9e70',NULL,'40','WEIGHT','RANGE','2000-01-01 00:00:00',NULL,1,1,1,'2000-01-01 00:00:00','LIQUIBASE'),(365,NULL,0,'3b31f2fc-dea6-11e7-940e-02429027d658','1e43a152-f84f-4022-a2c6-0c66c86e9e70',NULL,'30','WEIGHT','RANGE','2000-01-01 00:00:00',NULL,1,1,1,'2000-01-01 00:00:00','LIQUIBASE'),(366,NULL,0,'a97a1d8b-bc73-467c-95ba-5a92c77b2b78','1e43a152-f84f-4022-a2c6-0c66c86e9e70',NULL,'45','WEIGHT','RANGE','2000-01-01 00:00:00',NULL,1,1,1,'2000-01-01 00:00:00','LIQUIBASE');
/*!40000 ALTER TABLE `tz_price_tier_aud` ENABLE KEYS */;
UNLOCK TABLES;

--
-- Table structure for table `tz_product`
--

DROP TABLE IF EXISTS `tz_product`;
/*!40101 SET @saved_cs_client     = @@character_set_client */;
/*!40101 SET character_set_client = utf8 */;
CREATE TABLE `tz_product` (
  `id` varchar(45) NOT NULL,
  `tenant_id` varchar(45) NOT NULL,
  `type_id` varchar(45) NOT NULL,
  `last_user_id` varchar(45) NOT NULL,
  `product_id_merged_to` varchar(45) DEFAULT NULL COMMENT '\nID of the surviving product when this product is merged with another product. Blank if the product active and un-merged. This field will need to be updated any time there is a change to the most current version of the product.',
  `primary_upload_id` varchar(45) DEFAULT NULL,
  `prev_id` varchar(45) DEFAULT NULL,
  `start_date` datetime NOT NULL,
  `end_date` datetime DEFAULT NULL,
  `is_active` tinyint(4) NOT NULL DEFAULT '1',
  `current_flag` tinyint(4) NOT NULL DEFAULT '1',
  `version` int(11) NOT NULL,
  `original_start_date` datetime NOT NULL,
  PRIMARY KEY (`id`),
  KEY `product_location_idx` (`tenant_id`),
  KEY `tz_product_type_reference_idx` (`type_id`),
  KEY `product_current` (`current_flag`),
  KEY `product_ref_id` (`tenant_id`,`current_flag`),
  KEY `tz_product_upload_reference_idx` (`primary_upload_id`),
  KEY `product_type_id` (`id`,`type_id`),
  CONSTRAINT `tz_product_tenant_reference` FOREIGN KEY (`tenant_id`) REFERENCES `tz_tenant` (`id`) ON DELETE NO ACTION ON UPDATE NO ACTION,
  CONSTRAINT `tz_product_type_reference` FOREIGN KEY (`type_id`) REFERENCES `tz_type` (`id`) ON DELETE NO ACTION ON UPDATE NO ACTION,
  CONSTRAINT `tz_product_upload_reference` FOREIGN KEY (`primary_upload_id`) REFERENCES `tz_uploads` (`id`) ON DELETE NO ACTION ON UPDATE NO ACTION
) ENGINE=InnoDB DEFAULT CHARSET=utf8;
/*!40101 SET character_set_client = @saved_cs_client */;

--
-- Dumping data for table `tz_product`
--

LOCK TABLES `tz_product` WRITE;
/*!40000 ALTER TABLE `tz_product` DISABLE KEYS */;
INSERT INTO `tz_product` VALUES ('174d6edf-0621-11e8-b4e9-02429027d658','1e43a152-f84f-4022-a2c6-0c66c86e9e70','7e31e311-da84-11e5-bc38-5c514f48b06a','LIQUIBASE',NULL,NULL,NULL,'2018-01-30 16:53:47',NULL,1,1,1,'2018-01-30 16:53:47'),('1ca01284-0622-11e8-b4e9-02429027d658','1e43a152-f84f-4022-a2c6-0c66c86e9e70','7c5b8eb8-82ab-11e6-a87c-0862661081dd','LIQUIBASE',NULL,NULL,NULL,'2018-01-30 17:00:52',NULL,1,1,1,'2018-01-30 17:00:52'),('299f0a4e-0622-11e8-b4e9-02429027d658','1e43a152-f84f-4022-a2c6-0c66c86e9e70','7c5b8eb8-82ab-11e6-a87c-0862661081dd','LIQUIBASE',NULL,NULL,NULL,'2018-01-30 17:00:54',NULL,1,1,1,'2018-01-30 17:00:54'),('55635efe-0622-11e8-b4e9-02429027d658','1e43a152-f84f-4022-a2c6-0c66c86e9e70','7e362cd7-ec92-11e5-a7c5-6c0b843dcc4d','LIQUIBASE',NULL,NULL,NULL,'2018-01-30 17:02:45',NULL,1,1,1,'2018-01-30 17:02:45'),('653e9730-0621-11e8-b4e9-02429027d658','1e43a152-f84f-4022-a2c6-0c66c86e9e70','7e2b2130-da84-11e5-bc38-5c514f48b06a','LIQUIBASE',NULL,NULL,NULL,'2018-01-30 17:10:54',NULL,0,1,1,'2018-01-30 17:10:54'),('6544372d-0621-11e8-b4e9-02429027d658','1e43a152-f84f-4022-a2c6-0c66c86e9e70','7e2b2130-da84-11e5-bc38-5c514f48b06a','LIQUIBASE',NULL,NULL,NULL,'2018-01-30 17:10:54',NULL,0,1,1,'2018-01-30 17:10:54'),('6549952e-0621-11e8-b4e9-02429027d658','1e43a152-f84f-4022-a2c6-0c66c86e9e70','7e2b2130-da84-11e5-bc38-5c514f48b06a','LIQUIBASE',NULL,NULL,NULL,'2018-01-30 17:10:54',NULL,0,1,1,'2018-01-30 17:10:54'),('654e9171-0621-11e8-b4e9-02429027d658','1e43a152-f84f-4022-a2c6-0c66c86e9e70','7e2b2130-da84-11e5-bc38-5c514f48b06a','LIQUIBASE',NULL,NULL,NULL,'2018-01-30 17:10:54',NULL,0,1,1,'2018-01-30 17:10:54'),('65539712-0621-11e8-b4e9-02429027d658','1e43a152-f84f-4022-a2c6-0c66c86e9e70','7e2b2130-da84-11e5-bc38-5c514f48b06a','LIQUIBASE',NULL,NULL,NULL,'2018-01-30 17:10:54',NULL,0,1,1,'2018-01-30 17:10:54'),('65584695-0621-11e8-b4e9-02429027d658','1e43a152-f84f-4022-a2c6-0c66c86e9e70','7e2b2130-da84-11e5-bc38-5c514f48b06a','LIQUIBASE',NULL,NULL,NULL,'2018-01-30 17:10:54',NULL,1,1,1,'2018-01-30 17:10:54'),('655d9edd-0621-11e8-b4e9-02429027d658','1e43a152-f84f-4022-a2c6-0c66c86e9e70','7e2b2130-da84-11e5-bc38-5c514f48b06a','LIQUIBASE',NULL,NULL,NULL,'2018-01-30 17:10:54',NULL,1,1,1,'2018-01-30 17:10:54'),('65629d9e-0621-11e8-b4e9-02429027d658','1e43a152-f84f-4022-a2c6-0c66c86e9e70','7e2b2130-da84-11e5-bc38-5c514f48b06a','LIQUIBASE',NULL,NULL,NULL,'2018-01-30 17:10:54',NULL,1,1,1,'2018-01-30 17:10:54'),('6567be28-0621-11e8-b4e9-02429027d658','1e43a152-f84f-4022-a2c6-0c66c86e9e70','7e2b2130-da84-11e5-bc38-5c514f48b06a','LIQUIBASE',NULL,NULL,NULL,'2018-01-30 17:10:54',NULL,1,1,1,'2018-01-30 17:10:54'),('6571dfad-0621-11e8-b4e9-02429027d658','1e43a152-f84f-4022-a2c6-0c66c86e9e70','7e2b2130-da84-11e5-bc38-5c514f48b06a','LIQUIBASE',NULL,NULL,NULL,'2018-01-30 17:10:54',NULL,1,1,1,'2018-01-30 17:10:54'),('6e387b94-0622-11e8-b4e9-02429027d658','1e43a152-f84f-4022-a2c6-0c66c86e9e70','7e362cd7-ec92-11e5-a7c5-6c0b843dcc4d','LIQUIBASE',NULL,NULL,NULL,'2018-01-30 17:02:48',NULL,1,1,1,'2018-01-30 17:02:48'),('7b6c346c-0621-11e8-b4e9-02429027d658','1e43a152-f84f-4022-a2c6-0c66c86e9e70','7e2b2130-da84-11e5-bc38-5c514f48b06a','LIQUIBASE',NULL,NULL,NULL,'2018-01-30 17:10:48',NULL,0,1,1,'2018-01-30 17:10:48'),('7b71e939-0621-11e8-b4e9-02429027d658','1e43a152-f84f-4022-a2c6-0c66c86e9e70','7e2b2130-da84-11e5-bc38-5c514f48b06a','LIQUIBASE',NULL,NULL,NULL,'2018-01-30 17:10:48',NULL,0,1,1,'2018-01-30 17:10:48'),('7b76be1f-0621-11e8-b4e9-02429027d658','1e43a152-f84f-4022-a2c6-0c66c86e9e70','7e2b2130-da84-11e5-bc38-5c514f48b06a','LIQUIBASE',NULL,NULL,NULL,'2018-01-30 17:10:48',NULL,0,1,1,'2018-01-30 17:10:48'),('7b7bbca8-0621-11e8-b4e9-02429027d658','1e43a152-f84f-4022-a2c6-0c66c86e9e70','7e2b2130-da84-11e5-bc38-5c514f48b06a','LIQUIBASE',NULL,NULL,NULL,'2018-01-30 17:10:48',NULL,0,1,1,'2018-01-30 17:10:48'),('7b80bca1-0621-11e8-b4e9-02429027d658','1e43a152-f84f-4022-a2c6-0c66c86e9e70','7e2b2130-da84-11e5-bc38-5c514f48b06a','LIQUIBASE',NULL,NULL,NULL,'2018-01-30 17:10:48',NULL,0,1,1,'2018-01-30 17:10:48'),('7b858e91-0621-11e8-b4e9-02429027d658','1e43a152-f84f-4022-a2c6-0c66c86e9e70','7e2b2130-da84-11e5-bc38-5c514f48b06a','LIQUIBASE',NULL,NULL,NULL,'2018-01-30 17:10:48',NULL,1,1,1,'2018-01-30 17:10:48'),('7b8a5289-0621-11e8-b4e9-02429027d658','1e43a152-f84f-4022-a2c6-0c66c86e9e70','7e2b2130-da84-11e5-bc38-5c514f48b06a','LIQUIBASE',NULL,NULL,NULL,'2018-01-30 17:10:48',NULL,1,1,1,'2018-01-30 17:10:48'),('7b8f0729-0621-11e8-b4e9-02429027d658','1e43a152-f84f-4022-a2c6-0c66c86e9e70','7e2b2130-da84-11e5-bc38-5c514f48b06a','LIQUIBASE',NULL,NULL,NULL,'2018-01-30 17:10:48',NULL,1,1,1,'2018-01-30 17:10:48'),('7b9406c0-0621-11e8-b4e9-02429027d658','1e43a152-f84f-4022-a2c6-0c66c86e9e70','7e2b2130-da84-11e5-bc38-5c514f48b06a','LIQUIBASE',NULL,NULL,NULL,'2018-01-30 17:10:48',NULL,1,1,1,'2018-01-30 17:10:48'),('7ba12daf-0621-11e8-b4e9-02429027d658','1e43a152-f84f-4022-a2c6-0c66c86e9e70','7e2b2130-da84-11e5-bc38-5c514f48b06a','LIQUIBASE',NULL,NULL,NULL,'2018-01-30 17:10:48',NULL,1,1,1,'2018-01-30 17:10:48'),('9374f5e3-0621-11e8-b4e9-02429027d658','1e43a152-f84f-4022-a2c6-0c66c86e9e70','7e37edd2-da84-11e5-bc38-5c514f48b06a','LIQUIBASE',NULL,NULL,NULL,'2018-01-30 16:57:30',NULL,1,1,1,'2018-01-30 16:57:30'),('a4771e75-0622-11e8-b4e9-02429027d658','1e43a152-f84f-4022-a2c6-0c66c86e9e70','7e34f465-da84-11e5-bc38-5c514f48b06a','LIQUIBASE',NULL,NULL,NULL,'2018-01-30 17:04:48',NULL,1,1,1,'2018-01-30 17:04:48'),('b2a581a8-0621-11e8-b4e9-02429027d658','1e43a152-f84f-4022-a2c6-0c66c86e9e70','7e37edd2-da84-11e5-bc38-5c514f48b06a','LIQUIBASE',NULL,NULL,NULL,'2018-01-30 16:57:31',NULL,1,1,1,'2018-01-30 16:57:31'),('b54ce528-0622-11e8-b4e9-02429027d658','1e43a152-f84f-4022-a2c6-0c66c86e9e70','7e34f465-da84-11e5-bc38-5c514f48b06a','LIQUIBASE',NULL,NULL,NULL,'2018-01-30 17:04:50',NULL,1,1,1,'2018-01-30 17:04:50'),('bdcd0f53-0620-11e8-b4e9-02429027d658','1e43a152-f84f-4022-a2c6-0c66c86e9e70','7c5b3ad1-82ab-11e6-a87c-0862661081dd','LIQUIBASE',NULL,NULL,NULL,'2018-01-30 16:51:05',NULL,1,1,1,'2018-01-30 16:51:05'),('cd43d375-0620-11e8-b4e9-02429027d658','1e43a152-f84f-4022-a2c6-0c66c86e9e70','7c5b3ad1-82ab-11e6-a87c-0862661081dd','LIQUIBASE',NULL,NULL,NULL,'2018-01-30 16:51:07',NULL,1,1,1,'2018-01-30 16:51:07'),('crumb','1e43a152-f84f-4022-a2c6-0c66c86e9e70','8461ed42-c68f-11e8-b53e-42ecda81f548','LIQUIBASE',NULL,NULL,NULL,'2017-11-17 15:41:44',NULL,0,1,1,'2017-11-17 15:41:44'),('crumb preroll 0.5g','1e43a152-f84f-4022-a2c6-0c66c86e9e70','7e2b2130-da84-11e5-bc38-5c514f48b06a','LIQUIBASE',NULL,NULL,NULL,'2017-11-17 15:41:44',NULL,0,1,1,'2017-11-17 15:41:44'),('crumb preroll 1.5g','1e43a152-f84f-4022-a2c6-0c66c86e9e70','7e2b2130-da84-11e5-bc38-5c514f48b06a','LIQUIBASE',NULL,NULL,NULL,'2017-11-17 15:41:44',NULL,0,1,1,'2017-11-17 15:41:44'),('crumb preroll 1g','1e43a152-f84f-4022-a2c6-0c66c86e9e70','7e2b2130-da84-11e5-bc38-5c514f48b06a','LIQUIBASE',NULL,NULL,NULL,'2017-11-17 15:41:44',NULL,0,1,1,'2017-11-17 15:41:44'),('crumb35','1e43a152-f84f-4022-a2c6-0c66c86e9e70','7e2b2130-da84-11e5-bc38-5c514f48b06a','LIQUIBASE',NULL,NULL,NULL,'2017-11-17 15:41:44',NULL,0,1,1,'2017-11-17 15:41:44'),('d7665662-0623-11e8-b4e9-02429027d658','1e43a152-f84f-4022-a2c6-0c66c86e9e70','7e2ee239-da84-11e5-bc38-5c514f48b06a','LIQUIBASE',NULL,NULL,NULL,'2018-01-30 17:13:53',NULL,1,1,1,'2018-01-30 17:13:53'),('d883cb46-0621-11e8-b4e9-02429027d658','1e43a152-f84f-4022-a2c6-0c66c86e9e70','7c5b706f-82ab-11e6-a87c-0862661081dd','LIQUIBASE',NULL,NULL,NULL,'2018-01-30 16:59:33',NULL,1,1,1,'2018-01-30 16:59:33'),('e7fdeccc-679f-11e9-9c85-510c48478add','1e43a152-f84f-4022-a2c6-0c66c86e9e70','8461ed42-c68f-11e8-b53e-42ecda81f548','LIQUIBASE',NULL,NULL,NULL,'2019-04-25 14:20:10',NULL,0,1,1,'2019-04-25 14:20:10'),('f31db0a4-0620-11e8-b4e9-02429027d658','1e43a152-f84f-4022-a2c6-0c66c86e9e70','7e31e311-da84-11e5-bc38-5c514f48b06a','LIQUIBASE',NULL,NULL,NULL,'2018-01-30 16:53:45',NULL,1,1,1,'2018-01-30 16:53:45'),('fcc8eed5-0621-11e8-b4e9-02429027d658','1e43a152-f84f-4022-a2c6-0c66c86e9e70','7c5b706f-82ab-11e6-a87c-0862661081dd','LIQUIBASE',NULL,NULL,NULL,'2018-01-30 16:59:35',NULL,1,1,1,'2018-01-30 16:59:35'),('fe20c715-0623-11e8-b4e9-02429027d658','1e43a152-f84f-4022-a2c6-0c66c86e9e70','7e2ee239-da84-11e5-bc38-5c514f48b06a','LIQUIBASE',NULL,NULL,NULL,'2018-01-30 17:13:55',NULL,1,1,1,'2018-01-30 17:13:55'),('shake','1e43a152-f84f-4022-a2c6-0c66c86e9e70','8461ed42-c68f-11e8-b53e-42ecda81f548','LIQUIBASE',NULL,NULL,NULL,'2017-11-17 15:41:44',NULL,0,1,1,'2017-11-17 15:41:44'),('shake preroll 0.5g','1e43a152-f84f-4022-a2c6-0c66c86e9e70','7e2b2130-da84-11e5-bc38-5c514f48b06a','LIQUIBASE',NULL,NULL,NULL,'2017-11-17 15:41:44',NULL,0,1,1,'2017-11-17 15:41:44'),('shake preroll 1.5g','1e43a152-f84f-4022-a2c6-0c66c86e9e70','7e2b2130-da84-11e5-bc38-5c514f48b06a','LIQUIBASE',NULL,NULL,NULL,'2017-11-17 15:41:44',NULL,0,1,1,'2017-11-17 15:41:44'),('shake preroll 1g','1e43a152-f84f-4022-a2c6-0c66c86e9e70','7e2b2130-da84-11e5-bc38-5c514f48b06a','LIQUIBASE',NULL,NULL,NULL,'2017-11-17 15:41:44',NULL,0,1,1,'2017-11-17 15:41:44'),('shake35','1e43a152-f84f-4022-a2c6-0c66c86e9e70','7e2b2130-da84-11e5-bc38-5c514f48b06a','LIQUIBASE',NULL,NULL,NULL,'2017-11-17 15:41:44',NULL,0,1,1,'2017-11-17 15:41:44');
/*!40000 ALTER TABLE `tz_product` ENABLE KEYS */;
UNLOCK TABLES;

--
-- Table structure for table `tz_product_attribute`
--

DROP TABLE IF EXISTS `tz_product_attribute`;
/*!40101 SET @saved_cs_client     = @@character_set_client */;
/*!40101 SET character_set_client = utf8 */;
CREATE TABLE `tz_product_attribute` (
  `id` varchar(45) NOT NULL,
  `tenant_id` varchar(45) NOT NULL,
  `product_id` varchar(45) NOT NULL,
  `name` varchar(255) NOT NULL,
  `value` varchar(255) NOT NULL,
  `version` int(11) NOT NULL,
  `original_start_date` datetime NOT NULL,
  `last_user_id` varchar(45) NOT NULL,
  `current_flag` tinyint(1) NOT NULL,
  `start_date` datetime NOT NULL,
  `end_date` datetime DEFAULT NULL,
  PRIMARY KEY (`id`),
  KEY `product_attribute_location_idx` (`tenant_id`),
  KEY `product_attribute_current` (`current_flag`),
  KEY `ref_id` (`tenant_id`,`current_flag`),
  KEY `attribute_product` (`product_id`,`tenant_id`,`current_flag`),
  FULLTEXT KEY `pa_value_fulltext` (`value`),
  CONSTRAINT `product_attribute_product_reference` FOREIGN KEY (`product_id`) REFERENCES `tz_product` (`id`) ON DELETE NO ACTION ON UPDATE NO ACTION,
  CONSTRAINT `tz_product_attribute_tenant_reference` FOREIGN KEY (`tenant_id`) REFERENCES `tz_tenant` (`id`) ON DELETE NO ACTION ON UPDATE NO ACTION
) ENGINE=InnoDB DEFAULT CHARSET=utf8;
/*!40101 SET character_set_client = @saved_cs_client */;

--
-- Dumping data for table `tz_product_attribute`
--

LOCK TABLES `tz_product_attribute` WRITE;
/*!40000 ALTER TABLE `tz_product_attribute` DISABLE KEYS */;
/*!40000 ALTER TABLE `tz_product_attribute` ENABLE KEYS */;
UNLOCK TABLES;

--
-- Table structure for table `tz_product_attribute_aud`
--

DROP TABLE IF EXISTS `tz_product_attribute_aud`;
/*!40101 SET @saved_cs_client     = @@character_set_client */;
/*!40101 SET character_set_client = utf8 */;
CREATE TABLE `tz_product_attribute_aud` (
  `rev` int(11) NOT NULL DEFAULT '0',
  `revend` int(11) DEFAULT NULL,
  `revtype` smallint(6) DEFAULT NULL,
  `id` varchar(45) NOT NULL,
  `tenant_id` varchar(45) NOT NULL,
  `product_id` varchar(45) NOT NULL,
  `name` varchar(255) NOT NULL,
  `value` varchar(255) NOT NULL,
  `version` int(11) DEFAULT NULL,
  `original_start_date` datetime NOT NULL,
  `last_user_id` varchar(45) NOT NULL,
  `current_flag` tinyint(1) NOT NULL,
  `start_date` datetime NOT NULL,
  `end_date` datetime DEFAULT NULL,
  PRIMARY KEY (`rev`,`id`),
  KEY `product_attribute_aud_product_attribute_idx` (`id`),
  KEY `product_attribute_aud_tenant_idx` (`tenant_id`),
  KEY `product_attribute_aud_product_idx` (`product_id`)
) ENGINE=InnoDB DEFAULT CHARSET=utf8;
/*!40101 SET character_set_client = @saved_cs_client */;

--
-- Dumping data for table `tz_product_attribute_aud`
--

LOCK TABLES `tz_product_attribute_aud` WRITE;
/*!40000 ALTER TABLE `tz_product_attribute_aud` DISABLE KEYS */;
/*!40000 ALTER TABLE `tz_product_attribute_aud` ENABLE KEYS */;
UNLOCK TABLES;

--
-- Table structure for table `tz_product_aud`
--

DROP TABLE IF EXISTS `tz_product_aud`;
/*!40101 SET @saved_cs_client     = @@character_set_client */;
/*!40101 SET character_set_client = utf8 */;
CREATE TABLE `tz_product_aud` (
  `rev` int(11) NOT NULL DEFAULT '0',
  `revend` int(11) DEFAULT NULL,
  `revtype` smallint(6) DEFAULT NULL,
  `id` varchar(45) NOT NULL,
  `tenant_id` varchar(45) NOT NULL,
  `type_id` varchar(45) NOT NULL,
  `last_user_id` varchar(45) NOT NULL,
  `product_id_merged_to` varchar(45) DEFAULT NULL COMMENT '\nID of the surviving product when this product is merged with another product. Blank if the product active and un-merged. This field will need to be updated any time there is a change to the most current version of the product.',
  `primary_upload_id` varchar(45) DEFAULT NULL,
  `prev_id` varchar(45) DEFAULT NULL,
  `start_date` datetime NOT NULL,
  `end_date` datetime DEFAULT NULL,
  `is_active` tinyint(4) NOT NULL DEFAULT '1',
  `current_flag` tinyint(4) NOT NULL DEFAULT '1',
  `version` int(11) DEFAULT NULL,
  `original_start_date` datetime NOT NULL,
  PRIMARY KEY (`rev`,`id`),
  KEY `product_aud_product_idx` (`id`),
  KEY `product_aud_tenant_idx` (`tenant_id`),
  KEY `product_aud_type_idx` (`type_id`),
  KEY `product_aud_upload_idx` (`primary_upload_id`)
) ENGINE=InnoDB DEFAULT CHARSET=utf8;
/*!40101 SET character_set_client = @saved_cs_client */;

--
-- Dumping data for table `tz_product_aud`
--

LOCK TABLES `tz_product_aud` WRITE;
/*!40000 ALTER TABLE `tz_product_aud` DISABLE KEYS */;
INSERT INTO `tz_product_aud` VALUES (990,NULL,0,'174d6edf-0621-11e8-b4e9-02429027d658','1e43a152-f84f-4022-a2c6-0c66c86e9e70','7e31e311-da84-11e5-bc38-5c514f48b06a','LIQUIBASE',NULL,NULL,NULL,'2018-01-30 16:53:47',NULL,1,1,1,'2018-01-30 16:53:47'),(991,NULL,0,'1ca01284-0622-11e8-b4e9-02429027d658','1e43a152-f84f-4022-a2c6-0c66c86e9e70','7c5b8eb8-82ab-11e6-a87c-0862661081dd','LIQUIBASE',NULL,NULL,NULL,'2018-01-30 17:00:52',NULL,1,1,1,'2018-01-30 17:00:52'),(992,NULL,0,'299f0a4e-0622-11e8-b4e9-02429027d658','1e43a152-f84f-4022-a2c6-0c66c86e9e70','7c5b8eb8-82ab-11e6-a87c-0862661081dd','LIQUIBASE',NULL,NULL,NULL,'2018-01-30 17:00:54',NULL,1,1,1,'2018-01-30 17:00:54'),(993,NULL,0,'55635efe-0622-11e8-b4e9-02429027d658','1e43a152-f84f-4022-a2c6-0c66c86e9e70','7e362cd7-ec92-11e5-a7c5-6c0b843dcc4d','LIQUIBASE',NULL,NULL,NULL,'2018-01-30 17:02:45',NULL,1,1,1,'2018-01-30 17:02:45'),(994,NULL,0,'653e9730-0621-11e8-b4e9-02429027d658','1e43a152-f84f-4022-a2c6-0c66c86e9e70','7e2b2130-da84-11e5-bc38-5c514f48b06a','LIQUIBASE',NULL,NULL,NULL,'2018-01-30 17:10:54',NULL,0,1,1,'2018-01-30 17:10:54'),(995,NULL,0,'6544372d-0621-11e8-b4e9-02429027d658','1e43a152-f84f-4022-a2c6-0c66c86e9e70','7e2b2130-da84-11e5-bc38-5c514f48b06a','LIQUIBASE',NULL,NULL,NULL,'2018-01-30 17:10:54',NULL,0,1,1,'2018-01-30 17:10:54'),(996,NULL,0,'6549952e-0621-11e8-b4e9-02429027d658','1e43a152-f84f-4022-a2c6-0c66c86e9e70','7e2b2130-da84-11e5-bc38-5c514f48b06a','LIQUIBASE',NULL,NULL,NULL,'2018-01-30 17:10:54',NULL,0,1,1,'2018-01-30 17:10:54'),(997,NULL,0,'654e9171-0621-11e8-b4e9-02429027d658','1e43a152-f84f-4022-a2c6-0c66c86e9e70','7e2b2130-da84-11e5-bc38-5c514f48b06a','LIQUIBASE',NULL,NULL,NULL,'2018-01-30 17:10:54',NULL,0,1,1,'2018-01-30 17:10:54'),(998,NULL,0,'65539712-0621-11e8-b4e9-02429027d658','1e43a152-f84f-4022-a2c6-0c66c86e9e70','7e2b2130-da84-11e5-bc38-5c514f48b06a','LIQUIBASE',NULL,NULL,NULL,'2018-01-30 17:10:54',NULL,0,1,1,'2018-01-30 17:10:54'),(999,NULL,0,'65584695-0621-11e8-b4e9-02429027d658','1e43a152-f84f-4022-a2c6-0c66c86e9e70','7e2b2130-da84-11e5-bc38-5c514f48b06a','LIQUIBASE',NULL,NULL,NULL,'2018-01-30 17:10:54',NULL,1,1,1,'2018-01-30 17:10:54'),(1000,NULL,0,'655d9edd-0621-11e8-b4e9-02429027d658','1e43a152-f84f-4022-a2c6-0c66c86e9e70','7e2b2130-da84-11e5-bc38-5c514f48b06a','LIQUIBASE',NULL,NULL,NULL,'2018-01-30 17:10:54',NULL,1,1,1,'2018-01-30 17:10:54'),(1001,NULL,0,'65629d9e-0621-11e8-b4e9-02429027d658','1e43a152-f84f-4022-a2c6-0c66c86e9e70','7e2b2130-da84-11e5-bc38-5c514f48b06a','LIQUIBASE',NULL,NULL,NULL,'2018-01-30 17:10:54',NULL,1,1,1,'2018-01-30 17:10:54'),(1002,NULL,0,'6567be28-0621-11e8-b4e9-02429027d658','1e43a152-f84f-4022-a2c6-0c66c86e9e70','7e2b2130-da84-11e5-bc38-5c514f48b06a','LIQUIBASE',NULL,NULL,NULL,'2018-01-30 17:10:54',NULL,1,1,1,'2018-01-30 17:10:54'),(1003,NULL,0,'6571dfad-0621-11e8-b4e9-02429027d658','1e43a152-f84f-4022-a2c6-0c66c86e9e70','7e2b2130-da84-11e5-bc38-5c514f48b06a','LIQUIBASE',NULL,NULL,NULL,'2018-01-30 17:10:54',NULL,1,1,1,'2018-01-30 17:10:54'),(1004,NULL,0,'6e387b94-0622-11e8-b4e9-02429027d658','1e43a152-f84f-4022-a2c6-0c66c86e9e70','7e362cd7-ec92-11e5-a7c5-6c0b843dcc4d','LIQUIBASE',NULL,NULL,NULL,'2018-01-30 17:02:48',NULL,1,1,1,'2018-01-30 17:02:48'),(1005,NULL,0,'7b6c346c-0621-11e8-b4e9-02429027d658','1e43a152-f84f-4022-a2c6-0c66c86e9e70','7e2b2130-da84-11e5-bc38-5c514f48b06a','LIQUIBASE',NULL,NULL,NULL,'2018-01-30 17:10:48',NULL,0,1,1,'2018-01-30 17:10:48'),(1006,NULL,0,'7b71e939-0621-11e8-b4e9-02429027d658','1e43a152-f84f-4022-a2c6-0c66c86e9e70','7e2b2130-da84-11e5-bc38-5c514f48b06a','LIQUIBASE',NULL,NULL,NULL,'2018-01-30 17:10:48',NULL,0,1,1,'2018-01-30 17:10:48'),(1007,NULL,0,'7b76be1f-0621-11e8-b4e9-02429027d658','1e43a152-f84f-4022-a2c6-0c66c86e9e70','7e2b2130-da84-11e5-bc38-5c514f48b06a','LIQUIBASE',NULL,NULL,NULL,'2018-01-30 17:10:48',NULL,0,1,1,'2018-01-30 17:10:48'),(1008,NULL,0,'7b7bbca8-0621-11e8-b4e9-02429027d658','1e43a152-f84f-4022-a2c6-0c66c86e9e70','7e2b2130-da84-11e5-bc38-5c514f48b06a','LIQUIBASE',NULL,NULL,NULL,'2018-01-30 17:10:48',NULL,0,1,1,'2018-01-30 17:10:48'),(1009,NULL,0,'7b80bca1-0621-11e8-b4e9-02429027d658','1e43a152-f84f-4022-a2c6-0c66c86e9e70','7e2b2130-da84-11e5-bc38-5c514f48b06a','LIQUIBASE',NULL,NULL,NULL,'2018-01-30 17:10:48',NULL,0,1,1,'2018-01-30 17:10:48'),(1010,NULL,0,'7b858e91-0621-11e8-b4e9-02429027d658','1e43a152-f84f-4022-a2c6-0c66c86e9e70','7e2b2130-da84-11e5-bc38-5c514f48b06a','LIQUIBASE',NULL,NULL,NULL,'2018-01-30 17:10:48',NULL,1,1,1,'2018-01-30 17:10:48'),(1011,NULL,0,'7b8a5289-0621-11e8-b4e9-02429027d658','1e43a152-f84f-4022-a2c6-0c66c86e9e70','7e2b2130-da84-11e5-bc38-5c514f48b06a','LIQUIBASE',NULL,NULL,NULL,'2018-01-30 17:10:48',NULL,1,1,1,'2018-01-30 17:10:48'),(1012,NULL,0,'7b8f0729-0621-11e8-b4e9-02429027d658','1e43a152-f84f-4022-a2c6-0c66c86e9e70','7e2b2130-da84-11e5-bc38-5c514f48b06a','LIQUIBASE',NULL,NULL,NULL,'2018-01-30 17:10:48',NULL,1,1,1,'2018-01-30 17:10:48'),(1013,NULL,0,'7b9406c0-0621-11e8-b4e9-02429027d658','1e43a152-f84f-4022-a2c6-0c66c86e9e70','7e2b2130-da84-11e5-bc38-5c514f48b06a','LIQUIBASE',NULL,NULL,NULL,'2018-01-30 17:10:48',NULL,1,1,1,'2018-01-30 17:10:48'),(1014,NULL,0,'7ba12daf-0621-11e8-b4e9-02429027d658','1e43a152-f84f-4022-a2c6-0c66c86e9e70','7e2b2130-da84-11e5-bc38-5c514f48b06a','LIQUIBASE',NULL,NULL,NULL,'2018-01-30 17:10:48',NULL,1,1,1,'2018-01-30 17:10:48'),(1015,NULL,0,'9374f5e3-0621-11e8-b4e9-02429027d658','1e43a152-f84f-4022-a2c6-0c66c86e9e70','7e37edd2-da84-11e5-bc38-5c514f48b06a','LIQUIBASE',NULL,NULL,NULL,'2018-01-30 16:57:30',NULL,1,1,1,'2018-01-30 16:57:30'),(1016,NULL,0,'a4771e75-0622-11e8-b4e9-02429027d658','1e43a152-f84f-4022-a2c6-0c66c86e9e70','7e34f465-da84-11e5-bc38-5c514f48b06a','LIQUIBASE',NULL,NULL,NULL,'2018-01-30 17:04:48',NULL,1,1,1,'2018-01-30 17:04:48'),(1017,NULL,0,'b2a581a8-0621-11e8-b4e9-02429027d658','1e43a152-f84f-4022-a2c6-0c66c86e9e70','7e37edd2-da84-11e5-bc38-5c514f48b06a','LIQUIBASE',NULL,NULL,NULL,'2018-01-30 16:57:31',NULL,1,1,1,'2018-01-30 16:57:31'),(1018,NULL,0,'b54ce528-0622-11e8-b4e9-02429027d658','1e43a152-f84f-4022-a2c6-0c66c86e9e70','7e34f465-da84-11e5-bc38-5c514f48b06a','LIQUIBASE',NULL,NULL,NULL,'2018-01-30 17:04:50',NULL,1,1,1,'2018-01-30 17:04:50'),(1019,NULL,0,'bdcd0f53-0620-11e8-b4e9-02429027d658','1e43a152-f84f-4022-a2c6-0c66c86e9e70','7c5b3ad1-82ab-11e6-a87c-0862661081dd','LIQUIBASE',NULL,NULL,NULL,'2018-01-30 16:51:05',NULL,1,1,1,'2018-01-30 16:51:05'),(1020,NULL,0,'cd43d375-0620-11e8-b4e9-02429027d658','1e43a152-f84f-4022-a2c6-0c66c86e9e70','7c5b3ad1-82ab-11e6-a87c-0862661081dd','LIQUIBASE',NULL,NULL,NULL,'2018-01-30 16:51:07',NULL,1,1,1,'2018-01-30 16:51:07'),(1021,NULL,0,'crumb','1e43a152-f84f-4022-a2c6-0c66c86e9e70','8461ed42-c68f-11e8-b53e-42ecda81f548','LIQUIBASE',NULL,NULL,NULL,'2017-11-17 15:41:44',NULL,0,1,1,'2017-11-17 15:41:44'),(1022,NULL,0,'crumb preroll 0.5g','1e43a152-f84f-4022-a2c6-0c66c86e9e70','7e2b2130-da84-11e5-bc38-5c514f48b06a','LIQUIBASE',NULL,NULL,NULL,'2017-11-17 15:41:44',NULL,0,1,1,'2017-11-17 15:41:44'),(1023,NULL,0,'crumb preroll 1.5g','1e43a152-f84f-4022-a2c6-0c66c86e9e70','7e2b2130-da84-11e5-bc38-5c514f48b06a','LIQUIBASE',NULL,NULL,NULL,'2017-11-17 15:41:44',NULL,0,1,1,'2017-11-17 15:41:44'),(1024,NULL,0,'crumb preroll 1g','1e43a152-f84f-4022-a2c6-0c66c86e9e70','7e2b2130-da84-11e5-bc38-5c514f48b06a','LIQUIBASE',NULL,NULL,NULL,'2017-11-17 15:41:44',NULL,0,1,1,'2017-11-17 15:41:44'),(1025,NULL,0,'crumb35','1e43a152-f84f-4022-a2c6-0c66c86e9e70','7e2b2130-da84-11e5-bc38-5c514f48b06a','LIQUIBASE',NULL,NULL,NULL,'2017-11-17 15:41:44',NULL,0,1,1,'2017-11-17 15:41:44'),(1026,NULL,0,'d7665662-0623-11e8-b4e9-02429027d658','1e43a152-f84f-4022-a2c6-0c66c86e9e70','7e2ee239-da84-11e5-bc38-5c514f48b06a','LIQUIBASE',NULL,NULL,NULL,'2018-01-30 17:13:53',NULL,1,1,1,'2018-01-30 17:13:53'),(1027,NULL,0,'d883cb46-0621-11e8-b4e9-02429027d658','1e43a152-f84f-4022-a2c6-0c66c86e9e70','7c5b706f-82ab-11e6-a87c-0862661081dd','LIQUIBASE',NULL,NULL,NULL,'2018-01-30 16:59:33',NULL,1,1,1,'2018-01-30 16:59:33'),(1028,NULL,0,'e7fdeccc-679f-11e9-9c85-510c48478add','1e43a152-f84f-4022-a2c6-0c66c86e9e70','8461ed42-c68f-11e8-b53e-42ecda81f548','LIQUIBASE',NULL,NULL,NULL,'2019-04-25 14:20:10',NULL,0,1,1,'2019-04-25 14:20:10'),(1029,NULL,0,'f31db0a4-0620-11e8-b4e9-02429027d658','1e43a152-f84f-4022-a2c6-0c66c86e9e70','7e31e311-da84-11e5-bc38-5c514f48b06a','LIQUIBASE',NULL,NULL,NULL,'2018-01-30 16:53:45',NULL,1,1,1,'2018-01-30 16:53:45'),(1030,NULL,0,'fcc8eed5-0621-11e8-b4e9-02429027d658','1e43a152-f84f-4022-a2c6-0c66c86e9e70','7c5b706f-82ab-11e6-a87c-0862661081dd','LIQUIBASE',NULL,NULL,NULL,'2018-01-30 16:59:35',NULL,1,1,1,'2018-01-30 16:59:35'),(1031,NULL,0,'fe20c715-0623-11e8-b4e9-02429027d658','1e43a152-f84f-4022-a2c6-0c66c86e9e70','7e2ee239-da84-11e5-bc38-5c514f48b06a','LIQUIBASE',NULL,NULL,NULL,'2018-01-30 17:13:55',NULL,1,1,1,'2018-01-30 17:13:55'),(1032,NULL,0,'shake','1e43a152-f84f-4022-a2c6-0c66c86e9e70','8461ed42-c68f-11e8-b53e-42ecda81f548','LIQUIBASE',NULL,NULL,NULL,'2017-11-17 15:41:44',NULL,0,1,1,'2017-11-17 15:41:44'),(1033,NULL,0,'shake preroll 0.5g','1e43a152-f84f-4022-a2c6-0c66c86e9e70','7e2b2130-da84-11e5-bc38-5c514f48b06a','LIQUIBASE',NULL,NULL,NULL,'2017-11-17 15:41:44',NULL,0,1,1,'2017-11-17 15:41:44'),(1034,NULL,0,'shake preroll 1.5g','1e43a152-f84f-4022-a2c6-0c66c86e9e70','7e2b2130-da84-11e5-bc38-5c514f48b06a','LIQUIBASE',NULL,NULL,NULL,'2017-11-17 15:41:44',NULL,0,1,1,'2017-11-17 15:41:44'),(1035,NULL,0,'shake preroll 1g','1e43a152-f84f-4022-a2c6-0c66c86e9e70','7e2b2130-da84-11e5-bc38-5c514f48b06a','LIQUIBASE',NULL,NULL,NULL,'2017-11-17 15:41:44',NULL,0,1,1,'2017-11-17 15:41:44'),(1036,NULL,0,'shake35','1e43a152-f84f-4022-a2c6-0c66c86e9e70','7e2b2130-da84-11e5-bc38-5c514f48b06a','LIQUIBASE',NULL,NULL,NULL,'2017-11-17 15:41:44',NULL,0,1,1,'2017-11-17 15:41:44');
/*!40000 ALTER TABLE `tz_product_aud` ENABLE KEYS */;
UNLOCK TABLES;

--
-- Table structure for table `tz_product_category`
--

DROP TABLE IF EXISTS `tz_product_category`;
/*!40101 SET @saved_cs_client     = @@character_set_client */;
/*!40101 SET character_set_client = utf8 */;
CREATE TABLE `tz_product_category` (
  `id` varchar(45) NOT NULL,
  `tenant_id` varchar(45) NOT NULL,
  `product_id` varchar(45) NOT NULL,
  `category_id` varchar(45) NOT NULL,
  `version` int(11) NOT NULL,
  `original_start_date` datetime NOT NULL,
  `last_user_id` varchar(45) NOT NULL,
  `current_flag` tinyint(1) NOT NULL,
  `start_date` datetime NOT NULL,
  `end_date` datetime DEFAULT NULL,
  PRIMARY KEY (`id`),
  KEY `product_category_product_idx` (`product_id`),
  KEY `product_category_category_idx` (`category_id`),
  KEY `product_category_location_idx` (`tenant_id`),
  KEY `ref_id` (`current_flag`),
  CONSTRAINT `product_category_category` FOREIGN KEY (`category_id`) REFERENCES `tz_category` (`id`) ON DELETE NO ACTION ON UPDATE NO ACTION,
  CONSTRAINT `product_category_product` FOREIGN KEY (`product_id`) REFERENCES `tz_product` (`id`) ON DELETE NO ACTION ON UPDATE NO ACTION,
  CONSTRAINT `tz_product_category_tenant_reference` FOREIGN KEY (`tenant_id`) REFERENCES `tz_tenant` (`id`) ON DELETE NO ACTION ON UPDATE NO ACTION
) ENGINE=InnoDB DEFAULT CHARSET=utf8;
/*!40101 SET character_set_client = @saved_cs_client */;

--
-- Dumping data for table `tz_product_category`
--

LOCK TABLES `tz_product_category` WRITE;
/*!40000 ALTER TABLE `tz_product_category` DISABLE KEYS */;
/*!40000 ALTER TABLE `tz_product_category` ENABLE KEYS */;
UNLOCK TABLES;

--
-- Table structure for table `tz_product_category_aud`
--

DROP TABLE IF EXISTS `tz_product_category_aud`;
/*!40101 SET @saved_cs_client     = @@character_set_client */;
/*!40101 SET character_set_client = utf8 */;
CREATE TABLE `tz_product_category_aud` (
  `rev` int(11) NOT NULL DEFAULT '0',
  `revend` int(11) DEFAULT NULL,
  `revtype` smallint(6) DEFAULT NULL,
  `id` varchar(45) NOT NULL,
  `tenant_id` varchar(45) NOT NULL,
  `product_id` varchar(45) NOT NULL,
  `category_id` varchar(45) NOT NULL,
  `version` int(11) DEFAULT NULL,
  `original_start_date` datetime NOT NULL,
  `last_user_id` varchar(45) NOT NULL,
  `current_flag` tinyint(1) NOT NULL,
  `start_date` datetime NOT NULL,
  `end_date` datetime DEFAULT NULL,
  PRIMARY KEY (`rev`,`id`),
  KEY `product_category_aud_product_category_idx` (`id`),
  KEY `product_category_aud_tenant_idx` (`tenant_id`),
  KEY `product_category_aud_product_idx` (`product_id`),
  KEY `product_category_aud_category_idx` (`category_id`)
) ENGINE=InnoDB DEFAULT CHARSET=utf8;
/*!40101 SET character_set_client = @saved_cs_client */;

--
-- Dumping data for table `tz_product_category_aud`
--

LOCK TABLES `tz_product_category_aud` WRITE;
/*!40000 ALTER TABLE `tz_product_category_aud` DISABLE KEYS */;
/*!40000 ALTER TABLE `tz_product_category_aud` ENABLE KEYS */;
UNLOCK TABLES;

--
-- Table structure for table `tz_product_detail`
--

DROP TABLE IF EXISTS `tz_product_detail`;
/*!40101 SET @saved_cs_client     = @@character_set_client */;
/*!40101 SET character_set_client = utf8 */;
CREATE TABLE `tz_product_detail` (
  `id` varchar(45) NOT NULL,
  `tenant_id` varchar(45) NOT NULL,
  `prev_id` varchar(45) DEFAULT NULL,
  `product_id` varchar(45) NOT NULL,
  `product_metadata_id` varchar(45) NOT NULL,
  `value` varchar(1500) DEFAULT NULL,
  `version` int(11) NOT NULL,
  `original_start_date` datetime NOT NULL,
  `last_user_id` varchar(45) NOT NULL,
  `current_flag` tinyint(1) NOT NULL,
  `start_date` datetime NOT NULL,
  `end_date` datetime DEFAULT NULL,
  PRIMARY KEY (`id`),
  UNIQUE KEY `product_detail_unique` (`product_id`,`product_metadata_id`),
  KEY `ref_id` (`tenant_id`,`current_flag`),
  KEY `pd_metadata` (`product_metadata_id`,`tenant_id`,`current_flag`),
  KEY `pd_product` (`product_id`,`tenant_id`,`current_flag`),
  FULLTEXT KEY `pd_value_fulltext` (`value`),
  CONSTRAINT `product_detail_product` FOREIGN KEY (`product_id`) REFERENCES `tz_product` (`id`) ON DELETE NO ACTION ON UPDATE NO ACTION,
  CONSTRAINT `product_detail_product_metadata` FOREIGN KEY (`product_metadata_id`) REFERENCES `tz_product_metadata` (`id`) ON DELETE NO ACTION ON UPDATE NO ACTION,
  CONSTRAINT `product_detail_tenant` FOREIGN KEY (`tenant_id`) REFERENCES `tz_tenant` (`id`) ON DELETE NO ACTION ON UPDATE NO ACTION
) ENGINE=InnoDB DEFAULT CHARSET=utf8;
/*!40101 SET character_set_client = @saved_cs_client */;

--
-- Dumping data for table `tz_product_detail`
--

LOCK TABLES `tz_product_detail` WRITE;
/*!40000 ALTER TABLE `tz_product_detail` DISABLE KEYS */;
INSERT INTO `tz_product_detail` VALUES ('47738912-51cb-11ea-9640-479b33305416','1e43a152-f84f-4022-a2c6-0c66c86e9e70',NULL,'crumb','4aae82cd-297b-11e9-9322-5f3e17bc67d1','CRUMB',1,'2010-01-01 00:00:00','LIQUIBASE',1,'2010-01-01 00:00:00',NULL),('47738d72-51cb-11ea-9640-479b33305416','1e43a152-f84f-4022-a2c6-0c66c86e9e70',NULL,'e7fdeccc-679f-11e9-9c85-510c48478add','4aae82cd-297b-11e9-9322-5f3e17bc67d1','PAYMENT FEE',1,'2010-01-01 00:00:00','LIQUIBASE',1,'2010-01-01 00:00:00',NULL),('47739114-51cb-11ea-9640-479b33305416','1e43a152-f84f-4022-a2c6-0c66c86e9e70',NULL,'shake','4aae82cd-297b-11e9-9322-5f3e17bc67d1','SHAKE',1,'2010-01-01 00:00:00','LIQUIBASE',1,'2010-01-01 00:00:00',NULL),('47739632-51cb-11ea-9640-479b33305416','1e43a152-f84f-4022-a2c6-0c66c86e9e70',NULL,'bdcd0f53-0620-11e8-b4e9-02429027d658','69d8bb3c-fd88-11e8-814d-afed9526fa74','SUNSET SHERBERT SAMPLE',1,'2010-01-01 00:00:00','LIQUIBASE',1,'2010-01-01 00:00:00',NULL),('47739c04-51cb-11ea-9640-479b33305416','1e43a152-f84f-4022-a2c6-0c66c86e9e70',NULL,'cd43d375-0620-11e8-b4e9-02429027d658','69d8bb3c-fd88-11e8-814d-afed9526fa74','SF SOURDOUGH SAMPLE',1,'2010-01-01 00:00:00','LIQUIBASE',1,'2010-01-01 00:00:00',NULL),('4773a1a4-51cb-11ea-9640-479b33305416','1e43a152-f84f-4022-a2c6-0c66c86e9e70',NULL,'174d6edf-0621-11e8-b4e9-02429027d658','69d91082-fd88-11e8-814d-afed9526fa74','ESPRESSO BEANS SAMPLE',1,'2010-01-01 00:00:00','LIQUIBASE',1,'2010-01-01 00:00:00',NULL),('4773a51e-51cb-11ea-9640-479b33305416','1e43a152-f84f-4022-a2c6-0c66c86e9e70',NULL,'f31db0a4-0620-11e8-b4e9-02429027d658','69d91082-fd88-11e8-814d-afed9526fa74','BLUEBERRIES SAMPLE',1,'2010-01-01 00:00:00','LIQUIBASE',1,'2010-01-01 00:00:00',NULL),('4773a8e8-51cb-11ea-9640-479b33305416','1e43a152-f84f-4022-a2c6-0c66c86e9e70',NULL,'d7665662-0623-11e8-b4e9-02429027d658','69d93904-fd88-11e8-814d-afed9526fa74','CANDY NOVA SAMPLE',1,'2010-01-01 00:00:00','LIQUIBASE',1,'2010-01-01 00:00:00',NULL),('4773ac30-51cb-11ea-9640-479b33305416','1e43a152-f84f-4022-a2c6-0c66c86e9e70',NULL,'fe20c715-0623-11e8-b4e9-02429027d658','69d93904-fd88-11e8-814d-afed9526fa74','ZKITTLEZ SAMPLE',1,'2010-01-01 00:00:00','LIQUIBASE',1,'2010-01-01 00:00:00',NULL),('4773b05e-51cb-11ea-9640-479b33305416','1e43a152-f84f-4022-a2c6-0c66c86e9e70',NULL,'653e9730-0621-11e8-b4e9-02429027d658','69d9f3f8-fd88-11e8-814d-afed9526fa74','KING LOUIS XIII SAMPLE',1,'2010-01-01 00:00:00','LIQUIBASE',1,'2010-01-01 00:00:00',NULL),('4773b3b0-51cb-11ea-9640-479b33305416','1e43a152-f84f-4022-a2c6-0c66c86e9e70',NULL,'6544372d-0621-11e8-b4e9-02429027d658','69d9f3f8-fd88-11e8-814d-afed9526fa74','KING LOUIS XIII SAMPLE',1,'2010-01-01 00:00:00','LIQUIBASE',1,'2010-01-01 00:00:00',NULL),('4773b8ec-51cb-11ea-9640-479b33305416','1e43a152-f84f-4022-a2c6-0c66c86e9e70',NULL,'6549952e-0621-11e8-b4e9-02429027d658','69d9f3f8-fd88-11e8-814d-afed9526fa74','KING LOUIS XIII SAMPLE',1,'2010-01-01 00:00:00','LIQUIBASE',1,'2010-01-01 00:00:00',NULL),('4773bd6a-51cb-11ea-9640-479b33305416','1e43a152-f84f-4022-a2c6-0c66c86e9e70',NULL,'654e9171-0621-11e8-b4e9-02429027d658','69d9f3f8-fd88-11e8-814d-afed9526fa74','KING LOUIS XIII SAMPLE',1,'2010-01-01 00:00:00','LIQUIBASE',1,'2010-01-01 00:00:00',NULL),('4773beb4-51cb-11ea-9640-479b33305416','1e43a152-f84f-4022-a2c6-0c66c86e9e70',NULL,'65539712-0621-11e8-b4e9-02429027d658','69d9f3f8-fd88-11e8-814d-afed9526fa74','KING LOUIS XIII SAMPLE',1,'2010-01-01 00:00:00','LIQUIBASE',1,'2010-01-01 00:00:00',NULL),('4773c0a8-51cb-11ea-9640-479b33305416','1e43a152-f84f-4022-a2c6-0c66c86e9e70',NULL,'65584695-0621-11e8-b4e9-02429027d658','69d9f3f8-fd88-11e8-814d-afed9526fa74','KING LOUIS XIII SAMPLE',1,'2010-01-01 00:00:00','LIQUIBASE',1,'2010-01-01 00:00:00',NULL),('4773c1ca-51cb-11ea-9640-479b33305416','1e43a152-f84f-4022-a2c6-0c66c86e9e70',NULL,'655d9edd-0621-11e8-b4e9-02429027d658','69d9f3f8-fd88-11e8-814d-afed9526fa74','KING LOUIS XIII SAMPLE',1,'2010-01-01 00:00:00','LIQUIBASE',1,'2010-01-01 00:00:00',NULL),('4773c2d8-51cb-11ea-9640-479b33305416','1e43a152-f84f-4022-a2c6-0c66c86e9e70',NULL,'65629d9e-0621-11e8-b4e9-02429027d658','69d9f3f8-fd88-11e8-814d-afed9526fa74','KING LOUIS XIII SAMPLE',1,'2010-01-01 00:00:00','LIQUIBASE',1,'2010-01-01 00:00:00',NULL),('4773c3dc-51cb-11ea-9640-479b33305416','1e43a152-f84f-4022-a2c6-0c66c86e9e70',NULL,'6567be28-0621-11e8-b4e9-02429027d658','69d9f3f8-fd88-11e8-814d-afed9526fa74','KING LOUIS XIII SAMPLE',1,'2010-01-01 00:00:00','LIQUIBASE',1,'2010-01-01 00:00:00',NULL),('4773c4e0-51cb-11ea-9640-479b33305416','1e43a152-f84f-4022-a2c6-0c66c86e9e70',NULL,'6571dfad-0621-11e8-b4e9-02429027d658','69d9f3f8-fd88-11e8-814d-afed9526fa74','KING LOUIS XIII SAMPLE',1,'2010-01-01 00:00:00','LIQUIBASE',1,'2010-01-01 00:00:00',NULL),('4773c5f8-51cb-11ea-9640-479b33305416','1e43a152-f84f-4022-a2c6-0c66c86e9e70',NULL,'7b6c346c-0621-11e8-b4e9-02429027d658','69d9f3f8-fd88-11e8-814d-afed9526fa74','CHEM FIRE SAMPLE',1,'2010-01-01 00:00:00','LIQUIBASE',1,'2010-01-01 00:00:00',NULL),('4773c9c2-51cb-11ea-9640-479b33305416','1e43a152-f84f-4022-a2c6-0c66c86e9e70',NULL,'7b71e939-0621-11e8-b4e9-02429027d658','69d9f3f8-fd88-11e8-814d-afed9526fa74','CHEM FIRE SAMPLE',1,'2010-01-01 00:00:00','LIQUIBASE',1,'2010-01-01 00:00:00',NULL),('4773cb02-51cb-11ea-9640-479b33305416','1e43a152-f84f-4022-a2c6-0c66c86e9e70',NULL,'7b76be1f-0621-11e8-b4e9-02429027d658','69d9f3f8-fd88-11e8-814d-afed9526fa74','CHEM FIRE SAMPLE',1,'2010-01-01 00:00:00','LIQUIBASE',1,'2010-01-01 00:00:00',NULL),('4773cc06-51cb-11ea-9640-479b33305416','1e43a152-f84f-4022-a2c6-0c66c86e9e70',NULL,'7b7bbca8-0621-11e8-b4e9-02429027d658','69d9f3f8-fd88-11e8-814d-afed9526fa74','CHEM FIRE SAMPLE',1,'2010-01-01 00:00:00','LIQUIBASE',1,'2010-01-01 00:00:00',NULL),('4773cd0a-51cb-11ea-9640-479b33305416','1e43a152-f84f-4022-a2c6-0c66c86e9e70',NULL,'7b80bca1-0621-11e8-b4e9-02429027d658','69d9f3f8-fd88-11e8-814d-afed9526fa74','CHEM FIRE SAMPLE',1,'2010-01-01 00:00:00','LIQUIBASE',1,'2010-01-01 00:00:00',NULL),('4773ce0e-51cb-11ea-9640-479b33305416','1e43a152-f84f-4022-a2c6-0c66c86e9e70',NULL,'7b858e91-0621-11e8-b4e9-02429027d658','69d9f3f8-fd88-11e8-814d-afed9526fa74','CHEM FIRE SAMPLE',1,'2010-01-01 00:00:00','LIQUIBASE',1,'2010-01-01 00:00:00',NULL),('4773cf08-51cb-11ea-9640-479b33305416','1e43a152-f84f-4022-a2c6-0c66c86e9e70',NULL,'7b8a5289-0621-11e8-b4e9-02429027d658','69d9f3f8-fd88-11e8-814d-afed9526fa74','CHEM FIRE SAMPLE',1,'2010-01-01 00:00:00','LIQUIBASE',1,'2010-01-01 00:00:00',NULL),('4773d00c-51cb-11ea-9640-479b33305416','1e43a152-f84f-4022-a2c6-0c66c86e9e70',NULL,'7b8f0729-0621-11e8-b4e9-02429027d658','69d9f3f8-fd88-11e8-814d-afed9526fa74','CHEM FIRE SAMPLE',1,'2010-01-01 00:00:00','LIQUIBASE',1,'2010-01-01 00:00:00',NULL),('4773d106-51cb-11ea-9640-479b33305416','1e43a152-f84f-4022-a2c6-0c66c86e9e70',NULL,'7b9406c0-0621-11e8-b4e9-02429027d658','69d9f3f8-fd88-11e8-814d-afed9526fa74','CHEM FIRE SAMPLE',1,'2010-01-01 00:00:00','LIQUIBASE',1,'2010-01-01 00:00:00',NULL),('4773d20a-51cb-11ea-9640-479b33305416','1e43a152-f84f-4022-a2c6-0c66c86e9e70',NULL,'7ba12daf-0621-11e8-b4e9-02429027d658','69d9f3f8-fd88-11e8-814d-afed9526fa74','CHEM FIRE SAMPLE',1,'2010-01-01 00:00:00','LIQUIBASE',1,'2010-01-01 00:00:00',NULL),('4773d318-51cb-11ea-9640-479b33305416','1e43a152-f84f-4022-a2c6-0c66c86e9e70',NULL,'crumb preroll 0.5g','69d9f3f8-fd88-11e8-814d-afed9526fa74','PREROLL 0.5G',1,'2010-01-01 00:00:00','LIQUIBASE',1,'2010-01-01 00:00:00',NULL),('4773d426-51cb-11ea-9640-479b33305416','1e43a152-f84f-4022-a2c6-0c66c86e9e70',NULL,'crumb preroll 1.5g','69d9f3f8-fd88-11e8-814d-afed9526fa74','PREROLL 1.5G',1,'2010-01-01 00:00:00','LIQUIBASE',1,'2010-01-01 00:00:00',NULL),('4773d52a-51cb-11ea-9640-479b33305416','1e43a152-f84f-4022-a2c6-0c66c86e9e70',NULL,'crumb preroll 1g','69d9f3f8-fd88-11e8-814d-afed9526fa74','PREROLL 1G',1,'2010-01-01 00:00:00','LIQUIBASE',1,'2010-01-01 00:00:00',NULL),('4773d642-51cb-11ea-9640-479b33305416','1e43a152-f84f-4022-a2c6-0c66c86e9e70',NULL,'crumb35','69d9f3f8-fd88-11e8-814d-afed9526fa74','CRUMB 3.5G',1,'2010-01-01 00:00:00','LIQUIBASE',1,'2010-01-01 00:00:00',NULL),('4773d75a-51cb-11ea-9640-479b33305416','1e43a152-f84f-4022-a2c6-0c66c86e9e70',NULL,'shake preroll 0.5g','69d9f3f8-fd88-11e8-814d-afed9526fa74','PREROLL 0.5G',1,'2010-01-01 00:00:00','LIQUIBASE',1,'2010-01-01 00:00:00',NULL),('4773d868-51cb-11ea-9640-479b33305416','1e43a152-f84f-4022-a2c6-0c66c86e9e70',NULL,'shake preroll 1.5g','69d9f3f8-fd88-11e8-814d-afed9526fa74','PREROLL 1.5G',1,'2010-01-01 00:00:00','LIQUIBASE',1,'2010-01-01 00:00:00',NULL),('4773d96c-51cb-11ea-9640-479b33305416','1e43a152-f84f-4022-a2c6-0c66c86e9e70',NULL,'shake preroll 1g','69d9f3f8-fd88-11e8-814d-afed9526fa74','PREROLL 1G',1,'2010-01-01 00:00:00','LIQUIBASE',1,'2010-01-01 00:00:00',NULL),('4773da84-51cb-11ea-9640-479b33305416','1e43a152-f84f-4022-a2c6-0c66c86e9e70',NULL,'shake35','69d9f3f8-fd88-11e8-814d-afed9526fa74','SHAKE 3.5G',1,'2010-01-01 00:00:00','LIQUIBASE',1,'2010-01-01 00:00:00',NULL),('4773dc46-51cb-11ea-9640-479b33305416','1e43a152-f84f-4022-a2c6-0c66c86e9e70',NULL,'d883cb46-0621-11e8-b4e9-02429027d658','69da4aec-fd88-11e8-814d-afed9526fa74','VAPE PEN KIT SAMPLE',1,'2010-01-01 00:00:00','LIQUIBASE',1,'2010-01-01 00:00:00',NULL),('4773dd5e-51cb-11ea-9640-479b33305416','1e43a152-f84f-4022-a2c6-0c66c86e9e70',NULL,'fcc8eed5-0621-11e8-b4e9-02429027d658','69da4aec-fd88-11e8-814d-afed9526fa74','PAX ERA SAMPLE',1,'2010-01-01 00:00:00','LIQUIBASE',1,'2010-01-01 00:00:00',NULL),('4773def8-51cb-11ea-9640-479b33305416','1e43a152-f84f-4022-a2c6-0c66c86e9e70',NULL,'9374f5e3-0621-11e8-b4e9-02429027d658','69da7030-fd88-11e8-814d-afed9526fa74','PAX ERA BATTERY SAMPLE',1,'2010-01-01 00:00:00','LIQUIBASE',1,'2010-01-01 00:00:00',NULL),('4773e268-51cb-11ea-9640-479b33305416','1e43a152-f84f-4022-a2c6-0c66c86e9e70',NULL,'b2a581a8-0621-11e8-b4e9-02429027d658','69da7030-fd88-11e8-814d-afed9526fa74','GEM LINE BATTERY SAMPLE',1,'2010-01-01 00:00:00','LIQUIBASE',1,'2010-01-01 00:00:00',NULL),('4773e4ac-51cb-11ea-9640-479b33305416','1e43a152-f84f-4022-a2c6-0c66c86e9e70',NULL,'a4771e75-0622-11e8-b4e9-02429027d658','69da9470-fd88-11e8-814d-afed9526fa74','SILVER LOTUS SAMPLE',1,'2010-01-01 00:00:00','LIQUIBASE',1,'2010-01-01 00:00:00',NULL),('4773e5c4-51cb-11ea-9640-479b33305416','1e43a152-f84f-4022-a2c6-0c66c86e9e70',NULL,'b54ce528-0622-11e8-b4e9-02429027d658','69da9470-fd88-11e8-814d-afed9526fa74','BLUE DREAM SAMPLE',1,'2010-01-01 00:00:00','LIQUIBASE',1,'2010-01-01 00:00:00',NULL),('4773e75e-51cb-11ea-9640-479b33305416','1e43a152-f84f-4022-a2c6-0c66c86e9e70',NULL,'1ca01284-0622-11e8-b4e9-02429027d658','69daa992-fd88-11e8-814d-afed9526fa74','COOKIE GLUE SAMPLE',1,'2010-01-01 00:00:00','LIQUIBASE',1,'2010-01-01 00:00:00',NULL),('4773e86c-51cb-11ea-9640-479b33305416','1e43a152-f84f-4022-a2c6-0c66c86e9e70',NULL,'299f0a4e-0622-11e8-b4e9-02429027d658','69daa992-fd88-11e8-814d-afed9526fa74','BIRTHDAY CAKE SAMPLE',1,'2010-01-01 00:00:00','LIQUIBASE',1,'2010-01-01 00:00:00',NULL),('4773eae2-51cb-11ea-9640-479b33305416','1e43a152-f84f-4022-a2c6-0c66c86e9e70',NULL,'55635efe-0622-11e8-b4e9-02429027d658','69db3bb4-fd88-11e8-814d-afed9526fa74','CBD BODY BUTTER SAMPLE',1,'2010-01-01 00:00:00','LIQUIBASE',1,'2010-01-01 00:00:00',NULL),('4773ebfa-51cb-11ea-9640-479b33305416','1e43a152-f84f-4022-a2c6-0c66c86e9e70',NULL,'6e387b94-0622-11e8-b4e9-02429027d658','69db3bb4-fd88-11e8-814d-afed9526fa74','CBD PAIN CREAM SAMPLE',1,'2010-01-01 00:00:00','LIQUIBASE',1,'2010-01-01 00:00:00',NULL),('47740d10-51cb-11ea-9640-479b33305416','1e43a152-f84f-4022-a2c6-0c66c86e9e70',NULL,'bdcd0f53-0620-11e8-b4e9-02429027d658','69d8bcd6-fd88-11e8-814d-afed9526fa74','SAMPLE',1,'2010-01-01 00:00:00','LIQUIBASE',1,'2010-01-01 00:00:00',NULL),('477414e0-51cb-11ea-9640-479b33305416','1e43a152-f84f-4022-a2c6-0c66c86e9e70',NULL,'cd43d375-0620-11e8-b4e9-02429027d658','69d8bcd6-fd88-11e8-814d-afed9526fa74','SAMPLE',1,'2010-01-01 00:00:00','LIQUIBASE',1,'2010-01-01 00:00:00',NULL),('47741c74-51cb-11ea-9640-479b33305416','1e43a152-f84f-4022-a2c6-0c66c86e9e70',NULL,'174d6edf-0621-11e8-b4e9-02429027d658','69d911fe-fd88-11e8-814d-afed9526fa74','SAMPLE',1,'2010-01-01 00:00:00','LIQUIBASE',1,'2010-01-01 00:00:00',NULL),('47742264-51cb-11ea-9640-479b33305416','1e43a152-f84f-4022-a2c6-0c66c86e9e70',NULL,'f31db0a4-0620-11e8-b4e9-02429027d658','69d911fe-fd88-11e8-814d-afed9526fa74','SAMPLE',1,'2010-01-01 00:00:00','LIQUIBASE',1,'2010-01-01 00:00:00',NULL),('477427a0-51cb-11ea-9640-479b33305416','1e43a152-f84f-4022-a2c6-0c66c86e9e70',NULL,'d7665662-0623-11e8-b4e9-02429027d658','69d93a9e-fd88-11e8-814d-afed9526fa74','SAMPLE',1,'2010-01-01 00:00:00','LIQUIBASE',1,'2010-01-01 00:00:00',NULL),('477429f8-51cb-11ea-9640-479b33305416','1e43a152-f84f-4022-a2c6-0c66c86e9e70',NULL,'fe20c715-0623-11e8-b4e9-02429027d658','69d93a9e-fd88-11e8-814d-afed9526fa74','SAMPLE',1,'2010-01-01 00:00:00','LIQUIBASE',1,'2010-01-01 00:00:00',NULL),('47742c50-51cb-11ea-9640-479b33305416','1e43a152-f84f-4022-a2c6-0c66c86e9e70',NULL,'653e9730-0621-11e8-b4e9-02429027d658','69d9f7ae-fd88-11e8-814d-afed9526fa74','SAMPLE',1,'2010-01-01 00:00:00','LIQUIBASE',1,'2010-01-01 00:00:00',NULL),('47742fd4-51cb-11ea-9640-479b33305416','1e43a152-f84f-4022-a2c6-0c66c86e9e70',NULL,'6544372d-0621-11e8-b4e9-02429027d658','69d9f7ae-fd88-11e8-814d-afed9526fa74','SAMPLE',1,'2010-01-01 00:00:00','LIQUIBASE',1,'2010-01-01 00:00:00',NULL),('4774360a-51cb-11ea-9640-479b33305416','1e43a152-f84f-4022-a2c6-0c66c86e9e70',NULL,'6549952e-0621-11e8-b4e9-02429027d658','69d9f7ae-fd88-11e8-814d-afed9526fa74','SAMPLE',1,'2010-01-01 00:00:00','LIQUIBASE',1,'2010-01-01 00:00:00',NULL),('47743966-51cb-11ea-9640-479b33305416','1e43a152-f84f-4022-a2c6-0c66c86e9e70',NULL,'654e9171-0621-11e8-b4e9-02429027d658','69d9f7ae-fd88-11e8-814d-afed9526fa74','SAMPLE',1,'2010-01-01 00:00:00','LIQUIBASE',1,'2010-01-01 00:00:00',NULL),('47743b96-51cb-11ea-9640-479b33305416','1e43a152-f84f-4022-a2c6-0c66c86e9e70',NULL,'65539712-0621-11e8-b4e9-02429027d658','69d9f7ae-fd88-11e8-814d-afed9526fa74','SAMPLE',1,'2010-01-01 00:00:00','LIQUIBASE',1,'2010-01-01 00:00:00',NULL),('47743db2-51cb-11ea-9640-479b33305416','1e43a152-f84f-4022-a2c6-0c66c86e9e70',NULL,'65584695-0621-11e8-b4e9-02429027d658','69d9f7ae-fd88-11e8-814d-afed9526fa74','SAMPLE',1,'2010-01-01 00:00:00','LIQUIBASE',1,'2010-01-01 00:00:00',NULL),('4774403c-51cb-11ea-9640-479b33305416','1e43a152-f84f-4022-a2c6-0c66c86e9e70',NULL,'655d9edd-0621-11e8-b4e9-02429027d658','69d9f7ae-fd88-11e8-814d-afed9526fa74','SAMPLE',1,'2010-01-01 00:00:00','LIQUIBASE',1,'2010-01-01 00:00:00',NULL),('4774426c-51cb-11ea-9640-479b33305416','1e43a152-f84f-4022-a2c6-0c66c86e9e70',NULL,'65629d9e-0621-11e8-b4e9-02429027d658','69d9f7ae-fd88-11e8-814d-afed9526fa74','SAMPLE',1,'2010-01-01 00:00:00','LIQUIBASE',1,'2010-01-01 00:00:00',NULL),('47744460-51cb-11ea-9640-479b33305416','1e43a152-f84f-4022-a2c6-0c66c86e9e70',NULL,'6567be28-0621-11e8-b4e9-02429027d658','69d9f7ae-fd88-11e8-814d-afed9526fa74','SAMPLE',1,'2010-01-01 00:00:00','LIQUIBASE',1,'2010-01-01 00:00:00',NULL),('477446ae-51cb-11ea-9640-479b33305416','1e43a152-f84f-4022-a2c6-0c66c86e9e70',NULL,'6571dfad-0621-11e8-b4e9-02429027d658','69d9f7ae-fd88-11e8-814d-afed9526fa74','SAMPLE',1,'2010-01-01 00:00:00','LIQUIBASE',1,'2010-01-01 00:00:00',NULL),('477448e8-51cb-11ea-9640-479b33305416','1e43a152-f84f-4022-a2c6-0c66c86e9e70',NULL,'7b6c346c-0621-11e8-b4e9-02429027d658','69d9f7ae-fd88-11e8-814d-afed9526fa74','SAMPLE',1,'2010-01-01 00:00:00','LIQUIBASE',1,'2010-01-01 00:00:00',NULL),('47744dc0-51cb-11ea-9640-479b33305416','1e43a152-f84f-4022-a2c6-0c66c86e9e70',NULL,'7b71e939-0621-11e8-b4e9-02429027d658','69d9f7ae-fd88-11e8-814d-afed9526fa74','SAMPLE',1,'2010-01-01 00:00:00','LIQUIBASE',1,'2010-01-01 00:00:00',NULL),('477461a2-51cb-11ea-9640-479b33305416','1e43a152-f84f-4022-a2c6-0c66c86e9e70',NULL,'7b76be1f-0621-11e8-b4e9-02429027d658','69d9f7ae-fd88-11e8-814d-afed9526fa74','SAMPLE',1,'2010-01-01 00:00:00','LIQUIBASE',1,'2010-01-01 00:00:00',NULL),('477466de-51cb-11ea-9640-479b33305416','1e43a152-f84f-4022-a2c6-0c66c86e9e70',NULL,'7b7bbca8-0621-11e8-b4e9-02429027d658','69d9f7ae-fd88-11e8-814d-afed9526fa74','SAMPLE',1,'2010-01-01 00:00:00','LIQUIBASE',1,'2010-01-01 00:00:00',NULL),('47746a12-51cb-11ea-9640-479b33305416','1e43a152-f84f-4022-a2c6-0c66c86e9e70',NULL,'7b80bca1-0621-11e8-b4e9-02429027d658','69d9f7ae-fd88-11e8-814d-afed9526fa74','SAMPLE',1,'2010-01-01 00:00:00','LIQUIBASE',1,'2010-01-01 00:00:00',NULL),('47746d00-51cb-11ea-9640-479b33305416','1e43a152-f84f-4022-a2c6-0c66c86e9e70',NULL,'7b858e91-0621-11e8-b4e9-02429027d658','69d9f7ae-fd88-11e8-814d-afed9526fa74','SAMPLE',1,'2010-01-01 00:00:00','LIQUIBASE',1,'2010-01-01 00:00:00',NULL),('47746fee-51cb-11ea-9640-479b33305416','1e43a152-f84f-4022-a2c6-0c66c86e9e70',NULL,'7b8a5289-0621-11e8-b4e9-02429027d658','69d9f7ae-fd88-11e8-814d-afed9526fa74','SAMPLE',1,'2010-01-01 00:00:00','LIQUIBASE',1,'2010-01-01 00:00:00',NULL),('4774728c-51cb-11ea-9640-479b33305416','1e43a152-f84f-4022-a2c6-0c66c86e9e70',NULL,'7b8f0729-0621-11e8-b4e9-02429027d658','69d9f7ae-fd88-11e8-814d-afed9526fa74','SAMPLE',1,'2010-01-01 00:00:00','LIQUIBASE',1,'2010-01-01 00:00:00',NULL),('47747548-51cb-11ea-9640-479b33305416','1e43a152-f84f-4022-a2c6-0c66c86e9e70',NULL,'7b9406c0-0621-11e8-b4e9-02429027d658','69d9f7ae-fd88-11e8-814d-afed9526fa74','SAMPLE',1,'2010-01-01 00:00:00','LIQUIBASE',1,'2010-01-01 00:00:00',NULL),('47747746-51cb-11ea-9640-479b33305416','1e43a152-f84f-4022-a2c6-0c66c86e9e70',NULL,'7ba12daf-0621-11e8-b4e9-02429027d658','69d9f7ae-fd88-11e8-814d-afed9526fa74','SAMPLE',1,'2010-01-01 00:00:00','LIQUIBASE',1,'2010-01-01 00:00:00',NULL),('47747d7c-51cb-11ea-9640-479b33305416','1e43a152-f84f-4022-a2c6-0c66c86e9e70',NULL,'d883cb46-0621-11e8-b4e9-02429027d658','69da4c72-fd88-11e8-814d-afed9526fa74','SAMPLE',1,'2010-01-01 00:00:00','LIQUIBASE',1,'2010-01-01 00:00:00',NULL),('47747ffc-51cb-11ea-9640-479b33305416','1e43a152-f84f-4022-a2c6-0c66c86e9e70',NULL,'fcc8eed5-0621-11e8-b4e9-02429027d658','69da4c72-fd88-11e8-814d-afed9526fa74','SAMPLE',1,'2010-01-01 00:00:00','LIQUIBASE',1,'2010-01-01 00:00:00',NULL),('477483ee-51cb-11ea-9640-479b33305416','1e43a152-f84f-4022-a2c6-0c66c86e9e70',NULL,'9374f5e3-0621-11e8-b4e9-02429027d658','69da71b6-fd88-11e8-814d-afed9526fa74','SAMPLE',1,'2010-01-01 00:00:00','LIQUIBASE',1,'2010-01-01 00:00:00',NULL),('477485ce-51cb-11ea-9640-479b33305416','1e43a152-f84f-4022-a2c6-0c66c86e9e70',NULL,'b2a581a8-0621-11e8-b4e9-02429027d658','69da71b6-fd88-11e8-814d-afed9526fa74','SAMPLE',1,'2010-01-01 00:00:00','LIQUIBASE',1,'2010-01-01 00:00:00',NULL),('47748ab0-51cb-11ea-9640-479b33305416','1e43a152-f84f-4022-a2c6-0c66c86e9e70',NULL,'a4771e75-0622-11e8-b4e9-02429027d658','69da9600-fd88-11e8-814d-afed9526fa74','SAMPLE',1,'2010-01-01 00:00:00','LIQUIBASE',1,'2010-01-01 00:00:00',NULL),('47748d44-51cb-11ea-9640-479b33305416','1e43a152-f84f-4022-a2c6-0c66c86e9e70',NULL,'b54ce528-0622-11e8-b4e9-02429027d658','69da9600-fd88-11e8-814d-afed9526fa74','SAMPLE',1,'2010-01-01 00:00:00','LIQUIBASE',1,'2010-01-01 00:00:00',NULL),('4774900a-51cb-11ea-9640-479b33305416','1e43a152-f84f-4022-a2c6-0c66c86e9e70',NULL,'1ca01284-0622-11e8-b4e9-02429027d658','69daab18-fd88-11e8-814d-afed9526fa74','SAMPLE',1,'2010-01-01 00:00:00','LIQUIBASE',1,'2010-01-01 00:00:00',NULL),('477492ee-51cb-11ea-9640-479b33305416','1e43a152-f84f-4022-a2c6-0c66c86e9e70',NULL,'299f0a4e-0622-11e8-b4e9-02429027d658','69daab18-fd88-11e8-814d-afed9526fa74','SAMPLE',1,'2010-01-01 00:00:00','LIQUIBASE',1,'2010-01-01 00:00:00',NULL),('477497e4-51cb-11ea-9640-479b33305416','1e43a152-f84f-4022-a2c6-0c66c86e9e70',NULL,'55635efe-0622-11e8-b4e9-02429027d658','69db3dbc-fd88-11e8-814d-afed9526fa74','SAMPLE',1,'2010-01-01 00:00:00','LIQUIBASE',1,'2010-01-01 00:00:00',NULL),('477499ce-51cb-11ea-9640-479b33305416','1e43a152-f84f-4022-a2c6-0c66c86e9e70',NULL,'6e387b94-0622-11e8-b4e9-02429027d658','69db3dbc-fd88-11e8-814d-afed9526fa74','SAMPLE',1,'2010-01-01 00:00:00','LIQUIBASE',1,'2010-01-01 00:00:00',NULL),('4774b86e-51cb-11ea-9640-479b33305416','1e43a152-f84f-4022-a2c6-0c66c86e9e70',NULL,'1ca01284-0622-11e8-b4e9-02429027d658','69daa672-fd88-11e8-814d-afed9526fa74','GRAMS',1,'2010-01-01 00:00:00','LIQUIBASE',1,'2010-01-01 00:00:00',NULL),('4774be2c-51cb-11ea-9640-479b33305416','1e43a152-f84f-4022-a2c6-0c66c86e9e70',NULL,'299f0a4e-0622-11e8-b4e9-02429027d658','69daa672-fd88-11e8-814d-afed9526fa74','GRAMS',1,'2010-01-01 00:00:00','LIQUIBASE',1,'2010-01-01 00:00:00',NULL),('4774c386-51cb-11ea-9640-479b33305416','1e43a152-f84f-4022-a2c6-0c66c86e9e70',NULL,'653e9730-0621-11e8-b4e9-02429027d658','69d9eff2-fd88-11e8-814d-afed9526fa74','GRAMS',1,'2010-01-01 00:00:00','LIQUIBASE',1,'2010-01-01 00:00:00',NULL),('4774c692-51cb-11ea-9640-479b33305416','1e43a152-f84f-4022-a2c6-0c66c86e9e70',NULL,'6544372d-0621-11e8-b4e9-02429027d658','69d9eff2-fd88-11e8-814d-afed9526fa74','GRAMS',1,'2010-01-01 00:00:00','LIQUIBASE',1,'2010-01-01 00:00:00',NULL),('4774caac-51cb-11ea-9640-479b33305416','1e43a152-f84f-4022-a2c6-0c66c86e9e70',NULL,'6549952e-0621-11e8-b4e9-02429027d658','69d9eff2-fd88-11e8-814d-afed9526fa74','GRAMS',1,'2010-01-01 00:00:00','LIQUIBASE',1,'2010-01-01 00:00:00',NULL),('4774cd18-51cb-11ea-9640-479b33305416','1e43a152-f84f-4022-a2c6-0c66c86e9e70',NULL,'654e9171-0621-11e8-b4e9-02429027d658','69d9eff2-fd88-11e8-814d-afed9526fa74','GRAMS',1,'2010-01-01 00:00:00','LIQUIBASE',1,'2010-01-01 00:00:00',NULL),('4774cf5c-51cb-11ea-9640-479b33305416','1e43a152-f84f-4022-a2c6-0c66c86e9e70',NULL,'65539712-0621-11e8-b4e9-02429027d658','69d9eff2-fd88-11e8-814d-afed9526fa74','GRAMS',1,'2010-01-01 00:00:00','LIQUIBASE',1,'2010-01-01 00:00:00',NULL),('4774d1b4-51cb-11ea-9640-479b33305416','1e43a152-f84f-4022-a2c6-0c66c86e9e70',NULL,'65584695-0621-11e8-b4e9-02429027d658','69d9eff2-fd88-11e8-814d-afed9526fa74','GRAMS',1,'2010-01-01 00:00:00','LIQUIBASE',1,'2010-01-01 00:00:00',NULL),('4774d3f8-51cb-11ea-9640-479b33305416','1e43a152-f84f-4022-a2c6-0c66c86e9e70',NULL,'655d9edd-0621-11e8-b4e9-02429027d658','69d9eff2-fd88-11e8-814d-afed9526fa74','GRAMS',1,'2010-01-01 00:00:00','LIQUIBASE',1,'2010-01-01 00:00:00',NULL),('4774d632-51cb-11ea-9640-479b33305416','1e43a152-f84f-4022-a2c6-0c66c86e9e70',NULL,'65629d9e-0621-11e8-b4e9-02429027d658','69d9eff2-fd88-11e8-814d-afed9526fa74','GRAMS',1,'2010-01-01 00:00:00','LIQUIBASE',1,'2010-01-01 00:00:00',NULL),('4774d862-51cb-11ea-9640-479b33305416','1e43a152-f84f-4022-a2c6-0c66c86e9e70',NULL,'6567be28-0621-11e8-b4e9-02429027d658','69d9eff2-fd88-11e8-814d-afed9526fa74','GRAMS',1,'2010-01-01 00:00:00','LIQUIBASE',1,'2010-01-01 00:00:00',NULL),('4774da9c-51cb-11ea-9640-479b33305416','1e43a152-f84f-4022-a2c6-0c66c86e9e70',NULL,'6571dfad-0621-11e8-b4e9-02429027d658','69d9eff2-fd88-11e8-814d-afed9526fa74','GRAMS',1,'2010-01-01 00:00:00','LIQUIBASE',1,'2010-01-01 00:00:00',NULL),('4774dcd6-51cb-11ea-9640-479b33305416','1e43a152-f84f-4022-a2c6-0c66c86e9e70',NULL,'7b6c346c-0621-11e8-b4e9-02429027d658','69d9eff2-fd88-11e8-814d-afed9526fa74','GRAMS',1,'2010-01-01 00:00:00','LIQUIBASE',1,'2010-01-01 00:00:00',NULL),('4774f18a-51cb-11ea-9640-479b33305416','1e43a152-f84f-4022-a2c6-0c66c86e9e70',NULL,'7b71e939-0621-11e8-b4e9-02429027d658','69d9eff2-fd88-11e8-814d-afed9526fa74','GRAMS',1,'2010-01-01 00:00:00','LIQUIBASE',1,'2010-01-01 00:00:00',NULL),('4774f518-51cb-11ea-9640-479b33305416','1e43a152-f84f-4022-a2c6-0c66c86e9e70',NULL,'7b76be1f-0621-11e8-b4e9-02429027d658','69d9eff2-fd88-11e8-814d-afed9526fa74','GRAMS',1,'2010-01-01 00:00:00','LIQUIBASE',1,'2010-01-01 00:00:00',NULL),('4774f81a-51cb-11ea-9640-479b33305416','1e43a152-f84f-4022-a2c6-0c66c86e9e70',NULL,'7b7bbca8-0621-11e8-b4e9-02429027d658','69d9eff2-fd88-11e8-814d-afed9526fa74','GRAMS',1,'2010-01-01 00:00:00','LIQUIBASE',1,'2010-01-01 00:00:00',NULL),('4774fb1c-51cb-11ea-9640-479b33305416','1e43a152-f84f-4022-a2c6-0c66c86e9e70',NULL,'7b80bca1-0621-11e8-b4e9-02429027d658','69d9eff2-fd88-11e8-814d-afed9526fa74','GRAMS',1,'2010-01-01 00:00:00','LIQUIBASE',1,'2010-01-01 00:00:00',NULL),('4774fe1e-51cb-11ea-9640-479b33305416','1e43a152-f84f-4022-a2c6-0c66c86e9e70',NULL,'7b858e91-0621-11e8-b4e9-02429027d658','69d9eff2-fd88-11e8-814d-afed9526fa74','GRAMS',1,'2010-01-01 00:00:00','LIQUIBASE',1,'2010-01-01 00:00:00',NULL),('477500f8-51cb-11ea-9640-479b33305416','1e43a152-f84f-4022-a2c6-0c66c86e9e70',NULL,'7b8a5289-0621-11e8-b4e9-02429027d658','69d9eff2-fd88-11e8-814d-afed9526fa74','GRAMS',1,'2010-01-01 00:00:00','LIQUIBASE',1,'2010-01-01 00:00:00',NULL),('477503e6-51cb-11ea-9640-479b33305416','1e43a152-f84f-4022-a2c6-0c66c86e9e70',NULL,'7b8f0729-0621-11e8-b4e9-02429027d658','69d9eff2-fd88-11e8-814d-afed9526fa74','GRAMS',1,'2010-01-01 00:00:00','LIQUIBASE',1,'2010-01-01 00:00:00',NULL),('477506de-51cb-11ea-9640-479b33305416','1e43a152-f84f-4022-a2c6-0c66c86e9e70',NULL,'7b9406c0-0621-11e8-b4e9-02429027d658','69d9eff2-fd88-11e8-814d-afed9526fa74','GRAMS',1,'2010-01-01 00:00:00','LIQUIBASE',1,'2010-01-01 00:00:00',NULL),('477509cc-51cb-11ea-9640-479b33305416','1e43a152-f84f-4022-a2c6-0c66c86e9e70',NULL,'7ba12daf-0621-11e8-b4e9-02429027d658','69d9eff2-fd88-11e8-814d-afed9526fa74','GRAMS',1,'2010-01-01 00:00:00','LIQUIBASE',1,'2010-01-01 00:00:00',NULL),('47750ca6-51cb-11ea-9640-479b33305416','1e43a152-f84f-4022-a2c6-0c66c86e9e70',NULL,'crumb preroll 0.5g','69d9eff2-fd88-11e8-814d-afed9526fa74','GRAMS',1,'2010-01-01 00:00:00','LIQUIBASE',1,'2010-01-01 00:00:00',NULL),('47750f8a-51cb-11ea-9640-479b33305416','1e43a152-f84f-4022-a2c6-0c66c86e9e70',NULL,'crumb preroll 1.5g','69d9eff2-fd88-11e8-814d-afed9526fa74','GRAMS',1,'2010-01-01 00:00:00','LIQUIBASE',1,'2010-01-01 00:00:00',NULL),('4775126e-51cb-11ea-9640-479b33305416','1e43a152-f84f-4022-a2c6-0c66c86e9e70',NULL,'crumb preroll 1g','69d9eff2-fd88-11e8-814d-afed9526fa74','GRAMS',1,'2010-01-01 00:00:00','LIQUIBASE',1,'2010-01-01 00:00:00',NULL),('4775155c-51cb-11ea-9640-479b33305416','1e43a152-f84f-4022-a2c6-0c66c86e9e70',NULL,'crumb35','69d9eff2-fd88-11e8-814d-afed9526fa74','GRAMS',1,'2010-01-01 00:00:00','LIQUIBASE',1,'2010-01-01 00:00:00',NULL),('47751840-51cb-11ea-9640-479b33305416','1e43a152-f84f-4022-a2c6-0c66c86e9e70',NULL,'shake preroll 0.5g','69d9eff2-fd88-11e8-814d-afed9526fa74','GRAMS',1,'2010-01-01 00:00:00','LIQUIBASE',1,'2010-01-01 00:00:00',NULL),('47751b1a-51cb-11ea-9640-479b33305416','1e43a152-f84f-4022-a2c6-0c66c86e9e70',NULL,'shake preroll 1.5g','69d9eff2-fd88-11e8-814d-afed9526fa74','GRAMS',1,'2010-01-01 00:00:00','LIQUIBASE',1,'2010-01-01 00:00:00',NULL),('47751dfe-51cb-11ea-9640-479b33305416','1e43a152-f84f-4022-a2c6-0c66c86e9e70',NULL,'shake preroll 1g','69d9eff2-fd88-11e8-814d-afed9526fa74','GRAMS',1,'2010-01-01 00:00:00','LIQUIBASE',1,'2010-01-01 00:00:00',NULL),('477520e2-51cb-11ea-9640-479b33305416','1e43a152-f84f-4022-a2c6-0c66c86e9e70',NULL,'shake35','69d9eff2-fd88-11e8-814d-afed9526fa74','GRAMS',1,'2010-01-01 00:00:00','LIQUIBASE',1,'2010-01-01 00:00:00',NULL),('47753ef6-51cb-11ea-9640-479b33305416','1e43a152-f84f-4022-a2c6-0c66c86e9e70',NULL,'bdcd0f53-0620-11e8-b4e9-02429027d658','69d8b7f4-fd88-11e8-814d-afed9526fa74','GRAMS',1,'2010-01-01 00:00:00','LIQUIBASE',1,'2010-01-01 00:00:00',NULL),('477543e2-51cb-11ea-9640-479b33305416','1e43a152-f84f-4022-a2c6-0c66c86e9e70',NULL,'cd43d375-0620-11e8-b4e9-02429027d658','69d8b7f4-fd88-11e8-814d-afed9526fa74','GRAMS',1,'2010-01-01 00:00:00','LIQUIBASE',1,'2010-01-01 00:00:00',NULL),('47754702-51cb-11ea-9640-479b33305416','1e43a152-f84f-4022-a2c6-0c66c86e9e70',NULL,'d7665662-0623-11e8-b4e9-02429027d658','69d935c6-fd88-11e8-814d-afed9526fa74','GRAMS',1,'2010-01-01 00:00:00','LIQUIBASE',1,'2010-01-01 00:00:00',NULL),('47754b76-51cb-11ea-9640-479b33305416','1e43a152-f84f-4022-a2c6-0c66c86e9e70',NULL,'fe20c715-0623-11e8-b4e9-02429027d658','69d935c6-fd88-11e8-814d-afed9526fa74','GRAMS',1,'2010-01-01 00:00:00','LIQUIBASE',1,'2010-01-01 00:00:00',NULL),('47757682-51cb-11ea-9640-479b33305416','1e43a152-f84f-4022-a2c6-0c66c86e9e70',NULL,'653e9730-0621-11e8-b4e9-02429027d658','69d9fede-fd88-11e8-814d-afed9526fa74','HYBRID',1,'2010-01-01 00:00:00','LIQUIBASE',1,'2010-01-01 00:00:00',NULL),('47757998-51cb-11ea-9640-479b33305416','1e43a152-f84f-4022-a2c6-0c66c86e9e70',NULL,'6544372d-0621-11e8-b4e9-02429027d658','69d9fede-fd88-11e8-814d-afed9526fa74','HYBRID',1,'2010-01-01 00:00:00','LIQUIBASE',1,'2010-01-01 00:00:00',NULL),('47757be6-51cb-11ea-9640-479b33305416','1e43a152-f84f-4022-a2c6-0c66c86e9e70',NULL,'6549952e-0621-11e8-b4e9-02429027d658','69d9fede-fd88-11e8-814d-afed9526fa74','HYBRID',1,'2010-01-01 00:00:00','LIQUIBASE',1,'2010-01-01 00:00:00',NULL),('47757e8e-51cb-11ea-9640-479b33305416','1e43a152-f84f-4022-a2c6-0c66c86e9e70',NULL,'654e9171-0621-11e8-b4e9-02429027d658','69d9fede-fd88-11e8-814d-afed9526fa74','HYBRID',1,'2010-01-01 00:00:00','LIQUIBASE',1,'2010-01-01 00:00:00',NULL),('477580a0-51cb-11ea-9640-479b33305416','1e43a152-f84f-4022-a2c6-0c66c86e9e70',NULL,'65539712-0621-11e8-b4e9-02429027d658','69d9fede-fd88-11e8-814d-afed9526fa74','HYBRID',1,'2010-01-01 00:00:00','LIQUIBASE',1,'2010-01-01 00:00:00',NULL),('47758280-51cb-11ea-9640-479b33305416','1e43a152-f84f-4022-a2c6-0c66c86e9e70',NULL,'65584695-0621-11e8-b4e9-02429027d658','69d9fede-fd88-11e8-814d-afed9526fa74','HYBRID',1,'2010-01-01 00:00:00','LIQUIBASE',1,'2010-01-01 00:00:00',NULL),('4775847e-51cb-11ea-9640-479b33305416','1e43a152-f84f-4022-a2c6-0c66c86e9e70',NULL,'655d9edd-0621-11e8-b4e9-02429027d658','69d9fede-fd88-11e8-814d-afed9526fa74','HYBRID',1,'2010-01-01 00:00:00','LIQUIBASE',1,'2010-01-01 00:00:00',NULL),('47758672-51cb-11ea-9640-479b33305416','1e43a152-f84f-4022-a2c6-0c66c86e9e70',NULL,'65629d9e-0621-11e8-b4e9-02429027d658','69d9fede-fd88-11e8-814d-afed9526fa74','HYBRID',1,'2010-01-01 00:00:00','LIQUIBASE',1,'2010-01-01 00:00:00',NULL),('4775883e-51cb-11ea-9640-479b33305416','1e43a152-f84f-4022-a2c6-0c66c86e9e70',NULL,'6567be28-0621-11e8-b4e9-02429027d658','69d9fede-fd88-11e8-814d-afed9526fa74','HYBRID',1,'2010-01-01 00:00:00','LIQUIBASE',1,'2010-01-01 00:00:00',NULL),('47758a00-51cb-11ea-9640-479b33305416','1e43a152-f84f-4022-a2c6-0c66c86e9e70',NULL,'6571dfad-0621-11e8-b4e9-02429027d658','69d9fede-fd88-11e8-814d-afed9526fa74','HYBRID',1,'2010-01-01 00:00:00','LIQUIBASE',1,'2010-01-01 00:00:00',NULL),('47758c30-51cb-11ea-9640-479b33305416','1e43a152-f84f-4022-a2c6-0c66c86e9e70',NULL,'7b6c346c-0621-11e8-b4e9-02429027d658','69d9fede-fd88-11e8-814d-afed9526fa74','HYBRID',1,'2010-01-01 00:00:00','LIQUIBASE',1,'2010-01-01 00:00:00',NULL),('47758e4c-51cb-11ea-9640-479b33305416','1e43a152-f84f-4022-a2c6-0c66c86e9e70',NULL,'7b71e939-0621-11e8-b4e9-02429027d658','69d9fede-fd88-11e8-814d-afed9526fa74','HYBRID',1,'2010-01-01 00:00:00','LIQUIBASE',1,'2010-01-01 00:00:00',NULL),('47758fd2-51cb-11ea-9640-479b33305416','1e43a152-f84f-4022-a2c6-0c66c86e9e70',NULL,'7b76be1f-0621-11e8-b4e9-02429027d658','69d9fede-fd88-11e8-814d-afed9526fa74','HYBRID',1,'2010-01-01 00:00:00','LIQUIBASE',1,'2010-01-01 00:00:00',NULL),('47759248-51cb-11ea-9640-479b33305416','1e43a152-f84f-4022-a2c6-0c66c86e9e70',NULL,'7b7bbca8-0621-11e8-b4e9-02429027d658','69d9fede-fd88-11e8-814d-afed9526fa74','HYBRID',1,'2010-01-01 00:00:00','LIQUIBASE',1,'2010-01-01 00:00:00',NULL),('4775941e-51cb-11ea-9640-479b33305416','1e43a152-f84f-4022-a2c6-0c66c86e9e70',NULL,'7b80bca1-0621-11e8-b4e9-02429027d658','69d9fede-fd88-11e8-814d-afed9526fa74','HYBRID',1,'2010-01-01 00:00:00','LIQUIBASE',1,'2010-01-01 00:00:00',NULL),('47759ab8-51cb-11ea-9640-479b33305416','1e43a152-f84f-4022-a2c6-0c66c86e9e70',NULL,'7b858e91-0621-11e8-b4e9-02429027d658','69d9fede-fd88-11e8-814d-afed9526fa74','HYBRID',1,'2010-01-01 00:00:00','LIQUIBASE',1,'2010-01-01 00:00:00',NULL),('47759cd4-51cb-11ea-9640-479b33305416','1e43a152-f84f-4022-a2c6-0c66c86e9e70',NULL,'7b8a5289-0621-11e8-b4e9-02429027d658','69d9fede-fd88-11e8-814d-afed9526fa74','HYBRID',1,'2010-01-01 00:00:00','LIQUIBASE',1,'2010-01-01 00:00:00',NULL),('47759ebe-51cb-11ea-9640-479b33305416','1e43a152-f84f-4022-a2c6-0c66c86e9e70',NULL,'7b8f0729-0621-11e8-b4e9-02429027d658','69d9fede-fd88-11e8-814d-afed9526fa74','HYBRID',1,'2010-01-01 00:00:00','LIQUIBASE',1,'2010-01-01 00:00:00',NULL),('4775a0f8-51cb-11ea-9640-479b33305416','1e43a152-f84f-4022-a2c6-0c66c86e9e70',NULL,'7b9406c0-0621-11e8-b4e9-02429027d658','69d9fede-fd88-11e8-814d-afed9526fa74','HYBRID',1,'2010-01-01 00:00:00','LIQUIBASE',1,'2010-01-01 00:00:00',NULL),('4775a288-51cb-11ea-9640-479b33305416','1e43a152-f84f-4022-a2c6-0c66c86e9e70',NULL,'7ba12daf-0621-11e8-b4e9-02429027d658','69d9fede-fd88-11e8-814d-afed9526fa74','HYBRID',1,'2010-01-01 00:00:00','LIQUIBASE',1,'2010-01-01 00:00:00',NULL),('4775ab20-51cb-11ea-9640-479b33305416','1e43a152-f84f-4022-a2c6-0c66c86e9e70',NULL,'a4771e75-0622-11e8-b4e9-02429027d658','69da9916-fd88-11e8-814d-afed9526fa74','HYBRID',1,'2010-01-01 00:00:00','LIQUIBASE',1,'2010-01-01 00:00:00',NULL),('4775ae0e-51cb-11ea-9640-479b33305416','1e43a152-f84f-4022-a2c6-0c66c86e9e70',NULL,'b54ce528-0622-11e8-b4e9-02429027d658','69da9916-fd88-11e8-814d-afed9526fa74','HYBRID',1,'2010-01-01 00:00:00','LIQUIBASE',1,'2010-01-01 00:00:00',NULL),('4775f7d8-51cb-11ea-9640-479b33305416','1e43a152-f84f-4022-a2c6-0c66c86e9e70',NULL,'d7665662-0623-11e8-b4e9-02429027d658','69d934d6-fd88-11e8-814d-afed9526fa74','HASH ROSIN',1,'2010-01-01 00:00:00','LIQUIBASE',1,'2010-01-01 00:00:00',NULL),('4775fb66-51cb-11ea-9640-479b33305416','1e43a152-f84f-4022-a2c6-0c66c86e9e70',NULL,'fe20c715-0623-11e8-b4e9-02429027d658','69d934d6-fd88-11e8-814d-afed9526fa74','LIVE ROSIN',1,'2010-01-01 00:00:00','LIQUIBASE',1,'2010-01-01 00:00:00',NULL),('4775feea-51cb-11ea-9640-479b33305416','1e43a152-f84f-4022-a2c6-0c66c86e9e70',NULL,'174d6edf-0621-11e8-b4e9-02429027d658','69d90c7c-fd88-11e8-814d-afed9526fa74','CHOCOLATE',1,'2010-01-01 00:00:00','LIQUIBASE',1,'2010-01-01 00:00:00',NULL),('47760ff2-51cb-11ea-9640-479b33305416','1e43a152-f84f-4022-a2c6-0c66c86e9e70',NULL,'f31db0a4-0620-11e8-b4e9-02429027d658','69d90c7c-fd88-11e8-814d-afed9526fa74','CHOCOLATE',1,'2010-01-01 00:00:00','LIQUIBASE',1,'2010-01-01 00:00:00',NULL),('47763946-51cb-11ea-9640-479b33305416','1e43a152-f84f-4022-a2c6-0c66c86e9e70',NULL,'1ca01284-0622-11e8-b4e9-02429027d658','69daa582-fd88-11e8-814d-afed9526fa74','FLOWER',1,'2010-01-01 00:00:00','LIQUIBASE',1,'2010-01-01 00:00:00',NULL),('47763d1a-51cb-11ea-9640-479b33305416','1e43a152-f84f-4022-a2c6-0c66c86e9e70',NULL,'299f0a4e-0622-11e8-b4e9-02429027d658','69daa582-fd88-11e8-814d-afed9526fa74','FLOWER',1,'2010-01-01 00:00:00','LIQUIBASE',1,'2010-01-01 00:00:00',NULL),('477652dc-51cb-11ea-9640-479b33305416','1e43a152-f84f-4022-a2c6-0c66c86e9e70',NULL,'653e9730-0621-11e8-b4e9-02429027d658','69d9ed86-fd88-11e8-814d-afed9526fa74','PRE-PACK',1,'2010-01-01 00:00:00','LIQUIBASE',1,'2010-01-01 00:00:00',NULL),('47765566-51cb-11ea-9640-479b33305416','1e43a152-f84f-4022-a2c6-0c66c86e9e70',NULL,'6544372d-0621-11e8-b4e9-02429027d658','69d9ed86-fd88-11e8-814d-afed9526fa74','PRE-PACK',1,'2010-01-01 00:00:00','LIQUIBASE',1,'2010-01-01 00:00:00',NULL),('477657dc-51cb-11ea-9640-479b33305416','1e43a152-f84f-4022-a2c6-0c66c86e9e70',NULL,'6549952e-0621-11e8-b4e9-02429027d658','69d9ed86-fd88-11e8-814d-afed9526fa74','PRE-PACK',1,'2010-01-01 00:00:00','LIQUIBASE',1,'2010-01-01 00:00:00',NULL),('477659ee-51cb-11ea-9640-479b33305416','1e43a152-f84f-4022-a2c6-0c66c86e9e70',NULL,'654e9171-0621-11e8-b4e9-02429027d658','69d9ed86-fd88-11e8-814d-afed9526fa74','PRE-PACK',1,'2010-01-01 00:00:00','LIQUIBASE',1,'2010-01-01 00:00:00',NULL),('47765bf6-51cb-11ea-9640-479b33305416','1e43a152-f84f-4022-a2c6-0c66c86e9e70',NULL,'65539712-0621-11e8-b4e9-02429027d658','69d9ed86-fd88-11e8-814d-afed9526fa74','PRE-PACK',1,'2010-01-01 00:00:00','LIQUIBASE',1,'2010-01-01 00:00:00',NULL),('47765e08-51cb-11ea-9640-479b33305416','1e43a152-f84f-4022-a2c6-0c66c86e9e70',NULL,'65584695-0621-11e8-b4e9-02429027d658','69d9ed86-fd88-11e8-814d-afed9526fa74','PRE-PACK',1,'2010-01-01 00:00:00','LIQUIBASE',1,'2010-01-01 00:00:00',NULL),('47765ffc-51cb-11ea-9640-479b33305416','1e43a152-f84f-4022-a2c6-0c66c86e9e70',NULL,'655d9edd-0621-11e8-b4e9-02429027d658','69d9ed86-fd88-11e8-814d-afed9526fa74','PRE-PACK',1,'2010-01-01 00:00:00','LIQUIBASE',1,'2010-01-01 00:00:00',NULL),('4776622c-51cb-11ea-9640-479b33305416','1e43a152-f84f-4022-a2c6-0c66c86e9e70',NULL,'65629d9e-0621-11e8-b4e9-02429027d658','69d9ed86-fd88-11e8-814d-afed9526fa74','PRE-PACK',1,'2010-01-01 00:00:00','LIQUIBASE',1,'2010-01-01 00:00:00',NULL),('4776642a-51cb-11ea-9640-479b33305416','1e43a152-f84f-4022-a2c6-0c66c86e9e70',NULL,'6567be28-0621-11e8-b4e9-02429027d658','69d9ed86-fd88-11e8-814d-afed9526fa74','PRE-PACK',1,'2010-01-01 00:00:00','LIQUIBASE',1,'2010-01-01 00:00:00',NULL),('4776661e-51cb-11ea-9640-479b33305416','1e43a152-f84f-4022-a2c6-0c66c86e9e70',NULL,'6571dfad-0621-11e8-b4e9-02429027d658','69d9ed86-fd88-11e8-814d-afed9526fa74','PRE-PACK',1,'2010-01-01 00:00:00','LIQUIBASE',1,'2010-01-01 00:00:00',NULL),('47766812-51cb-11ea-9640-479b33305416','1e43a152-f84f-4022-a2c6-0c66c86e9e70',NULL,'7b6c346c-0621-11e8-b4e9-02429027d658','69d9ed86-fd88-11e8-814d-afed9526fa74','PRE-PACK',1,'2010-01-01 00:00:00','LIQUIBASE',1,'2010-01-01 00:00:00',NULL),('477669fc-51cb-11ea-9640-479b33305416','1e43a152-f84f-4022-a2c6-0c66c86e9e70',NULL,'7b71e939-0621-11e8-b4e9-02429027d658','69d9ed86-fd88-11e8-814d-afed9526fa74','PRE-PACK',1,'2010-01-01 00:00:00','LIQUIBASE',1,'2010-01-01 00:00:00',NULL),('47766be6-51cb-11ea-9640-479b33305416','1e43a152-f84f-4022-a2c6-0c66c86e9e70',NULL,'7b76be1f-0621-11e8-b4e9-02429027d658','69d9ed86-fd88-11e8-814d-afed9526fa74','PRE-PACK',1,'2010-01-01 00:00:00','LIQUIBASE',1,'2010-01-01 00:00:00',NULL),('47766e02-51cb-11ea-9640-479b33305416','1e43a152-f84f-4022-a2c6-0c66c86e9e70',NULL,'7b7bbca8-0621-11e8-b4e9-02429027d658','69d9ed86-fd88-11e8-814d-afed9526fa74','PRE-PACK',1,'2010-01-01 00:00:00','LIQUIBASE',1,'2010-01-01 00:00:00',NULL),('47766ff6-51cb-11ea-9640-479b33305416','1e43a152-f84f-4022-a2c6-0c66c86e9e70',NULL,'7b80bca1-0621-11e8-b4e9-02429027d658','69d9ed86-fd88-11e8-814d-afed9526fa74','PRE-PACK',1,'2010-01-01 00:00:00','LIQUIBASE',1,'2010-01-01 00:00:00',NULL),('477671ea-51cb-11ea-9640-479b33305416','1e43a152-f84f-4022-a2c6-0c66c86e9e70',NULL,'7b858e91-0621-11e8-b4e9-02429027d658','69d9ed86-fd88-11e8-814d-afed9526fa74','PRE-PACK',1,'2010-01-01 00:00:00','LIQUIBASE',1,'2010-01-01 00:00:00',NULL),('477684c8-51cb-11ea-9640-479b33305416','1e43a152-f84f-4022-a2c6-0c66c86e9e70',NULL,'7b8a5289-0621-11e8-b4e9-02429027d658','69d9ed86-fd88-11e8-814d-afed9526fa74','PRE-PACK',1,'2010-01-01 00:00:00','LIQUIBASE',1,'2010-01-01 00:00:00',NULL),('477687a2-51cb-11ea-9640-479b33305416','1e43a152-f84f-4022-a2c6-0c66c86e9e70',NULL,'7b8f0729-0621-11e8-b4e9-02429027d658','69d9ed86-fd88-11e8-814d-afed9526fa74','PRE-PACK',1,'2010-01-01 00:00:00','LIQUIBASE',1,'2010-01-01 00:00:00',NULL),('47768a0e-51cb-11ea-9640-479b33305416','1e43a152-f84f-4022-a2c6-0c66c86e9e70',NULL,'7b9406c0-0621-11e8-b4e9-02429027d658','69d9ed86-fd88-11e8-814d-afed9526fa74','PRE-PACK',1,'2010-01-01 00:00:00','LIQUIBASE',1,'2010-01-01 00:00:00',NULL),('47768cb6-51cb-11ea-9640-479b33305416','1e43a152-f84f-4022-a2c6-0c66c86e9e70',NULL,'7ba12daf-0621-11e8-b4e9-02429027d658','69d9ed86-fd88-11e8-814d-afed9526fa74','PRE-PACK',1,'2010-01-01 00:00:00','LIQUIBASE',1,'2010-01-01 00:00:00',NULL),('47768f86-51cb-11ea-9640-479b33305416','1e43a152-f84f-4022-a2c6-0c66c86e9e70',NULL,'crumb preroll 0.5g','69d9ed86-fd88-11e8-814d-afed9526fa74','PRE-PACK',1,'2010-01-01 00:00:00','LIQUIBASE',1,'2010-01-01 00:00:00',NULL),('47769288-51cb-11ea-9640-479b33305416','1e43a152-f84f-4022-a2c6-0c66c86e9e70',NULL,'crumb preroll 1.5g','69d9ed86-fd88-11e8-814d-afed9526fa74','PRE-PACK',1,'2010-01-01 00:00:00','LIQUIBASE',1,'2010-01-01 00:00:00',NULL),('477694d6-51cb-11ea-9640-479b33305416','1e43a152-f84f-4022-a2c6-0c66c86e9e70',NULL,'crumb preroll 1g','69d9ed86-fd88-11e8-814d-afed9526fa74','PRE-PACK',1,'2010-01-01 00:00:00','LIQUIBASE',1,'2010-01-01 00:00:00',NULL),('4776971a-51cb-11ea-9640-479b33305416','1e43a152-f84f-4022-a2c6-0c66c86e9e70',NULL,'crumb35','69d9ed86-fd88-11e8-814d-afed9526fa74','PRE-PACK',1,'2010-01-01 00:00:00','LIQUIBASE',1,'2010-01-01 00:00:00',NULL),('4776994a-51cb-11ea-9640-479b33305416','1e43a152-f84f-4022-a2c6-0c66c86e9e70',NULL,'shake preroll 0.5g','69d9ed86-fd88-11e8-814d-afed9526fa74','PRE-PACK',1,'2010-01-01 00:00:00','LIQUIBASE',1,'2010-01-01 00:00:00',NULL),('47769bc0-51cb-11ea-9640-479b33305416','1e43a152-f84f-4022-a2c6-0c66c86e9e70',NULL,'shake preroll 1.5g','69d9ed86-fd88-11e8-814d-afed9526fa74','PRE-PACK',1,'2010-01-01 00:00:00','LIQUIBASE',1,'2010-01-01 00:00:00',NULL),('47769df0-51cb-11ea-9640-479b33305416','1e43a152-f84f-4022-a2c6-0c66c86e9e70',NULL,'shake preroll 1g','69d9ed86-fd88-11e8-814d-afed9526fa74','PRE-PACK',1,'2010-01-01 00:00:00','LIQUIBASE',1,'2010-01-01 00:00:00',NULL),('4776a020-51cb-11ea-9640-479b33305416','1e43a152-f84f-4022-a2c6-0c66c86e9e70',NULL,'shake35','69d9ed86-fd88-11e8-814d-afed9526fa74','PRE-PACK',1,'2010-01-01 00:00:00','LIQUIBASE',1,'2010-01-01 00:00:00',NULL),('4776deaa-51cb-11ea-9640-479b33305416','1e43a152-f84f-4022-a2c6-0c66c86e9e70',NULL,'bdcd0f53-0620-11e8-b4e9-02429027d658','69d8bd9e-fd88-11e8-814d-afed9526fa74','1',1,'2010-01-01 00:00:00','LIQUIBASE',1,'2010-01-01 00:00:00',NULL),('4777130c-51cb-11ea-9640-479b33305416','1e43a152-f84f-4022-a2c6-0c66c86e9e70',NULL,'cd43d375-0620-11e8-b4e9-02429027d658','69d8bd9e-fd88-11e8-814d-afed9526fa74','.5',1,'2010-01-01 00:00:00','LIQUIBASE',1,'2010-01-01 00:00:00',NULL),('47771f78-51cb-11ea-9640-479b33305416','1e43a152-f84f-4022-a2c6-0c66c86e9e70',NULL,'653e9730-0621-11e8-b4e9-02429027d658','69d9f8c6-fd88-11e8-814d-afed9526fa74','3.5',1,'2010-01-01 00:00:00','LIQUIBASE',1,'2010-01-01 00:00:00',NULL),('477725f4-51cb-11ea-9640-479b33305416','1e43a152-f84f-4022-a2c6-0c66c86e9e70',NULL,'6544372d-0621-11e8-b4e9-02429027d658','69d9f8c6-fd88-11e8-814d-afed9526fa74','3.5',1,'2010-01-01 00:00:00','LIQUIBASE',1,'2010-01-01 00:00:00',NULL),('47772b62-51cb-11ea-9640-479b33305416','1e43a152-f84f-4022-a2c6-0c66c86e9e70',NULL,'6549952e-0621-11e8-b4e9-02429027d658','69d9f8c6-fd88-11e8-814d-afed9526fa74','0.5',1,'2010-01-01 00:00:00','LIQUIBASE',1,'2010-01-01 00:00:00',NULL),('477730b2-51cb-11ea-9640-479b33305416','1e43a152-f84f-4022-a2c6-0c66c86e9e70',NULL,'654e9171-0621-11e8-b4e9-02429027d658','69d9f8c6-fd88-11e8-814d-afed9526fa74','1',1,'2010-01-01 00:00:00','LIQUIBASE',1,'2010-01-01 00:00:00',NULL),('477735bc-51cb-11ea-9640-479b33305416','1e43a152-f84f-4022-a2c6-0c66c86e9e70',NULL,'65539712-0621-11e8-b4e9-02429027d658','69d9f8c6-fd88-11e8-814d-afed9526fa74','1.5',1,'2010-01-01 00:00:00','LIQUIBASE',1,'2010-01-01 00:00:00',NULL),('47773a6c-51cb-11ea-9640-479b33305416','1e43a152-f84f-4022-a2c6-0c66c86e9e70',NULL,'65584695-0621-11e8-b4e9-02429027d658','69d9f8c6-fd88-11e8-814d-afed9526fa74','28',1,'2010-01-01 00:00:00','LIQUIBASE',1,'2010-01-01 00:00:00',NULL),('47773f30-51cb-11ea-9640-479b33305416','1e43a152-f84f-4022-a2c6-0c66c86e9e70',NULL,'655d9edd-0621-11e8-b4e9-02429027d658','69d9f8c6-fd88-11e8-814d-afed9526fa74','14',1,'2010-01-01 00:00:00','LIQUIBASE',1,'2010-01-01 00:00:00',NULL),('47774638-51cb-11ea-9640-479b33305416','1e43a152-f84f-4022-a2c6-0c66c86e9e70',NULL,'65629d9e-0621-11e8-b4e9-02429027d658','69d9f8c6-fd88-11e8-814d-afed9526fa74','7',1,'2010-01-01 00:00:00','LIQUIBASE',1,'2010-01-01 00:00:00',NULL),('47774b88-51cb-11ea-9640-479b33305416','1e43a152-f84f-4022-a2c6-0c66c86e9e70',NULL,'6567be28-0621-11e8-b4e9-02429027d658','69d9f8c6-fd88-11e8-814d-afed9526fa74','3.5',1,'2010-01-01 00:00:00','LIQUIBASE',1,'2010-01-01 00:00:00',NULL),('4777502e-51cb-11ea-9640-479b33305416','1e43a152-f84f-4022-a2c6-0c66c86e9e70',NULL,'6571dfad-0621-11e8-b4e9-02429027d658','69d9f8c6-fd88-11e8-814d-afed9526fa74','1',1,'2010-01-01 00:00:00','LIQUIBASE',1,'2010-01-01 00:00:00',NULL),('4777545c-51cb-11ea-9640-479b33305416','1e43a152-f84f-4022-a2c6-0c66c86e9e70',NULL,'7b6c346c-0621-11e8-b4e9-02429027d658','69d9f8c6-fd88-11e8-814d-afed9526fa74','3.5',1,'2010-01-01 00:00:00','LIQUIBASE',1,'2010-01-01 00:00:00',NULL),('47775920-51cb-11ea-9640-479b33305416','1e43a152-f84f-4022-a2c6-0c66c86e9e70',NULL,'7b71e939-0621-11e8-b4e9-02429027d658','69d9f8c6-fd88-11e8-814d-afed9526fa74','3.5',1,'2010-01-01 00:00:00','LIQUIBASE',1,'2010-01-01 00:00:00',NULL),('47775d9e-51cb-11ea-9640-479b33305416','1e43a152-f84f-4022-a2c6-0c66c86e9e70',NULL,'7b76be1f-0621-11e8-b4e9-02429027d658','69d9f8c6-fd88-11e8-814d-afed9526fa74','0.5',1,'2010-01-01 00:00:00','LIQUIBASE',1,'2010-01-01 00:00:00',NULL),('477761fe-51cb-11ea-9640-479b33305416','1e43a152-f84f-4022-a2c6-0c66c86e9e70',NULL,'7b7bbca8-0621-11e8-b4e9-02429027d658','69d9f8c6-fd88-11e8-814d-afed9526fa74','1',1,'2010-01-01 00:00:00','LIQUIBASE',1,'2010-01-01 00:00:00',NULL),('4777662c-51cb-11ea-9640-479b33305416','1e43a152-f84f-4022-a2c6-0c66c86e9e70',NULL,'7b80bca1-0621-11e8-b4e9-02429027d658','69d9f8c6-fd88-11e8-814d-afed9526fa74','1.5',1,'2010-01-01 00:00:00','LIQUIBASE',1,'2010-01-01 00:00:00',NULL),('47776aaa-51cb-11ea-9640-479b33305416','1e43a152-f84f-4022-a2c6-0c66c86e9e70',NULL,'7b858e91-0621-11e8-b4e9-02429027d658','69d9f8c6-fd88-11e8-814d-afed9526fa74','28',1,'2010-01-01 00:00:00','LIQUIBASE',1,'2010-01-01 00:00:00',NULL),('47776ed8-51cb-11ea-9640-479b33305416','1e43a152-f84f-4022-a2c6-0c66c86e9e70',NULL,'7b8a5289-0621-11e8-b4e9-02429027d658','69d9f8c6-fd88-11e8-814d-afed9526fa74','14',1,'2010-01-01 00:00:00','LIQUIBASE',1,'2010-01-01 00:00:00',NULL),('47777356-51cb-11ea-9640-479b33305416','1e43a152-f84f-4022-a2c6-0c66c86e9e70',NULL,'7b8f0729-0621-11e8-b4e9-02429027d658','69d9f8c6-fd88-11e8-814d-afed9526fa74','7',1,'2010-01-01 00:00:00','LIQUIBASE',1,'2010-01-01 00:00:00',NULL),('4777777a-51cb-11ea-9640-479b33305416','1e43a152-f84f-4022-a2c6-0c66c86e9e70',NULL,'7b9406c0-0621-11e8-b4e9-02429027d658','69d9f8c6-fd88-11e8-814d-afed9526fa74','3.5',1,'2010-01-01 00:00:00','LIQUIBASE',1,'2010-01-01 00:00:00',NULL),('47777bbc-51cb-11ea-9640-479b33305416','1e43a152-f84f-4022-a2c6-0c66c86e9e70',NULL,'7ba12daf-0621-11e8-b4e9-02429027d658','69d9f8c6-fd88-11e8-814d-afed9526fa74','1',1,'2010-01-01 00:00:00','LIQUIBASE',1,'2010-01-01 00:00:00',NULL),('47777f2c-51cb-11ea-9640-479b33305416','1e43a152-f84f-4022-a2c6-0c66c86e9e70',NULL,'crumb preroll 0.5g','69d9f8c6-fd88-11e8-814d-afed9526fa74','0.5',1,'2010-01-01 00:00:00','LIQUIBASE',1,'2010-01-01 00:00:00',NULL),('477782ce-51cb-11ea-9640-479b33305416','1e43a152-f84f-4022-a2c6-0c66c86e9e70',NULL,'crumb preroll 1.5g','69d9f8c6-fd88-11e8-814d-afed9526fa74','1.5',1,'2010-01-01 00:00:00','LIQUIBASE',1,'2010-01-01 00:00:00',NULL),('4777865c-51cb-11ea-9640-479b33305416','1e43a152-f84f-4022-a2c6-0c66c86e9e70',NULL,'crumb preroll 1g','69d9f8c6-fd88-11e8-814d-afed9526fa74','1',1,'2010-01-01 00:00:00','LIQUIBASE',1,'2010-01-01 00:00:00',NULL),('47778c88-51cb-11ea-9640-479b33305416','1e43a152-f84f-4022-a2c6-0c66c86e9e70',NULL,'crumb35','69d9f8c6-fd88-11e8-814d-afed9526fa74','3.5',1,'2010-01-01 00:00:00','LIQUIBASE',1,'2010-01-01 00:00:00',NULL),('477791d8-51cb-11ea-9640-479b33305416','1e43a152-f84f-4022-a2c6-0c66c86e9e70',NULL,'shake preroll 0.5g','69d9f8c6-fd88-11e8-814d-afed9526fa74','0.5',1,'2010-01-01 00:00:00','LIQUIBASE',1,'2010-01-01 00:00:00',NULL),('477795c0-51cb-11ea-9640-479b33305416','1e43a152-f84f-4022-a2c6-0c66c86e9e70',NULL,'shake preroll 1.5g','69d9f8c6-fd88-11e8-814d-afed9526fa74','1.5',1,'2010-01-01 00:00:00','LIQUIBASE',1,'2010-01-01 00:00:00',NULL),('4777998a-51cb-11ea-9640-479b33305416','1e43a152-f84f-4022-a2c6-0c66c86e9e70',NULL,'shake preroll 1g','69d9f8c6-fd88-11e8-814d-afed9526fa74','1',1,'2010-01-01 00:00:00','LIQUIBASE',1,'2010-01-01 00:00:00',NULL),('47779ce6-51cb-11ea-9640-479b33305416','1e43a152-f84f-4022-a2c6-0c66c86e9e70',NULL,'shake35','69d9f8c6-fd88-11e8-814d-afed9526fa74','3.5',1,'2010-01-01 00:00:00','LIQUIBASE',1,'2010-01-01 00:00:00',NULL),('4777a16e-51cb-11ea-9640-479b33305416','1e43a152-f84f-4022-a2c6-0c66c86e9e70',NULL,'d7665662-0623-11e8-b4e9-02429027d658','69d93b66-fd88-11e8-814d-afed9526fa74','1',1,'2010-01-01 00:00:00','LIQUIBASE',1,'2010-01-01 00:00:00',NULL),('4777a696-51cb-11ea-9640-479b33305416','1e43a152-f84f-4022-a2c6-0c66c86e9e70',NULL,'fe20c715-0623-11e8-b4e9-02429027d658','69d93b66-fd88-11e8-814d-afed9526fa74','2',1,'2010-01-01 00:00:00','LIQUIBASE',1,'2010-01-01 00:00:00',NULL),('477819be-51cb-11ea-9640-479b33305416','1e43a152-f84f-4022-a2c6-0c66c86e9e70',NULL,'bdcd0f53-0620-11e8-b4e9-02429027d658','69d8b984-fd88-11e8-814d-afed9526fa74','1',1,'2010-01-01 00:00:00','LIQUIBASE',1,'2010-01-01 00:00:00',NULL),('47781d10-51cb-11ea-9640-479b33305416','1e43a152-f84f-4022-a2c6-0c66c86e9e70',NULL,'cd43d375-0620-11e8-b4e9-02429027d658','69d8b984-fd88-11e8-814d-afed9526fa74','1',1,'2010-01-01 00:00:00','LIQUIBASE',1,'2010-01-01 00:00:00',NULL),('47781f7c-51cb-11ea-9640-479b33305416','1e43a152-f84f-4022-a2c6-0c66c86e9e70',NULL,'d883cb46-0621-11e8-b4e9-02429027d658','69da495c-fd88-11e8-814d-afed9526fa74','1',1,'2010-01-01 00:00:00','LIQUIBASE',1,'2010-01-01 00:00:00',NULL),('47782f4e-51cb-11ea-9640-479b33305416','1e43a152-f84f-4022-a2c6-0c66c86e9e70',NULL,'fcc8eed5-0621-11e8-b4e9-02429027d658','69da495c-fd88-11e8-814d-afed9526fa74','1',1,'2010-01-01 00:00:00','LIQUIBASE',1,'2010-01-01 00:00:00',NULL),('4778320a-51cb-11ea-9640-479b33305416','1e43a152-f84f-4022-a2c6-0c66c86e9e70',NULL,'1ca01284-0622-11e8-b4e9-02429027d658','69daa802-fd88-11e8-814d-afed9526fa74','1',1,'2010-01-01 00:00:00','LIQUIBASE',1,'2010-01-01 00:00:00',NULL),('477835c0-51cb-11ea-9640-479b33305416','1e43a152-f84f-4022-a2c6-0c66c86e9e70',NULL,'299f0a4e-0622-11e8-b4e9-02429027d658','69daa802-fd88-11e8-814d-afed9526fa74','1',1,'2010-01-01 00:00:00','LIQUIBASE',1,'2010-01-01 00:00:00',NULL),('47783958-51cb-11ea-9640-479b33305416','1e43a152-f84f-4022-a2c6-0c66c86e9e70',NULL,'653e9730-0621-11e8-b4e9-02429027d658','69d9f222-fd88-11e8-814d-afed9526fa74','1',1,'2010-01-01 00:00:00','LIQUIBASE',1,'2010-01-01 00:00:00',NULL),('47783b74-51cb-11ea-9640-479b33305416','1e43a152-f84f-4022-a2c6-0c66c86e9e70',NULL,'6544372d-0621-11e8-b4e9-02429027d658','69d9f222-fd88-11e8-814d-afed9526fa74','1',1,'2010-01-01 00:00:00','LIQUIBASE',1,'2010-01-01 00:00:00',NULL),('47783d86-51cb-11ea-9640-479b33305416','1e43a152-f84f-4022-a2c6-0c66c86e9e70',NULL,'6549952e-0621-11e8-b4e9-02429027d658','69d9f222-fd88-11e8-814d-afed9526fa74','1',1,'2010-01-01 00:00:00','LIQUIBASE',1,'2010-01-01 00:00:00',NULL),('47785258-51cb-11ea-9640-479b33305416','1e43a152-f84f-4022-a2c6-0c66c86e9e70',NULL,'654e9171-0621-11e8-b4e9-02429027d658','69d9f222-fd88-11e8-814d-afed9526fa74','1',1,'2010-01-01 00:00:00','LIQUIBASE',1,'2010-01-01 00:00:00',NULL),('4778555a-51cb-11ea-9640-479b33305416','1e43a152-f84f-4022-a2c6-0c66c86e9e70',NULL,'65539712-0621-11e8-b4e9-02429027d658','69d9f222-fd88-11e8-814d-afed9526fa74','1',1,'2010-01-01 00:00:00','LIQUIBASE',1,'2010-01-01 00:00:00',NULL),('477857d0-51cb-11ea-9640-479b33305416','1e43a152-f84f-4022-a2c6-0c66c86e9e70',NULL,'65584695-0621-11e8-b4e9-02429027d658','69d9f222-fd88-11e8-814d-afed9526fa74','1',1,'2010-01-01 00:00:00','LIQUIBASE',1,'2010-01-01 00:00:00',NULL),('47785bfe-51cb-11ea-9640-479b33305416','1e43a152-f84f-4022-a2c6-0c66c86e9e70',NULL,'655d9edd-0621-11e8-b4e9-02429027d658','69d9f222-fd88-11e8-814d-afed9526fa74','1',1,'2010-01-01 00:00:00','LIQUIBASE',1,'2010-01-01 00:00:00',NULL),('47786306-51cb-11ea-9640-479b33305416','1e43a152-f84f-4022-a2c6-0c66c86e9e70',NULL,'65629d9e-0621-11e8-b4e9-02429027d658','69d9f222-fd88-11e8-814d-afed9526fa74','1',1,'2010-01-01 00:00:00','LIQUIBASE',1,'2010-01-01 00:00:00',NULL),('47786914-51cb-11ea-9640-479b33305416','1e43a152-f84f-4022-a2c6-0c66c86e9e70',NULL,'6567be28-0621-11e8-b4e9-02429027d658','69d9f222-fd88-11e8-814d-afed9526fa74','1',1,'2010-01-01 00:00:00','LIQUIBASE',1,'2010-01-01 00:00:00',NULL),('47786b9e-51cb-11ea-9640-479b33305416','1e43a152-f84f-4022-a2c6-0c66c86e9e70',NULL,'6571dfad-0621-11e8-b4e9-02429027d658','69d9f222-fd88-11e8-814d-afed9526fa74','1',1,'2010-01-01 00:00:00','LIQUIBASE',1,'2010-01-01 00:00:00',NULL),('47786db0-51cb-11ea-9640-479b33305416','1e43a152-f84f-4022-a2c6-0c66c86e9e70',NULL,'7b6c346c-0621-11e8-b4e9-02429027d658','69d9f222-fd88-11e8-814d-afed9526fa74','1',1,'2010-01-01 00:00:00','LIQUIBASE',1,'2010-01-01 00:00:00',NULL),('477872e2-51cb-11ea-9640-479b33305416','1e43a152-f84f-4022-a2c6-0c66c86e9e70',NULL,'7b71e939-0621-11e8-b4e9-02429027d658','69d9f222-fd88-11e8-814d-afed9526fa74','1',1,'2010-01-01 00:00:00','LIQUIBASE',1,'2010-01-01 00:00:00',NULL),('477875bc-51cb-11ea-9640-479b33305416','1e43a152-f84f-4022-a2c6-0c66c86e9e70',NULL,'7b76be1f-0621-11e8-b4e9-02429027d658','69d9f222-fd88-11e8-814d-afed9526fa74','1',1,'2010-01-01 00:00:00','LIQUIBASE',1,'2010-01-01 00:00:00',NULL),('477877c4-51cb-11ea-9640-479b33305416','1e43a152-f84f-4022-a2c6-0c66c86e9e70',NULL,'7b7bbca8-0621-11e8-b4e9-02429027d658','69d9f222-fd88-11e8-814d-afed9526fa74','1',1,'2010-01-01 00:00:00','LIQUIBASE',1,'2010-01-01 00:00:00',NULL),('47787f44-51cb-11ea-9640-479b33305416','1e43a152-f84f-4022-a2c6-0c66c86e9e70',NULL,'7b80bca1-0621-11e8-b4e9-02429027d658','69d9f222-fd88-11e8-814d-afed9526fa74','1',1,'2010-01-01 00:00:00','LIQUIBASE',1,'2010-01-01 00:00:00',NULL),('477889ee-51cb-11ea-9640-479b33305416','1e43a152-f84f-4022-a2c6-0c66c86e9e70',NULL,'7b858e91-0621-11e8-b4e9-02429027d658','69d9f222-fd88-11e8-814d-afed9526fa74','1',1,'2010-01-01 00:00:00','LIQUIBASE',1,'2010-01-01 00:00:00',NULL),('47789b50-51cb-11ea-9640-479b33305416','1e43a152-f84f-4022-a2c6-0c66c86e9e70',NULL,'7b8a5289-0621-11e8-b4e9-02429027d658','69d9f222-fd88-11e8-814d-afed9526fa74','1',1,'2010-01-01 00:00:00','LIQUIBASE',1,'2010-01-01 00:00:00',NULL),('47789d80-51cb-11ea-9640-479b33305416','1e43a152-f84f-4022-a2c6-0c66c86e9e70',NULL,'7b8f0729-0621-11e8-b4e9-02429027d658','69d9f222-fd88-11e8-814d-afed9526fa74','1',1,'2010-01-01 00:00:00','LIQUIBASE',1,'2010-01-01 00:00:00',NULL),('4778a00a-51cb-11ea-9640-479b33305416','1e43a152-f84f-4022-a2c6-0c66c86e9e70',NULL,'7b9406c0-0621-11e8-b4e9-02429027d658','69d9f222-fd88-11e8-814d-afed9526fa74','1',1,'2010-01-01 00:00:00','LIQUIBASE',1,'2010-01-01 00:00:00',NULL),('4778a226-51cb-11ea-9640-479b33305416','1e43a152-f84f-4022-a2c6-0c66c86e9e70',NULL,'7ba12daf-0621-11e8-b4e9-02429027d658','69d9f222-fd88-11e8-814d-afed9526fa74','1',1,'2010-01-01 00:00:00','LIQUIBASE',1,'2010-01-01 00:00:00',NULL),('4778a410-51cb-11ea-9640-479b33305416','1e43a152-f84f-4022-a2c6-0c66c86e9e70',NULL,'crumb preroll 0.5g','69d9f222-fd88-11e8-814d-afed9526fa74','1',1,'2010-01-01 00:00:00','LIQUIBASE',1,'2010-01-01 00:00:00',NULL),('4778a5f0-51cb-11ea-9640-479b33305416','1e43a152-f84f-4022-a2c6-0c66c86e9e70',NULL,'crumb preroll 1.5g','69d9f222-fd88-11e8-814d-afed9526fa74','1',1,'2010-01-01 00:00:00','LIQUIBASE',1,'2010-01-01 00:00:00',NULL),('4778a7c6-51cb-11ea-9640-479b33305416','1e43a152-f84f-4022-a2c6-0c66c86e9e70',NULL,'crumb preroll 1g','69d9f222-fd88-11e8-814d-afed9526fa74','1',1,'2010-01-01 00:00:00','LIQUIBASE',1,'2010-01-01 00:00:00',NULL),('4778a9a6-51cb-11ea-9640-479b33305416','1e43a152-f84f-4022-a2c6-0c66c86e9e70',NULL,'crumb35','69d9f222-fd88-11e8-814d-afed9526fa74','1',1,'2010-01-01 00:00:00','LIQUIBASE',1,'2010-01-01 00:00:00',NULL),('4778ab7c-51cb-11ea-9640-479b33305416','1e43a152-f84f-4022-a2c6-0c66c86e9e70',NULL,'shake preroll 0.5g','69d9f222-fd88-11e8-814d-afed9526fa74','1',1,'2010-01-01 00:00:00','LIQUIBASE',1,'2010-01-01 00:00:00',NULL),('4778ad8e-51cb-11ea-9640-479b33305416','1e43a152-f84f-4022-a2c6-0c66c86e9e70',NULL,'shake preroll 1.5g','69d9f222-fd88-11e8-814d-afed9526fa74','1',1,'2010-01-01 00:00:00','LIQUIBASE',1,'2010-01-01 00:00:00',NULL),('4778af6e-51cb-11ea-9640-479b33305416','1e43a152-f84f-4022-a2c6-0c66c86e9e70',NULL,'shake preroll 1g','69d9f222-fd88-11e8-814d-afed9526fa74','1',1,'2010-01-01 00:00:00','LIQUIBASE',1,'2010-01-01 00:00:00',NULL),('4778b14e-51cb-11ea-9640-479b33305416','1e43a152-f84f-4022-a2c6-0c66c86e9e70',NULL,'shake35','69d9f222-fd88-11e8-814d-afed9526fa74','1',1,'2010-01-01 00:00:00','LIQUIBASE',1,'2010-01-01 00:00:00',NULL),('4778c17a-51cb-11ea-9640-479b33305416','1e43a152-f84f-4022-a2c6-0c66c86e9e70',NULL,'d7665662-0623-11e8-b4e9-02429027d658','69d9376a-fd88-11e8-814d-afed9526fa74','1',1,'2010-01-01 00:00:00','LIQUIBASE',1,'2010-01-01 00:00:00',NULL),('4778c42c-51cb-11ea-9640-479b33305416','1e43a152-f84f-4022-a2c6-0c66c86e9e70',NULL,'fe20c715-0623-11e8-b4e9-02429027d658','69d9376a-fd88-11e8-814d-afed9526fa74','1',1,'2010-01-01 00:00:00','LIQUIBASE',1,'2010-01-01 00:00:00',NULL),('4778c666-51cb-11ea-9640-479b33305416','1e43a152-f84f-4022-a2c6-0c66c86e9e70',NULL,'174d6edf-0621-11e8-b4e9-02429027d658','69d90ef2-fd88-11e8-814d-afed9526fa74','1',1,'2010-01-01 00:00:00','LIQUIBASE',1,'2010-01-01 00:00:00',NULL),('4778c86e-51cb-11ea-9640-479b33305416','1e43a152-f84f-4022-a2c6-0c66c86e9e70',NULL,'f31db0a4-0620-11e8-b4e9-02429027d658','69d90ef2-fd88-11e8-814d-afed9526fa74','1',1,'2010-01-01 00:00:00','LIQUIBASE',1,'2010-01-01 00:00:00',NULL),('4778ca6c-51cb-11ea-9640-479b33305416','1e43a152-f84f-4022-a2c6-0c66c86e9e70',NULL,'a4771e75-0622-11e8-b4e9-02429027d658','69da92e0-fd88-11e8-814d-afed9526fa74','1',1,'2010-01-01 00:00:00','LIQUIBASE',1,'2010-01-01 00:00:00',NULL),('4778cc7e-51cb-11ea-9640-479b33305416','1e43a152-f84f-4022-a2c6-0c66c86e9e70',NULL,'b54ce528-0622-11e8-b4e9-02429027d658','69da92e0-fd88-11e8-814d-afed9526fa74','1',1,'2010-01-01 00:00:00','LIQUIBASE',1,'2010-01-01 00:00:00',NULL),('4778ce9a-51cb-11ea-9640-479b33305416','1e43a152-f84f-4022-a2c6-0c66c86e9e70',NULL,'55635efe-0622-11e8-b4e9-02429027d658','69db39a2-fd88-11e8-814d-afed9526fa74','1',1,'2010-01-01 00:00:00','LIQUIBASE',1,'2010-01-01 00:00:00',NULL),('4778d0de-51cb-11ea-9640-479b33305416','1e43a152-f84f-4022-a2c6-0c66c86e9e70',NULL,'6e387b94-0622-11e8-b4e9-02429027d658','69db39a2-fd88-11e8-814d-afed9526fa74','1',1,'2010-01-01 00:00:00','LIQUIBASE',1,'2010-01-01 00:00:00',NULL),('4778d2e6-51cb-11ea-9640-479b33305416','1e43a152-f84f-4022-a2c6-0c66c86e9e70',NULL,'9374f5e3-0621-11e8-b4e9-02429027d658','69da6ea0-fd88-11e8-814d-afed9526fa74','0',1,'2010-01-01 00:00:00','LIQUIBASE',1,'2010-01-01 00:00:00',NULL),('4778d4f8-51cb-11ea-9640-479b33305416','1e43a152-f84f-4022-a2c6-0c66c86e9e70',NULL,'b2a581a8-0621-11e8-b4e9-02429027d658','69da6ea0-fd88-11e8-814d-afed9526fa74','0',1,'2010-01-01 00:00:00','LIQUIBASE',1,'2010-01-01 00:00:00',NULL),('4778d714-51cb-11ea-9640-479b33305416','1e43a152-f84f-4022-a2c6-0c66c86e9e70',NULL,'crumb','4aae82c2-297b-11e9-9322-5f3e17bc67d1','1',1,'2010-01-01 00:00:00','LIQUIBASE',1,'2010-01-01 00:00:00',NULL),('4778d872-51cb-11ea-9640-479b33305416','1e43a152-f84f-4022-a2c6-0c66c86e9e70',NULL,'e7fdeccc-679f-11e9-9c85-510c48478add','4aae82c2-297b-11e9-9322-5f3e17bc67d1','1',1,'2010-01-01 00:00:00','LIQUIBASE',1,'2010-01-01 00:00:00',NULL),('4778da0c-51cb-11ea-9640-479b33305416','1e43a152-f84f-4022-a2c6-0c66c86e9e70',NULL,'shake','4aae82c2-297b-11e9-9322-5f3e17bc67d1','1',1,'2010-01-01 00:00:00','LIQUIBASE',1,'2010-01-01 00:00:00',NULL),('4778f3ac-51cb-11ea-9640-479b33305416','1e43a152-f84f-4022-a2c6-0c66c86e9e70',NULL,'bdcd0f53-0620-11e8-b4e9-02429027d658','69d8ba6a-fd88-11e8-814d-afed9526fa74','0',1,'2010-01-01 00:00:00','LIQUIBASE',1,'2010-01-01 00:00:00',NULL),('4778f67c-51cb-11ea-9640-479b33305416','1e43a152-f84f-4022-a2c6-0c66c86e9e70',NULL,'cd43d375-0620-11e8-b4e9-02429027d658','69d8ba6a-fd88-11e8-814d-afed9526fa74','0',1,'2010-01-01 00:00:00','LIQUIBASE',1,'2010-01-01 00:00:00',NULL),('4778f8b6-51cb-11ea-9640-479b33305416','1e43a152-f84f-4022-a2c6-0c66c86e9e70',NULL,'d883cb46-0621-11e8-b4e9-02429027d658','69da4a24-fd88-11e8-814d-afed9526fa74','0',1,'2010-01-01 00:00:00','LIQUIBASE',1,'2010-01-01 00:00:00',NULL),('4778fabe-51cb-11ea-9640-479b33305416','1e43a152-f84f-4022-a2c6-0c66c86e9e70',NULL,'fcc8eed5-0621-11e8-b4e9-02429027d658','69da4a24-fd88-11e8-814d-afed9526fa74','0',1,'2010-01-01 00:00:00','LIQUIBASE',1,'2010-01-01 00:00:00',NULL),('4778fcbc-51cb-11ea-9640-479b33305416','1e43a152-f84f-4022-a2c6-0c66c86e9e70',NULL,'1ca01284-0622-11e8-b4e9-02429027d658','69daa8ca-fd88-11e8-814d-afed9526fa74','0',1,'2010-01-01 00:00:00','LIQUIBASE',1,'2010-01-01 00:00:00',NULL),('47790036-51cb-11ea-9640-479b33305416','1e43a152-f84f-4022-a2c6-0c66c86e9e70',NULL,'299f0a4e-0622-11e8-b4e9-02429027d658','69daa8ca-fd88-11e8-814d-afed9526fa74','0',1,'2010-01-01 00:00:00','LIQUIBASE',1,'2010-01-01 00:00:00',NULL),('4779036a-51cb-11ea-9640-479b33305416','1e43a152-f84f-4022-a2c6-0c66c86e9e70',NULL,'653e9730-0621-11e8-b4e9-02429027d658','69d9f2fe-fd88-11e8-814d-afed9526fa74','0',1,'2010-01-01 00:00:00','LIQUIBASE',1,'2010-01-01 00:00:00',NULL),('47790568-51cb-11ea-9640-479b33305416','1e43a152-f84f-4022-a2c6-0c66c86e9e70',NULL,'6544372d-0621-11e8-b4e9-02429027d658','69d9f2fe-fd88-11e8-814d-afed9526fa74','0',1,'2010-01-01 00:00:00','LIQUIBASE',1,'2010-01-01 00:00:00',NULL),('47790752-51cb-11ea-9640-479b33305416','1e43a152-f84f-4022-a2c6-0c66c86e9e70',NULL,'6549952e-0621-11e8-b4e9-02429027d658','69d9f2fe-fd88-11e8-814d-afed9526fa74','0',1,'2010-01-01 00:00:00','LIQUIBASE',1,'2010-01-01 00:00:00',NULL),('4779093c-51cb-11ea-9640-479b33305416','1e43a152-f84f-4022-a2c6-0c66c86e9e70',NULL,'654e9171-0621-11e8-b4e9-02429027d658','69d9f2fe-fd88-11e8-814d-afed9526fa74','0',1,'2010-01-01 00:00:00','LIQUIBASE',1,'2010-01-01 00:00:00',NULL),('47790b6c-51cb-11ea-9640-479b33305416','1e43a152-f84f-4022-a2c6-0c66c86e9e70',NULL,'65539712-0621-11e8-b4e9-02429027d658','69d9f2fe-fd88-11e8-814d-afed9526fa74','0',1,'2010-01-01 00:00:00','LIQUIBASE',1,'2010-01-01 00:00:00',NULL),('47790d6a-51cb-11ea-9640-479b33305416','1e43a152-f84f-4022-a2c6-0c66c86e9e70',NULL,'65584695-0621-11e8-b4e9-02429027d658','69d9f2fe-fd88-11e8-814d-afed9526fa74','0',1,'2010-01-01 00:00:00','LIQUIBASE',1,'2010-01-01 00:00:00',NULL),('47790f40-51cb-11ea-9640-479b33305416','1e43a152-f84f-4022-a2c6-0c66c86e9e70',NULL,'655d9edd-0621-11e8-b4e9-02429027d658','69d9f2fe-fd88-11e8-814d-afed9526fa74','0',1,'2010-01-01 00:00:00','LIQUIBASE',1,'2010-01-01 00:00:00',NULL),('47791116-51cb-11ea-9640-479b33305416','1e43a152-f84f-4022-a2c6-0c66c86e9e70',NULL,'65629d9e-0621-11e8-b4e9-02429027d658','69d9f2fe-fd88-11e8-814d-afed9526fa74','0',1,'2010-01-01 00:00:00','LIQUIBASE',1,'2010-01-01 00:00:00',NULL),('477912f6-51cb-11ea-9640-479b33305416','1e43a152-f84f-4022-a2c6-0c66c86e9e70',NULL,'6567be28-0621-11e8-b4e9-02429027d658','69d9f2fe-fd88-11e8-814d-afed9526fa74','0',1,'2010-01-01 00:00:00','LIQUIBASE',1,'2010-01-01 00:00:00',NULL),('477914cc-51cb-11ea-9640-479b33305416','1e43a152-f84f-4022-a2c6-0c66c86e9e70',NULL,'6571dfad-0621-11e8-b4e9-02429027d658','69d9f2fe-fd88-11e8-814d-afed9526fa74','0',1,'2010-01-01 00:00:00','LIQUIBASE',1,'2010-01-01 00:00:00',NULL),('477916e8-51cb-11ea-9640-479b33305416','1e43a152-f84f-4022-a2c6-0c66c86e9e70',NULL,'7b6c346c-0621-11e8-b4e9-02429027d658','69d9f2fe-fd88-11e8-814d-afed9526fa74','0',1,'2010-01-01 00:00:00','LIQUIBASE',1,'2010-01-01 00:00:00',NULL),('477918d2-51cb-11ea-9640-479b33305416','1e43a152-f84f-4022-a2c6-0c66c86e9e70',NULL,'7b71e939-0621-11e8-b4e9-02429027d658','69d9f2fe-fd88-11e8-814d-afed9526fa74','0',1,'2010-01-01 00:00:00','LIQUIBASE',1,'2010-01-01 00:00:00',NULL),('47792e62-51cb-11ea-9640-479b33305416','1e43a152-f84f-4022-a2c6-0c66c86e9e70',NULL,'7b76be1f-0621-11e8-b4e9-02429027d658','69d9f2fe-fd88-11e8-814d-afed9526fa74','0',1,'2010-01-01 00:00:00','LIQUIBASE',1,'2010-01-01 00:00:00',NULL),('477931c8-51cb-11ea-9640-479b33305416','1e43a152-f84f-4022-a2c6-0c66c86e9e70',NULL,'7b7bbca8-0621-11e8-b4e9-02429027d658','69d9f2fe-fd88-11e8-814d-afed9526fa74','0',1,'2010-01-01 00:00:00','LIQUIBASE',1,'2010-01-01 00:00:00',NULL),('477933ee-51cb-11ea-9640-479b33305416','1e43a152-f84f-4022-a2c6-0c66c86e9e70',NULL,'7b80bca1-0621-11e8-b4e9-02429027d658','69d9f2fe-fd88-11e8-814d-afed9526fa74','0',1,'2010-01-01 00:00:00','LIQUIBASE',1,'2010-01-01 00:00:00',NULL),('47793650-51cb-11ea-9640-479b33305416','1e43a152-f84f-4022-a2c6-0c66c86e9e70',NULL,'7b858e91-0621-11e8-b4e9-02429027d658','69d9f2fe-fd88-11e8-814d-afed9526fa74','0',1,'2010-01-01 00:00:00','LIQUIBASE',1,'2010-01-01 00:00:00',NULL),('4779386c-51cb-11ea-9640-479b33305416','1e43a152-f84f-4022-a2c6-0c66c86e9e70',NULL,'7b8a5289-0621-11e8-b4e9-02429027d658','69d9f2fe-fd88-11e8-814d-afed9526fa74','0',1,'2010-01-01 00:00:00','LIQUIBASE',1,'2010-01-01 00:00:00',NULL),('47793a6a-51cb-11ea-9640-479b33305416','1e43a152-f84f-4022-a2c6-0c66c86e9e70',NULL,'7b8f0729-0621-11e8-b4e9-02429027d658','69d9f2fe-fd88-11e8-814d-afed9526fa74','0',1,'2010-01-01 00:00:00','LIQUIBASE',1,'2010-01-01 00:00:00',NULL),('47793ede-51cb-11ea-9640-479b33305416','1e43a152-f84f-4022-a2c6-0c66c86e9e70',NULL,'7b9406c0-0621-11e8-b4e9-02429027d658','69d9f2fe-fd88-11e8-814d-afed9526fa74','0',1,'2010-01-01 00:00:00','LIQUIBASE',1,'2010-01-01 00:00:00',NULL),('477940fa-51cb-11ea-9640-479b33305416','1e43a152-f84f-4022-a2c6-0c66c86e9e70',NULL,'7ba12daf-0621-11e8-b4e9-02429027d658','69d9f2fe-fd88-11e8-814d-afed9526fa74','0',1,'2010-01-01 00:00:00','LIQUIBASE',1,'2010-01-01 00:00:00',NULL),('47794316-51cb-11ea-9640-479b33305416','1e43a152-f84f-4022-a2c6-0c66c86e9e70',NULL,'crumb preroll 0.5g','69d9f2fe-fd88-11e8-814d-afed9526fa74','0',1,'2010-01-01 00:00:00','LIQUIBASE',1,'2010-01-01 00:00:00',NULL),('47794a14-51cb-11ea-9640-479b33305416','1e43a152-f84f-4022-a2c6-0c66c86e9e70',NULL,'crumb preroll 1.5g','69d9f2fe-fd88-11e8-814d-afed9526fa74','0',1,'2010-01-01 00:00:00','LIQUIBASE',1,'2010-01-01 00:00:00',NULL),('47794c94-51cb-11ea-9640-479b33305416','1e43a152-f84f-4022-a2c6-0c66c86e9e70',NULL,'crumb preroll 1g','69d9f2fe-fd88-11e8-814d-afed9526fa74','0',1,'2010-01-01 00:00:00','LIQUIBASE',1,'2010-01-01 00:00:00',NULL),('47794ed8-51cb-11ea-9640-479b33305416','1e43a152-f84f-4022-a2c6-0c66c86e9e70',NULL,'crumb35','69d9f2fe-fd88-11e8-814d-afed9526fa74','0',1,'2010-01-01 00:00:00','LIQUIBASE',1,'2010-01-01 00:00:00',NULL),('477950fe-51cb-11ea-9640-479b33305416','1e43a152-f84f-4022-a2c6-0c66c86e9e70',NULL,'shake preroll 0.5g','69d9f2fe-fd88-11e8-814d-afed9526fa74','0',1,'2010-01-01 00:00:00','LIQUIBASE',1,'2010-01-01 00:00:00',NULL),('4779531a-51cb-11ea-9640-479b33305416','1e43a152-f84f-4022-a2c6-0c66c86e9e70',NULL,'shake preroll 1.5g','69d9f2fe-fd88-11e8-814d-afed9526fa74','0',1,'2010-01-01 00:00:00','LIQUIBASE',1,'2010-01-01 00:00:00',NULL),('477965e4-51cb-11ea-9640-479b33305416','1e43a152-f84f-4022-a2c6-0c66c86e9e70',NULL,'shake preroll 1g','69d9f2fe-fd88-11e8-814d-afed9526fa74','0',1,'2010-01-01 00:00:00','LIQUIBASE',1,'2010-01-01 00:00:00',NULL),('47796896-51cb-11ea-9640-479b33305416','1e43a152-f84f-4022-a2c6-0c66c86e9e70',NULL,'shake35','69d9f2fe-fd88-11e8-814d-afed9526fa74','0',1,'2010-01-01 00:00:00','LIQUIBASE',1,'2010-01-01 00:00:00',NULL),('47796ad0-51cb-11ea-9640-479b33305416','1e43a152-f84f-4022-a2c6-0c66c86e9e70',NULL,'d7665662-0623-11e8-b4e9-02429027d658','69d9383c-fd88-11e8-814d-afed9526fa74','0',1,'2010-01-01 00:00:00','LIQUIBASE',1,'2010-01-01 00:00:00',NULL),('47796d14-51cb-11ea-9640-479b33305416','1e43a152-f84f-4022-a2c6-0c66c86e9e70',NULL,'fe20c715-0623-11e8-b4e9-02429027d658','69d9383c-fd88-11e8-814d-afed9526fa74','0',1,'2010-01-01 00:00:00','LIQUIBASE',1,'2010-01-01 00:00:00',NULL),('47797d68-51cb-11ea-9640-479b33305416','1e43a152-f84f-4022-a2c6-0c66c86e9e70',NULL,'174d6edf-0621-11e8-b4e9-02429027d658','69d90fba-fd88-11e8-814d-afed9526fa74','0',1,'2010-01-01 00:00:00','LIQUIBASE',1,'2010-01-01 00:00:00',NULL),('4779804c-51cb-11ea-9640-479b33305416','1e43a152-f84f-4022-a2c6-0c66c86e9e70',NULL,'f31db0a4-0620-11e8-b4e9-02429027d658','69d90fba-fd88-11e8-814d-afed9526fa74','0',1,'2010-01-01 00:00:00','LIQUIBASE',1,'2010-01-01 00:00:00',NULL),('477987e0-51cb-11ea-9640-479b33305416','1e43a152-f84f-4022-a2c6-0c66c86e9e70',NULL,'a4771e75-0622-11e8-b4e9-02429027d658','69da93b2-fd88-11e8-814d-afed9526fa74','0',1,'2010-01-01 00:00:00','LIQUIBASE',1,'2010-01-01 00:00:00',NULL),('47798e20-51cb-11ea-9640-479b33305416','1e43a152-f84f-4022-a2c6-0c66c86e9e70',NULL,'b54ce528-0622-11e8-b4e9-02429027d658','69da93b2-fd88-11e8-814d-afed9526fa74','0',1,'2010-01-01 00:00:00','LIQUIBASE',1,'2010-01-01 00:00:00',NULL),('477990c8-51cb-11ea-9640-479b33305416','1e43a152-f84f-4022-a2c6-0c66c86e9e70',NULL,'55635efe-0622-11e8-b4e9-02429027d658','69db3aa6-fd88-11e8-814d-afed9526fa74','0',1,'2010-01-01 00:00:00','LIQUIBASE',1,'2010-01-01 00:00:00',NULL),('477992ee-51cb-11ea-9640-479b33305416','1e43a152-f84f-4022-a2c6-0c66c86e9e70',NULL,'6e387b94-0622-11e8-b4e9-02429027d658','69db3aa6-fd88-11e8-814d-afed9526fa74','0',1,'2010-01-01 00:00:00','LIQUIBASE',1,'2010-01-01 00:00:00',NULL),('4779b418-51cb-11ea-9640-479b33305416','1e43a152-f84f-4022-a2c6-0c66c86e9e70',NULL,'9374f5e3-0621-11e8-b4e9-02429027d658','69da6f72-fd88-11e8-814d-afed9526fa74','0',1,'2010-01-01 00:00:00','LIQUIBASE',1,'2010-01-01 00:00:00',NULL),('4779b7a6-51cb-11ea-9640-479b33305416','1e43a152-f84f-4022-a2c6-0c66c86e9e70',NULL,'b2a581a8-0621-11e8-b4e9-02429027d658','69da6f72-fd88-11e8-814d-afed9526fa74','0',1,'2010-01-01 00:00:00','LIQUIBASE',1,'2010-01-01 00:00:00',NULL),('4779baa8-51cb-11ea-9640-479b33305416','1e43a152-f84f-4022-a2c6-0c66c86e9e70',NULL,'crumb','4aae82cc-297b-11e9-9322-5f3e17bc67d1','0',1,'2010-01-01 00:00:00','LIQUIBASE',1,'2010-01-01 00:00:00',NULL),('4779bc92-51cb-11ea-9640-479b33305416','1e43a152-f84f-4022-a2c6-0c66c86e9e70',NULL,'e7fdeccc-679f-11e9-9c85-510c48478add','4aae82cc-297b-11e9-9322-5f3e17bc67d1','0',1,'2010-01-01 00:00:00','LIQUIBASE',1,'2010-01-01 00:00:00',NULL),('4779be5e-51cb-11ea-9640-479b33305416','1e43a152-f84f-4022-a2c6-0c66c86e9e70',NULL,'shake','4aae82cc-297b-11e9-9322-5f3e17bc67d1','0',1,'2010-01-01 00:00:00','LIQUIBASE',1,'2010-01-01 00:00:00',NULL),('4779fe96-51cb-11ea-9640-479b33305416','1e43a152-f84f-4022-a2c6-0c66c86e9e70',NULL,'a4771e75-0622-11e8-b4e9-02429027d658','69da9c4a-fd88-11e8-814d-afed9526fa74','SOIL',1,'2010-01-01 00:00:00','LIQUIBASE',1,'2010-01-01 00:00:00',NULL),('477a0166-51cb-11ea-9640-479b33305416','1e43a152-f84f-4022-a2c6-0c66c86e9e70',NULL,'b54ce528-0622-11e8-b4e9-02429027d658','69da9c4a-fd88-11e8-814d-afed9526fa74','SOIL',1,'2010-01-01 00:00:00','LIQUIBASE',1,'2010-01-01 00:00:00',NULL),('477ba07a-51cb-11ea-9640-479b33305416','1e43a152-f84f-4022-a2c6-0c66c86e9e70',NULL,'bdcd0f53-0620-11e8-b4e9-02429027d658','69d8bf24-fd88-11e8-814d-afed9526fa74','1000',1,'2010-01-01 00:00:00','LIQUIBASE',1,'2010-01-01 00:00:00',NULL),('477bb222-51cb-11ea-9640-479b33305416','1e43a152-f84f-4022-a2c6-0c66c86e9e70',NULL,'cd43d375-0620-11e8-b4e9-02429027d658','69d8bf24-fd88-11e8-814d-afed9526fa74','500',1,'2010-01-01 00:00:00','LIQUIBASE',1,'2010-01-01 00:00:00',NULL),('477bbd44-51cb-11ea-9640-479b33305416','1e43a152-f84f-4022-a2c6-0c66c86e9e70',NULL,'d7665662-0623-11e8-b4e9-02429027d658','69d93cf6-fd88-11e8-814d-afed9526fa74','1000',1,'2010-01-01 00:00:00','LIQUIBASE',1,'2010-01-01 00:00:00',NULL),('477bc1fe-51cb-11ea-9640-479b33305416','1e43a152-f84f-4022-a2c6-0c66c86e9e70',NULL,'fe20c715-0623-11e8-b4e9-02429027d658','69d93cf6-fd88-11e8-814d-afed9526fa74','2000',1,'2010-01-01 00:00:00','LIQUIBASE',1,'2010-01-01 00:00:00',NULL),('484a9d44-51cb-11ea-9640-479b33305416','1e43a152-f84f-4022-a2c6-0c66c86e9e70',NULL,'e7fdeccc-679f-11e9-9c85-510c48478add','48481970-51cb-11ea-9640-479b33305416','DEJAVOO',1,'2020-02-17 13:20:12','LIQUIBASE',1,'2020-02-17 13:20:12',NULL);
/*!40000 ALTER TABLE `tz_product_detail` ENABLE KEYS */;
UNLOCK TABLES;

--
-- Table structure for table `tz_product_detail_aud`
--

DROP TABLE IF EXISTS `tz_product_detail_aud`;
/*!40101 SET @saved_cs_client     = @@character_set_client */;
/*!40101 SET character_set_client = utf8 */;
CREATE TABLE `tz_product_detail_aud` (
  `rev` int(11) NOT NULL DEFAULT '0',
  `revend` int(11) DEFAULT NULL,
  `revtype` smallint(6) DEFAULT NULL,
  `id` varchar(45) NOT NULL,
  `tenant_id` varchar(45) NOT NULL,
  `prev_id` varchar(45) DEFAULT NULL,
  `product_id` varchar(45) NOT NULL,
  `product_metadata_id` varchar(45) NOT NULL,
  `value` varchar(1500) DEFAULT NULL,
  `version` int(11) DEFAULT NULL,
  `original_start_date` datetime NOT NULL,
  `last_user_id` varchar(45) NOT NULL,
  `current_flag` tinyint(1) NOT NULL,
  `start_date` datetime NOT NULL,
  `end_date` datetime DEFAULT NULL,
  PRIMARY KEY (`rev`,`id`),
  KEY `product_detail_aud_product_detail_idx` (`id`),
  KEY `product_detail_aud_tenant_idx` (`tenant_id`),
  KEY `product_detail_aud_product_idx` (`product_id`),
  KEY `product_detail_aud_product_metadata_idx` (`product_metadata_id`)
) ENGINE=InnoDB DEFAULT CHARSET=utf8;
/*!40101 SET character_set_client = @saved_cs_client */;

--
-- Dumping data for table `tz_product_detail_aud`
--

LOCK TABLES `tz_product_detail_aud` WRITE;
/*!40000 ALTER TABLE `tz_product_detail_aud` DISABLE KEYS */;
INSERT INTO `tz_product_detail_aud` VALUES (367,NULL,0,'47738912-51cb-11ea-9640-479b33305416','1e43a152-f84f-4022-a2c6-0c66c86e9e70',NULL,'crumb','4aae82cd-297b-11e9-9322-5f3e17bc67d1','CRUMB',1,'2010-01-01 00:00:00','LIQUIBASE',1,'2010-01-01 00:00:00',NULL),(368,NULL,0,'47738d72-51cb-11ea-9640-479b33305416','1e43a152-f84f-4022-a2c6-0c66c86e9e70',NULL,'e7fdeccc-679f-11e9-9c85-510c48478add','4aae82cd-297b-11e9-9322-5f3e17bc67d1','PAYMENT FEE',1,'2010-01-01 00:00:00','LIQUIBASE',1,'2010-01-01 00:00:00',NULL),(369,NULL,0,'47739114-51cb-11ea-9640-479b33305416','1e43a152-f84f-4022-a2c6-0c66c86e9e70',NULL,'shake','4aae82cd-297b-11e9-9322-5f3e17bc67d1','SHAKE',1,'2010-01-01 00:00:00','LIQUIBASE',1,'2010-01-01 00:00:00',NULL),(370,NULL,0,'47739632-51cb-11ea-9640-479b33305416','1e43a152-f84f-4022-a2c6-0c66c86e9e70',NULL,'bdcd0f53-0620-11e8-b4e9-02429027d658','69d8bb3c-fd88-11e8-814d-afed9526fa74','SUNSET SHERBERT SAMPLE',1,'2010-01-01 00:00:00','LIQUIBASE',1,'2010-01-01 00:00:00',NULL),(371,NULL,0,'47739c04-51cb-11ea-9640-479b33305416','1e43a152-f84f-4022-a2c6-0c66c86e9e70',NULL,'cd43d375-0620-11e8-b4e9-02429027d658','69d8bb3c-fd88-11e8-814d-afed9526fa74','SF SOURDOUGH SAMPLE',1,'2010-01-01 00:00:00','LIQUIBASE',1,'2010-01-01 00:00:00',NULL),(372,NULL,0,'4773a1a4-51cb-11ea-9640-479b33305416','1e43a152-f84f-4022-a2c6-0c66c86e9e70',NULL,'174d6edf-0621-11e8-b4e9-02429027d658','69d91082-fd88-11e8-814d-afed9526fa74','ESPRESSO BEANS SAMPLE',1,'2010-01-01 00:00:00','LIQUIBASE',1,'2010-01-01 00:00:00',NULL),(373,NULL,0,'4773a51e-51cb-11ea-9640-479b33305416','1e43a152-f84f-4022-a2c6-0c66c86e9e70',NULL,'f31db0a4-0620-11e8-b4e9-02429027d658','69d91082-fd88-11e8-814d-afed9526fa74','BLUEBERRIES SAMPLE',1,'2010-01-01 00:00:00','LIQUIBASE',1,'2010-01-01 00:00:00',NULL),(374,NULL,0,'4773a8e8-51cb-11ea-9640-479b33305416','1e43a152-f84f-4022-a2c6-0c66c86e9e70',NULL,'d7665662-0623-11e8-b4e9-02429027d658','69d93904-fd88-11e8-814d-afed9526fa74','CANDY NOVA SAMPLE',1,'2010-01-01 00:00:00','LIQUIBASE',1,'2010-01-01 00:00:00',NULL),(375,NULL,0,'4773ac30-51cb-11ea-9640-479b33305416','1e43a152-f84f-4022-a2c6-0c66c86e9e70',NULL,'fe20c715-0623-11e8-b4e9-02429027d658','69d93904-fd88-11e8-814d-afed9526fa74','ZKITTLEZ SAMPLE',1,'2010-01-01 00:00:00','LIQUIBASE',1,'2010-01-01 00:00:00',NULL),(376,NULL,0,'4773b05e-51cb-11ea-9640-479b33305416','1e43a152-f84f-4022-a2c6-0c66c86e9e70',NULL,'653e9730-0621-11e8-b4e9-02429027d658','69d9f3f8-fd88-11e8-814d-afed9526fa74','KING LOUIS XIII SAMPLE',1,'2010-01-01 00:00:00','LIQUIBASE',1,'2010-01-01 00:00:00',NULL),(377,NULL,0,'4773b3b0-51cb-11ea-9640-479b33305416','1e43a152-f84f-4022-a2c6-0c66c86e9e70',NULL,'6544372d-0621-11e8-b4e9-02429027d658','69d9f3f8-fd88-11e8-814d-afed9526fa74','KING LOUIS XIII SAMPLE',1,'2010-01-01 00:00:00','LIQUIBASE',1,'2010-01-01 00:00:00',NULL),(378,NULL,0,'4773b8ec-51cb-11ea-9640-479b33305416','1e43a152-f84f-4022-a2c6-0c66c86e9e70',NULL,'6549952e-0621-11e8-b4e9-02429027d658','69d9f3f8-fd88-11e8-814d-afed9526fa74','KING LOUIS XIII SAMPLE',1,'2010-01-01 00:00:00','LIQUIBASE',1,'2010-01-01 00:00:00',NULL),(379,NULL,0,'4773bd6a-51cb-11ea-9640-479b33305416','1e43a152-f84f-4022-a2c6-0c66c86e9e70',NULL,'654e9171-0621-11e8-b4e9-02429027d658','69d9f3f8-fd88-11e8-814d-afed9526fa74','KING LOUIS XIII SAMPLE',1,'2010-01-01 00:00:00','LIQUIBASE',1,'2010-01-01 00:00:00',NULL),(380,NULL,0,'4773beb4-51cb-11ea-9640-479b33305416','1e43a152-f84f-4022-a2c6-0c66c86e9e70',NULL,'65539712-0621-11e8-b4e9-02429027d658','69d9f3f8-fd88-11e8-814d-afed9526fa74','KING LOUIS XIII SAMPLE',1,'2010-01-01 00:00:00','LIQUIBASE',1,'2010-01-01 00:00:00',NULL),(381,NULL,0,'4773c0a8-51cb-11ea-9640-479b33305416','1e43a152-f84f-4022-a2c6-0c66c86e9e70',NULL,'65584695-0621-11e8-b4e9-02429027d658','69d9f3f8-fd88-11e8-814d-afed9526fa74','KING LOUIS XIII SAMPLE',1,'2010-01-01 00:00:00','LIQUIBASE',1,'2010-01-01 00:00:00',NULL),(382,NULL,0,'4773c1ca-51cb-11ea-9640-479b33305416','1e43a152-f84f-4022-a2c6-0c66c86e9e70',NULL,'655d9edd-0621-11e8-b4e9-02429027d658','69d9f3f8-fd88-11e8-814d-afed9526fa74','KING LOUIS XIII SAMPLE',1,'2010-01-01 00:00:00','LIQUIBASE',1,'2010-01-01 00:00:00',NULL),(383,NULL,0,'4773c2d8-51cb-11ea-9640-479b33305416','1e43a152-f84f-4022-a2c6-0c66c86e9e70',NULL,'65629d9e-0621-11e8-b4e9-02429027d658','69d9f3f8-fd88-11e8-814d-afed9526fa74','KING LOUIS XIII SAMPLE',1,'2010-01-01 00:00:00','LIQUIBASE',1,'2010-01-01 00:00:00',NULL),(384,NULL,0,'4773c3dc-51cb-11ea-9640-479b33305416','1e43a152-f84f-4022-a2c6-0c66c86e9e70',NULL,'6567be28-0621-11e8-b4e9-02429027d658','69d9f3f8-fd88-11e8-814d-afed9526fa74','KING LOUIS XIII SAMPLE',1,'2010-01-01 00:00:00','LIQUIBASE',1,'2010-01-01 00:00:00',NULL),(385,NULL,0,'4773c4e0-51cb-11ea-9640-479b33305416','1e43a152-f84f-4022-a2c6-0c66c86e9e70',NULL,'6571dfad-0621-11e8-b4e9-02429027d658','69d9f3f8-fd88-11e8-814d-afed9526fa74','KING LOUIS XIII SAMPLE',1,'2010-01-01 00:00:00','LIQUIBASE',1,'2010-01-01 00:00:00',NULL),(386,NULL,0,'4773c5f8-51cb-11ea-9640-479b33305416','1e43a152-f84f-4022-a2c6-0c66c86e9e70',NULL,'7b6c346c-0621-11e8-b4e9-02429027d658','69d9f3f8-fd88-11e8-814d-afed9526fa74','CHEM FIRE SAMPLE',1,'2010-01-01 00:00:00','LIQUIBASE',1,'2010-01-01 00:00:00',NULL),(387,NULL,0,'4773c9c2-51cb-11ea-9640-479b33305416','1e43a152-f84f-4022-a2c6-0c66c86e9e70',NULL,'7b71e939-0621-11e8-b4e9-02429027d658','69d9f3f8-fd88-11e8-814d-afed9526fa74','CHEM FIRE SAMPLE',1,'2010-01-01 00:00:00','LIQUIBASE',1,'2010-01-01 00:00:00',NULL),(388,NULL,0,'4773cb02-51cb-11ea-9640-479b33305416','1e43a152-f84f-4022-a2c6-0c66c86e9e70',NULL,'7b76be1f-0621-11e8-b4e9-02429027d658','69d9f3f8-fd88-11e8-814d-afed9526fa74','CHEM FIRE SAMPLE',1,'2010-01-01 00:00:00','LIQUIBASE',1,'2010-01-01 00:00:00',NULL),(389,NULL,0,'4773cc06-51cb-11ea-9640-479b33305416','1e43a152-f84f-4022-a2c6-0c66c86e9e70',NULL,'7b7bbca8-0621-11e8-b4e9-02429027d658','69d9f3f8-fd88-11e8-814d-afed9526fa74','CHEM FIRE SAMPLE',1,'2010-01-01 00:00:00','LIQUIBASE',1,'2010-01-01 00:00:00',NULL),(390,NULL,0,'4773cd0a-51cb-11ea-9640-479b33305416','1e43a152-f84f-4022-a2c6-0c66c86e9e70',NULL,'7b80bca1-0621-11e8-b4e9-02429027d658','69d9f3f8-fd88-11e8-814d-afed9526fa74','CHEM FIRE SAMPLE',1,'2010-01-01 00:00:00','LIQUIBASE',1,'2010-01-01 00:00:00',NULL),(391,NULL,0,'4773ce0e-51cb-11ea-9640-479b33305416','1e43a152-f84f-4022-a2c6-0c66c86e9e70',NULL,'7b858e91-0621-11e8-b4e9-02429027d658','69d9f3f8-fd88-11e8-814d-afed9526fa74','CHEM FIRE SAMPLE',1,'2010-01-01 00:00:00','LIQUIBASE',1,'2010-01-01 00:00:00',NULL),(392,NULL,0,'4773cf08-51cb-11ea-9640-479b33305416','1e43a152-f84f-4022-a2c6-0c66c86e9e70',NULL,'7b8a5289-0621-11e8-b4e9-02429027d658','69d9f3f8-fd88-11e8-814d-afed9526fa74','CHEM FIRE SAMPLE',1,'2010-01-01 00:00:00','LIQUIBASE',1,'2010-01-01 00:00:00',NULL),(393,NULL,0,'4773d00c-51cb-11ea-9640-479b33305416','1e43a152-f84f-4022-a2c6-0c66c86e9e70',NULL,'7b8f0729-0621-11e8-b4e9-02429027d658','69d9f3f8-fd88-11e8-814d-afed9526fa74','CHEM FIRE SAMPLE',1,'2010-01-01 00:00:00','LIQUIBASE',1,'2010-01-01 00:00:00',NULL),(394,NULL,0,'4773d106-51cb-11ea-9640-479b33305416','1e43a152-f84f-4022-a2c6-0c66c86e9e70',NULL,'7b9406c0-0621-11e8-b4e9-02429027d658','69d9f3f8-fd88-11e8-814d-afed9526fa74','CHEM FIRE SAMPLE',1,'2010-01-01 00:00:00','LIQUIBASE',1,'2010-01-01 00:00:00',NULL),(395,NULL,0,'4773d20a-51cb-11ea-9640-479b33305416','1e43a152-f84f-4022-a2c6-0c66c86e9e70',NULL,'7ba12daf-0621-11e8-b4e9-02429027d658','69d9f3f8-fd88-11e8-814d-afed9526fa74','CHEM FIRE SAMPLE',1,'2010-01-01 00:00:00','LIQUIBASE',1,'2010-01-01 00:00:00',NULL),(396,NULL,0,'4773d318-51cb-11ea-9640-479b33305416','1e43a152-f84f-4022-a2c6-0c66c86e9e70',NULL,'crumb preroll 0.5g','69d9f3f8-fd88-11e8-814d-afed9526fa74','PREROLL 0.5G',1,'2010-01-01 00:00:00','LIQUIBASE',1,'2010-01-01 00:00:00',NULL),(397,NULL,0,'4773d426-51cb-11ea-9640-479b33305416','1e43a152-f84f-4022-a2c6-0c66c86e9e70',NULL,'crumb preroll 1.5g','69d9f3f8-fd88-11e8-814d-afed9526fa74','PREROLL 1.5G',1,'2010-01-01 00:00:00','LIQUIBASE',1,'2010-01-01 00:00:00',NULL),(398,NULL,0,'4773d52a-51cb-11ea-9640-479b33305416','1e43a152-f84f-4022-a2c6-0c66c86e9e70',NULL,'crumb preroll 1g','69d9f3f8-fd88-11e8-814d-afed9526fa74','PREROLL 1G',1,'2010-01-01 00:00:00','LIQUIBASE',1,'2010-01-01 00:00:00',NULL),(399,NULL,0,'4773d642-51cb-11ea-9640-479b33305416','1e43a152-f84f-4022-a2c6-0c66c86e9e70',NULL,'crumb35','69d9f3f8-fd88-11e8-814d-afed9526fa74','CRUMB 3.5G',1,'2010-01-01 00:00:00','LIQUIBASE',1,'2010-01-01 00:00:00',NULL),(400,NULL,0,'4773d75a-51cb-11ea-9640-479b33305416','1e43a152-f84f-4022-a2c6-0c66c86e9e70',NULL,'shake preroll 0.5g','69d9f3f8-fd88-11e8-814d-afed9526fa74','PREROLL 0.5G',1,'2010-01-01 00:00:00','LIQUIBASE',1,'2010-01-01 00:00:00',NULL),(401,NULL,0,'4773d868-51cb-11ea-9640-479b33305416','1e43a152-f84f-4022-a2c6-0c66c86e9e70',NULL,'shake preroll 1.5g','69d9f3f8-fd88-11e8-814d-afed9526fa74','PREROLL 1.5G',1,'2010-01-01 00:00:00','LIQUIBASE',1,'2010-01-01 00:00:00',NULL),(402,NULL,0,'4773d96c-51cb-11ea-9640-479b33305416','1e43a152-f84f-4022-a2c6-0c66c86e9e70',NULL,'shake preroll 1g','69d9f3f8-fd88-11e8-814d-afed9526fa74','PREROLL 1G',1,'2010-01-01 00:00:00','LIQUIBASE',1,'2010-01-01 00:00:00',NULL),(403,NULL,0,'4773da84-51cb-11ea-9640-479b33305416','1e43a152-f84f-4022-a2c6-0c66c86e9e70',NULL,'shake35','69d9f3f8-fd88-11e8-814d-afed9526fa74','SHAKE 3.5G',1,'2010-01-01 00:00:00','LIQUIBASE',1,'2010-01-01 00:00:00',NULL),(404,NULL,0,'4773dc46-51cb-11ea-9640-479b33305416','1e43a152-f84f-4022-a2c6-0c66c86e9e70',NULL,'d883cb46-0621-11e8-b4e9-02429027d658','69da4aec-fd88-11e8-814d-afed9526fa74','VAPE PEN KIT SAMPLE',1,'2010-01-01 00:00:00','LIQUIBASE',1,'2010-01-01 00:00:00',NULL),(405,NULL,0,'4773dd5e-51cb-11ea-9640-479b33305416','1e43a152-f84f-4022-a2c6-0c66c86e9e70',NULL,'fcc8eed5-0621-11e8-b4e9-02429027d658','69da4aec-fd88-11e8-814d-afed9526fa74','PAX ERA SAMPLE',1,'2010-01-01 00:00:00','LIQUIBASE',1,'2010-01-01 00:00:00',NULL),(406,NULL,0,'4773def8-51cb-11ea-9640-479b33305416','1e43a152-f84f-4022-a2c6-0c66c86e9e70',NULL,'9374f5e3-0621-11e8-b4e9-02429027d658','69da7030-fd88-11e8-814d-afed9526fa74','PAX ERA BATTERY SAMPLE',1,'2010-01-01 00:00:00','LIQUIBASE',1,'2010-01-01 00:00:00',NULL),(407,NULL,0,'4773e268-51cb-11ea-9640-479b33305416','1e43a152-f84f-4022-a2c6-0c66c86e9e70',NULL,'b2a581a8-0621-11e8-b4e9-02429027d658','69da7030-fd88-11e8-814d-afed9526fa74','GEM LINE BATTERY SAMPLE',1,'2010-01-01 00:00:00','LIQUIBASE',1,'2010-01-01 00:00:00',NULL),(408,NULL,0,'4773e4ac-51cb-11ea-9640-479b33305416','1e43a152-f84f-4022-a2c6-0c66c86e9e70',NULL,'a4771e75-0622-11e8-b4e9-02429027d658','69da9470-fd88-11e8-814d-afed9526fa74','SILVER LOTUS SAMPLE',1,'2010-01-01 00:00:00','LIQUIBASE',1,'2010-01-01 00:00:00',NULL),(409,NULL,0,'4773e5c4-51cb-11ea-9640-479b33305416','1e43a152-f84f-4022-a2c6-0c66c86e9e70',NULL,'b54ce528-0622-11e8-b4e9-02429027d658','69da9470-fd88-11e8-814d-afed9526fa74','BLUE DREAM SAMPLE',1,'2010-01-01 00:00:00','LIQUIBASE',1,'2010-01-01 00:00:00',NULL),(410,NULL,0,'4773e75e-51cb-11ea-9640-479b33305416','1e43a152-f84f-4022-a2c6-0c66c86e9e70',NULL,'1ca01284-0622-11e8-b4e9-02429027d658','69daa992-fd88-11e8-814d-afed9526fa74','COOKIE GLUE SAMPLE',1,'2010-01-01 00:00:00','LIQUIBASE',1,'2010-01-01 00:00:00',NULL),(411,NULL,0,'4773e86c-51cb-11ea-9640-479b33305416','1e43a152-f84f-4022-a2c6-0c66c86e9e70',NULL,'299f0a4e-0622-11e8-b4e9-02429027d658','69daa992-fd88-11e8-814d-afed9526fa74','BIRTHDAY CAKE SAMPLE',1,'2010-01-01 00:00:00','LIQUIBASE',1,'2010-01-01 00:00:00',NULL),(412,NULL,0,'4773eae2-51cb-11ea-9640-479b33305416','1e43a152-f84f-4022-a2c6-0c66c86e9e70',NULL,'55635efe-0622-11e8-b4e9-02429027d658','69db3bb4-fd88-11e8-814d-afed9526fa74','CBD BODY BUTTER SAMPLE',1,'2010-01-01 00:00:00','LIQUIBASE',1,'2010-01-01 00:00:00',NULL),(413,NULL,0,'4773ebfa-51cb-11ea-9640-479b33305416','1e43a152-f84f-4022-a2c6-0c66c86e9e70',NULL,'6e387b94-0622-11e8-b4e9-02429027d658','69db3bb4-fd88-11e8-814d-afed9526fa74','CBD PAIN CREAM SAMPLE',1,'2010-01-01 00:00:00','LIQUIBASE',1,'2010-01-01 00:00:00',NULL),(414,NULL,0,'47740d10-51cb-11ea-9640-479b33305416','1e43a152-f84f-4022-a2c6-0c66c86e9e70',NULL,'bdcd0f53-0620-11e8-b4e9-02429027d658','69d8bcd6-fd88-11e8-814d-afed9526fa74','SAMPLE',1,'2010-01-01 00:00:00','LIQUIBASE',1,'2010-01-01 00:00:00',NULL),(415,NULL,0,'477414e0-51cb-11ea-9640-479b33305416','1e43a152-f84f-4022-a2c6-0c66c86e9e70',NULL,'cd43d375-0620-11e8-b4e9-02429027d658','69d8bcd6-fd88-11e8-814d-afed9526fa74','SAMPLE',1,'2010-01-01 00:00:00','LIQUIBASE',1,'2010-01-01 00:00:00',NULL),(416,NULL,0,'47741c74-51cb-11ea-9640-479b33305416','1e43a152-f84f-4022-a2c6-0c66c86e9e70',NULL,'174d6edf-0621-11e8-b4e9-02429027d658','69d911fe-fd88-11e8-814d-afed9526fa74','SAMPLE',1,'2010-01-01 00:00:00','LIQUIBASE',1,'2010-01-01 00:00:00',NULL),(417,NULL,0,'47742264-51cb-11ea-9640-479b33305416','1e43a152-f84f-4022-a2c6-0c66c86e9e70',NULL,'f31db0a4-0620-11e8-b4e9-02429027d658','69d911fe-fd88-11e8-814d-afed9526fa74','SAMPLE',1,'2010-01-01 00:00:00','LIQUIBASE',1,'2010-01-01 00:00:00',NULL),(418,NULL,0,'477427a0-51cb-11ea-9640-479b33305416','1e43a152-f84f-4022-a2c6-0c66c86e9e70',NULL,'d7665662-0623-11e8-b4e9-02429027d658','69d93a9e-fd88-11e8-814d-afed9526fa74','SAMPLE',1,'2010-01-01 00:00:00','LIQUIBASE',1,'2010-01-01 00:00:00',NULL),(419,NULL,0,'477429f8-51cb-11ea-9640-479b33305416','1e43a152-f84f-4022-a2c6-0c66c86e9e70',NULL,'fe20c715-0623-11e8-b4e9-02429027d658','69d93a9e-fd88-11e8-814d-afed9526fa74','SAMPLE',1,'2010-01-01 00:00:00','LIQUIBASE',1,'2010-01-01 00:00:00',NULL),(420,NULL,0,'47742c50-51cb-11ea-9640-479b33305416','1e43a152-f84f-4022-a2c6-0c66c86e9e70',NULL,'653e9730-0621-11e8-b4e9-02429027d658','69d9f7ae-fd88-11e8-814d-afed9526fa74','SAMPLE',1,'2010-01-01 00:00:00','LIQUIBASE',1,'2010-01-01 00:00:00',NULL),(421,NULL,0,'47742fd4-51cb-11ea-9640-479b33305416','1e43a152-f84f-4022-a2c6-0c66c86e9e70',NULL,'6544372d-0621-11e8-b4e9-02429027d658','69d9f7ae-fd88-11e8-814d-afed9526fa74','SAMPLE',1,'2010-01-01 00:00:00','LIQUIBASE',1,'2010-01-01 00:00:00',NULL),(422,NULL,0,'4774360a-51cb-11ea-9640-479b33305416','1e43a152-f84f-4022-a2c6-0c66c86e9e70',NULL,'6549952e-0621-11e8-b4e9-02429027d658','69d9f7ae-fd88-11e8-814d-afed9526fa74','SAMPLE',1,'2010-01-01 00:00:00','LIQUIBASE',1,'2010-01-01 00:00:00',NULL),(423,NULL,0,'47743966-51cb-11ea-9640-479b33305416','1e43a152-f84f-4022-a2c6-0c66c86e9e70',NULL,'654e9171-0621-11e8-b4e9-02429027d658','69d9f7ae-fd88-11e8-814d-afed9526fa74','SAMPLE',1,'2010-01-01 00:00:00','LIQUIBASE',1,'2010-01-01 00:00:00',NULL),(424,NULL,0,'47743b96-51cb-11ea-9640-479b33305416','1e43a152-f84f-4022-a2c6-0c66c86e9e70',NULL,'65539712-0621-11e8-b4e9-02429027d658','69d9f7ae-fd88-11e8-814d-afed9526fa74','SAMPLE',1,'2010-01-01 00:00:00','LIQUIBASE',1,'2010-01-01 00:00:00',NULL),(425,NULL,0,'47743db2-51cb-11ea-9640-479b33305416','1e43a152-f84f-4022-a2c6-0c66c86e9e70',NULL,'65584695-0621-11e8-b4e9-02429027d658','69d9f7ae-fd88-11e8-814d-afed9526fa74','SAMPLE',1,'2010-01-01 00:00:00','LIQUIBASE',1,'2010-01-01 00:00:00',NULL),(426,NULL,0,'4774403c-51cb-11ea-9640-479b33305416','1e43a152-f84f-4022-a2c6-0c66c86e9e70',NULL,'655d9edd-0621-11e8-b4e9-02429027d658','69d9f7ae-fd88-11e8-814d-afed9526fa74','SAMPLE',1,'2010-01-01 00:00:00','LIQUIBASE',1,'2010-01-01 00:00:00',NULL),(427,NULL,0,'4774426c-51cb-11ea-9640-479b33305416','1e43a152-f84f-4022-a2c6-0c66c86e9e70',NULL,'65629d9e-0621-11e8-b4e9-02429027d658','69d9f7ae-fd88-11e8-814d-afed9526fa74','SAMPLE',1,'2010-01-01 00:00:00','LIQUIBASE',1,'2010-01-01 00:00:00',NULL),(428,NULL,0,'47744460-51cb-11ea-9640-479b33305416','1e43a152-f84f-4022-a2c6-0c66c86e9e70',NULL,'6567be28-0621-11e8-b4e9-02429027d658','69d9f7ae-fd88-11e8-814d-afed9526fa74','SAMPLE',1,'2010-01-01 00:00:00','LIQUIBASE',1,'2010-01-01 00:00:00',NULL),(429,NULL,0,'477446ae-51cb-11ea-9640-479b33305416','1e43a152-f84f-4022-a2c6-0c66c86e9e70',NULL,'6571dfad-0621-11e8-b4e9-02429027d658','69d9f7ae-fd88-11e8-814d-afed9526fa74','SAMPLE',1,'2010-01-01 00:00:00','LIQUIBASE',1,'2010-01-01 00:00:00',NULL),(430,NULL,0,'477448e8-51cb-11ea-9640-479b33305416','1e43a152-f84f-4022-a2c6-0c66c86e9e70',NULL,'7b6c346c-0621-11e8-b4e9-02429027d658','69d9f7ae-fd88-11e8-814d-afed9526fa74','SAMPLE',1,'2010-01-01 00:00:00','LIQUIBASE',1,'2010-01-01 00:00:00',NULL),(431,NULL,0,'47744dc0-51cb-11ea-9640-479b33305416','1e43a152-f84f-4022-a2c6-0c66c86e9e70',NULL,'7b71e939-0621-11e8-b4e9-02429027d658','69d9f7ae-fd88-11e8-814d-afed9526fa74','SAMPLE',1,'2010-01-01 00:00:00','LIQUIBASE',1,'2010-01-01 00:00:00',NULL),(432,NULL,0,'477461a2-51cb-11ea-9640-479b33305416','1e43a152-f84f-4022-a2c6-0c66c86e9e70',NULL,'7b76be1f-0621-11e8-b4e9-02429027d658','69d9f7ae-fd88-11e8-814d-afed9526fa74','SAMPLE',1,'2010-01-01 00:00:00','LIQUIBASE',1,'2010-01-01 00:00:00',NULL),(433,NULL,0,'477466de-51cb-11ea-9640-479b33305416','1e43a152-f84f-4022-a2c6-0c66c86e9e70',NULL,'7b7bbca8-0621-11e8-b4e9-02429027d658','69d9f7ae-fd88-11e8-814d-afed9526fa74','SAMPLE',1,'2010-01-01 00:00:00','LIQUIBASE',1,'2010-01-01 00:00:00',NULL),(434,NULL,0,'47746a12-51cb-11ea-9640-479b33305416','1e43a152-f84f-4022-a2c6-0c66c86e9e70',NULL,'7b80bca1-0621-11e8-b4e9-02429027d658','69d9f7ae-fd88-11e8-814d-afed9526fa74','SAMPLE',1,'2010-01-01 00:00:00','LIQUIBASE',1,'2010-01-01 00:00:00',NULL),(435,NULL,0,'47746d00-51cb-11ea-9640-479b33305416','1e43a152-f84f-4022-a2c6-0c66c86e9e70',NULL,'7b858e91-0621-11e8-b4e9-02429027d658','69d9f7ae-fd88-11e8-814d-afed9526fa74','SAMPLE',1,'2010-01-01 00:00:00','LIQUIBASE',1,'2010-01-01 00:00:00',NULL),(436,NULL,0,'47746fee-51cb-11ea-9640-479b33305416','1e43a152-f84f-4022-a2c6-0c66c86e9e70',NULL,'7b8a5289-0621-11e8-b4e9-02429027d658','69d9f7ae-fd88-11e8-814d-afed9526fa74','SAMPLE',1,'2010-01-01 00:00:00','LIQUIBASE',1,'2010-01-01 00:00:00',NULL),(437,NULL,0,'4774728c-51cb-11ea-9640-479b33305416','1e43a152-f84f-4022-a2c6-0c66c86e9e70',NULL,'7b8f0729-0621-11e8-b4e9-02429027d658','69d9f7ae-fd88-11e8-814d-afed9526fa74','SAMPLE',1,'2010-01-01 00:00:00','LIQUIBASE',1,'2010-01-01 00:00:00',NULL),(438,NULL,0,'47747548-51cb-11ea-9640-479b33305416','1e43a152-f84f-4022-a2c6-0c66c86e9e70',NULL,'7b9406c0-0621-11e8-b4e9-02429027d658','69d9f7ae-fd88-11e8-814d-afed9526fa74','SAMPLE',1,'2010-01-01 00:00:00','LIQUIBASE',1,'2010-01-01 00:00:00',NULL),(439,NULL,0,'47747746-51cb-11ea-9640-479b33305416','1e43a152-f84f-4022-a2c6-0c66c86e9e70',NULL,'7ba12daf-0621-11e8-b4e9-02429027d658','69d9f7ae-fd88-11e8-814d-afed9526fa74','SAMPLE',1,'2010-01-01 00:00:00','LIQUIBASE',1,'2010-01-01 00:00:00',NULL),(440,NULL,0,'47747d7c-51cb-11ea-9640-479b33305416','1e43a152-f84f-4022-a2c6-0c66c86e9e70',NULL,'d883cb46-0621-11e8-b4e9-02429027d658','69da4c72-fd88-11e8-814d-afed9526fa74','SAMPLE',1,'2010-01-01 00:00:00','LIQUIBASE',1,'2010-01-01 00:00:00',NULL),(441,NULL,0,'47747ffc-51cb-11ea-9640-479b33305416','1e43a152-f84f-4022-a2c6-0c66c86e9e70',NULL,'fcc8eed5-0621-11e8-b4e9-02429027d658','69da4c72-fd88-11e8-814d-afed9526fa74','SAMPLE',1,'2010-01-01 00:00:00','LIQUIBASE',1,'2010-01-01 00:00:00',NULL),(442,NULL,0,'477483ee-51cb-11ea-9640-479b33305416','1e43a152-f84f-4022-a2c6-0c66c86e9e70',NULL,'9374f5e3-0621-11e8-b4e9-02429027d658','69da71b6-fd88-11e8-814d-afed9526fa74','SAMPLE',1,'2010-01-01 00:00:00','LIQUIBASE',1,'2010-01-01 00:00:00',NULL),(443,NULL,0,'477485ce-51cb-11ea-9640-479b33305416','1e43a152-f84f-4022-a2c6-0c66c86e9e70',NULL,'b2a581a8-0621-11e8-b4e9-02429027d658','69da71b6-fd88-11e8-814d-afed9526fa74','SAMPLE',1,'2010-01-01 00:00:00','LIQUIBASE',1,'2010-01-01 00:00:00',NULL),(444,NULL,0,'47748ab0-51cb-11ea-9640-479b33305416','1e43a152-f84f-4022-a2c6-0c66c86e9e70',NULL,'a4771e75-0622-11e8-b4e9-02429027d658','69da9600-fd88-11e8-814d-afed9526fa74','SAMPLE',1,'2010-01-01 00:00:00','LIQUIBASE',1,'2010-01-01 00:00:00',NULL),(445,NULL,0,'47748d44-51cb-11ea-9640-479b33305416','1e43a152-f84f-4022-a2c6-0c66c86e9e70',NULL,'b54ce528-0622-11e8-b4e9-02429027d658','69da9600-fd88-11e8-814d-afed9526fa74','SAMPLE',1,'2010-01-01 00:00:00','LIQUIBASE',1,'2010-01-01 00:00:00',NULL),(446,NULL,0,'4774900a-51cb-11ea-9640-479b33305416','1e43a152-f84f-4022-a2c6-0c66c86e9e70',NULL,'1ca01284-0622-11e8-b4e9-02429027d658','69daab18-fd88-11e8-814d-afed9526fa74','SAMPLE',1,'2010-01-01 00:00:00','LIQUIBASE',1,'2010-01-01 00:00:00',NULL),(447,NULL,0,'477492ee-51cb-11ea-9640-479b33305416','1e43a152-f84f-4022-a2c6-0c66c86e9e70',NULL,'299f0a4e-0622-11e8-b4e9-02429027d658','69daab18-fd88-11e8-814d-afed9526fa74','SAMPLE',1,'2010-01-01 00:00:00','LIQUIBASE',1,'2010-01-01 00:00:00',NULL),(448,NULL,0,'477497e4-51cb-11ea-9640-479b33305416','1e43a152-f84f-4022-a2c6-0c66c86e9e70',NULL,'55635efe-0622-11e8-b4e9-02429027d658','69db3dbc-fd88-11e8-814d-afed9526fa74','SAMPLE',1,'2010-01-01 00:00:00','LIQUIBASE',1,'2010-01-01 00:00:00',NULL),(449,NULL,0,'477499ce-51cb-11ea-9640-479b33305416','1e43a152-f84f-4022-a2c6-0c66c86e9e70',NULL,'6e387b94-0622-11e8-b4e9-02429027d658','69db3dbc-fd88-11e8-814d-afed9526fa74','SAMPLE',1,'2010-01-01 00:00:00','LIQUIBASE',1,'2010-01-01 00:00:00',NULL),(450,NULL,0,'4774b86e-51cb-11ea-9640-479b33305416','1e43a152-f84f-4022-a2c6-0c66c86e9e70',NULL,'1ca01284-0622-11e8-b4e9-02429027d658','69daa672-fd88-11e8-814d-afed9526fa74','GRAMS',1,'2010-01-01 00:00:00','LIQUIBASE',1,'2010-01-01 00:00:00',NULL),(451,NULL,0,'4774be2c-51cb-11ea-9640-479b33305416','1e43a152-f84f-4022-a2c6-0c66c86e9e70',NULL,'299f0a4e-0622-11e8-b4e9-02429027d658','69daa672-fd88-11e8-814d-afed9526fa74','GRAMS',1,'2010-01-01 00:00:00','LIQUIBASE',1,'2010-01-01 00:00:00',NULL),(452,NULL,0,'4774c386-51cb-11ea-9640-479b33305416','1e43a152-f84f-4022-a2c6-0c66c86e9e70',NULL,'653e9730-0621-11e8-b4e9-02429027d658','69d9eff2-fd88-11e8-814d-afed9526fa74','GRAMS',1,'2010-01-01 00:00:00','LIQUIBASE',1,'2010-01-01 00:00:00',NULL),(453,NULL,0,'4774c692-51cb-11ea-9640-479b33305416','1e43a152-f84f-4022-a2c6-0c66c86e9e70',NULL,'6544372d-0621-11e8-b4e9-02429027d658','69d9eff2-fd88-11e8-814d-afed9526fa74','GRAMS',1,'2010-01-01 00:00:00','LIQUIBASE',1,'2010-01-01 00:00:00',NULL),(454,NULL,0,'4774caac-51cb-11ea-9640-479b33305416','1e43a152-f84f-4022-a2c6-0c66c86e9e70',NULL,'6549952e-0621-11e8-b4e9-02429027d658','69d9eff2-fd88-11e8-814d-afed9526fa74','GRAMS',1,'2010-01-01 00:00:00','LIQUIBASE',1,'2010-01-01 00:00:00',NULL),(455,NULL,0,'4774cd18-51cb-11ea-9640-479b33305416','1e43a152-f84f-4022-a2c6-0c66c86e9e70',NULL,'654e9171-0621-11e8-b4e9-02429027d658','69d9eff2-fd88-11e8-814d-afed9526fa74','GRAMS',1,'2010-01-01 00:00:00','LIQUIBASE',1,'2010-01-01 00:00:00',NULL),(456,NULL,0,'4774cf5c-51cb-11ea-9640-479b33305416','1e43a152-f84f-4022-a2c6-0c66c86e9e70',NULL,'65539712-0621-11e8-b4e9-02429027d658','69d9eff2-fd88-11e8-814d-afed9526fa74','GRAMS',1,'2010-01-01 00:00:00','LIQUIBASE',1,'2010-01-01 00:00:00',NULL),(457,NULL,0,'4774d1b4-51cb-11ea-9640-479b33305416','1e43a152-f84f-4022-a2c6-0c66c86e9e70',NULL,'65584695-0621-11e8-b4e9-02429027d658','69d9eff2-fd88-11e8-814d-afed9526fa74','GRAMS',1,'2010-01-01 00:00:00','LIQUIBASE',1,'2010-01-01 00:00:00',NULL),(458,NULL,0,'4774d3f8-51cb-11ea-9640-479b33305416','1e43a152-f84f-4022-a2c6-0c66c86e9e70',NULL,'655d9edd-0621-11e8-b4e9-02429027d658','69d9eff2-fd88-11e8-814d-afed9526fa74','GRAMS',1,'2010-01-01 00:00:00','LIQUIBASE',1,'2010-01-01 00:00:00',NULL),(459,NULL,0,'4774d632-51cb-11ea-9640-479b33305416','1e43a152-f84f-4022-a2c6-0c66c86e9e70',NULL,'65629d9e-0621-11e8-b4e9-02429027d658','69d9eff2-fd88-11e8-814d-afed9526fa74','GRAMS',1,'2010-01-01 00:00:00','LIQUIBASE',1,'2010-01-01 00:00:00',NULL),(460,NULL,0,'4774d862-51cb-11ea-9640-479b33305416','1e43a152-f84f-4022-a2c6-0c66c86e9e70',NULL,'6567be28-0621-11e8-b4e9-02429027d658','69d9eff2-fd88-11e8-814d-afed9526fa74','GRAMS',1,'2010-01-01 00:00:00','LIQUIBASE',1,'2010-01-01 00:00:00',NULL),(461,NULL,0,'4774da9c-51cb-11ea-9640-479b33305416','1e43a152-f84f-4022-a2c6-0c66c86e9e70',NULL,'6571dfad-0621-11e8-b4e9-02429027d658','69d9eff2-fd88-11e8-814d-afed9526fa74','GRAMS',1,'2010-01-01 00:00:00','LIQUIBASE',1,'2010-01-01 00:00:00',NULL),(462,NULL,0,'4774dcd6-51cb-11ea-9640-479b33305416','1e43a152-f84f-4022-a2c6-0c66c86e9e70',NULL,'7b6c346c-0621-11e8-b4e9-02429027d658','69d9eff2-fd88-11e8-814d-afed9526fa74','GRAMS',1,'2010-01-01 00:00:00','LIQUIBASE',1,'2010-01-01 00:00:00',NULL),(463,NULL,0,'4774f18a-51cb-11ea-9640-479b33305416','1e43a152-f84f-4022-a2c6-0c66c86e9e70',NULL,'7b71e939-0621-11e8-b4e9-02429027d658','69d9eff2-fd88-11e8-814d-afed9526fa74','GRAMS',1,'2010-01-01 00:00:00','LIQUIBASE',1,'2010-01-01 00:00:00',NULL),(464,NULL,0,'4774f518-51cb-11ea-9640-479b33305416','1e43a152-f84f-4022-a2c6-0c66c86e9e70',NULL,'7b76be1f-0621-11e8-b4e9-02429027d658','69d9eff2-fd88-11e8-814d-afed9526fa74','GRAMS',1,'2010-01-01 00:00:00','LIQUIBASE',1,'2010-01-01 00:00:00',NULL),(465,NULL,0,'4774f81a-51cb-11ea-9640-479b33305416','1e43a152-f84f-4022-a2c6-0c66c86e9e70',NULL,'7b7bbca8-0621-11e8-b4e9-02429027d658','69d9eff2-fd88-11e8-814d-afed9526fa74','GRAMS',1,'2010-01-01 00:00:00','LIQUIBASE',1,'2010-01-01 00:00:00',NULL),(466,NULL,0,'4774fb1c-51cb-11ea-9640-479b33305416','1e43a152-f84f-4022-a2c6-0c66c86e9e70',NULL,'7b80bca1-0621-11e8-b4e9-02429027d658','69d9eff2-fd88-11e8-814d-afed9526fa74','GRAMS',1,'2010-01-01 00:00:00','LIQUIBASE',1,'2010-01-01 00:00:00',NULL),(467,NULL,0,'4774fe1e-51cb-11ea-9640-479b33305416','1e43a152-f84f-4022-a2c6-0c66c86e9e70',NULL,'7b858e91-0621-11e8-b4e9-02429027d658','69d9eff2-fd88-11e8-814d-afed9526fa74','GRAMS',1,'2010-01-01 00:00:00','LIQUIBASE',1,'2010-01-01 00:00:00',NULL),(468,NULL,0,'477500f8-51cb-11ea-9640-479b33305416','1e43a152-f84f-4022-a2c6-0c66c86e9e70',NULL,'7b8a5289-0621-11e8-b4e9-02429027d658','69d9eff2-fd88-11e8-814d-afed9526fa74','GRAMS',1,'2010-01-01 00:00:00','LIQUIBASE',1,'2010-01-01 00:00:00',NULL),(469,NULL,0,'477503e6-51cb-11ea-9640-479b33305416','1e43a152-f84f-4022-a2c6-0c66c86e9e70',NULL,'7b8f0729-0621-11e8-b4e9-02429027d658','69d9eff2-fd88-11e8-814d-afed9526fa74','GRAMS',1,'2010-01-01 00:00:00','LIQUIBASE',1,'2010-01-01 00:00:00',NULL),(470,NULL,0,'477506de-51cb-11ea-9640-479b33305416','1e43a152-f84f-4022-a2c6-0c66c86e9e70',NULL,'7b9406c0-0621-11e8-b4e9-02429027d658','69d9eff2-fd88-11e8-814d-afed9526fa74','GRAMS',1,'2010-01-01 00:00:00','LIQUIBASE',1,'2010-01-01 00:00:00',NULL),(471,NULL,0,'477509cc-51cb-11ea-9640-479b33305416','1e43a152-f84f-4022-a2c6-0c66c86e9e70',NULL,'7ba12daf-0621-11e8-b4e9-02429027d658','69d9eff2-fd88-11e8-814d-afed9526fa74','GRAMS',1,'2010-01-01 00:00:00','LIQUIBASE',1,'2010-01-01 00:00:00',NULL),(472,NULL,0,'47750ca6-51cb-11ea-9640-479b33305416','1e43a152-f84f-4022-a2c6-0c66c86e9e70',NULL,'crumb preroll 0.5g','69d9eff2-fd88-11e8-814d-afed9526fa74','GRAMS',1,'2010-01-01 00:00:00','LIQUIBASE',1,'2010-01-01 00:00:00',NULL),(473,NULL,0,'47750f8a-51cb-11ea-9640-479b33305416','1e43a152-f84f-4022-a2c6-0c66c86e9e70',NULL,'crumb preroll 1.5g','69d9eff2-fd88-11e8-814d-afed9526fa74','GRAMS',1,'2010-01-01 00:00:00','LIQUIBASE',1,'2010-01-01 00:00:00',NULL),(474,NULL,0,'4775126e-51cb-11ea-9640-479b33305416','1e43a152-f84f-4022-a2c6-0c66c86e9e70',NULL,'crumb preroll 1g','69d9eff2-fd88-11e8-814d-afed9526fa74','GRAMS',1,'2010-01-01 00:00:00','LIQUIBASE',1,'2010-01-01 00:00:00',NULL),(475,NULL,0,'4775155c-51cb-11ea-9640-479b33305416','1e43a152-f84f-4022-a2c6-0c66c86e9e70',NULL,'crumb35','69d9eff2-fd88-11e8-814d-afed9526fa74','GRAMS',1,'2010-01-01 00:00:00','LIQUIBASE',1,'2010-01-01 00:00:00',NULL),(476,NULL,0,'47751840-51cb-11ea-9640-479b33305416','1e43a152-f84f-4022-a2c6-0c66c86e9e70',NULL,'shake preroll 0.5g','69d9eff2-fd88-11e8-814d-afed9526fa74','GRAMS',1,'2010-01-01 00:00:00','LIQUIBASE',1,'2010-01-01 00:00:00',NULL),(477,NULL,0,'47751b1a-51cb-11ea-9640-479b33305416','1e43a152-f84f-4022-a2c6-0c66c86e9e70',NULL,'shake preroll 1.5g','69d9eff2-fd88-11e8-814d-afed9526fa74','GRAMS',1,'2010-01-01 00:00:00','LIQUIBASE',1,'2010-01-01 00:00:00',NULL),(478,NULL,0,'47751dfe-51cb-11ea-9640-479b33305416','1e43a152-f84f-4022-a2c6-0c66c86e9e70',NULL,'shake preroll 1g','69d9eff2-fd88-11e8-814d-afed9526fa74','GRAMS',1,'2010-01-01 00:00:00','LIQUIBASE',1,'2010-01-01 00:00:00',NULL),(479,NULL,0,'477520e2-51cb-11ea-9640-479b33305416','1e43a152-f84f-4022-a2c6-0c66c86e9e70',NULL,'shake35','69d9eff2-fd88-11e8-814d-afed9526fa74','GRAMS',1,'2010-01-01 00:00:00','LIQUIBASE',1,'2010-01-01 00:00:00',NULL),(480,NULL,0,'47753ef6-51cb-11ea-9640-479b33305416','1e43a152-f84f-4022-a2c6-0c66c86e9e70',NULL,'bdcd0f53-0620-11e8-b4e9-02429027d658','69d8b7f4-fd88-11e8-814d-afed9526fa74','GRAMS',1,'2010-01-01 00:00:00','LIQUIBASE',1,'2010-01-01 00:00:00',NULL),(481,NULL,0,'477543e2-51cb-11ea-9640-479b33305416','1e43a152-f84f-4022-a2c6-0c66c86e9e70',NULL,'cd43d375-0620-11e8-b4e9-02429027d658','69d8b7f4-fd88-11e8-814d-afed9526fa74','GRAMS',1,'2010-01-01 00:00:00','LIQUIBASE',1,'2010-01-01 00:00:00',NULL),(482,NULL,0,'47754702-51cb-11ea-9640-479b33305416','1e43a152-f84f-4022-a2c6-0c66c86e9e70',NULL,'d7665662-0623-11e8-b4e9-02429027d658','69d935c6-fd88-11e8-814d-afed9526fa74','GRAMS',1,'2010-01-01 00:00:00','LIQUIBASE',1,'2010-01-01 00:00:00',NULL),(483,NULL,0,'47754b76-51cb-11ea-9640-479b33305416','1e43a152-f84f-4022-a2c6-0c66c86e9e70',NULL,'fe20c715-0623-11e8-b4e9-02429027d658','69d935c6-fd88-11e8-814d-afed9526fa74','GRAMS',1,'2010-01-01 00:00:00','LIQUIBASE',1,'2010-01-01 00:00:00',NULL),(484,NULL,0,'47757682-51cb-11ea-9640-479b33305416','1e43a152-f84f-4022-a2c6-0c66c86e9e70',NULL,'653e9730-0621-11e8-b4e9-02429027d658','69d9fede-fd88-11e8-814d-afed9526fa74','HYBRID',1,'2010-01-01 00:00:00','LIQUIBASE',1,'2010-01-01 00:00:00',NULL),(485,NULL,0,'47757998-51cb-11ea-9640-479b33305416','1e43a152-f84f-4022-a2c6-0c66c86e9e70',NULL,'6544372d-0621-11e8-b4e9-02429027d658','69d9fede-fd88-11e8-814d-afed9526fa74','HYBRID',1,'2010-01-01 00:00:00','LIQUIBASE',1,'2010-01-01 00:00:00',NULL),(486,NULL,0,'47757be6-51cb-11ea-9640-479b33305416','1e43a152-f84f-4022-a2c6-0c66c86e9e70',NULL,'6549952e-0621-11e8-b4e9-02429027d658','69d9fede-fd88-11e8-814d-afed9526fa74','HYBRID',1,'2010-01-01 00:00:00','LIQUIBASE',1,'2010-01-01 00:00:00',NULL),(487,NULL,0,'47757e8e-51cb-11ea-9640-479b33305416','1e43a152-f84f-4022-a2c6-0c66c86e9e70',NULL,'654e9171-0621-11e8-b4e9-02429027d658','69d9fede-fd88-11e8-814d-afed9526fa74','HYBRID',1,'2010-01-01 00:00:00','LIQUIBASE',1,'2010-01-01 00:00:00',NULL),(488,NULL,0,'477580a0-51cb-11ea-9640-479b33305416','1e43a152-f84f-4022-a2c6-0c66c86e9e70',NULL,'65539712-0621-11e8-b4e9-02429027d658','69d9fede-fd88-11e8-814d-afed9526fa74','HYBRID',1,'2010-01-01 00:00:00','LIQUIBASE',1,'2010-01-01 00:00:00',NULL),(489,NULL,0,'47758280-51cb-11ea-9640-479b33305416','1e43a152-f84f-4022-a2c6-0c66c86e9e70',NULL,'65584695-0621-11e8-b4e9-02429027d658','69d9fede-fd88-11e8-814d-afed9526fa74','HYBRID',1,'2010-01-01 00:00:00','LIQUIBASE',1,'2010-01-01 00:00:00',NULL),(490,NULL,0,'4775847e-51cb-11ea-9640-479b33305416','1e43a152-f84f-4022-a2c6-0c66c86e9e70',NULL,'655d9edd-0621-11e8-b4e9-02429027d658','69d9fede-fd88-11e8-814d-afed9526fa74','HYBRID',1,'2010-01-01 00:00:00','LIQUIBASE',1,'2010-01-01 00:00:00',NULL),(491,NULL,0,'47758672-51cb-11ea-9640-479b33305416','1e43a152-f84f-4022-a2c6-0c66c86e9e70',NULL,'65629d9e-0621-11e8-b4e9-02429027d658','69d9fede-fd88-11e8-814d-afed9526fa74','HYBRID',1,'2010-01-01 00:00:00','LIQUIBASE',1,'2010-01-01 00:00:00',NULL),(492,NULL,0,'4775883e-51cb-11ea-9640-479b33305416','1e43a152-f84f-4022-a2c6-0c66c86e9e70',NULL,'6567be28-0621-11e8-b4e9-02429027d658','69d9fede-fd88-11e8-814d-afed9526fa74','HYBRID',1,'2010-01-01 00:00:00','LIQUIBASE',1,'2010-01-01 00:00:00',NULL),(493,NULL,0,'47758a00-51cb-11ea-9640-479b33305416','1e43a152-f84f-4022-a2c6-0c66c86e9e70',NULL,'6571dfad-0621-11e8-b4e9-02429027d658','69d9fede-fd88-11e8-814d-afed9526fa74','HYBRID',1,'2010-01-01 00:00:00','LIQUIBASE',1,'2010-01-01 00:00:00',NULL),(494,NULL,0,'47758c30-51cb-11ea-9640-479b33305416','1e43a152-f84f-4022-a2c6-0c66c86e9e70',NULL,'7b6c346c-0621-11e8-b4e9-02429027d658','69d9fede-fd88-11e8-814d-afed9526fa74','HYBRID',1,'2010-01-01 00:00:00','LIQUIBASE',1,'2010-01-01 00:00:00',NULL),(495,NULL,0,'47758e4c-51cb-11ea-9640-479b33305416','1e43a152-f84f-4022-a2c6-0c66c86e9e70',NULL,'7b71e939-0621-11e8-b4e9-02429027d658','69d9fede-fd88-11e8-814d-afed9526fa74','HYBRID',1,'2010-01-01 00:00:00','LIQUIBASE',1,'2010-01-01 00:00:00',NULL),(496,NULL,0,'47758fd2-51cb-11ea-9640-479b33305416','1e43a152-f84f-4022-a2c6-0c66c86e9e70',NULL,'7b76be1f-0621-11e8-b4e9-02429027d658','69d9fede-fd88-11e8-814d-afed9526fa74','HYBRID',1,'2010-01-01 00:00:00','LIQUIBASE',1,'2010-01-01 00:00:00',NULL),(497,NULL,0,'47759248-51cb-11ea-9640-479b33305416','1e43a152-f84f-4022-a2c6-0c66c86e9e70',NULL,'7b7bbca8-0621-11e8-b4e9-02429027d658','69d9fede-fd88-11e8-814d-afed9526fa74','HYBRID',1,'2010-01-01 00:00:00','LIQUIBASE',1,'2010-01-01 00:00:00',NULL),(498,NULL,0,'4775941e-51cb-11ea-9640-479b33305416','1e43a152-f84f-4022-a2c6-0c66c86e9e70',NULL,'7b80bca1-0621-11e8-b4e9-02429027d658','69d9fede-fd88-11e8-814d-afed9526fa74','HYBRID',1,'2010-01-01 00:00:00','LIQUIBASE',1,'2010-01-01 00:00:00',NULL),(499,NULL,0,'47759ab8-51cb-11ea-9640-479b33305416','1e43a152-f84f-4022-a2c6-0c66c86e9e70',NULL,'7b858e91-0621-11e8-b4e9-02429027d658','69d9fede-fd88-11e8-814d-afed9526fa74','HYBRID',1,'2010-01-01 00:00:00','LIQUIBASE',1,'2010-01-01 00:00:00',NULL),(500,NULL,0,'47759cd4-51cb-11ea-9640-479b33305416','1e43a152-f84f-4022-a2c6-0c66c86e9e70',NULL,'7b8a5289-0621-11e8-b4e9-02429027d658','69d9fede-fd88-11e8-814d-afed9526fa74','HYBRID',1,'2010-01-01 00:00:00','LIQUIBASE',1,'2010-01-01 00:00:00',NULL),(501,NULL,0,'47759ebe-51cb-11ea-9640-479b33305416','1e43a152-f84f-4022-a2c6-0c66c86e9e70',NULL,'7b8f0729-0621-11e8-b4e9-02429027d658','69d9fede-fd88-11e8-814d-afed9526fa74','HYBRID',1,'2010-01-01 00:00:00','LIQUIBASE',1,'2010-01-01 00:00:00',NULL),(502,NULL,0,'4775a0f8-51cb-11ea-9640-479b33305416','1e43a152-f84f-4022-a2c6-0c66c86e9e70',NULL,'7b9406c0-0621-11e8-b4e9-02429027d658','69d9fede-fd88-11e8-814d-afed9526fa74','HYBRID',1,'2010-01-01 00:00:00','LIQUIBASE',1,'2010-01-01 00:00:00',NULL),(503,NULL,0,'4775a288-51cb-11ea-9640-479b33305416','1e43a152-f84f-4022-a2c6-0c66c86e9e70',NULL,'7ba12daf-0621-11e8-b4e9-02429027d658','69d9fede-fd88-11e8-814d-afed9526fa74','HYBRID',1,'2010-01-01 00:00:00','LIQUIBASE',1,'2010-01-01 00:00:00',NULL),(504,NULL,0,'4775ab20-51cb-11ea-9640-479b33305416','1e43a152-f84f-4022-a2c6-0c66c86e9e70',NULL,'a4771e75-0622-11e8-b4e9-02429027d658','69da9916-fd88-11e8-814d-afed9526fa74','HYBRID',1,'2010-01-01 00:00:00','LIQUIBASE',1,'2010-01-01 00:00:00',NULL),(505,NULL,0,'4775ae0e-51cb-11ea-9640-479b33305416','1e43a152-f84f-4022-a2c6-0c66c86e9e70',NULL,'b54ce528-0622-11e8-b4e9-02429027d658','69da9916-fd88-11e8-814d-afed9526fa74','HYBRID',1,'2010-01-01 00:00:00','LIQUIBASE',1,'2010-01-01 00:00:00',NULL),(506,NULL,0,'4775f7d8-51cb-11ea-9640-479b33305416','1e43a152-f84f-4022-a2c6-0c66c86e9e70',NULL,'d7665662-0623-11e8-b4e9-02429027d658','69d934d6-fd88-11e8-814d-afed9526fa74','HASH ROSIN',1,'2010-01-01 00:00:00','LIQUIBASE',1,'2010-01-01 00:00:00',NULL),(507,NULL,0,'4775fb66-51cb-11ea-9640-479b33305416','1e43a152-f84f-4022-a2c6-0c66c86e9e70',NULL,'fe20c715-0623-11e8-b4e9-02429027d658','69d934d6-fd88-11e8-814d-afed9526fa74','LIVE ROSIN',1,'2010-01-01 00:00:00','LIQUIBASE',1,'2010-01-01 00:00:00',NULL),(508,NULL,0,'4775feea-51cb-11ea-9640-479b33305416','1e43a152-f84f-4022-a2c6-0c66c86e9e70',NULL,'174d6edf-0621-11e8-b4e9-02429027d658','69d90c7c-fd88-11e8-814d-afed9526fa74','CHOCOLATE',1,'2010-01-01 00:00:00','LIQUIBASE',1,'2010-01-01 00:00:00',NULL),(509,NULL,0,'47760ff2-51cb-11ea-9640-479b33305416','1e43a152-f84f-4022-a2c6-0c66c86e9e70',NULL,'f31db0a4-0620-11e8-b4e9-02429027d658','69d90c7c-fd88-11e8-814d-afed9526fa74','CHOCOLATE',1,'2010-01-01 00:00:00','LIQUIBASE',1,'2010-01-01 00:00:00',NULL),(510,NULL,0,'47763946-51cb-11ea-9640-479b33305416','1e43a152-f84f-4022-a2c6-0c66c86e9e70',NULL,'1ca01284-0622-11e8-b4e9-02429027d658','69daa582-fd88-11e8-814d-afed9526fa74','FLOWER',1,'2010-01-01 00:00:00','LIQUIBASE',1,'2010-01-01 00:00:00',NULL),(511,NULL,0,'47763d1a-51cb-11ea-9640-479b33305416','1e43a152-f84f-4022-a2c6-0c66c86e9e70',NULL,'299f0a4e-0622-11e8-b4e9-02429027d658','69daa582-fd88-11e8-814d-afed9526fa74','FLOWER',1,'2010-01-01 00:00:00','LIQUIBASE',1,'2010-01-01 00:00:00',NULL),(512,NULL,0,'477652dc-51cb-11ea-9640-479b33305416','1e43a152-f84f-4022-a2c6-0c66c86e9e70',NULL,'653e9730-0621-11e8-b4e9-02429027d658','69d9ed86-fd88-11e8-814d-afed9526fa74','PRE-PACK',1,'2010-01-01 00:00:00','LIQUIBASE',1,'2010-01-01 00:00:00',NULL),(513,NULL,0,'47765566-51cb-11ea-9640-479b33305416','1e43a152-f84f-4022-a2c6-0c66c86e9e70',NULL,'6544372d-0621-11e8-b4e9-02429027d658','69d9ed86-fd88-11e8-814d-afed9526fa74','PRE-PACK',1,'2010-01-01 00:00:00','LIQUIBASE',1,'2010-01-01 00:00:00',NULL),(514,NULL,0,'477657dc-51cb-11ea-9640-479b33305416','1e43a152-f84f-4022-a2c6-0c66c86e9e70',NULL,'6549952e-0621-11e8-b4e9-02429027d658','69d9ed86-fd88-11e8-814d-afed9526fa74','PRE-PACK',1,'2010-01-01 00:00:00','LIQUIBASE',1,'2010-01-01 00:00:00',NULL),(515,NULL,0,'477659ee-51cb-11ea-9640-479b33305416','1e43a152-f84f-4022-a2c6-0c66c86e9e70',NULL,'654e9171-0621-11e8-b4e9-02429027d658','69d9ed86-fd88-11e8-814d-afed9526fa74','PRE-PACK',1,'2010-01-01 00:00:00','LIQUIBASE',1,'2010-01-01 00:00:00',NULL),(516,NULL,0,'47765bf6-51cb-11ea-9640-479b33305416','1e43a152-f84f-4022-a2c6-0c66c86e9e70',NULL,'65539712-0621-11e8-b4e9-02429027d658','69d9ed86-fd88-11e8-814d-afed9526fa74','PRE-PACK',1,'2010-01-01 00:00:00','LIQUIBASE',1,'2010-01-01 00:00:00',NULL),(517,NULL,0,'47765e08-51cb-11ea-9640-479b33305416','1e43a152-f84f-4022-a2c6-0c66c86e9e70',NULL,'65584695-0621-11e8-b4e9-02429027d658','69d9ed86-fd88-11e8-814d-afed9526fa74','PRE-PACK',1,'2010-01-01 00:00:00','LIQUIBASE',1,'2010-01-01 00:00:00',NULL),(518,NULL,0,'47765ffc-51cb-11ea-9640-479b33305416','1e43a152-f84f-4022-a2c6-0c66c86e9e70',NULL,'655d9edd-0621-11e8-b4e9-02429027d658','69d9ed86-fd88-11e8-814d-afed9526fa74','PRE-PACK',1,'2010-01-01 00:00:00','LIQUIBASE',1,'2010-01-01 00:00:00',NULL),(519,NULL,0,'4776622c-51cb-11ea-9640-479b33305416','1e43a152-f84f-4022-a2c6-0c66c86e9e70',NULL,'65629d9e-0621-11e8-b4e9-02429027d658','69d9ed86-fd88-11e8-814d-afed9526fa74','PRE-PACK',1,'2010-01-01 00:00:00','LIQUIBASE',1,'2010-01-01 00:00:00',NULL),(520,NULL,0,'4776642a-51cb-11ea-9640-479b33305416','1e43a152-f84f-4022-a2c6-0c66c86e9e70',NULL,'6567be28-0621-11e8-b4e9-02429027d658','69d9ed86-fd88-11e8-814d-afed9526fa74','PRE-PACK',1,'2010-01-01 00:00:00','LIQUIBASE',1,'2010-01-01 00:00:00',NULL),(521,NULL,0,'4776661e-51cb-11ea-9640-479b33305416','1e43a152-f84f-4022-a2c6-0c66c86e9e70',NULL,'6571dfad-0621-11e8-b4e9-02429027d658','69d9ed86-fd88-11e8-814d-afed9526fa74','PRE-PACK',1,'2010-01-01 00:00:00','LIQUIBASE',1,'2010-01-01 00:00:00',NULL),(522,NULL,0,'47766812-51cb-11ea-9640-479b33305416','1e43a152-f84f-4022-a2c6-0c66c86e9e70',NULL,'7b6c346c-0621-11e8-b4e9-02429027d658','69d9ed86-fd88-11e8-814d-afed9526fa74','PRE-PACK',1,'2010-01-01 00:00:00','LIQUIBASE',1,'2010-01-01 00:00:00',NULL),(523,NULL,0,'477669fc-51cb-11ea-9640-479b33305416','1e43a152-f84f-4022-a2c6-0c66c86e9e70',NULL,'7b71e939-0621-11e8-b4e9-02429027d658','69d9ed86-fd88-11e8-814d-afed9526fa74','PRE-PACK',1,'2010-01-01 00:00:00','LIQUIBASE',1,'2010-01-01 00:00:00',NULL),(524,NULL,0,'47766be6-51cb-11ea-9640-479b33305416','1e43a152-f84f-4022-a2c6-0c66c86e9e70',NULL,'7b76be1f-0621-11e8-b4e9-02429027d658','69d9ed86-fd88-11e8-814d-afed9526fa74','PRE-PACK',1,'2010-01-01 00:00:00','LIQUIBASE',1,'2010-01-01 00:00:00',NULL),(525,NULL,0,'47766e02-51cb-11ea-9640-479b33305416','1e43a152-f84f-4022-a2c6-0c66c86e9e70',NULL,'7b7bbca8-0621-11e8-b4e9-02429027d658','69d9ed86-fd88-11e8-814d-afed9526fa74','PRE-PACK',1,'2010-01-01 00:00:00','LIQUIBASE',1,'2010-01-01 00:00:00',NULL),(526,NULL,0,'47766ff6-51cb-11ea-9640-479b33305416','1e43a152-f84f-4022-a2c6-0c66c86e9e70',NULL,'7b80bca1-0621-11e8-b4e9-02429027d658','69d9ed86-fd88-11e8-814d-afed9526fa74','PRE-PACK',1,'2010-01-01 00:00:00','LIQUIBASE',1,'2010-01-01 00:00:00',NULL),(527,NULL,0,'477671ea-51cb-11ea-9640-479b33305416','1e43a152-f84f-4022-a2c6-0c66c86e9e70',NULL,'7b858e91-0621-11e8-b4e9-02429027d658','69d9ed86-fd88-11e8-814d-afed9526fa74','PRE-PACK',1,'2010-01-01 00:00:00','LIQUIBASE',1,'2010-01-01 00:00:00',NULL),(528,NULL,0,'477684c8-51cb-11ea-9640-479b33305416','1e43a152-f84f-4022-a2c6-0c66c86e9e70',NULL,'7b8a5289-0621-11e8-b4e9-02429027d658','69d9ed86-fd88-11e8-814d-afed9526fa74','PRE-PACK',1,'2010-01-01 00:00:00','LIQUIBASE',1,'2010-01-01 00:00:00',NULL),(529,NULL,0,'477687a2-51cb-11ea-9640-479b33305416','1e43a152-f84f-4022-a2c6-0c66c86e9e70',NULL,'7b8f0729-0621-11e8-b4e9-02429027d658','69d9ed86-fd88-11e8-814d-afed9526fa74','PRE-PACK',1,'2010-01-01 00:00:00','LIQUIBASE',1,'2010-01-01 00:00:00',NULL),(530,NULL,0,'47768a0e-51cb-11ea-9640-479b33305416','1e43a152-f84f-4022-a2c6-0c66c86e9e70',NULL,'7b9406c0-0621-11e8-b4e9-02429027d658','69d9ed86-fd88-11e8-814d-afed9526fa74','PRE-PACK',1,'2010-01-01 00:00:00','LIQUIBASE',1,'2010-01-01 00:00:00',NULL),(531,NULL,0,'47768cb6-51cb-11ea-9640-479b33305416','1e43a152-f84f-4022-a2c6-0c66c86e9e70',NULL,'7ba12daf-0621-11e8-b4e9-02429027d658','69d9ed86-fd88-11e8-814d-afed9526fa74','PRE-PACK',1,'2010-01-01 00:00:00','LIQUIBASE',1,'2010-01-01 00:00:00',NULL),(532,NULL,0,'47768f86-51cb-11ea-9640-479b33305416','1e43a152-f84f-4022-a2c6-0c66c86e9e70',NULL,'crumb preroll 0.5g','69d9ed86-fd88-11e8-814d-afed9526fa74','PRE-PACK',1,'2010-01-01 00:00:00','LIQUIBASE',1,'2010-01-01 00:00:00',NULL),(533,NULL,0,'47769288-51cb-11ea-9640-479b33305416','1e43a152-f84f-4022-a2c6-0c66c86e9e70',NULL,'crumb preroll 1.5g','69d9ed86-fd88-11e8-814d-afed9526fa74','PRE-PACK',1,'2010-01-01 00:00:00','LIQUIBASE',1,'2010-01-01 00:00:00',NULL),(534,NULL,0,'477694d6-51cb-11ea-9640-479b33305416','1e43a152-f84f-4022-a2c6-0c66c86e9e70',NULL,'crumb preroll 1g','69d9ed86-fd88-11e8-814d-afed9526fa74','PRE-PACK',1,'2010-01-01 00:00:00','LIQUIBASE',1,'2010-01-01 00:00:00',NULL),(535,NULL,0,'4776971a-51cb-11ea-9640-479b33305416','1e43a152-f84f-4022-a2c6-0c66c86e9e70',NULL,'crumb35','69d9ed86-fd88-11e8-814d-afed9526fa74','PRE-PACK',1,'2010-01-01 00:00:00','LIQUIBASE',1,'2010-01-01 00:00:00',NULL),(536,NULL,0,'4776994a-51cb-11ea-9640-479b33305416','1e43a152-f84f-4022-a2c6-0c66c86e9e70',NULL,'shake preroll 0.5g','69d9ed86-fd88-11e8-814d-afed9526fa74','PRE-PACK',1,'2010-01-01 00:00:00','LIQUIBASE',1,'2010-01-01 00:00:00',NULL),(537,NULL,0,'47769bc0-51cb-11ea-9640-479b33305416','1e43a152-f84f-4022-a2c6-0c66c86e9e70',NULL,'shake preroll 1.5g','69d9ed86-fd88-11e8-814d-afed9526fa74','PRE-PACK',1,'2010-01-01 00:00:00','LIQUIBASE',1,'2010-01-01 00:00:00',NULL),(538,NULL,0,'47769df0-51cb-11ea-9640-479b33305416','1e43a152-f84f-4022-a2c6-0c66c86e9e70',NULL,'shake preroll 1g','69d9ed86-fd88-11e8-814d-afed9526fa74','PRE-PACK',1,'2010-01-01 00:00:00','LIQUIBASE',1,'2010-01-01 00:00:00',NULL),(539,NULL,0,'4776a020-51cb-11ea-9640-479b33305416','1e43a152-f84f-4022-a2c6-0c66c86e9e70',NULL,'shake35','69d9ed86-fd88-11e8-814d-afed9526fa74','PRE-PACK',1,'2010-01-01 00:00:00','LIQUIBASE',1,'2010-01-01 00:00:00',NULL),(540,NULL,0,'4776deaa-51cb-11ea-9640-479b33305416','1e43a152-f84f-4022-a2c6-0c66c86e9e70',NULL,'bdcd0f53-0620-11e8-b4e9-02429027d658','69d8bd9e-fd88-11e8-814d-afed9526fa74','1',1,'2010-01-01 00:00:00','LIQUIBASE',1,'2010-01-01 00:00:00',NULL),(541,NULL,0,'4777130c-51cb-11ea-9640-479b33305416','1e43a152-f84f-4022-a2c6-0c66c86e9e70',NULL,'cd43d375-0620-11e8-b4e9-02429027d658','69d8bd9e-fd88-11e8-814d-afed9526fa74','.5',1,'2010-01-01 00:00:00','LIQUIBASE',1,'2010-01-01 00:00:00',NULL),(542,NULL,0,'47771f78-51cb-11ea-9640-479b33305416','1e43a152-f84f-4022-a2c6-0c66c86e9e70',NULL,'653e9730-0621-11e8-b4e9-02429027d658','69d9f8c6-fd88-11e8-814d-afed9526fa74','3.5',1,'2010-01-01 00:00:00','LIQUIBASE',1,'2010-01-01 00:00:00',NULL),(543,NULL,0,'477725f4-51cb-11ea-9640-479b33305416','1e43a152-f84f-4022-a2c6-0c66c86e9e70',NULL,'6544372d-0621-11e8-b4e9-02429027d658','69d9f8c6-fd88-11e8-814d-afed9526fa74','3.5',1,'2010-01-01 00:00:00','LIQUIBASE',1,'2010-01-01 00:00:00',NULL),(544,NULL,0,'47772b62-51cb-11ea-9640-479b33305416','1e43a152-f84f-4022-a2c6-0c66c86e9e70',NULL,'6549952e-0621-11e8-b4e9-02429027d658','69d9f8c6-fd88-11e8-814d-afed9526fa74','0.5',1,'2010-01-01 00:00:00','LIQUIBASE',1,'2010-01-01 00:00:00',NULL),(545,NULL,0,'477730b2-51cb-11ea-9640-479b33305416','1e43a152-f84f-4022-a2c6-0c66c86e9e70',NULL,'654e9171-0621-11e8-b4e9-02429027d658','69d9f8c6-fd88-11e8-814d-afed9526fa74','1',1,'2010-01-01 00:00:00','LIQUIBASE',1,'2010-01-01 00:00:00',NULL),(546,NULL,0,'477735bc-51cb-11ea-9640-479b33305416','1e43a152-f84f-4022-a2c6-0c66c86e9e70',NULL,'65539712-0621-11e8-b4e9-02429027d658','69d9f8c6-fd88-11e8-814d-afed9526fa74','1.5',1,'2010-01-01 00:00:00','LIQUIBASE',1,'2010-01-01 00:00:00',NULL),(547,NULL,0,'47773a6c-51cb-11ea-9640-479b33305416','1e43a152-f84f-4022-a2c6-0c66c86e9e70',NULL,'65584695-0621-11e8-b4e9-02429027d658','69d9f8c6-fd88-11e8-814d-afed9526fa74','28',1,'2010-01-01 00:00:00','LIQUIBASE',1,'2010-01-01 00:00:00',NULL),(548,NULL,0,'47773f30-51cb-11ea-9640-479b33305416','1e43a152-f84f-4022-a2c6-0c66c86e9e70',NULL,'655d9edd-0621-11e8-b4e9-02429027d658','69d9f8c6-fd88-11e8-814d-afed9526fa74','14',1,'2010-01-01 00:00:00','LIQUIBASE',1,'2010-01-01 00:00:00',NULL),(549,NULL,0,'47774638-51cb-11ea-9640-479b33305416','1e43a152-f84f-4022-a2c6-0c66c86e9e70',NULL,'65629d9e-0621-11e8-b4e9-02429027d658','69d9f8c6-fd88-11e8-814d-afed9526fa74','7',1,'2010-01-01 00:00:00','LIQUIBASE',1,'2010-01-01 00:00:00',NULL),(550,NULL,0,'47774b88-51cb-11ea-9640-479b33305416','1e43a152-f84f-4022-a2c6-0c66c86e9e70',NULL,'6567be28-0621-11e8-b4e9-02429027d658','69d9f8c6-fd88-11e8-814d-afed9526fa74','3.5',1,'2010-01-01 00:00:00','LIQUIBASE',1,'2010-01-01 00:00:00',NULL),(551,NULL,0,'4777502e-51cb-11ea-9640-479b33305416','1e43a152-f84f-4022-a2c6-0c66c86e9e70',NULL,'6571dfad-0621-11e8-b4e9-02429027d658','69d9f8c6-fd88-11e8-814d-afed9526fa74','1',1,'2010-01-01 00:00:00','LIQUIBASE',1,'2010-01-01 00:00:00',NULL),(552,NULL,0,'4777545c-51cb-11ea-9640-479b33305416','1e43a152-f84f-4022-a2c6-0c66c86e9e70',NULL,'7b6c346c-0621-11e8-b4e9-02429027d658','69d9f8c6-fd88-11e8-814d-afed9526fa74','3.5',1,'2010-01-01 00:00:00','LIQUIBASE',1,'2010-01-01 00:00:00',NULL),(553,NULL,0,'47775920-51cb-11ea-9640-479b33305416','1e43a152-f84f-4022-a2c6-0c66c86e9e70',NULL,'7b71e939-0621-11e8-b4e9-02429027d658','69d9f8c6-fd88-11e8-814d-afed9526fa74','3.5',1,'2010-01-01 00:00:00','LIQUIBASE',1,'2010-01-01 00:00:00',NULL),(554,NULL,0,'47775d9e-51cb-11ea-9640-479b33305416','1e43a152-f84f-4022-a2c6-0c66c86e9e70',NULL,'7b76be1f-0621-11e8-b4e9-02429027d658','69d9f8c6-fd88-11e8-814d-afed9526fa74','0.5',1,'2010-01-01 00:00:00','LIQUIBASE',1,'2010-01-01 00:00:00',NULL),(555,NULL,0,'477761fe-51cb-11ea-9640-479b33305416','1e43a152-f84f-4022-a2c6-0c66c86e9e70',NULL,'7b7bbca8-0621-11e8-b4e9-02429027d658','69d9f8c6-fd88-11e8-814d-afed9526fa74','1',1,'2010-01-01 00:00:00','LIQUIBASE',1,'2010-01-01 00:00:00',NULL),(556,NULL,0,'4777662c-51cb-11ea-9640-479b33305416','1e43a152-f84f-4022-a2c6-0c66c86e9e70',NULL,'7b80bca1-0621-11e8-b4e9-02429027d658','69d9f8c6-fd88-11e8-814d-afed9526fa74','1.5',1,'2010-01-01 00:00:00','LIQUIBASE',1,'2010-01-01 00:00:00',NULL),(557,NULL,0,'47776aaa-51cb-11ea-9640-479b33305416','1e43a152-f84f-4022-a2c6-0c66c86e9e70',NULL,'7b858e91-0621-11e8-b4e9-02429027d658','69d9f8c6-fd88-11e8-814d-afed9526fa74','28',1,'2010-01-01 00:00:00','LIQUIBASE',1,'2010-01-01 00:00:00',NULL),(558,NULL,0,'47776ed8-51cb-11ea-9640-479b33305416','1e43a152-f84f-4022-a2c6-0c66c86e9e70',NULL,'7b8a5289-0621-11e8-b4e9-02429027d658','69d9f8c6-fd88-11e8-814d-afed9526fa74','14',1,'2010-01-01 00:00:00','LIQUIBASE',1,'2010-01-01 00:00:00',NULL),(559,NULL,0,'47777356-51cb-11ea-9640-479b33305416','1e43a152-f84f-4022-a2c6-0c66c86e9e70',NULL,'7b8f0729-0621-11e8-b4e9-02429027d658','69d9f8c6-fd88-11e8-814d-afed9526fa74','7',1,'2010-01-01 00:00:00','LIQUIBASE',1,'2010-01-01 00:00:00',NULL),(560,NULL,0,'4777777a-51cb-11ea-9640-479b33305416','1e43a152-f84f-4022-a2c6-0c66c86e9e70',NULL,'7b9406c0-0621-11e8-b4e9-02429027d658','69d9f8c6-fd88-11e8-814d-afed9526fa74','3.5',1,'2010-01-01 00:00:00','LIQUIBASE',1,'2010-01-01 00:00:00',NULL),(561,NULL,0,'47777bbc-51cb-11ea-9640-479b33305416','1e43a152-f84f-4022-a2c6-0c66c86e9e70',NULL,'7ba12daf-0621-11e8-b4e9-02429027d658','69d9f8c6-fd88-11e8-814d-afed9526fa74','1',1,'2010-01-01 00:00:00','LIQUIBASE',1,'2010-01-01 00:00:00',NULL),(562,NULL,0,'47777f2c-51cb-11ea-9640-479b33305416','1e43a152-f84f-4022-a2c6-0c66c86e9e70',NULL,'crumb preroll 0.5g','69d9f8c6-fd88-11e8-814d-afed9526fa74','0.5',1,'2010-01-01 00:00:00','LIQUIBASE',1,'2010-01-01 00:00:00',NULL),(563,NULL,0,'477782ce-51cb-11ea-9640-479b33305416','1e43a152-f84f-4022-a2c6-0c66c86e9e70',NULL,'crumb preroll 1.5g','69d9f8c6-fd88-11e8-814d-afed9526fa74','1.5',1,'2010-01-01 00:00:00','LIQUIBASE',1,'2010-01-01 00:00:00',NULL),(564,NULL,0,'4777865c-51cb-11ea-9640-479b33305416','1e43a152-f84f-4022-a2c6-0c66c86e9e70',NULL,'crumb preroll 1g','69d9f8c6-fd88-11e8-814d-afed9526fa74','1',1,'2010-01-01 00:00:00','LIQUIBASE',1,'2010-01-01 00:00:00',NULL),(565,NULL,0,'47778c88-51cb-11ea-9640-479b33305416','1e43a152-f84f-4022-a2c6-0c66c86e9e70',NULL,'crumb35','69d9f8c6-fd88-11e8-814d-afed9526fa74','3.5',1,'2010-01-01 00:00:00','LIQUIBASE',1,'2010-01-01 00:00:00',NULL),(566,NULL,0,'477791d8-51cb-11ea-9640-479b33305416','1e43a152-f84f-4022-a2c6-0c66c86e9e70',NULL,'shake preroll 0.5g','69d9f8c6-fd88-11e8-814d-afed9526fa74','0.5',1,'2010-01-01 00:00:00','LIQUIBASE',1,'2010-01-01 00:00:00',NULL),(567,NULL,0,'477795c0-51cb-11ea-9640-479b33305416','1e43a152-f84f-4022-a2c6-0c66c86e9e70',NULL,'shake preroll 1.5g','69d9f8c6-fd88-11e8-814d-afed9526fa74','1.5',1,'2010-01-01 00:00:00','LIQUIBASE',1,'2010-01-01 00:00:00',NULL),(568,NULL,0,'4777998a-51cb-11ea-9640-479b33305416','1e43a152-f84f-4022-a2c6-0c66c86e9e70',NULL,'shake preroll 1g','69d9f8c6-fd88-11e8-814d-afed9526fa74','1',1,'2010-01-01 00:00:00','LIQUIBASE',1,'2010-01-01 00:00:00',NULL),(569,NULL,0,'47779ce6-51cb-11ea-9640-479b33305416','1e43a152-f84f-4022-a2c6-0c66c86e9e70',NULL,'shake35','69d9f8c6-fd88-11e8-814d-afed9526fa74','3.5',1,'2010-01-01 00:00:00','LIQUIBASE',1,'2010-01-01 00:00:00',NULL),(570,NULL,0,'4777a16e-51cb-11ea-9640-479b33305416','1e43a152-f84f-4022-a2c6-0c66c86e9e70',NULL,'d7665662-0623-11e8-b4e9-02429027d658','69d93b66-fd88-11e8-814d-afed9526fa74','1',1,'2010-01-01 00:00:00','LIQUIBASE',1,'2010-01-01 00:00:00',NULL),(571,NULL,0,'4777a696-51cb-11ea-9640-479b33305416','1e43a152-f84f-4022-a2c6-0c66c86e9e70',NULL,'fe20c715-0623-11e8-b4e9-02429027d658','69d93b66-fd88-11e8-814d-afed9526fa74','2',1,'2010-01-01 00:00:00','LIQUIBASE',1,'2010-01-01 00:00:00',NULL),(572,NULL,0,'477819be-51cb-11ea-9640-479b33305416','1e43a152-f84f-4022-a2c6-0c66c86e9e70',NULL,'bdcd0f53-0620-11e8-b4e9-02429027d658','69d8b984-fd88-11e8-814d-afed9526fa74','1',1,'2010-01-01 00:00:00','LIQUIBASE',1,'2010-01-01 00:00:00',NULL),(573,NULL,0,'47781d10-51cb-11ea-9640-479b33305416','1e43a152-f84f-4022-a2c6-0c66c86e9e70',NULL,'cd43d375-0620-11e8-b4e9-02429027d658','69d8b984-fd88-11e8-814d-afed9526fa74','1',1,'2010-01-01 00:00:00','LIQUIBASE',1,'2010-01-01 00:00:00',NULL),(574,NULL,0,'47781f7c-51cb-11ea-9640-479b33305416','1e43a152-f84f-4022-a2c6-0c66c86e9e70',NULL,'d883cb46-0621-11e8-b4e9-02429027d658','69da495c-fd88-11e8-814d-afed9526fa74','1',1,'2010-01-01 00:00:00','LIQUIBASE',1,'2010-01-01 00:00:00',NULL),(575,NULL,0,'47782f4e-51cb-11ea-9640-479b33305416','1e43a152-f84f-4022-a2c6-0c66c86e9e70',NULL,'fcc8eed5-0621-11e8-b4e9-02429027d658','69da495c-fd88-11e8-814d-afed9526fa74','1',1,'2010-01-01 00:00:00','LIQUIBASE',1,'2010-01-01 00:00:00',NULL),(576,NULL,0,'4778320a-51cb-11ea-9640-479b33305416','1e43a152-f84f-4022-a2c6-0c66c86e9e70',NULL,'1ca01284-0622-11e8-b4e9-02429027d658','69daa802-fd88-11e8-814d-afed9526fa74','1',1,'2010-01-01 00:00:00','LIQUIBASE',1,'2010-01-01 00:00:00',NULL),(577,NULL,0,'477835c0-51cb-11ea-9640-479b33305416','1e43a152-f84f-4022-a2c6-0c66c86e9e70',NULL,'299f0a4e-0622-11e8-b4e9-02429027d658','69daa802-fd88-11e8-814d-afed9526fa74','1',1,'2010-01-01 00:00:00','LIQUIBASE',1,'2010-01-01 00:00:00',NULL),(578,NULL,0,'47783958-51cb-11ea-9640-479b33305416','1e43a152-f84f-4022-a2c6-0c66c86e9e70',NULL,'653e9730-0621-11e8-b4e9-02429027d658','69d9f222-fd88-11e8-814d-afed9526fa74','1',1,'2010-01-01 00:00:00','LIQUIBASE',1,'2010-01-01 00:00:00',NULL),(579,NULL,0,'47783b74-51cb-11ea-9640-479b33305416','1e43a152-f84f-4022-a2c6-0c66c86e9e70',NULL,'6544372d-0621-11e8-b4e9-02429027d658','69d9f222-fd88-11e8-814d-afed9526fa74','1',1,'2010-01-01 00:00:00','LIQUIBASE',1,'2010-01-01 00:00:00',NULL),(580,NULL,0,'47783d86-51cb-11ea-9640-479b33305416','1e43a152-f84f-4022-a2c6-0c66c86e9e70',NULL,'6549952e-0621-11e8-b4e9-02429027d658','69d9f222-fd88-11e8-814d-afed9526fa74','1',1,'2010-01-01 00:00:00','LIQUIBASE',1,'2010-01-01 00:00:00',NULL),(581,NULL,0,'47785258-51cb-11ea-9640-479b33305416','1e43a152-f84f-4022-a2c6-0c66c86e9e70',NULL,'654e9171-0621-11e8-b4e9-02429027d658','69d9f222-fd88-11e8-814d-afed9526fa74','1',1,'2010-01-01 00:00:00','LIQUIBASE',1,'2010-01-01 00:00:00',NULL),(582,NULL,0,'4778555a-51cb-11ea-9640-479b33305416','1e43a152-f84f-4022-a2c6-0c66c86e9e70',NULL,'65539712-0621-11e8-b4e9-02429027d658','69d9f222-fd88-11e8-814d-afed9526fa74','1',1,'2010-01-01 00:00:00','LIQUIBASE',1,'2010-01-01 00:00:00',NULL),(583,NULL,0,'477857d0-51cb-11ea-9640-479b33305416','1e43a152-f84f-4022-a2c6-0c66c86e9e70',NULL,'65584695-0621-11e8-b4e9-02429027d658','69d9f222-fd88-11e8-814d-afed9526fa74','1',1,'2010-01-01 00:00:00','LIQUIBASE',1,'2010-01-01 00:00:00',NULL),(584,NULL,0,'47785bfe-51cb-11ea-9640-479b33305416','1e43a152-f84f-4022-a2c6-0c66c86e9e70',NULL,'655d9edd-0621-11e8-b4e9-02429027d658','69d9f222-fd88-11e8-814d-afed9526fa74','1',1,'2010-01-01 00:00:00','LIQUIBASE',1,'2010-01-01 00:00:00',NULL),(585,NULL,0,'47786306-51cb-11ea-9640-479b33305416','1e43a152-f84f-4022-a2c6-0c66c86e9e70',NULL,'65629d9e-0621-11e8-b4e9-02429027d658','69d9f222-fd88-11e8-814d-afed9526fa74','1',1,'2010-01-01 00:00:00','LIQUIBASE',1,'2010-01-01 00:00:00',NULL),(586,NULL,0,'47786914-51cb-11ea-9640-479b33305416','1e43a152-f84f-4022-a2c6-0c66c86e9e70',NULL,'6567be28-0621-11e8-b4e9-02429027d658','69d9f222-fd88-11e8-814d-afed9526fa74','1',1,'2010-01-01 00:00:00','LIQUIBASE',1,'2010-01-01 00:00:00',NULL),(587,NULL,0,'47786b9e-51cb-11ea-9640-479b33305416','1e43a152-f84f-4022-a2c6-0c66c86e9e70',NULL,'6571dfad-0621-11e8-b4e9-02429027d658','69d9f222-fd88-11e8-814d-afed9526fa74','1',1,'2010-01-01 00:00:00','LIQUIBASE',1,'2010-01-01 00:00:00',NULL),(588,NULL,0,'47786db0-51cb-11ea-9640-479b33305416','1e43a152-f84f-4022-a2c6-0c66c86e9e70',NULL,'7b6c346c-0621-11e8-b4e9-02429027d658','69d9f222-fd88-11e8-814d-afed9526fa74','1',1,'2010-01-01 00:00:00','LIQUIBASE',1,'2010-01-01 00:00:00',NULL),(589,NULL,0,'477872e2-51cb-11ea-9640-479b33305416','1e43a152-f84f-4022-a2c6-0c66c86e9e70',NULL,'7b71e939-0621-11e8-b4e9-02429027d658','69d9f222-fd88-11e8-814d-afed9526fa74','1',1,'2010-01-01 00:00:00','LIQUIBASE',1,'2010-01-01 00:00:00',NULL),(590,NULL,0,'477875bc-51cb-11ea-9640-479b33305416','1e43a152-f84f-4022-a2c6-0c66c86e9e70',NULL,'7b76be1f-0621-11e8-b4e9-02429027d658','69d9f222-fd88-11e8-814d-afed9526fa74','1',1,'2010-01-01 00:00:00','LIQUIBASE',1,'2010-01-01 00:00:00',NULL),(591,NULL,0,'477877c4-51cb-11ea-9640-479b33305416','1e43a152-f84f-4022-a2c6-0c66c86e9e70',NULL,'7b7bbca8-0621-11e8-b4e9-02429027d658','69d9f222-fd88-11e8-814d-afed9526fa74','1',1,'2010-01-01 00:00:00','LIQUIBASE',1,'2010-01-01 00:00:00',NULL),(592,NULL,0,'47787f44-51cb-11ea-9640-479b33305416','1e43a152-f84f-4022-a2c6-0c66c86e9e70',NULL,'7b80bca1-0621-11e8-b4e9-02429027d658','69d9f222-fd88-11e8-814d-afed9526fa74','1',1,'2010-01-01 00:00:00','LIQUIBASE',1,'2010-01-01 00:00:00',NULL),(593,NULL,0,'477889ee-51cb-11ea-9640-479b33305416','1e43a152-f84f-4022-a2c6-0c66c86e9e70',NULL,'7b858e91-0621-11e8-b4e9-02429027d658','69d9f222-fd88-11e8-814d-afed9526fa74','1',1,'2010-01-01 00:00:00','LIQUIBASE',1,'2010-01-01 00:00:00',NULL),(594,NULL,0,'47789b50-51cb-11ea-9640-479b33305416','1e43a152-f84f-4022-a2c6-0c66c86e9e70',NULL,'7b8a5289-0621-11e8-b4e9-02429027d658','69d9f222-fd88-11e8-814d-afed9526fa74','1',1,'2010-01-01 00:00:00','LIQUIBASE',1,'2010-01-01 00:00:00',NULL),(595,NULL,0,'47789d80-51cb-11ea-9640-479b33305416','1e43a152-f84f-4022-a2c6-0c66c86e9e70',NULL,'7b8f0729-0621-11e8-b4e9-02429027d658','69d9f222-fd88-11e8-814d-afed9526fa74','1',1,'2010-01-01 00:00:00','LIQUIBASE',1,'2010-01-01 00:00:00',NULL),(596,NULL,0,'4778a00a-51cb-11ea-9640-479b33305416','1e43a152-f84f-4022-a2c6-0c66c86e9e70',NULL,'7b9406c0-0621-11e8-b4e9-02429027d658','69d9f222-fd88-11e8-814d-afed9526fa74','1',1,'2010-01-01 00:00:00','LIQUIBASE',1,'2010-01-01 00:00:00',NULL),(597,NULL,0,'4778a226-51cb-11ea-9640-479b33305416','1e43a152-f84f-4022-a2c6-0c66c86e9e70',NULL,'7ba12daf-0621-11e8-b4e9-02429027d658','69d9f222-fd88-11e8-814d-afed9526fa74','1',1,'2010-01-01 00:00:00','LIQUIBASE',1,'2010-01-01 00:00:00',NULL),(598,NULL,0,'4778a410-51cb-11ea-9640-479b33305416','1e43a152-f84f-4022-a2c6-0c66c86e9e70',NULL,'crumb preroll 0.5g','69d9f222-fd88-11e8-814d-afed9526fa74','1',1,'2010-01-01 00:00:00','LIQUIBASE',1,'2010-01-01 00:00:00',NULL),(599,NULL,0,'4778a5f0-51cb-11ea-9640-479b33305416','1e43a152-f84f-4022-a2c6-0c66c86e9e70',NULL,'crumb preroll 1.5g','69d9f222-fd88-11e8-814d-afed9526fa74','1',1,'2010-01-01 00:00:00','LIQUIBASE',1,'2010-01-01 00:00:00',NULL),(600,NULL,0,'4778a7c6-51cb-11ea-9640-479b33305416','1e43a152-f84f-4022-a2c6-0c66c86e9e70',NULL,'crumb preroll 1g','69d9f222-fd88-11e8-814d-afed9526fa74','1',1,'2010-01-01 00:00:00','LIQUIBASE',1,'2010-01-01 00:00:00',NULL),(601,NULL,0,'4778a9a6-51cb-11ea-9640-479b33305416','1e43a152-f84f-4022-a2c6-0c66c86e9e70',NULL,'crumb35','69d9f222-fd88-11e8-814d-afed9526fa74','1',1,'2010-01-01 00:00:00','LIQUIBASE',1,'2010-01-01 00:00:00',NULL),(602,NULL,0,'4778ab7c-51cb-11ea-9640-479b33305416','1e43a152-f84f-4022-a2c6-0c66c86e9e70',NULL,'shake preroll 0.5g','69d9f222-fd88-11e8-814d-afed9526fa74','1',1,'2010-01-01 00:00:00','LIQUIBASE',1,'2010-01-01 00:00:00',NULL),(603,NULL,0,'4778ad8e-51cb-11ea-9640-479b33305416','1e43a152-f84f-4022-a2c6-0c66c86e9e70',NULL,'shake preroll 1.5g','69d9f222-fd88-11e8-814d-afed9526fa74','1',1,'2010-01-01 00:00:00','LIQUIBASE',1,'2010-01-01 00:00:00',NULL),(604,NULL,0,'4778af6e-51cb-11ea-9640-479b33305416','1e43a152-f84f-4022-a2c6-0c66c86e9e70',NULL,'shake preroll 1g','69d9f222-fd88-11e8-814d-afed9526fa74','1',1,'2010-01-01 00:00:00','LIQUIBASE',1,'2010-01-01 00:00:00',NULL),(605,NULL,0,'4778b14e-51cb-11ea-9640-479b33305416','1e43a152-f84f-4022-a2c6-0c66c86e9e70',NULL,'shake35','69d9f222-fd88-11e8-814d-afed9526fa74','1',1,'2010-01-01 00:00:00','LIQUIBASE',1,'2010-01-01 00:00:00',NULL),(606,NULL,0,'4778c17a-51cb-11ea-9640-479b33305416','1e43a152-f84f-4022-a2c6-0c66c86e9e70',NULL,'d7665662-0623-11e8-b4e9-02429027d658','69d9376a-fd88-11e8-814d-afed9526fa74','1',1,'2010-01-01 00:00:00','LIQUIBASE',1,'2010-01-01 00:00:00',NULL),(607,NULL,0,'4778c42c-51cb-11ea-9640-479b33305416','1e43a152-f84f-4022-a2c6-0c66c86e9e70',NULL,'fe20c715-0623-11e8-b4e9-02429027d658','69d9376a-fd88-11e8-814d-afed9526fa74','1',1,'2010-01-01 00:00:00','LIQUIBASE',1,'2010-01-01 00:00:00',NULL),(608,NULL,0,'4778c666-51cb-11ea-9640-479b33305416','1e43a152-f84f-4022-a2c6-0c66c86e9e70',NULL,'174d6edf-0621-11e8-b4e9-02429027d658','69d90ef2-fd88-11e8-814d-afed9526fa74','1',1,'2010-01-01 00:00:00','LIQUIBASE',1,'2010-01-01 00:00:00',NULL),(609,NULL,0,'4778c86e-51cb-11ea-9640-479b33305416','1e43a152-f84f-4022-a2c6-0c66c86e9e70',NULL,'f31db0a4-0620-11e8-b4e9-02429027d658','69d90ef2-fd88-11e8-814d-afed9526fa74','1',1,'2010-01-01 00:00:00','LIQUIBASE',1,'2010-01-01 00:00:00',NULL),(610,NULL,0,'4778ca6c-51cb-11ea-9640-479b33305416','1e43a152-f84f-4022-a2c6-0c66c86e9e70',NULL,'a4771e75-0622-11e8-b4e9-02429027d658','69da92e0-fd88-11e8-814d-afed9526fa74','1',1,'2010-01-01 00:00:00','LIQUIBASE',1,'2010-01-01 00:00:00',NULL),(611,NULL,0,'4778cc7e-51cb-11ea-9640-479b33305416','1e43a152-f84f-4022-a2c6-0c66c86e9e70',NULL,'b54ce528-0622-11e8-b4e9-02429027d658','69da92e0-fd88-11e8-814d-afed9526fa74','1',1,'2010-01-01 00:00:00','LIQUIBASE',1,'2010-01-01 00:00:00',NULL),(612,NULL,0,'4778ce9a-51cb-11ea-9640-479b33305416','1e43a152-f84f-4022-a2c6-0c66c86e9e70',NULL,'55635efe-0622-11e8-b4e9-02429027d658','69db39a2-fd88-11e8-814d-afed9526fa74','1',1,'2010-01-01 00:00:00','LIQUIBASE',1,'2010-01-01 00:00:00',NULL),(613,NULL,0,'4778d0de-51cb-11ea-9640-479b33305416','1e43a152-f84f-4022-a2c6-0c66c86e9e70',NULL,'6e387b94-0622-11e8-b4e9-02429027d658','69db39a2-fd88-11e8-814d-afed9526fa74','1',1,'2010-01-01 00:00:00','LIQUIBASE',1,'2010-01-01 00:00:00',NULL),(614,NULL,0,'4778d2e6-51cb-11ea-9640-479b33305416','1e43a152-f84f-4022-a2c6-0c66c86e9e70',NULL,'9374f5e3-0621-11e8-b4e9-02429027d658','69da6ea0-fd88-11e8-814d-afed9526fa74','0',1,'2010-01-01 00:00:00','LIQUIBASE',1,'2010-01-01 00:00:00',NULL),(615,NULL,0,'4778d4f8-51cb-11ea-9640-479b33305416','1e43a152-f84f-4022-a2c6-0c66c86e9e70',NULL,'b2a581a8-0621-11e8-b4e9-02429027d658','69da6ea0-fd88-11e8-814d-afed9526fa74','0',1,'2010-01-01 00:00:00','LIQUIBASE',1,'2010-01-01 00:00:00',NULL),(616,NULL,0,'4778d714-51cb-11ea-9640-479b33305416','1e43a152-f84f-4022-a2c6-0c66c86e9e70',NULL,'crumb','4aae82c2-297b-11e9-9322-5f3e17bc67d1','1',1,'2010-01-01 00:00:00','LIQUIBASE',1,'2010-01-01 00:00:00',NULL),(617,NULL,0,'4778d872-51cb-11ea-9640-479b33305416','1e43a152-f84f-4022-a2c6-0c66c86e9e70',NULL,'e7fdeccc-679f-11e9-9c85-510c48478add','4aae82c2-297b-11e9-9322-5f3e17bc67d1','1',1,'2010-01-01 00:00:00','LIQUIBASE',1,'2010-01-01 00:00:00',NULL),(618,NULL,0,'4778da0c-51cb-11ea-9640-479b33305416','1e43a152-f84f-4022-a2c6-0c66c86e9e70',NULL,'shake','4aae82c2-297b-11e9-9322-5f3e17bc67d1','1',1,'2010-01-01 00:00:00','LIQUIBASE',1,'2010-01-01 00:00:00',NULL),(619,NULL,0,'4778f3ac-51cb-11ea-9640-479b33305416','1e43a152-f84f-4022-a2c6-0c66c86e9e70',NULL,'bdcd0f53-0620-11e8-b4e9-02429027d658','69d8ba6a-fd88-11e8-814d-afed9526fa74','0',1,'2010-01-01 00:00:00','LIQUIBASE',1,'2010-01-01 00:00:00',NULL),(620,NULL,0,'4778f67c-51cb-11ea-9640-479b33305416','1e43a152-f84f-4022-a2c6-0c66c86e9e70',NULL,'cd43d375-0620-11e8-b4e9-02429027d658','69d8ba6a-fd88-11e8-814d-afed9526fa74','0',1,'2010-01-01 00:00:00','LIQUIBASE',1,'2010-01-01 00:00:00',NULL),(621,NULL,0,'4778f8b6-51cb-11ea-9640-479b33305416','1e43a152-f84f-4022-a2c6-0c66c86e9e70',NULL,'d883cb46-0621-11e8-b4e9-02429027d658','69da4a24-fd88-11e8-814d-afed9526fa74','0',1,'2010-01-01 00:00:00','LIQUIBASE',1,'2010-01-01 00:00:00',NULL),(622,NULL,0,'4778fabe-51cb-11ea-9640-479b33305416','1e43a152-f84f-4022-a2c6-0c66c86e9e70',NULL,'fcc8eed5-0621-11e8-b4e9-02429027d658','69da4a24-fd88-11e8-814d-afed9526fa74','0',1,'2010-01-01 00:00:00','LIQUIBASE',1,'2010-01-01 00:00:00',NULL),(623,NULL,0,'4778fcbc-51cb-11ea-9640-479b33305416','1e43a152-f84f-4022-a2c6-0c66c86e9e70',NULL,'1ca01284-0622-11e8-b4e9-02429027d658','69daa8ca-fd88-11e8-814d-afed9526fa74','0',1,'2010-01-01 00:00:00','LIQUIBASE',1,'2010-01-01 00:00:00',NULL),(624,NULL,0,'47790036-51cb-11ea-9640-479b33305416','1e43a152-f84f-4022-a2c6-0c66c86e9e70',NULL,'299f0a4e-0622-11e8-b4e9-02429027d658','69daa8ca-fd88-11e8-814d-afed9526fa74','0',1,'2010-01-01 00:00:00','LIQUIBASE',1,'2010-01-01 00:00:00',NULL),(625,NULL,0,'4779036a-51cb-11ea-9640-479b33305416','1e43a152-f84f-4022-a2c6-0c66c86e9e70',NULL,'653e9730-0621-11e8-b4e9-02429027d658','69d9f2fe-fd88-11e8-814d-afed9526fa74','0',1,'2010-01-01 00:00:00','LIQUIBASE',1,'2010-01-01 00:00:00',NULL),(626,NULL,0,'47790568-51cb-11ea-9640-479b33305416','1e43a152-f84f-4022-a2c6-0c66c86e9e70',NULL,'6544372d-0621-11e8-b4e9-02429027d658','69d9f2fe-fd88-11e8-814d-afed9526fa74','0',1,'2010-01-01 00:00:00','LIQUIBASE',1,'2010-01-01 00:00:00',NULL),(627,NULL,0,'47790752-51cb-11ea-9640-479b33305416','1e43a152-f84f-4022-a2c6-0c66c86e9e70',NULL,'6549952e-0621-11e8-b4e9-02429027d658','69d9f2fe-fd88-11e8-814d-afed9526fa74','0',1,'2010-01-01 00:00:00','LIQUIBASE',1,'2010-01-01 00:00:00',NULL),(628,NULL,0,'4779093c-51cb-11ea-9640-479b33305416','1e43a152-f84f-4022-a2c6-0c66c86e9e70',NULL,'654e9171-0621-11e8-b4e9-02429027d658','69d9f2fe-fd88-11e8-814d-afed9526fa74','0',1,'2010-01-01 00:00:00','LIQUIBASE',1,'2010-01-01 00:00:00',NULL),(629,NULL,0,'47790b6c-51cb-11ea-9640-479b33305416','1e43a152-f84f-4022-a2c6-0c66c86e9e70',NULL,'65539712-0621-11e8-b4e9-02429027d658','69d9f2fe-fd88-11e8-814d-afed9526fa74','0',1,'2010-01-01 00:00:00','LIQUIBASE',1,'2010-01-01 00:00:00',NULL),(630,NULL,0,'47790d6a-51cb-11ea-9640-479b33305416','1e43a152-f84f-4022-a2c6-0c66c86e9e70',NULL,'65584695-0621-11e8-b4e9-02429027d658','69d9f2fe-fd88-11e8-814d-afed9526fa74','0',1,'2010-01-01 00:00:00','LIQUIBASE',1,'2010-01-01 00:00:00',NULL),(631,NULL,0,'47790f40-51cb-11ea-9640-479b33305416','1e43a152-f84f-4022-a2c6-0c66c86e9e70',NULL,'655d9edd-0621-11e8-b4e9-02429027d658','69d9f2fe-fd88-11e8-814d-afed9526fa74','0',1,'2010-01-01 00:00:00','LIQUIBASE',1,'2010-01-01 00:00:00',NULL),(632,NULL,0,'47791116-51cb-11ea-9640-479b33305416','1e43a152-f84f-4022-a2c6-0c66c86e9e70',NULL,'65629d9e-0621-11e8-b4e9-02429027d658','69d9f2fe-fd88-11e8-814d-afed9526fa74','0',1,'2010-01-01 00:00:00','LIQUIBASE',1,'2010-01-01 00:00:00',NULL),(633,NULL,0,'477912f6-51cb-11ea-9640-479b33305416','1e43a152-f84f-4022-a2c6-0c66c86e9e70',NULL,'6567be28-0621-11e8-b4e9-02429027d658','69d9f2fe-fd88-11e8-814d-afed9526fa74','0',1,'2010-01-01 00:00:00','LIQUIBASE',1,'2010-01-01 00:00:00',NULL),(634,NULL,0,'477914cc-51cb-11ea-9640-479b33305416','1e43a152-f84f-4022-a2c6-0c66c86e9e70',NULL,'6571dfad-0621-11e8-b4e9-02429027d658','69d9f2fe-fd88-11e8-814d-afed9526fa74','0',1,'2010-01-01 00:00:00','LIQUIBASE',1,'2010-01-01 00:00:00',NULL),(635,NULL,0,'477916e8-51cb-11ea-9640-479b33305416','1e43a152-f84f-4022-a2c6-0c66c86e9e70',NULL,'7b6c346c-0621-11e8-b4e9-02429027d658','69d9f2fe-fd88-11e8-814d-afed9526fa74','0',1,'2010-01-01 00:00:00','LIQUIBASE',1,'2010-01-01 00:00:00',NULL),(636,NULL,0,'477918d2-51cb-11ea-9640-479b33305416','1e43a152-f84f-4022-a2c6-0c66c86e9e70',NULL,'7b71e939-0621-11e8-b4e9-02429027d658','69d9f2fe-fd88-11e8-814d-afed9526fa74','0',1,'2010-01-01 00:00:00','LIQUIBASE',1,'2010-01-01 00:00:00',NULL),(637,NULL,0,'47792e62-51cb-11ea-9640-479b33305416','1e43a152-f84f-4022-a2c6-0c66c86e9e70',NULL,'7b76be1f-0621-11e8-b4e9-02429027d658','69d9f2fe-fd88-11e8-814d-afed9526fa74','0',1,'2010-01-01 00:00:00','LIQUIBASE',1,'2010-01-01 00:00:00',NULL),(638,NULL,0,'477931c8-51cb-11ea-9640-479b33305416','1e43a152-f84f-4022-a2c6-0c66c86e9e70',NULL,'7b7bbca8-0621-11e8-b4e9-02429027d658','69d9f2fe-fd88-11e8-814d-afed9526fa74','0',1,'2010-01-01 00:00:00','LIQUIBASE',1,'2010-01-01 00:00:00',NULL),(639,NULL,0,'477933ee-51cb-11ea-9640-479b33305416','1e43a152-f84f-4022-a2c6-0c66c86e9e70',NULL,'7b80bca1-0621-11e8-b4e9-02429027d658','69d9f2fe-fd88-11e8-814d-afed9526fa74','0',1,'2010-01-01 00:00:00','LIQUIBASE',1,'2010-01-01 00:00:00',NULL),(640,NULL,0,'47793650-51cb-11ea-9640-479b33305416','1e43a152-f84f-4022-a2c6-0c66c86e9e70',NULL,'7b858e91-0621-11e8-b4e9-02429027d658','69d9f2fe-fd88-11e8-814d-afed9526fa74','0',1,'2010-01-01 00:00:00','LIQUIBASE',1,'2010-01-01 00:00:00',NULL),(641,NULL,0,'4779386c-51cb-11ea-9640-479b33305416','1e43a152-f84f-4022-a2c6-0c66c86e9e70',NULL,'7b8a5289-0621-11e8-b4e9-02429027d658','69d9f2fe-fd88-11e8-814d-afed9526fa74','0',1,'2010-01-01 00:00:00','LIQUIBASE',1,'2010-01-01 00:00:00',NULL),(642,NULL,0,'47793a6a-51cb-11ea-9640-479b33305416','1e43a152-f84f-4022-a2c6-0c66c86e9e70',NULL,'7b8f0729-0621-11e8-b4e9-02429027d658','69d9f2fe-fd88-11e8-814d-afed9526fa74','0',1,'2010-01-01 00:00:00','LIQUIBASE',1,'2010-01-01 00:00:00',NULL),(643,NULL,0,'47793ede-51cb-11ea-9640-479b33305416','1e43a152-f84f-4022-a2c6-0c66c86e9e70',NULL,'7b9406c0-0621-11e8-b4e9-02429027d658','69d9f2fe-fd88-11e8-814d-afed9526fa74','0',1,'2010-01-01 00:00:00','LIQUIBASE',1,'2010-01-01 00:00:00',NULL),(644,NULL,0,'477940fa-51cb-11ea-9640-479b33305416','1e43a152-f84f-4022-a2c6-0c66c86e9e70',NULL,'7ba12daf-0621-11e8-b4e9-02429027d658','69d9f2fe-fd88-11e8-814d-afed9526fa74','0',1,'2010-01-01 00:00:00','LIQUIBASE',1,'2010-01-01 00:00:00',NULL),(645,NULL,0,'47794316-51cb-11ea-9640-479b33305416','1e43a152-f84f-4022-a2c6-0c66c86e9e70',NULL,'crumb preroll 0.5g','69d9f2fe-fd88-11e8-814d-afed9526fa74','0',1,'2010-01-01 00:00:00','LIQUIBASE',1,'2010-01-01 00:00:00',NULL),(646,NULL,0,'47794a14-51cb-11ea-9640-479b33305416','1e43a152-f84f-4022-a2c6-0c66c86e9e70',NULL,'crumb preroll 1.5g','69d9f2fe-fd88-11e8-814d-afed9526fa74','0',1,'2010-01-01 00:00:00','LIQUIBASE',1,'2010-01-01 00:00:00',NULL),(647,NULL,0,'47794c94-51cb-11ea-9640-479b33305416','1e43a152-f84f-4022-a2c6-0c66c86e9e70',NULL,'crumb preroll 1g','69d9f2fe-fd88-11e8-814d-afed9526fa74','0',1,'2010-01-01 00:00:00','LIQUIBASE',1,'2010-01-01 00:00:00',NULL),(648,NULL,0,'47794ed8-51cb-11ea-9640-479b33305416','1e43a152-f84f-4022-a2c6-0c66c86e9e70',NULL,'crumb35','69d9f2fe-fd88-11e8-814d-afed9526fa74','0',1,'2010-01-01 00:00:00','LIQUIBASE',1,'2010-01-01 00:00:00',NULL),(649,NULL,0,'477950fe-51cb-11ea-9640-479b33305416','1e43a152-f84f-4022-a2c6-0c66c86e9e70',NULL,'shake preroll 0.5g','69d9f2fe-fd88-11e8-814d-afed9526fa74','0',1,'2010-01-01 00:00:00','LIQUIBASE',1,'2010-01-01 00:00:00',NULL),(650,NULL,0,'4779531a-51cb-11ea-9640-479b33305416','1e43a152-f84f-4022-a2c6-0c66c86e9e70',NULL,'shake preroll 1.5g','69d9f2fe-fd88-11e8-814d-afed9526fa74','0',1,'2010-01-01 00:00:00','LIQUIBASE',1,'2010-01-01 00:00:00',NULL),(651,NULL,0,'477965e4-51cb-11ea-9640-479b33305416','1e43a152-f84f-4022-a2c6-0c66c86e9e70',NULL,'shake preroll 1g','69d9f2fe-fd88-11e8-814d-afed9526fa74','0',1,'2010-01-01 00:00:00','LIQUIBASE',1,'2010-01-01 00:00:00',NULL),(652,NULL,0,'47796896-51cb-11ea-9640-479b33305416','1e43a152-f84f-4022-a2c6-0c66c86e9e70',NULL,'shake35','69d9f2fe-fd88-11e8-814d-afed9526fa74','0',1,'2010-01-01 00:00:00','LIQUIBASE',1,'2010-01-01 00:00:00',NULL),(653,NULL,0,'47796ad0-51cb-11ea-9640-479b33305416','1e43a152-f84f-4022-a2c6-0c66c86e9e70',NULL,'d7665662-0623-11e8-b4e9-02429027d658','69d9383c-fd88-11e8-814d-afed9526fa74','0',1,'2010-01-01 00:00:00','LIQUIBASE',1,'2010-01-01 00:00:00',NULL),(654,NULL,0,'47796d14-51cb-11ea-9640-479b33305416','1e43a152-f84f-4022-a2c6-0c66c86e9e70',NULL,'fe20c715-0623-11e8-b4e9-02429027d658','69d9383c-fd88-11e8-814d-afed9526fa74','0',1,'2010-01-01 00:00:00','LIQUIBASE',1,'2010-01-01 00:00:00',NULL),(655,NULL,0,'47797d68-51cb-11ea-9640-479b33305416','1e43a152-f84f-4022-a2c6-0c66c86e9e70',NULL,'174d6edf-0621-11e8-b4e9-02429027d658','69d90fba-fd88-11e8-814d-afed9526fa74','0',1,'2010-01-01 00:00:00','LIQUIBASE',1,'2010-01-01 00:00:00',NULL),(656,NULL,0,'4779804c-51cb-11ea-9640-479b33305416','1e43a152-f84f-4022-a2c6-0c66c86e9e70',NULL,'f31db0a4-0620-11e8-b4e9-02429027d658','69d90fba-fd88-11e8-814d-afed9526fa74','0',1,'2010-01-01 00:00:00','LIQUIBASE',1,'2010-01-01 00:00:00',NULL),(657,NULL,0,'477987e0-51cb-11ea-9640-479b33305416','1e43a152-f84f-4022-a2c6-0c66c86e9e70',NULL,'a4771e75-0622-11e8-b4e9-02429027d658','69da93b2-fd88-11e8-814d-afed9526fa74','0',1,'2010-01-01 00:00:00','LIQUIBASE',1,'2010-01-01 00:00:00',NULL),(658,NULL,0,'47798e20-51cb-11ea-9640-479b33305416','1e43a152-f84f-4022-a2c6-0c66c86e9e70',NULL,'b54ce528-0622-11e8-b4e9-02429027d658','69da93b2-fd88-11e8-814d-afed9526fa74','0',1,'2010-01-01 00:00:00','LIQUIBASE',1,'2010-01-01 00:00:00',NULL),(659,NULL,0,'477990c8-51cb-11ea-9640-479b33305416','1e43a152-f84f-4022-a2c6-0c66c86e9e70',NULL,'55635efe-0622-11e8-b4e9-02429027d658','69db3aa6-fd88-11e8-814d-afed9526fa74','0',1,'2010-01-01 00:00:00','LIQUIBASE',1,'2010-01-01 00:00:00',NULL),(660,NULL,0,'477992ee-51cb-11ea-9640-479b33305416','1e43a152-f84f-4022-a2c6-0c66c86e9e70',NULL,'6e387b94-0622-11e8-b4e9-02429027d658','69db3aa6-fd88-11e8-814d-afed9526fa74','0',1,'2010-01-01 00:00:00','LIQUIBASE',1,'2010-01-01 00:00:00',NULL),(661,NULL,0,'4779b418-51cb-11ea-9640-479b33305416','1e43a152-f84f-4022-a2c6-0c66c86e9e70',NULL,'9374f5e3-0621-11e8-b4e9-02429027d658','69da6f72-fd88-11e8-814d-afed9526fa74','0',1,'2010-01-01 00:00:00','LIQUIBASE',1,'2010-01-01 00:00:00',NULL),(662,NULL,0,'4779b7a6-51cb-11ea-9640-479b33305416','1e43a152-f84f-4022-a2c6-0c66c86e9e70',NULL,'b2a581a8-0621-11e8-b4e9-02429027d658','69da6f72-fd88-11e8-814d-afed9526fa74','0',1,'2010-01-01 00:00:00','LIQUIBASE',1,'2010-01-01 00:00:00',NULL),(663,NULL,0,'4779baa8-51cb-11ea-9640-479b33305416','1e43a152-f84f-4022-a2c6-0c66c86e9e70',NULL,'crumb','4aae82cc-297b-11e9-9322-5f3e17bc67d1','0',1,'2010-01-01 00:00:00','LIQUIBASE',1,'2010-01-01 00:00:00',NULL),(664,NULL,0,'4779bc92-51cb-11ea-9640-479b33305416','1e43a152-f84f-4022-a2c6-0c66c86e9e70',NULL,'e7fdeccc-679f-11e9-9c85-510c48478add','4aae82cc-297b-11e9-9322-5f3e17bc67d1','0',1,'2010-01-01 00:00:00','LIQUIBASE',1,'2010-01-01 00:00:00',NULL),(665,NULL,0,'4779be5e-51cb-11ea-9640-479b33305416','1e43a152-f84f-4022-a2c6-0c66c86e9e70',NULL,'shake','4aae82cc-297b-11e9-9322-5f3e17bc67d1','0',1,'2010-01-01 00:00:00','LIQUIBASE',1,'2010-01-01 00:00:00',NULL),(666,NULL,0,'4779fe96-51cb-11ea-9640-479b33305416','1e43a152-f84f-4022-a2c6-0c66c86e9e70',NULL,'a4771e75-0622-11e8-b4e9-02429027d658','69da9c4a-fd88-11e8-814d-afed9526fa74','SOIL',1,'2010-01-01 00:00:00','LIQUIBASE',1,'2010-01-01 00:00:00',NULL),(667,NULL,0,'477a0166-51cb-11ea-9640-479b33305416','1e43a152-f84f-4022-a2c6-0c66c86e9e70',NULL,'b54ce528-0622-11e8-b4e9-02429027d658','69da9c4a-fd88-11e8-814d-afed9526fa74','SOIL',1,'2010-01-01 00:00:00','LIQUIBASE',1,'2010-01-01 00:00:00',NULL),(668,NULL,0,'477ba07a-51cb-11ea-9640-479b33305416','1e43a152-f84f-4022-a2c6-0c66c86e9e70',NULL,'bdcd0f53-0620-11e8-b4e9-02429027d658','69d8bf24-fd88-11e8-814d-afed9526fa74','1000',1,'2010-01-01 00:00:00','LIQUIBASE',1,'2010-01-01 00:00:00',NULL),(669,NULL,0,'477bb222-51cb-11ea-9640-479b33305416','1e43a152-f84f-4022-a2c6-0c66c86e9e70',NULL,'cd43d375-0620-11e8-b4e9-02429027d658','69d8bf24-fd88-11e8-814d-afed9526fa74','500',1,'2010-01-01 00:00:00','LIQUIBASE',1,'2010-01-01 00:00:00',NULL),(670,NULL,0,'477bbd44-51cb-11ea-9640-479b33305416','1e43a152-f84f-4022-a2c6-0c66c86e9e70',NULL,'d7665662-0623-11e8-b4e9-02429027d658','69d93cf6-fd88-11e8-814d-afed9526fa74','1000',1,'2010-01-01 00:00:00','LIQUIBASE',1,'2010-01-01 00:00:00',NULL),(671,NULL,0,'477bc1fe-51cb-11ea-9640-479b33305416','1e43a152-f84f-4022-a2c6-0c66c86e9e70',NULL,'fe20c715-0623-11e8-b4e9-02429027d658','69d93cf6-fd88-11e8-814d-afed9526fa74','2000',1,'2010-01-01 00:00:00','LIQUIBASE',1,'2010-01-01 00:00:00',NULL),(1096,NULL,0,'484a9d44-51cb-11ea-9640-479b33305416','1e43a152-f84f-4022-a2c6-0c66c86e9e70',NULL,'e7fdeccc-679f-11e9-9c85-510c48478add','48481970-51cb-11ea-9640-479b33305416','DATA_CAP',1,'2020-02-17 13:20:12','LIQUIBASE',1,'2020-02-17 13:20:12',NULL);
/*!40000 ALTER TABLE `tz_product_detail_aud` ENABLE KEYS */;
UNLOCK TABLES;

--
-- Table structure for table `tz_product_external_ids`
--

DROP TABLE IF EXISTS `tz_product_external_ids`;
/*!40101 SET @saved_cs_client     = @@character_set_client */;
/*!40101 SET character_set_client = utf8 */;
CREATE TABLE `tz_product_external_ids` (
  `id` int(11) NOT NULL,
  `product_id` varchar(45) NOT NULL COMMENT 'Treez Product ID',
  `external_name` varchar(45) NOT NULL COMMENT '\nExternal company name. \nExample: BDS, HEADSET',
  `external_id` varchar(45) NOT NULL COMMENT 'External vendors product identifier. Could be many in the case of duplicates and merges on the external vendors side. ',
  `version` int(11) DEFAULT NULL,
  `original_start_date` datetime NOT NULL,
  `last_user_id` varchar(45) DEFAULT NULL,
  `current_flag` tinyint(1) DEFAULT NULL,
  `start_date` datetime NOT NULL,
  `end_date` datetime DEFAULT NULL,
  PRIMARY KEY (`id`),
  KEY `id_idx` (`product_id`),
  KEY `ref_id` (`current_flag`),
  CONSTRAINT `product_external_id` FOREIGN KEY (`product_id`) REFERENCES `tz_product` (`id`) ON DELETE NO ACTION ON UPDATE NO ACTION
) ENGINE=InnoDB DEFAULT CHARSET=utf8 COMMENT='External Product IDs related to this product. For example, Baker, Headset, or BDS Product IDs. ';
/*!40101 SET character_set_client = @saved_cs_client */;

--
-- Dumping data for table `tz_product_external_ids`
--

LOCK TABLES `tz_product_external_ids` WRITE;
/*!40000 ALTER TABLE `tz_product_external_ids` DISABLE KEYS */;
/*!40000 ALTER TABLE `tz_product_external_ids` ENABLE KEYS */;
UNLOCK TABLES;

--
-- Table structure for table `tz_product_external_ids_aud`
--

DROP TABLE IF EXISTS `tz_product_external_ids_aud`;
/*!40101 SET @saved_cs_client     = @@character_set_client */;
/*!40101 SET character_set_client = utf8 */;
CREATE TABLE `tz_product_external_ids_aud` (
  `rev` int(11) NOT NULL DEFAULT '0',
  `revend` int(11) DEFAULT NULL,
  `revtype` smallint(6) DEFAULT NULL,
  `id` int(11) NOT NULL,
  `product_id` varchar(45) NOT NULL COMMENT 'Treez Product ID',
  `external_name` varchar(45) NOT NULL COMMENT '\nExternal company name. \nExample: BDS, HEADSET',
  `external_id` varchar(45) NOT NULL COMMENT 'External vendors product identifier. Could be many in the case of duplicates and merges on the external vendors side. ',
  `version` int(11) DEFAULT NULL,
  `original_start_date` datetime NOT NULL,
  `last_user_id` varchar(45) DEFAULT NULL,
  `current_flag` tinyint(1) DEFAULT NULL,
  `start_date` datetime NOT NULL,
  `end_date` datetime DEFAULT NULL,
  PRIMARY KEY (`rev`,`id`),
  KEY `product_external_ids_aud_product_external_ids_idx` (`id`),
  KEY `product_external_ids_aud_product_idx` (`product_id`)
) ENGINE=InnoDB DEFAULT CHARSET=utf8;
/*!40101 SET character_set_client = @saved_cs_client */;

--
-- Dumping data for table `tz_product_external_ids_aud`
--

LOCK TABLES `tz_product_external_ids_aud` WRITE;
/*!40000 ALTER TABLE `tz_product_external_ids_aud` DISABLE KEYS */;
/*!40000 ALTER TABLE `tz_product_external_ids_aud` ENABLE KEYS */;
UNLOCK TABLES;

--
-- Table structure for table `tz_product_group`
--

DROP TABLE IF EXISTS `tz_product_group`;
/*!40101 SET @saved_cs_client     = @@character_set_client */;
/*!40101 SET character_set_client = utf8 */;
CREATE TABLE `tz_product_group` (
  `id` varchar(45) NOT NULL,
  `tenant_id` varchar(45) NOT NULL,
  `name` varchar(255) NOT NULL,
  `visible_ecommerce` tinyint(4) NOT NULL DEFAULT '1',
  `visible_pickup` tinyint(4) NOT NULL DEFAULT '1',
  `visible_delivery` tinyint(4) NOT NULL DEFAULT '1',
  `visible_express` tinyint(4) NOT NULL DEFAULT '1',
  `prev_id` varchar(45) DEFAULT NULL,
  `start_date` datetime NOT NULL,
  `end_date` datetime DEFAULT NULL,
  `current_flag` tinyint(4) NOT NULL DEFAULT '1',
  `version` int(11) NOT NULL,
  `original_start_date` datetime NOT NULL,
  `last_user_id` varchar(45) NOT NULL,
  PRIMARY KEY (`id`),
  KEY `product_group_tenant_idx` (`tenant_id`),
  KEY `ref_id` (`current_flag`),
  CONSTRAINT `tz_product_group_tenant_reference` FOREIGN KEY (`tenant_id`) REFERENCES `tz_tenant` (`id`) ON DELETE NO ACTION ON UPDATE NO ACTION
) ENGINE=InnoDB DEFAULT CHARSET=utf8;
/*!40101 SET character_set_client = @saved_cs_client */;

--
-- Dumping data for table `tz_product_group`
--

LOCK TABLES `tz_product_group` WRITE;
/*!40000 ALTER TABLE `tz_product_group` DISABLE KEYS */;
/*!40000 ALTER TABLE `tz_product_group` ENABLE KEYS */;
UNLOCK TABLES;

--
-- Table structure for table `tz_product_group_aud`
--

DROP TABLE IF EXISTS `tz_product_group_aud`;
/*!40101 SET @saved_cs_client     = @@character_set_client */;
/*!40101 SET character_set_client = utf8 */;
CREATE TABLE `tz_product_group_aud` (
  `rev` int(11) NOT NULL DEFAULT '0',
  `revend` int(11) DEFAULT NULL,
  `revtype` smallint(6) DEFAULT NULL,
  `id` varchar(45) NOT NULL,
  `tenant_id` varchar(45) NOT NULL,
  `name` varchar(255) NOT NULL,
  `visible_ecommerce` tinyint(4) NOT NULL DEFAULT '1',
  `visible_pickup` tinyint(4) NOT NULL DEFAULT '1',
  `visible_delivery` tinyint(4) NOT NULL DEFAULT '1',
  `visible_express` tinyint(4) NOT NULL DEFAULT '1',
  `prev_id` varchar(45) DEFAULT NULL,
  `start_date` datetime NOT NULL,
  `end_date` datetime DEFAULT NULL,
  `current_flag` tinyint(4) NOT NULL DEFAULT '1',
  `version` int(11) DEFAULT NULL,
  `original_start_date` datetime NOT NULL,
  `last_user_id` varchar(45) NOT NULL,
  PRIMARY KEY (`rev`,`id`),
  KEY `product_group_aud_product_group_idx` (`id`),
  KEY `product_group_aud_tenant_idx` (`tenant_id`)
) ENGINE=InnoDB DEFAULT CHARSET=utf8;
/*!40101 SET character_set_client = @saved_cs_client */;

--
-- Dumping data for table `tz_product_group_aud`
--

LOCK TABLES `tz_product_group_aud` WRITE;
/*!40000 ALTER TABLE `tz_product_group_aud` DISABLE KEYS */;
/*!40000 ALTER TABLE `tz_product_group_aud` ENABLE KEYS */;
UNLOCK TABLES;

--
-- Table structure for table `tz_product_metadata`
--

DROP TABLE IF EXISTS `tz_product_metadata`;
/*!40101 SET @saved_cs_client     = @@character_set_client */;
/*!40101 SET character_set_client = utf8 */;
CREATE TABLE `tz_product_metadata` (
  `id` varchar(45) NOT NULL,
  `tenant_id` varchar(45) NOT NULL,
  `prev_id` varchar(45) DEFAULT NULL,
  `type_id` varchar(45) NOT NULL,
  `field_key` varchar(45) NOT NULL,
  `field_name` varchar(45) NOT NULL,
  `field_system_name` varchar(255) DEFAULT NULL,
  `field_unit_id` varchar(45) DEFAULT NULL,
  `field_treez` varchar(1) NOT NULL,
  `field_hidden` varchar(1) NOT NULL,
  `field_required` varchar(1) NOT NULL,
  `field_editable` varchar(1) NOT NULL,
  `field_value` varchar(45) DEFAULT NULL,
  `field_display_name` varchar(45) DEFAULT NULL,
  `field_data_type` varchar(45) NOT NULL,
  `field_data_structure` varchar(45) NOT NULL,
  `field_dropdown_name` varchar(45) DEFAULT NULL,
  `field_product_card` varchar(45) NOT NULL,
  `field_character_limit` tinyint(1) unsigned DEFAULT NULL,
  `field_order` tinyint(1) DEFAULT NULL,
  `field_padding_after` tinyint(1) DEFAULT NULL,
  `infused_only` tinyint(1) DEFAULT NULL,
  `version` int(11) NOT NULL,
  `original_start_date` datetime NOT NULL,
  `last_user_id` varchar(45) NOT NULL,
  `current_flag` tinyint(1) NOT NULL,
  `start_date` datetime NOT NULL,
  `end_date` datetime DEFAULT NULL,
  PRIMARY KEY (`id`),
  UNIQUE KEY `tz_product_metadata_system_name_type_infused_unique_idx` (`tenant_id`,`type_id`,`field_system_name`,`infused_only`),
  KEY `product_metadata_tenant_idx` (`tenant_id`),
  KEY `product_metadata_type_idx` (`type_id`),
  KEY `ref_id` (`tenant_id`,`current_flag`),
  KEY `tz_product_metadata_system_name_type_unique_idx` (`tenant_id`,`type_id`,`field_system_name`),
  CONSTRAINT `product_metadata_tenant` FOREIGN KEY (`tenant_id`) REFERENCES `tz_tenant` (`id`) ON DELETE NO ACTION ON UPDATE NO ACTION,
  CONSTRAINT `product_metadata_type` FOREIGN KEY (`type_id`) REFERENCES `tz_type` (`id`) ON DELETE NO ACTION ON UPDATE NO ACTION
) ENGINE=InnoDB DEFAULT CHARSET=utf8;
/*!40101 SET character_set_client = @saved_cs_client */;

--
-- Dumping data for table `tz_product_metadata`
--

LOCK TABLES `tz_product_metadata` WRITE;
/*!40000 ALTER TABLE `tz_product_metadata` DISABLE KEYS */;
INSERT INTO `tz_product_metadata` VALUES ('0ad173a2-e6b3-4618-b562-675c489807b7','1e43a152-f84f-4022-a2c6-0c66c86e9e70',NULL,'7e31e311-da84-11e5-bc38-5c514f48b06a','EDIBLE1','Gross Weight (g)','gross_weight_g',NULL,'Y','Y','N','Y',NULL,NULL,'DECIMAL','FREE FORM',NULL,'PRODUCT',NULL,13,NULL,NULL,1,'2010-01-01 00:00:00','LIQUIBASE',1,'2010-01-01 00:00:00',NULL),('11a74e66-106f-41b3-b749-45d5ae63a963','1e43a152-f84f-4022-a2c6-0c66c86e9e70',NULL,'7e37edd2-da84-11e5-bc38-5c514f48b06a','NONCANNABIS1','Strain Name','strain_name',NULL,'Y','Y','N','Y',NULL,NULL,'ALPHANUMERIC','FREE FORM',NULL,'PRODUCT',NULL,2,NULL,NULL,1,'2019-06-11 20:48:16','LIQUIBASE',1,'2019-06-11 20:48:16',NULL),('1e43a152-f84f-4022-a2c6-0c66c86e9e70','1e43a152-f84f-4022-a2c6-0c66c86e9e70',NULL,'7e31e311-da84-11e5-bc38-5c514f48b06a','EDIBLE1','Net Weight (g)','net_weight_g',NULL,'Y','Y','N','Y',NULL,NULL,'DECIMAL','FREE FORM',NULL,'PRODUCT',NULL,14,1,NULL,1,'2010-01-01 00:00:00','LIQUIBASE',1,'2010-01-01 00:00:00',NULL),('1fc184cf-7561-48bd-854b-82243c8501e1','1e43a152-f84f-4022-a2c6-0c66c86e9e70',NULL,'7c5b3ad1-82ab-11e6-a87c-0862661081dd','CART1','Hide Menu','hide_menu',NULL,'Y','Y','N','Y',NULL,NULL,'ALPHANUMERIC','TOGGLE',NULL,'MENU',NULL,15,NULL,NULL,1,'2010-01-01 00:00:00','LIQUIBASE',1,'2010-01-01 00:00:00',NULL),('1fc392a7-ec5e-4759-a08a-da751d4252cd','1e43a152-f84f-4022-a2c6-0c66c86e9e70',NULL,'0986c2be-f816-11e8-9aaf-2621339c7881','BEV1','Hide Menu','hide_menu',NULL,'Y','Y','N','Y',NULL,NULL,'ALPHANUMERIC','TOGGLE',NULL,'MENU',NULL,15,NULL,NULL,1,'2010-01-01 00:00:00','LIQUIBASE',1,'2010-01-01 00:00:00',NULL),('218c028c-b33c-44c6-a0a8-5ce22248ae1d','1e43a152-f84f-4022-a2c6-0c66c86e9e70',NULL,'4028E43964FBA33F0164FBACE6C10009','PILLS1','Total Flower Weight (g)','total_flower_weight_g',NULL,'Y','Y','N','Y',NULL,NULL,'DECIMAL','FREE FORM',NULL,'PRODUCT',NULL,11,NULL,NULL,1,'2010-01-01 00:00:00','LIQUIBASE',1,'2010-01-01 00:00:00',NULL),('218c028c-b33c-44c6-a0a8-5ce22248ae1e','1e43a152-f84f-4022-a2c6-0c66c86e9e70',NULL,'7c5b3ad1-82ab-11e6-a87c-0862661081dd','CART1','Total Flower Weight (g)','total_flower_weight_g',NULL,'Y','Y','N','Y',NULL,NULL,'DECIMAL','FREE FORM',NULL,'PRODUCT',NULL,11,NULL,NULL,1,'2010-01-01 00:00:00','LIQUIBASE',1,'2010-01-01 00:00:00',NULL),('22fe1110-560f-46cd-b67a-a8757c280b02','1e43a152-f84f-4022-a2c6-0c66c86e9e70',NULL,'7e362cd7-ec92-11e5-a7c5-6c0b843dcc4d','TOPICAL1','Strain Name','strain_name',NULL,'Y','Y','N','Y',NULL,NULL,'ALPHANUMERIC','FREE FORM',NULL,'PRODUCT',NULL,2,NULL,NULL,1,'2019-06-11 20:48:16','LIQUIBASE',1,'2019-06-11 20:48:16',NULL),('2412914e-b826-44b2-892d-97a960001871','1e43a152-f84f-4022-a2c6-0c66c86e9e70',NULL,'7e2ee239-da84-11e5-bc38-5c514f48b06a','EXTRACT1','Strain Name','strain_name',NULL,'Y','Y','N','Y',NULL,NULL,'ALPHANUMERIC','FREE FORM',NULL,'PRODUCT',NULL,2,NULL,NULL,1,'2019-06-11 20:48:16','LIQUIBASE',1,'2019-06-11 20:48:16',NULL),('246356a3-b113-450d-8cec-96f268c39b0a','1e43a152-f84f-4022-a2c6-0c66c86e9e70',NULL,'7e2b2130-da84-11e5-bc38-5c514f48b06a','FLOWER1','Hide Menu','hide_menu',NULL,'Y','Y','N','Y',NULL,NULL,'ALPHANUMERIC','TOGGLE',NULL,'MENU',NULL,15,NULL,NULL,1,'2010-01-01 00:00:00','LIQUIBASE',1,'2010-01-01 00:00:00',NULL),('2be2f799-6bc5-480e-b541-ef8667c4dc27','1e43a152-f84f-4022-a2c6-0c66c86e9e70',NULL,'7c5b8eb8-82ab-11e6-a87c-0862661081dd','PRE-ROLL1','Total Flower Weight (g)','total_flower_weight_g',NULL,'Y','Y','N','Y',NULL,NULL,'DECIMAL','FREE FORM',NULL,'PRODUCT',NULL,11,NULL,NULL,1,'2010-01-01 00:00:00','LIQUIBASE',1,'2010-01-01 00:00:00',NULL),('2be2f799-6bc5-480e-b541-ef8667c4dc28','1e43a152-f84f-4022-a2c6-0c66c86e9e70',NULL,'0986c2be-f816-11e8-9aaf-2621339c7881','BEV1','Total Flower Weight (g)','total_flower_weight_g',NULL,'Y','Y','N','Y',NULL,NULL,'DECIMAL','FREE FORM',NULL,'PRODUCT',NULL,11,NULL,NULL,1,'2010-01-01 00:00:00','LIQUIBASE',1,'2010-01-01 00:00:00',NULL),('3aefcf41-42a3-47da-b112-5fcd524cb1fa','1e43a152-f84f-4022-a2c6-0c66c86e9e70',NULL,'4028E43964FBA33F0164FBADCDB8000B','CBDNONCAN1','Hide Menu','hide_menu',NULL,'Y','Y','N','Y',NULL,NULL,'ALPHANUMERIC','TOGGLE',NULL,'MENU',NULL,15,NULL,NULL,1,'2010-01-01 00:00:00','LIQUIBASE',1,'2010-01-01 00:00:00',NULL),('48481970-51cb-11ea-9640-479b33305416','1e43a152-f84f-4022-a2c6-0c66c86e9e70',NULL,'8461ed42-c68f-11e8-b53e-42ecda81f548','NONINV1','Payment Fee Provider','payment_fee_provider',NULL,'Y','Y','N','N',NULL,NULL,'ALPHANUMERIC','PICK LIST',NULL,'PRODUCT',NULL,NULL,NULL,NULL,1,'2020-02-17 13:20:12','LIQUIBASE',1,'2020-02-17 13:20:12',NULL),('4aae82ae-297b-11e9-9322-5f3e17bc67d1','1e43a152-f84f-4022-a2c6-0c66c86e9e70',NULL,'8461ed42-c68f-11e8-b53e-42ecda81f548','NONINV1','UoM','uom',NULL,'Y','Y','N','Y',NULL,NULL,'ALPHABETS','PICK LIST',NULL,'PRODUCT',NULL,1,NULL,NULL,1,'2010-01-01 00:00:00','LIQUIBASE',1,'2010-01-01 00:00:00',NULL),('4aae82ae-297b-11e9-9322-5f3e17bc67d2','1e43a152-f84f-4022-a2c6-0c66c86e9e70',NULL,'8461ed42-c68f-11e8-b53e-42ecda81f548','NONINV1','Menu Title','menu_title',NULL,'Y','Y','N','Y',NULL,NULL,'ALPHANUMERIC','FREE FORM',NULL,'PRODUCT',NULL,5,NULL,NULL,1,'2010-01-01 00:00:00','LIQUIBASE',1,'2010-01-01 00:00:00',NULL),('4aae82c2-297b-11e9-9322-5f3e17bc67d1','1e43a152-f84f-4022-a2c6-0c66c86e9e70',NULL,'8461ed42-c68f-11e8-b53e-42ecda81f548','NONINV1','Cannabis','cannabis',NULL,'Y','Y','N','Y','false',NULL,'ALPHANUMERIC','TOGGLE',NULL,'PRODUCT',NULL,NULL,NULL,NULL,1,'2010-01-01 00:00:00','LIQUIBASE',1,'2010-01-01 00:00:00',NULL),('4aae82cc-297b-11e9-9322-5f3e17bc67d1','1e43a152-f84f-4022-a2c6-0c66c86e9e70',NULL,'8461ed42-c68f-11e8-b53e-42ecda81f548','NONINV1','Package Tracked','package_tracked',NULL,'Y','Y','N','Y','false',NULL,'ALPHABETS','TOGGLE',NULL,'PRODUCT',NULL,NULL,NULL,NULL,1,'2010-01-01 00:00:00','LIQUIBASE',1,'2010-01-01 00:00:00',NULL),('4aae82cc-297b-11e9-9322-5f3e17bc67d2','1e43a152-f84f-4022-a2c6-0c66c86e9e70',NULL,'8461ed42-c68f-11e8-b53e-42ecda81f548','NONINV1','Product Description','product_description',NULL,'Y','Y','N','Y',NULL,NULL,'ALPHANUMERIC','FREE FORM',NULL,'PRODUCT',NULL,4,NULL,NULL,1,'2010-01-01 00:00:00','LIQUIBASE',1,'2010-01-01 00:00:00',NULL),('4aae82cd-297b-11e9-9322-5f3e17bc67d1','1e43a152-f84f-4022-a2c6-0c66c86e9e70',NULL,'8461ed42-c68f-11e8-b53e-42ecda81f548','NONINV1','Name','name',NULL,'Y','N','Y','Y',NULL,NULL,'ALPHANUMERIC','FREE FORM',NULL,'PRODUCT',NULL,2,NULL,NULL,1,'2010-01-01 00:00:00','LIQUIBASE',1,'2010-01-01 00:00:00',NULL),('4aae82cd-297b-11e9-9322-5f3e17bc67d2','1e43a152-f84f-4022-a2c6-0c66c86e9e70',NULL,'8461ed42-c68f-11e8-b53e-42ecda81f548','NONINV1','Size','size',NULL,'Y','Y','N','Y',NULL,NULL,'DECIMAL','FREE FORM',NULL,'PRODUCT',NULL,3,NULL,NULL,1,'2010-01-01 00:00:00','LIQUIBASE',1,'2010-01-01 00:00:00',NULL),('4dfa1896-51cb-11ea-9640-479b33305416','1e43a152-f84f-4022-a2c6-0c66c86e9e70',NULL,'7e31e311-da84-11e5-bc38-5c514f48b06a','EDIBLE1','Amount','amount',NULL,'Y','N','N','Y',NULL,NULL,'DECIMAL','FREE FORM',NULL,'PRODUCT',NULL,6,NULL,NULL,1,'2010-01-01 00:00:00','LIQUIBASE',1,'2010-01-01 00:00:00',NULL),('4dfc72ee-51cb-11ea-9640-479b33305416','1e43a152-f84f-4022-a2c6-0c66c86e9e70',NULL,'7e34f465-da84-11e5-bc38-5c514f48b06a','PLANT1','Amount','amount',NULL,'Y','N','N','Y',NULL,NULL,'DECIMAL','FREE FORM',NULL,'PRODUCT',NULL,6,NULL,NULL,1,'2010-01-01 00:00:00','LIQUIBASE',1,'2010-01-01 00:00:00',NULL),('4e3aaf46-51cb-11ea-9640-479b33305416','1e43a152-f84f-4022-a2c6-0c66c86e9e70',NULL,'0986c2be-f816-11e8-9aaf-2621339c7881','BEV1','Gross Weight (g)','gross_weight_g',NULL,'Y','Y','N','Y',NULL,NULL,'DECIMAL','FREE FORM',NULL,'PRODUCT',NULL,14,1,NULL,1,'2010-01-01 00:00:00','LIQUIBASE',1,'2010-01-01 00:00:00',NULL),('4e3ab194-51cb-11ea-9640-479b33305416','1e43a152-f84f-4022-a2c6-0c66c86e9e70',NULL,'4028E43964FBA33F0164FBACE6C10009','PILLS1','Gross Weight (g)','gross_weight_g',NULL,'Y','Y','N','Y',NULL,NULL,'DECIMAL','FREE FORM',NULL,'PRODUCT',NULL,14,1,NULL,1,'2010-01-01 00:00:00','LIQUIBASE',1,'2010-01-01 00:00:00',NULL),('4e3abaa4-51cb-11ea-9640-479b33305416','1e43a152-f84f-4022-a2c6-0c66c86e9e70',NULL,'4028E43964FBA33F0164FBAE39A9000D','TINTURES1','Gross Weight (g)','gross_weight_g',NULL,'Y','Y','N','Y',NULL,NULL,'DECIMAL','FREE FORM',NULL,'PRODUCT',NULL,14,1,NULL,1,'2010-01-01 00:00:00','LIQUIBASE',1,'2010-01-01 00:00:00',NULL),('4e3abc66-51cb-11ea-9640-479b33305416','1e43a152-f84f-4022-a2c6-0c66c86e9e70',NULL,'7c5b3ad1-82ab-11e6-a87c-0862661081dd','CART1','Gross Weight (g)','gross_weight_g',NULL,'Y','Y','N','Y',NULL,NULL,'DECIMAL','FREE FORM',NULL,'PRODUCT',NULL,14,1,NULL,1,'2010-01-01 00:00:00','LIQUIBASE',1,'2010-01-01 00:00:00',NULL),('4e3abdec-51cb-11ea-9640-479b33305416','1e43a152-f84f-4022-a2c6-0c66c86e9e70',NULL,'7c5b706f-82ab-11e6-a87c-0862661081dd','MISC1','Gross Weight (g)','gross_weight_g',NULL,'Y','Y','N','Y',NULL,NULL,'DECIMAL','FREE FORM',NULL,'PRODUCT',NULL,14,1,NULL,1,'2010-01-01 00:00:00','LIQUIBASE',1,'2010-01-01 00:00:00',NULL),('4e3abedc-51cb-11ea-9640-479b33305416','1e43a152-f84f-4022-a2c6-0c66c86e9e70',NULL,'7c5b8eb8-82ab-11e6-a87c-0862661081dd','PRE-ROLL1','Gross Weight (g)','gross_weight_g',NULL,'Y','Y','N','Y',NULL,NULL,'DECIMAL','FREE FORM',NULL,'PRODUCT',NULL,14,1,NULL,1,'2010-01-01 00:00:00','LIQUIBASE',1,'2010-01-01 00:00:00',NULL),('4e3abf9a-51cb-11ea-9640-479b33305416','1e43a152-f84f-4022-a2c6-0c66c86e9e70',NULL,'7e2b2130-da84-11e5-bc38-5c514f48b06a','FLOWER1','Gross Weight (g)','gross_weight_g',NULL,'Y','Y','N','Y',NULL,NULL,'DECIMAL','FREE FORM',NULL,'PRODUCT',NULL,14,1,NULL,1,'2010-01-01 00:00:00','LIQUIBASE',1,'2010-01-01 00:00:00',NULL),('4e3ac058-51cb-11ea-9640-479b33305416','1e43a152-f84f-4022-a2c6-0c66c86e9e70',NULL,'7e2ee239-da84-11e5-bc38-5c514f48b06a','EXTRACT1','Gross Weight (g)','gross_weight_g',NULL,'Y','Y','N','Y',NULL,NULL,'DECIMAL','FREE FORM',NULL,'PRODUCT',NULL,14,1,NULL,1,'2010-01-01 00:00:00','LIQUIBASE',1,'2010-01-01 00:00:00',NULL),('4e3ac120-51cb-11ea-9640-479b33305416','1e43a152-f84f-4022-a2c6-0c66c86e9e70',NULL,'7e34f465-da84-11e5-bc38-5c514f48b06a','PLANT1','Gross Weight (g)','gross_weight_g',NULL,'Y','Y','N','Y',NULL,NULL,'DECIMAL','FREE FORM',NULL,'PRODUCT',NULL,14,1,NULL,1,'2010-01-01 00:00:00','LIQUIBASE',1,'2010-01-01 00:00:00',NULL),('4e3ac1e8-51cb-11ea-9640-479b33305416','1e43a152-f84f-4022-a2c6-0c66c86e9e70',NULL,'7e362cd7-ec92-11e5-a7c5-6c0b843dcc4d','TOPICAL1','Gross Weight (g)','gross_weight_g',NULL,'Y','Y','N','Y',NULL,NULL,'DECIMAL','FREE FORM',NULL,'PRODUCT',NULL,14,1,NULL,1,'2010-01-01 00:00:00','LIQUIBASE',1,'2010-01-01 00:00:00',NULL),('4e3cb6a6-51cb-11ea-9640-479b33305416','1e43a152-f84f-4022-a2c6-0c66c86e9e70',NULL,'0986c2be-f816-11e8-9aaf-2621339c7881','BEV1','Net Weight (g)','net_weight_g',NULL,'Y','Y','N','Y',NULL,NULL,'DECIMAL','FREE FORM',NULL,'PRODUCT',NULL,14,1,NULL,1,'2010-01-01 00:00:00','LIQUIBASE',1,'2010-01-01 00:00:00',NULL),('4e3cb8ea-51cb-11ea-9640-479b33305416','1e43a152-f84f-4022-a2c6-0c66c86e9e70',NULL,'4028E43964FBA33F0164FBACE6C10009','PILLS1','Net Weight (g)','net_weight_g',NULL,'Y','Y','N','Y',NULL,NULL,'DECIMAL','FREE FORM',NULL,'PRODUCT',NULL,14,1,NULL,1,'2010-01-01 00:00:00','LIQUIBASE',1,'2010-01-01 00:00:00',NULL),('4e3cb9c6-51cb-11ea-9640-479b33305416','1e43a152-f84f-4022-a2c6-0c66c86e9e70',NULL,'4028E43964FBA33F0164FBAE39A9000D','TINTURES1','Net Weight (g)','net_weight_g',NULL,'Y','Y','N','Y',NULL,NULL,'DECIMAL','FREE FORM',NULL,'PRODUCT',NULL,14,1,NULL,1,'2010-01-01 00:00:00','LIQUIBASE',1,'2010-01-01 00:00:00',NULL),('4e3cba98-51cb-11ea-9640-479b33305416','1e43a152-f84f-4022-a2c6-0c66c86e9e70',NULL,'7c5b3ad1-82ab-11e6-a87c-0862661081dd','CART1','Net Weight (g)','net_weight_g',NULL,'Y','Y','N','Y',NULL,NULL,'DECIMAL','FREE FORM',NULL,'PRODUCT',NULL,14,1,NULL,1,'2010-01-01 00:00:00','LIQUIBASE',1,'2010-01-01 00:00:00',NULL),('4e3cbb56-51cb-11ea-9640-479b33305416','1e43a152-f84f-4022-a2c6-0c66c86e9e70',NULL,'7c5b706f-82ab-11e6-a87c-0862661081dd','MISC1','Net Weight (g)','net_weight_g',NULL,'Y','Y','N','Y',NULL,NULL,'DECIMAL','FREE FORM',NULL,'PRODUCT',NULL,14,1,NULL,1,'2010-01-01 00:00:00','LIQUIBASE',1,'2010-01-01 00:00:00',NULL),('4e3cbc14-51cb-11ea-9640-479b33305416','1e43a152-f84f-4022-a2c6-0c66c86e9e70',NULL,'7c5b8eb8-82ab-11e6-a87c-0862661081dd','PRE-ROLL1','Net Weight (g)','net_weight_g',NULL,'Y','Y','N','Y',NULL,NULL,'DECIMAL','FREE FORM',NULL,'PRODUCT',NULL,14,1,NULL,1,'2010-01-01 00:00:00','LIQUIBASE',1,'2010-01-01 00:00:00',NULL),('4e3cbcd2-51cb-11ea-9640-479b33305416','1e43a152-f84f-4022-a2c6-0c66c86e9e70',NULL,'7e2b2130-da84-11e5-bc38-5c514f48b06a','FLOWER1','Net Weight (g)','net_weight_g',NULL,'Y','Y','N','Y',NULL,NULL,'DECIMAL','FREE FORM',NULL,'PRODUCT',NULL,14,1,NULL,1,'2010-01-01 00:00:00','LIQUIBASE',1,'2010-01-01 00:00:00',NULL),('4e3cbd7c-51cb-11ea-9640-479b33305416','1e43a152-f84f-4022-a2c6-0c66c86e9e70',NULL,'7e2ee239-da84-11e5-bc38-5c514f48b06a','EXTRACT1','Net Weight (g)','net_weight_g',NULL,'Y','Y','N','Y',NULL,NULL,'DECIMAL','FREE FORM',NULL,'PRODUCT',NULL,14,1,NULL,1,'2010-01-01 00:00:00','LIQUIBASE',1,'2010-01-01 00:00:00',NULL),('4e3cbed0-51cb-11ea-9640-479b33305416','1e43a152-f84f-4022-a2c6-0c66c86e9e70',NULL,'7e34f465-da84-11e5-bc38-5c514f48b06a','PLANT1','Net Weight (g)','net_weight_g',NULL,'Y','Y','N','Y',NULL,NULL,'DECIMAL','FREE FORM',NULL,'PRODUCT',NULL,14,1,NULL,1,'2010-01-01 00:00:00','LIQUIBASE',1,'2010-01-01 00:00:00',NULL),('4e3cbfb6-51cb-11ea-9640-479b33305416','1e43a152-f84f-4022-a2c6-0c66c86e9e70',NULL,'7e362cd7-ec92-11e5-a7c5-6c0b843dcc4d','TOPICAL1','Net Weight (g)','net_weight_g',NULL,'Y','Y','N','Y',NULL,NULL,'DECIMAL','FREE FORM',NULL,'PRODUCT',NULL,14,1,NULL,1,'2010-01-01 00:00:00','LIQUIBASE',1,'2010-01-01 00:00:00',NULL),('5ea069a2-51cb-11ea-9640-479b33305416','1e43a152-f84f-4022-a2c6-0c66c86e9e70',NULL,'7c5b3ad1-82ab-11e6-a87c-0862661081dd','CART1','Inherit from Inventory','inherit_lab_data',NULL,'Y','Y','N','Y','1',NULL,'ALPHANUMERIC','TOGGLE',NULL,'PRODUCT',NULL,NULL,NULL,NULL,1,'2020-02-17 13:20:49','LIQUIBASE',1,'2020-02-17 13:20:49',NULL),('5ea07fb4-51cb-11ea-9640-479b33305416','1e43a152-f84f-4022-a2c6-0c66c86e9e70',NULL,'7c5b8eb8-82ab-11e6-a87c-0862661081dd','PRE-ROLL1','Inherit from Inventory','inherit_lab_data',NULL,'Y','Y','N','Y','1',NULL,'ALPHANUMERIC','TOGGLE',NULL,'PRODUCT',NULL,NULL,NULL,NULL,1,'2020-02-17 13:20:49','LIQUIBASE',1,'2020-02-17 13:20:49',NULL),('5ea08b12-51cb-11ea-9640-479b33305416','1e43a152-f84f-4022-a2c6-0c66c86e9e70',NULL,'7e2b2130-da84-11e5-bc38-5c514f48b06a','FLOWER1','Inherit from Inventory','inherit_lab_data',NULL,'Y','Y','N','Y','1',NULL,'ALPHANUMERIC','TOGGLE',NULL,'PRODUCT',NULL,NULL,NULL,NULL,1,'2020-02-17 13:20:49','LIQUIBASE',1,'2020-02-17 13:20:49',NULL),('5ea09224-51cb-11ea-9640-479b33305416','1e43a152-f84f-4022-a2c6-0c66c86e9e70',NULL,'7e2ee239-da84-11e5-bc38-5c514f48b06a','EXTRACT1','Inherit from Inventory','inherit_lab_data',NULL,'Y','Y','N','Y','1',NULL,'ALPHANUMERIC','TOGGLE',NULL,'PRODUCT',NULL,NULL,NULL,NULL,1,'2020-02-17 13:20:49','LIQUIBASE',1,'2020-02-17 13:20:49',NULL),('5ea302ac-51cb-11ea-9640-479b33305416','1e43a152-f84f-4022-a2c6-0c66c86e9e70',NULL,'0986c2be-f816-11e8-9aaf-2621339c7881','BEV1','Inherit from Inventory','inherit_lab_data',NULL,'Y','Y','N','Y','0',NULL,'ALPHANUMERIC','TOGGLE',NULL,'PRODUCT',NULL,NULL,NULL,NULL,1,'2020-02-17 13:20:49','LIQUIBASE',1,'2020-02-17 13:20:49',NULL),('5ea30554-51cb-11ea-9640-479b33305416','1e43a152-f84f-4022-a2c6-0c66c86e9e70',NULL,'4028E43964FBA33F0164FBACE6C10009','PILLS1','Inherit from Inventory','inherit_lab_data',NULL,'Y','Y','N','Y','0',NULL,'ALPHANUMERIC','TOGGLE',NULL,'PRODUCT',NULL,NULL,NULL,NULL,1,'2020-02-17 13:20:49','LIQUIBASE',1,'2020-02-17 13:20:49',NULL),('5ea30644-51cb-11ea-9640-479b33305416','1e43a152-f84f-4022-a2c6-0c66c86e9e70',NULL,'4028E43964FBA33F0164FBADCDB8000B','CBDNONCAN1','Inherit from Inventory','inherit_lab_data',NULL,'Y','Y','N','Y','0',NULL,'ALPHANUMERIC','TOGGLE',NULL,'PRODUCT',NULL,NULL,NULL,NULL,1,'2020-02-17 13:20:49','LIQUIBASE',1,'2020-02-17 13:20:49',NULL),('5ea30716-51cb-11ea-9640-479b33305416','1e43a152-f84f-4022-a2c6-0c66c86e9e70',NULL,'4028E43964FBA33F0164FBAE39A9000D','TINTURES1','Inherit from Inventory','inherit_lab_data',NULL,'Y','Y','N','Y','0',NULL,'ALPHANUMERIC','TOGGLE',NULL,'PRODUCT',NULL,NULL,NULL,NULL,1,'2020-02-17 13:20:49','LIQUIBASE',1,'2020-02-17 13:20:49',NULL),('5ea307e8-51cb-11ea-9640-479b33305416','1e43a152-f84f-4022-a2c6-0c66c86e9e70',NULL,'7c5b706f-82ab-11e6-a87c-0862661081dd','MISC1','Inherit from Inventory','inherit_lab_data',NULL,'Y','Y','N','Y','0',NULL,'ALPHANUMERIC','TOGGLE',NULL,'PRODUCT',NULL,NULL,NULL,NULL,1,'2020-02-17 13:20:49','LIQUIBASE',1,'2020-02-17 13:20:49',NULL),('5ea308c4-51cb-11ea-9640-479b33305416','1e43a152-f84f-4022-a2c6-0c66c86e9e70',NULL,'7e31e311-da84-11e5-bc38-5c514f48b06a','EDIBLE1','Inherit from Inventory','inherit_lab_data',NULL,'Y','Y','N','Y','0',NULL,'ALPHANUMERIC','TOGGLE',NULL,'PRODUCT',NULL,NULL,NULL,NULL,1,'2020-02-17 13:20:49','LIQUIBASE',1,'2020-02-17 13:20:49',NULL),('5ea3098c-51cb-11ea-9640-479b33305416','1e43a152-f84f-4022-a2c6-0c66c86e9e70',NULL,'7e34f465-da84-11e5-bc38-5c514f48b06a','PLANT1','Inherit from Inventory','inherit_lab_data',NULL,'Y','Y','N','Y','0',NULL,'ALPHANUMERIC','TOGGLE',NULL,'PRODUCT',NULL,NULL,NULL,NULL,1,'2020-02-17 13:20:49','LIQUIBASE',1,'2020-02-17 13:20:49',NULL),('5ea30a5e-51cb-11ea-9640-479b33305416','1e43a152-f84f-4022-a2c6-0c66c86e9e70',NULL,'7e362cd7-ec92-11e5-a7c5-6c0b843dcc4d','TOPICAL1','Inherit from Inventory','inherit_lab_data',NULL,'Y','Y','N','Y','0',NULL,'ALPHANUMERIC','TOGGLE',NULL,'PRODUCT',NULL,NULL,NULL,NULL,1,'2020-02-17 13:20:49','LIQUIBASE',1,'2020-02-17 13:20:49',NULL),('5ea30b26-51cb-11ea-9640-479b33305416','1e43a152-f84f-4022-a2c6-0c66c86e9e70',NULL,'7e37edd2-da84-11e5-bc38-5c514f48b06a','NONCANNABIS1','Inherit from Inventory','inherit_lab_data',NULL,'Y','Y','N','Y','0',NULL,'ALPHANUMERIC','TOGGLE',NULL,'PRODUCT',NULL,NULL,NULL,NULL,1,'2020-02-17 13:20:49','LIQUIBASE',1,'2020-02-17 13:20:49',NULL),('5ea30bee-51cb-11ea-9640-479b33305416','1e43a152-f84f-4022-a2c6-0c66c86e9e70',NULL,'8461ed42-c68f-11e8-b53e-42ecda81f548','NONINV1','Inherit from Inventory','inherit_lab_data',NULL,'Y','Y','N','Y','0',NULL,'ALPHANUMERIC','TOGGLE',NULL,'PRODUCT',NULL,NULL,NULL,NULL,1,'2020-02-17 13:20:49','LIQUIBASE',1,'2020-02-17 13:20:49',NULL),('5eab85d0-51cb-11ea-9640-479b33305416','1e43a152-f84f-4022-a2c6-0c66c86e9e70',NULL,'7c5b8eb8-82ab-11e6-a87c-0862661081dd','PRE-ROLL1','Inherit from Inventory','inherit_lab_data',NULL,'Y','Y','N','Y','0',NULL,'ALPHANUMERIC','TOGGLE',NULL,'PRODUCT',NULL,NULL,NULL,1,1,'2020-02-17 13:20:49','LIQUIBASE',1,'2020-02-17 13:20:49',NULL),('6318b43c-a758-48e0-bea9-da6091b10294','1e43a152-f84f-4022-a2c6-0c66c86e9e70',NULL,'7e362cd7-ec92-11e5-a7c5-6c0b843dcc4d','TOPICAL1','Hide Menu','hide_menu',NULL,'Y','Y','N','Y',NULL,NULL,'ALPHANUMERIC','TOGGLE',NULL,'MENU',NULL,15,NULL,NULL,1,'2010-01-01 00:00:00','LIQUIBASE',1,'2010-01-01 00:00:00',NULL),('6892aae9-1d31-4de4-af52-7822027d151f','1e43a152-f84f-4022-a2c6-0c66c86e9e70',NULL,'7c5b706f-82ab-11e6-a87c-0862661081dd','MISC1','Hide Menu','hide_menu',NULL,'Y','Y','N','Y',NULL,NULL,'ALPHANUMERIC','TOGGLE',NULL,'MENU',NULL,15,NULL,NULL,1,'2010-01-01 00:00:00','LIQUIBASE',1,'2010-01-01 00:00:00',NULL),('6921cbce-6dc8-4425-a98d-c917ba69a4e8','1e43a152-f84f-4022-a2c6-0c66c86e9e70',NULL,'7e362cd7-ec92-11e5-a7c5-6c0b843dcc4d','TOPICAL1','Total Flower Weight (g)','total_flower_weight_g',NULL,'Y','Y','N','Y',NULL,NULL,'DECIMAL','FREE FORM',NULL,'PRODUCT',NULL,11,NULL,NULL,1,'2010-01-01 00:00:00','LIQUIBASE',1,'2010-01-01 00:00:00',NULL),('69d8512e-fd88-11e8-814d-afed9526fa74','1e43a152-f84f-4022-a2c6-0c66c86e9e70',NULL,'0986c2be-f816-11e8-9aaf-2621339c7881','BEV1','Subtype','subtype',NULL,'Y','N','N','Y',NULL,NULL,'ALPHABETS','PICK LIST',NULL,'PRODUCT',NULL,1,1,NULL,1,'2010-01-01 00:00:00','LIQUIBASE',1,'2010-01-01 00:00:00',NULL),('69d852e6-fd88-11e8-814d-afed9526fa74','1e43a152-f84f-4022-a2c6-0c66c86e9e70',NULL,'0986c2be-f816-11e8-9aaf-2621339c7881','BEV1','UoM','uom',NULL,'Y','N','N','Y',NULL,NULL,'ALPHABETS','PICK LIST',NULL,'PRODUCT',NULL,7,NULL,NULL,1,'2010-01-01 00:00:00','LIQUIBASE',1,'2010-01-01 00:00:00',NULL),('69d85412-fd88-11e8-814d-afed9526fa74','1e43a152-f84f-4022-a2c6-0c66c86e9e70',NULL,'0986c2be-f816-11e8-9aaf-2621339c7881','BEV1','Form','form',NULL,'Y','Y','N','Y',NULL,NULL,'ALPHABETS','PICK LIST',NULL,'PRODUCT',NULL,NULL,NULL,NULL,1,'2010-01-01 00:00:00','LIQUIBASE',1,'2010-01-01 00:00:00',NULL),('69d85552-fd88-11e8-814d-afed9526fa74','1e43a152-f84f-4022-a2c6-0c66c86e9e70',NULL,'0986c2be-f816-11e8-9aaf-2621339c7881','BEV1','Cannabis','cannabis',NULL,'Y','Y','N','Y','true',NULL,'ALPHANUMERIC','TOGGLE',NULL,'PRODUCT',NULL,NULL,NULL,NULL,1,'2010-01-01 00:00:00','LIQUIBASE',1,'2010-01-01 00:00:00',NULL),('69d85656-fd88-11e8-814d-afed9526fa74','1e43a152-f84f-4022-a2c6-0c66c86e9e70',NULL,'0986c2be-f816-11e8-9aaf-2621339c7881','BEV1','Package Tracked','package_tracked',NULL,'Y','Y','N','Y','true',NULL,'ALPHABETS','TOGGLE',NULL,'PRODUCT',NULL,NULL,NULL,NULL,1,'2010-01-01 00:00:00','LIQUIBASE',1,'2010-01-01 00:00:00',NULL),('69d8573c-fd88-11e8-814d-afed9526fa74','1e43a152-f84f-4022-a2c6-0c66c86e9e70',NULL,'0986c2be-f816-11e8-9aaf-2621339c7881','BEV1','Name','name',NULL,'Y','N','Y','Y',NULL,NULL,'ALPHANUMERIC','FREE FORM',NULL,'PRODUCT',NULL,2,NULL,NULL,1,'2010-01-01 00:00:00','LIQUIBASE',1,'2010-01-01 00:00:00',NULL),('69d8587c-fd88-11e8-814d-afed9526fa74','1e43a152-f84f-4022-a2c6-0c66c86e9e70',NULL,'0986c2be-f816-11e8-9aaf-2621339c7881','BEV1','Strain','strain',NULL,'Y','Y','N','Y',NULL,NULL,'ALPHANUMERIC','FREE FORM',NULL,'PRODUCT',NULL,NULL,NULL,NULL,1,'2010-01-01 00:00:00','LIQUIBASE',1,'2010-01-01 00:00:00',NULL),('69d8596c-fd88-11e8-814d-afed9526fa74','1e43a152-f84f-4022-a2c6-0c66c86e9e70',NULL,'0986c2be-f816-11e8-9aaf-2621339c7881','BEV1','Brand','brand',NULL,'Y','N','N','Y',NULL,NULL,'ALPHANUMERIC','FREE FORM',NULL,'PRODUCT',NULL,4,NULL,NULL,1,'2010-01-01 00:00:00','LIQUIBASE',1,'2010-01-01 00:00:00',NULL),('69d85ade-fd88-11e8-814d-afed9526fa74','1e43a152-f84f-4022-a2c6-0c66c86e9e70',NULL,'0986c2be-f816-11e8-9aaf-2621339c7881','BEV1','Amount','amount',NULL,'Y','N','N','Y',NULL,NULL,'DECIMAL','FREE FORM',NULL,'PRODUCT',NULL,6,NULL,NULL,1,'2010-01-01 00:00:00','LIQUIBASE',1,'2010-01-01 00:00:00',NULL),('69d85c82-fd88-11e8-814d-afed9526fa74','1e43a152-f84f-4022-a2c6-0c66c86e9e70',NULL,'0986c2be-f816-11e8-9aaf-2621339c7881','BEV1','Total Mg THC','total_mg_thc',NULL,'Y','N','Y','Y',NULL,NULL,'DECIMAL','FREE FORM',NULL,'PRODUCT',NULL,8,NULL,NULL,1,'2010-01-01 00:00:00','LIQUIBASE',1,'2010-01-01 00:00:00',NULL),('69d85d4a-fd88-11e8-814d-afed9526fa74','1e43a152-f84f-4022-a2c6-0c66c86e9e70',NULL,'0986c2be-f816-11e8-9aaf-2621339c7881','BEV1','Classification','classification',NULL,'Y','N','N','Y',NULL,NULL,'ALPHABETS','PICK LIST',NULL,'PRODUCT',NULL,5,NULL,NULL,1,'2010-01-01 00:00:00','LIQUIBASE',1,'2010-01-01 00:00:00',NULL),('69d85e12-fd88-11e8-814d-afed9526fa74','1e43a152-f84f-4022-a2c6-0c66c86e9e70',NULL,'0986c2be-f816-11e8-9aaf-2621339c7881','BEV1','Doses','doses',NULL,'Y','N','N','Y',NULL,NULL,'DECIMAL','FREE FORM',NULL,'PRODUCT',NULL,11,NULL,NULL,1,'2010-01-01 00:00:00','LIQUIBASE',1,'2010-01-01 00:00:00',NULL),('69d85eda-fd88-11e8-814d-afed9526fa74','1e43a152-f84f-4022-a2c6-0c66c86e9e70',NULL,'0986c2be-f816-11e8-9aaf-2621339c7881','BEV1','Mg per Dose','mg_per_dose',NULL,'Y','N','N','Y',NULL,NULL,'DECIMAL','FREE FORM',NULL,'PRODUCT',NULL,12,NULL,NULL,1,'2010-01-01 00:00:00','LIQUIBASE',1,'2010-01-01 00:00:00',NULL),('69d85fa2-fd88-11e8-814d-afed9526fa74','1e43a152-f84f-4022-a2c6-0c66c86e9e70',NULL,'0986c2be-f816-11e8-9aaf-2621339c7881','BEV1','Medium','medium',NULL,'Y','Y','N','Y',NULL,NULL,'ALPHANUMERIC','PICK LIST',NULL,'PRODUCT',NULL,NULL,NULL,NULL,1,'2010-01-01 00:00:00','LIQUIBASE',1,'2010-01-01 00:00:00',NULL),('69d8606a-fd88-11e8-814d-afed9526fa74','1e43a152-f84f-4022-a2c6-0c66c86e9e70',NULL,'0986c2be-f816-11e8-9aaf-2621339c7881','BEV1','External ID','external_id',NULL,'Y','N','N','Y',NULL,NULL,'ALPHANUMERIC','FREE FORM',NULL,'PRODUCT',NULL,14,NULL,NULL,1,'2010-01-01 00:00:00','LIQUIBASE',1,'2010-01-01 00:00:00',NULL),('69d87fe6-fd88-11e8-814d-afed9526fa74','1e43a152-f84f-4022-a2c6-0c66c86e9e70',NULL,'0986c2be-f816-11e8-9aaf-2621339c7881','BEV1','CBD THC Ratio','cbd_thc_ratio',NULL,'Y','Y','N','Y',NULL,NULL,'DECIMAL','FREE FORM',NULL,'LAB RESULTS',NULL,NULL,NULL,NULL,1,'2010-01-01 00:00:00','LIQUIBASE',1,'2010-01-01 00:00:00',NULL),('69d88612-fd88-11e8-814d-afed9526fa74','1e43a152-f84f-4022-a2c6-0c66c86e9e70',NULL,'0986c2be-f816-11e8-9aaf-2621339c7881','BEV1','Product Description','product_description',NULL,'Y','Y','N','Y',NULL,NULL,'ALPHANUMERIC','FREE FORM',NULL,'MENU',NULL,NULL,NULL,NULL,1,'2010-01-01 00:00:00','LIQUIBASE',1,'2010-01-01 00:00:00',NULL),('69d88d60-fd88-11e8-814d-afed9526fa74','1e43a152-f84f-4022-a2c6-0c66c86e9e70',NULL,'0986c2be-f816-11e8-9aaf-2621339c7881','BEV1','Manufacturer Barcode','manufacturer_barcode',NULL,'Y','N','N','Y',NULL,NULL,'ALPHANUMERIC','FREE FORM',NULL,'MENU',NULL,NULL,NULL,NULL,1,'2010-01-01 00:00:00','LIQUIBASE',1,'2010-01-01 00:00:00',NULL),('69d8b718-fd88-11e8-814d-afed9526fa74','1e43a152-f84f-4022-a2c6-0c66c86e9e70',NULL,'7c5b3ad1-82ab-11e6-a87c-0862661081dd','CART1','Subtype','subtype',NULL,'Y','N','N','Y',NULL,NULL,'ALPHABETS','PICK LIST',NULL,'PRODUCT',NULL,1,1,NULL,1,'2010-01-01 00:00:00','LIQUIBASE',1,'2010-01-01 00:00:00',NULL),('69d8b7f4-fd88-11e8-814d-afed9526fa74','1e43a152-f84f-4022-a2c6-0c66c86e9e70',NULL,'7c5b3ad1-82ab-11e6-a87c-0862661081dd','CART1','UoM','uom',NULL,'Y','N','Y','Y','GRAMS',NULL,'ALPHABETS','PICK LIST',NULL,'PRODUCT',NULL,7,NULL,NULL,1,'2010-01-01 00:00:00','LIQUIBASE',1,'2010-01-01 00:00:00',NULL),('69d8b8bc-fd88-11e8-814d-afed9526fa74','1e43a152-f84f-4022-a2c6-0c66c86e9e70',NULL,'7c5b3ad1-82ab-11e6-a87c-0862661081dd','CART1','Extraction Method','extraction_method',NULL,'Y','N','N','Y',NULL,NULL,'ALPHABETS','PICK LIST',NULL,'PRODUCT',NULL,9,NULL,NULL,1,'2010-01-01 00:00:00','LIQUIBASE',1,'2010-01-01 00:00:00',NULL),('69d8b984-fd88-11e8-814d-afed9526fa74','1e43a152-f84f-4022-a2c6-0c66c86e9e70',NULL,'7c5b3ad1-82ab-11e6-a87c-0862661081dd','CART1','Cannabis','cannabis',NULL,'Y','Y','N','Y','true',NULL,'ALPHANUMERIC','TOGGLE',NULL,'PRODUCT',NULL,NULL,NULL,NULL,1,'2010-01-01 00:00:00','LIQUIBASE',1,'2010-01-01 00:00:00',NULL),('69d8ba6a-fd88-11e8-814d-afed9526fa74','1e43a152-f84f-4022-a2c6-0c66c86e9e70',NULL,'7c5b3ad1-82ab-11e6-a87c-0862661081dd','CART1','Package Tracked','package_tracked',NULL,'Y','Y','N','Y','true',NULL,'ALPHABETS','TOGGLE',NULL,'PRODUCT',NULL,NULL,NULL,NULL,1,'2010-01-01 00:00:00','LIQUIBASE',1,'2010-01-01 00:00:00',NULL),('69d8bb3c-fd88-11e8-814d-afed9526fa74','1e43a152-f84f-4022-a2c6-0c66c86e9e70',NULL,'7c5b3ad1-82ab-11e6-a87c-0862661081dd','CART1','Name','name',NULL,'Y','N','Y','Y',NULL,NULL,'ALPHANUMERIC','FREE FORM',NULL,'PRODUCT',NULL,2,NULL,NULL,1,'2010-01-01 00:00:00','LIQUIBASE',1,'2010-01-01 00:00:00',NULL),('69d8bc04-fd88-11e8-814d-afed9526fa74','1e43a152-f84f-4022-a2c6-0c66c86e9e70',NULL,'7c5b3ad1-82ab-11e6-a87c-0862661081dd','CART1','Strain','strain',NULL,'Y','Y','N','Y',NULL,NULL,'ALPHANUMERIC','FREE FORM',NULL,'PRODUCT',NULL,NULL,NULL,NULL,1,'2010-01-01 00:00:00','LIQUIBASE',1,'2010-01-01 00:00:00',NULL),('69d8bcd6-fd88-11e8-814d-afed9526fa74','1e43a152-f84f-4022-a2c6-0c66c86e9e70',NULL,'7c5b3ad1-82ab-11e6-a87c-0862661081dd','CART1','Brand','brand',NULL,'Y','N','N','Y',NULL,NULL,'ALPHANUMERIC','FREE FORM',NULL,'PRODUCT',NULL,4,NULL,NULL,1,'2010-01-01 00:00:00','LIQUIBASE',1,'2010-01-01 00:00:00',NULL),('69d8bd9e-fd88-11e8-814d-afed9526fa74','1e43a152-f84f-4022-a2c6-0c66c86e9e70',NULL,'7c5b3ad1-82ab-11e6-a87c-0862661081dd','CART1','Amount','amount',NULL,'Y','N','Y','Y',NULL,NULL,'DECIMAL','FREE FORM',NULL,'PRODUCT',NULL,6,NULL,NULL,1,'2010-01-01 00:00:00','LIQUIBASE',1,'2010-01-01 00:00:00',NULL),('69d8bf24-fd88-11e8-814d-afed9526fa74','1e43a152-f84f-4022-a2c6-0c66c86e9e70',NULL,'7c5b3ad1-82ab-11e6-a87c-0862661081dd','CART1','Total Mg THC','total_mg_thc',NULL,'Y','N','N','Y',NULL,NULL,'DECIMAL','FREE FORM',NULL,'PRODUCT',NULL,8,NULL,NULL,1,'2010-01-01 00:00:00','LIQUIBASE',1,'2010-01-01 00:00:00',NULL),('69d8c10e-fd88-11e8-814d-afed9526fa74','1e43a152-f84f-4022-a2c6-0c66c86e9e70',NULL,'7c5b3ad1-82ab-11e6-a87c-0862661081dd','CART1','Classification','classification',NULL,'Y','N','N','Y',NULL,NULL,'ALPHABETS','PICK LIST',NULL,'PRODUCT',NULL,5,NULL,NULL,1,'2010-01-01 00:00:00','LIQUIBASE',1,'2010-01-01 00:00:00',NULL),('69d8c28a-fd88-11e8-814d-afed9526fa74','1e43a152-f84f-4022-a2c6-0c66c86e9e70',NULL,'7c5b3ad1-82ab-11e6-a87c-0862661081dd','CART1','Doses','doses',NULL,'Y','Y','N','Y',NULL,NULL,'DECIMAL','FREE FORM',NULL,'PRODUCT',NULL,11,NULL,NULL,1,'2010-01-01 00:00:00','LIQUIBASE',1,'2010-01-01 00:00:00',NULL),('69d8c7c6-fd88-11e8-814d-afed9526fa74','1e43a152-f84f-4022-a2c6-0c66c86e9e70',NULL,'7c5b3ad1-82ab-11e6-a87c-0862661081dd','CART1','Mg per Dose','mg_per_dose',NULL,'Y','Y','N','Y',NULL,NULL,'DECIMAL','FREE FORM',NULL,'PRODUCT',NULL,12,NULL,NULL,1,'2010-01-01 00:00:00','LIQUIBASE',1,'2010-01-01 00:00:00',NULL),('69d8ca14-fd88-11e8-814d-afed9526fa74','1e43a152-f84f-4022-a2c6-0c66c86e9e70',NULL,'7c5b3ad1-82ab-11e6-a87c-0862661081dd','CART1','Medium','medium',NULL,'Y','Y','N','Y',NULL,NULL,'ALPHANUMERIC','PICK LIST',NULL,'PRODUCT',NULL,NULL,NULL,NULL,1,'2010-01-01 00:00:00','LIQUIBASE',1,'2010-01-01 00:00:00',NULL),('69d8cb36-fd88-11e8-814d-afed9526fa74','1e43a152-f84f-4022-a2c6-0c66c86e9e70',NULL,'7c5b3ad1-82ab-11e6-a87c-0862661081dd','CART1','External ID','external_id',NULL,'Y','N','N','Y',NULL,NULL,'ALPHANUMERIC','FREE FORM',NULL,'PRODUCT',NULL,14,NULL,NULL,1,'2010-01-01 00:00:00','LIQUIBASE',1,'2010-01-01 00:00:00',NULL),('69d8cc12-fd88-11e8-814d-afed9526fa74','1e43a152-f84f-4022-a2c6-0c66c86e9e70',NULL,'7c5b3ad1-82ab-11e6-a87c-0862661081dd','CART1','CBD THC Ratio','cbd_thc_ratio',NULL,'Y','Y','N','Y',NULL,NULL,'DECIMAL','FREE FORM',NULL,'PRODUCT',NULL,NULL,NULL,NULL,1,'2010-01-01 00:00:00','LIQUIBASE',1,'2010-01-01 00:00:00',NULL),('69d8d068-fd88-11e8-814d-afed9526fa74','1e43a152-f84f-4022-a2c6-0c66c86e9e70',NULL,'7c5b3ad1-82ab-11e6-a87c-0862661081dd','CART1','Product Description','product_description',NULL,'Y','Y','N','Y',NULL,NULL,'ALPHANUMERIC','FREE FORM',NULL,'PRODUCT',NULL,NULL,NULL,NULL,1,'2010-01-01 00:00:00','LIQUIBASE',1,'2010-01-01 00:00:00',NULL),('69d8e4a4-fd88-11e8-814d-afed9526fa74','1e43a152-f84f-4022-a2c6-0c66c86e9e70',NULL,'4028E43964FBA33F0164FBADCDB8000B','CBDNONCAN1','Subtype','subtype',NULL,'Y','N','N','Y',NULL,NULL,'ALPHABETS','PICK LIST',NULL,'PRODUCT',NULL,1,1,NULL,1,'2010-01-01 00:00:00','LIQUIBASE',1,'2010-01-01 00:00:00',NULL),('69d8e58a-fd88-11e8-814d-afed9526fa74','1e43a152-f84f-4022-a2c6-0c66c86e9e70',NULL,'4028E43964FBA33F0164FBADCDB8000B','CBDNONCAN1','UoM','uom',NULL,'Y','N','N','Y',NULL,NULL,'ALPHABETS','PICK LIST',NULL,'PRODUCT',NULL,7,NULL,NULL,1,'2010-01-01 00:00:00','LIQUIBASE',1,'2010-01-01 00:00:00',NULL),('69d8e864-fd88-11e8-814d-afed9526fa74','1e43a152-f84f-4022-a2c6-0c66c86e9e70',NULL,'4028E43964FBA33F0164FBADCDB8000B','CBDNONCAN1','Form','form',NULL,'Y','Y','N','Y',NULL,NULL,'ALPHABETS','PICK LIST',NULL,'PRODUCT',NULL,NULL,NULL,NULL,1,'2010-01-01 00:00:00','LIQUIBASE',1,'2010-01-01 00:00:00',NULL),('69d8e940-fd88-11e8-814d-afed9526fa74','1e43a152-f84f-4022-a2c6-0c66c86e9e70',NULL,'4028E43964FBA33F0164FBADCDB8000B','CBDNONCAN1','Cannabis','cannabis',NULL,'Y','Y','N','Y','false',NULL,'ALPHANUMERIC','TOGGLE',NULL,'PRODUCT',NULL,NULL,NULL,NULL,1,'2010-01-01 00:00:00','LIQUIBASE',1,'2010-01-01 00:00:00',NULL),('69d8ea1c-fd88-11e8-814d-afed9526fa74','1e43a152-f84f-4022-a2c6-0c66c86e9e70',NULL,'4028E43964FBA33F0164FBADCDB8000B','CBDNONCAN1','Package Tracked','package_tracked',NULL,'Y','Y','N','Y','false',NULL,'ALPHABETS','TOGGLE',NULL,'PRODUCT',NULL,NULL,NULL,NULL,1,'2010-01-01 00:00:00','LIQUIBASE',1,'2010-01-01 00:00:00',NULL),('69d8eae4-fd88-11e8-814d-afed9526fa74','1e43a152-f84f-4022-a2c6-0c66c86e9e70',NULL,'4028E43964FBA33F0164FBADCDB8000B','CBDNONCAN1','Name','name',NULL,'Y','N','Y','Y',NULL,NULL,'ALPHANUMERIC','FREE FORM',NULL,'PRODUCT',NULL,2,NULL,NULL,1,'2010-01-01 00:00:00','LIQUIBASE',1,'2010-01-01 00:00:00',NULL),('69d8ebb6-fd88-11e8-814d-afed9526fa74','1e43a152-f84f-4022-a2c6-0c66c86e9e70',NULL,'4028E43964FBA33F0164FBADCDB8000B','CBDNONCAN1','Strain','strain',NULL,'Y','Y','N','Y',NULL,NULL,'ALPHANUMERIC','FREE FORM',NULL,'PRODUCT',NULL,NULL,NULL,NULL,1,'2010-01-01 00:00:00','LIQUIBASE',1,'2010-01-01 00:00:00',NULL),('69d8ec74-fd88-11e8-814d-afed9526fa74','1e43a152-f84f-4022-a2c6-0c66c86e9e70',NULL,'4028E43964FBA33F0164FBADCDB8000B','CBDNONCAN1','Brand','brand',NULL,'Y','N','N','Y',NULL,NULL,'ALPHANUMERIC','FREE FORM',NULL,'PRODUCT',NULL,4,NULL,NULL,1,'2010-01-01 00:00:00','LIQUIBASE',1,'2010-01-01 00:00:00',NULL),('69d8ed46-fd88-11e8-814d-afed9526fa74','1e43a152-f84f-4022-a2c6-0c66c86e9e70',NULL,'4028E43964FBA33F0164FBADCDB8000B','CBDNONCAN1','Amount','amount',NULL,'Y','N','N','Y',NULL,NULL,'DECIMAL','FREE FORM',NULL,'PRODUCT',NULL,6,NULL,NULL,1,'2010-01-01 00:00:00','LIQUIBASE',1,'2010-01-01 00:00:00',NULL),('69d8eee0-fd88-11e8-814d-afed9526fa74','1e43a152-f84f-4022-a2c6-0c66c86e9e70',NULL,'4028E43964FBA33F0164FBADCDB8000B','CBDNONCAN1','Total Mg THC','total_mg_thc',NULL,'Y','Y','N','Y',NULL,NULL,'DECIMAL','FREE FORM',NULL,'PRODUCT',NULL,8,NULL,NULL,1,'2010-01-01 00:00:00','LIQUIBASE',1,'2010-01-01 00:00:00',NULL),('69d8efa8-fd88-11e8-814d-afed9526fa74','1e43a152-f84f-4022-a2c6-0c66c86e9e70',NULL,'4028E43964FBA33F0164FBADCDB8000B','CBDNONCAN1','Classification','classification',NULL,'Y','N','N','Y',NULL,NULL,'ALPHABETS','PICK LIST',NULL,'PRODUCT',NULL,5,NULL,NULL,1,'2010-01-01 00:00:00','LIQUIBASE',1,'2010-01-01 00:00:00',NULL),('69d8f066-fd88-11e8-814d-afed9526fa74','1e43a152-f84f-4022-a2c6-0c66c86e9e70',NULL,'4028E43964FBA33F0164FBADCDB8000B','CBDNONCAN1','Doses','doses',NULL,'Y','N','N','Y',NULL,NULL,'DECIMAL','FREE FORM',NULL,'PRODUCT',NULL,11,NULL,NULL,1,'2010-01-01 00:00:00','LIQUIBASE',1,'2010-01-01 00:00:00',NULL),('69d8f12e-fd88-11e8-814d-afed9526fa74','1e43a152-f84f-4022-a2c6-0c66c86e9e70',NULL,'4028E43964FBA33F0164FBADCDB8000B','CBDNONCAN1','Mg per Dose','mg_per_dose',NULL,'Y','N','N','Y',NULL,NULL,'DECIMAL','FREE FORM',NULL,'PRODUCT',NULL,12,NULL,NULL,1,'2010-01-01 00:00:00','LIQUIBASE',1,'2010-01-01 00:00:00',NULL),('69d8f1f6-fd88-11e8-814d-afed9526fa74','1e43a152-f84f-4022-a2c6-0c66c86e9e70',NULL,'4028E43964FBA33F0164FBADCDB8000B','CBDNONCAN1','Medium','medium',NULL,'Y','Y','N','Y',NULL,NULL,'ALPHANUMERIC','PICK LIST',NULL,'PRODUCT',NULL,NULL,NULL,NULL,1,'2010-01-01 00:00:00','LIQUIBASE',1,'2010-01-01 00:00:00',NULL),('69d8f2be-fd88-11e8-814d-afed9526fa74','1e43a152-f84f-4022-a2c6-0c66c86e9e70',NULL,'4028E43964FBA33F0164FBADCDB8000B','CBDNONCAN1','External ID','external_id',NULL,'Y','N','N','Y',NULL,NULL,'ALPHANUMERIC','FREE FORM',NULL,'PRODUCT',NULL,14,NULL,NULL,1,'2010-01-01 00:00:00','LIQUIBASE',1,'2010-01-01 00:00:00',NULL),('69d8f386-fd88-11e8-814d-afed9526fa74','1e43a152-f84f-4022-a2c6-0c66c86e9e70',NULL,'4028E43964FBA33F0164FBADCDB8000B','CBDNONCAN1','CBD THC Ratio','cbd_thc_ratio',NULL,'Y','Y','N','Y',NULL,NULL,'DECIMAL','FREE FORM',NULL,'PRODUCT',NULL,NULL,NULL,NULL,1,'2010-01-01 00:00:00','LIQUIBASE',1,'2010-01-01 00:00:00',NULL),('69d8f764-fd88-11e8-814d-afed9526fa74','1e43a152-f84f-4022-a2c6-0c66c86e9e70',NULL,'4028E43964FBA33F0164FBADCDB8000B','CBDNONCAN1','Product Description','product_description',NULL,'Y','Y','N','Y',NULL,NULL,'ALPHANUMERIC','FREE FORM',NULL,'PRODUCT',NULL,NULL,NULL,NULL,1,'2010-01-01 00:00:00','LIQUIBASE',1,'2010-01-01 00:00:00',NULL),('69d90c7c-fd88-11e8-814d-afed9526fa74','1e43a152-f84f-4022-a2c6-0c66c86e9e70',NULL,'7e31e311-da84-11e5-bc38-5c514f48b06a','EDIBLE1','Subtype','subtype',NULL,'Y','N','N','Y',NULL,NULL,'ALPHABETS','PICK LIST',NULL,'PRODUCT',NULL,1,1,NULL,1,'2010-01-01 00:00:00','LIQUIBASE',1,'2010-01-01 00:00:00',NULL),('69d90d58-fd88-11e8-814d-afed9526fa74','1e43a152-f84f-4022-a2c6-0c66c86e9e70',NULL,'7e31e311-da84-11e5-bc38-5c514f48b06a','EDIBLE1','UoM','uom',NULL,'Y','N','N','Y',NULL,NULL,'ALPHABETS','PICK LIST',NULL,'PRODUCT',NULL,7,NULL,NULL,1,'2010-01-01 00:00:00','LIQUIBASE',1,'2010-01-01 00:00:00',NULL),('69d90e20-fd88-11e8-814d-afed9526fa74','1e43a152-f84f-4022-a2c6-0c66c86e9e70',NULL,'7e31e311-da84-11e5-bc38-5c514f48b06a','EDIBLE1','Form','form',NULL,'Y','Y','N','Y',NULL,NULL,'ALPHABETS','PICK LIST',NULL,'PRODUCT',NULL,NULL,NULL,NULL,1,'2010-01-01 00:00:00','LIQUIBASE',1,'2010-01-01 00:00:00',NULL),('69d90ef2-fd88-11e8-814d-afed9526fa74','1e43a152-f84f-4022-a2c6-0c66c86e9e70',NULL,'7e31e311-da84-11e5-bc38-5c514f48b06a','EDIBLE1','Cannabis','cannabis',NULL,'Y','Y','N','Y','true',NULL,'ALPHANUMERIC','TOGGLE',NULL,'PRODUCT',NULL,NULL,NULL,NULL,1,'2010-01-01 00:00:00','LIQUIBASE',1,'2010-01-01 00:00:00',NULL),('69d90fba-fd88-11e8-814d-afed9526fa74','1e43a152-f84f-4022-a2c6-0c66c86e9e70',NULL,'7e31e311-da84-11e5-bc38-5c514f48b06a','EDIBLE1','Package Tracked','package_tracked',NULL,'Y','Y','N','Y','true',NULL,'ALPHABETS','TOGGLE',NULL,'PRODUCT',NULL,NULL,NULL,NULL,1,'2010-01-01 00:00:00','LIQUIBASE',1,'2010-01-01 00:00:00',NULL),('69d91082-fd88-11e8-814d-afed9526fa74','1e43a152-f84f-4022-a2c6-0c66c86e9e70',NULL,'7e31e311-da84-11e5-bc38-5c514f48b06a','EDIBLE1','Name','name',NULL,'Y','N','Y','Y',NULL,NULL,'ALPHANUMERIC','FREE FORM',NULL,'PRODUCT',NULL,2,NULL,NULL,1,'2010-01-01 00:00:00','LIQUIBASE',1,'2010-01-01 00:00:00',NULL),('69d91140-fd88-11e8-814d-afed9526fa74','1e43a152-f84f-4022-a2c6-0c66c86e9e70',NULL,'7e31e311-da84-11e5-bc38-5c514f48b06a','EDIBLE1','Strain','strain',NULL,'Y','Y','N','Y',NULL,NULL,'ALPHANUMERIC','FREE FORM',NULL,'PRODUCT',NULL,NULL,NULL,NULL,1,'2010-01-01 00:00:00','LIQUIBASE',1,'2010-01-01 00:00:00',NULL),('69d911fe-fd88-11e8-814d-afed9526fa74','1e43a152-f84f-4022-a2c6-0c66c86e9e70',NULL,'7e31e311-da84-11e5-bc38-5c514f48b06a','EDIBLE1','Brand','brand',NULL,'Y','N','N','Y',NULL,NULL,'ALPHANUMERIC','FREE FORM',NULL,'PRODUCT',NULL,4,NULL,NULL,1,'2010-01-01 00:00:00','LIQUIBASE',1,'2010-01-01 00:00:00',NULL),('69d912bc-fd88-11e8-814d-afed9526fa74','1e43a152-f84f-4022-a2c6-0c66c86e9e70',NULL,'7e31e311-da84-11e5-bc38-5c514f48b06a','EDIBLE1','Size','size',NULL,'Y','N','N','Y',NULL,NULL,'ALPHANUMERIC','FREE FORM',NULL,'PRODUCT',NULL,9,NULL,NULL,1,'2010-01-01 00:00:00','LIQUIBASE',1,'2010-01-01 00:00:00',NULL),('69d91442-fd88-11e8-814d-afed9526fa74','1e43a152-f84f-4022-a2c6-0c66c86e9e70',NULL,'7e31e311-da84-11e5-bc38-5c514f48b06a','EDIBLE1','Total Mg THC','total_mg_thc',NULL,'Y','N','Y','Y',NULL,NULL,'DECIMAL','FREE FORM',NULL,'PRODUCT',NULL,8,NULL,NULL,1,'2010-01-01 00:00:00','LIQUIBASE',1,'2010-01-01 00:00:00',NULL),('69d91500-fd88-11e8-814d-afed9526fa74','1e43a152-f84f-4022-a2c6-0c66c86e9e70',NULL,'7e31e311-da84-11e5-bc38-5c514f48b06a','EDIBLE1','Classification','classification',NULL,'Y','N','N','Y',NULL,NULL,'ALPHABETS','PICK LIST',NULL,'PRODUCT',NULL,5,NULL,NULL,1,'2010-01-01 00:00:00','LIQUIBASE',1,'2010-01-01 00:00:00',NULL),('69d915be-fd88-11e8-814d-afed9526fa74','1e43a152-f84f-4022-a2c6-0c66c86e9e70',NULL,'7e31e311-da84-11e5-bc38-5c514f48b06a','EDIBLE1','Doses','doses',NULL,'Y','N','N','Y',NULL,NULL,'DECIMAL','FREE FORM',NULL,'PRODUCT',NULL,11,NULL,NULL,1,'2010-01-01 00:00:00','LIQUIBASE',1,'2010-01-01 00:00:00',NULL),('69d91686-fd88-11e8-814d-afed9526fa74','1e43a152-f84f-4022-a2c6-0c66c86e9e70',NULL,'7e31e311-da84-11e5-bc38-5c514f48b06a','EDIBLE1','Mg per Dose','mg_per_dose',NULL,'Y','N','N','Y',NULL,NULL,'DECIMAL','FREE FORM',NULL,'PRODUCT',NULL,12,NULL,NULL,1,'2010-01-01 00:00:00','LIQUIBASE',1,'2010-01-01 00:00:00',NULL),('69d91744-fd88-11e8-814d-afed9526fa74','1e43a152-f84f-4022-a2c6-0c66c86e9e70',NULL,'7e31e311-da84-11e5-bc38-5c514f48b06a','EDIBLE1','Medium','medium',NULL,'Y','Y','N','Y',NULL,NULL,'ALPHANUMERIC','PICK LIST',NULL,'PRODUCT',NULL,NULL,NULL,NULL,1,'2010-01-01 00:00:00','LIQUIBASE',1,'2010-01-01 00:00:00',NULL),('69d91802-fd88-11e8-814d-afed9526fa74','1e43a152-f84f-4022-a2c6-0c66c86e9e70',NULL,'7e31e311-da84-11e5-bc38-5c514f48b06a','EDIBLE1','External ID','external_id',NULL,'Y','N','N','Y',NULL,NULL,'ALPHANUMERIC','FREE FORM',NULL,'PRODUCT',NULL,14,NULL,NULL,1,'2010-01-01 00:00:00','LIQUIBASE',1,'2010-01-01 00:00:00',NULL),('69d918ca-fd88-11e8-814d-afed9526fa74','1e43a152-f84f-4022-a2c6-0c66c86e9e70',NULL,'7e31e311-da84-11e5-bc38-5c514f48b06a','EDIBLE1','CBD THC Ratio','cbd_thc_ratio',NULL,'Y','Y','N','Y',NULL,NULL,'DECIMAL','FREE FORM',NULL,'PRODUCT',NULL,NULL,NULL,NULL,1,'2010-01-01 00:00:00','LIQUIBASE',1,'2010-01-01 00:00:00',NULL),('69d91c80-fd88-11e8-814d-afed9526fa74','1e43a152-f84f-4022-a2c6-0c66c86e9e70',NULL,'7e31e311-da84-11e5-bc38-5c514f48b06a','EDIBLE1','Product Description','product_description',NULL,'Y','Y','N','Y',NULL,NULL,'ALPHANUMERIC','FREE FORM',NULL,'PRODUCT',NULL,NULL,NULL,NULL,1,'2010-01-01 00:00:00','LIQUIBASE',1,'2010-01-01 00:00:00',NULL),('69d934d6-fd88-11e8-814d-afed9526fa74','1e43a152-f84f-4022-a2c6-0c66c86e9e70',NULL,'7e2ee239-da84-11e5-bc38-5c514f48b06a','EXTRACT1','Subtype','subtype',NULL,'Y','N','N','Y',NULL,NULL,'ALPHABETS','PICK LIST',NULL,'PRODUCT',NULL,1,1,NULL,1,'2010-01-01 00:00:00','LIQUIBASE',1,'2010-01-01 00:00:00',NULL),('69d935c6-fd88-11e8-814d-afed9526fa74','1e43a152-f84f-4022-a2c6-0c66c86e9e70',NULL,'7e2ee239-da84-11e5-bc38-5c514f48b06a','EXTRACT1','UoM','uom',NULL,'Y','N','Y','Y',NULL,NULL,'ALPHABETS','PICK LIST',NULL,'PRODUCT',NULL,7,NULL,NULL,1,'2010-01-01 00:00:00','LIQUIBASE',1,'2010-01-01 00:00:00',NULL),('69d93698-fd88-11e8-814d-afed9526fa74','1e43a152-f84f-4022-a2c6-0c66c86e9e70',NULL,'7e2ee239-da84-11e5-bc38-5c514f48b06a','EXTRACT1','Extraction Method','extraction_method',NULL,'Y','N','N','Y',NULL,NULL,'ALPHABETS','PICK LIST',NULL,'PRODUCT',NULL,9,NULL,NULL,1,'2010-01-01 00:00:00','LIQUIBASE',1,'2010-01-01 00:00:00',NULL),('69d9376a-fd88-11e8-814d-afed9526fa74','1e43a152-f84f-4022-a2c6-0c66c86e9e70',NULL,'7e2ee239-da84-11e5-bc38-5c514f48b06a','EXTRACT1','Cannabis','cannabis',NULL,'Y','Y','N','Y','true',NULL,'ALPHANUMERIC','TOGGLE',NULL,'PRODUCT',NULL,NULL,NULL,NULL,1,'2010-01-01 00:00:00','LIQUIBASE',1,'2010-01-01 00:00:00',NULL),('69d9383c-fd88-11e8-814d-afed9526fa74','1e43a152-f84f-4022-a2c6-0c66c86e9e70',NULL,'7e2ee239-da84-11e5-bc38-5c514f48b06a','EXTRACT1','Package Tracked','package_tracked',NULL,'Y','Y','N','Y','true',NULL,'ALPHABETS','TOGGLE',NULL,'PRODUCT',NULL,NULL,NULL,NULL,1,'2010-01-01 00:00:00','LIQUIBASE',1,'2010-01-01 00:00:00',NULL),('69d93904-fd88-11e8-814d-afed9526fa74','1e43a152-f84f-4022-a2c6-0c66c86e9e70',NULL,'7e2ee239-da84-11e5-bc38-5c514f48b06a','EXTRACT1','Name','name',NULL,'Y','N','Y','Y',NULL,NULL,'ALPHANUMERIC','FREE FORM',NULL,'PRODUCT',NULL,2,NULL,NULL,1,'2010-01-01 00:00:00','LIQUIBASE',1,'2010-01-01 00:00:00',NULL),('69d939cc-fd88-11e8-814d-afed9526fa74','1e43a152-f84f-4022-a2c6-0c66c86e9e70',NULL,'7e2ee239-da84-11e5-bc38-5c514f48b06a','EXTRACT1','Strain','strain',NULL,'Y','Y','N','Y',NULL,NULL,'ALPHANUMERIC','FREE FORM',NULL,'PRODUCT',NULL,NULL,NULL,NULL,1,'2010-01-01 00:00:00','LIQUIBASE',1,'2010-01-01 00:00:00',NULL),('69d93a9e-fd88-11e8-814d-afed9526fa74','1e43a152-f84f-4022-a2c6-0c66c86e9e70',NULL,'7e2ee239-da84-11e5-bc38-5c514f48b06a','EXTRACT1','Brand','brand',NULL,'Y','N','N','Y',NULL,NULL,'ALPHANUMERIC','FREE FORM',NULL,'PRODUCT',NULL,4,NULL,NULL,1,'2010-01-01 00:00:00','LIQUIBASE',1,'2010-01-01 00:00:00',NULL),('69d93b66-fd88-11e8-814d-afed9526fa74','1e43a152-f84f-4022-a2c6-0c66c86e9e70',NULL,'7e2ee239-da84-11e5-bc38-5c514f48b06a','EXTRACT1','Amount','amount',NULL,'Y','N','Y','Y',NULL,NULL,'DECIMAL','FREE FORM',NULL,'PRODUCT',NULL,6,NULL,NULL,1,'2010-01-01 00:00:00','LIQUIBASE',1,'2010-01-01 00:00:00',NULL),('69d93cf6-fd88-11e8-814d-afed9526fa74','1e43a152-f84f-4022-a2c6-0c66c86e9e70',NULL,'7e2ee239-da84-11e5-bc38-5c514f48b06a','EXTRACT1','Total Mg THC','total_mg_thc',NULL,'Y','N','N','Y',NULL,NULL,'DECIMAL','FREE FORM',NULL,'PRODUCT',NULL,8,NULL,NULL,1,'2010-01-01 00:00:00','LIQUIBASE',1,'2010-01-01 00:00:00',NULL),('69d93dbe-fd88-11e8-814d-afed9526fa74','1e43a152-f84f-4022-a2c6-0c66c86e9e70',NULL,'7e2ee239-da84-11e5-bc38-5c514f48b06a','EXTRACT1','Classification','classification',NULL,'Y','N','N','Y',NULL,NULL,'ALPHABETS','PICK LIST',NULL,'PRODUCT',NULL,5,NULL,NULL,1,'2010-01-01 00:00:00','LIQUIBASE',1,'2010-01-01 00:00:00',NULL),('69d93e86-fd88-11e8-814d-afed9526fa74','1e43a152-f84f-4022-a2c6-0c66c86e9e70',NULL,'7e2ee239-da84-11e5-bc38-5c514f48b06a','EXTRACT1','Doses','doses',NULL,'Y','Y','N','Y',NULL,NULL,'DECIMAL','FREE FORM',NULL,'PRODUCT',NULL,11,NULL,NULL,1,'2010-01-01 00:00:00','LIQUIBASE',1,'2010-01-01 00:00:00',NULL),('69d93f4e-fd88-11e8-814d-afed9526fa74','1e43a152-f84f-4022-a2c6-0c66c86e9e70',NULL,'7e2ee239-da84-11e5-bc38-5c514f48b06a','EXTRACT1','Mg per Dose','mg_per_dose',NULL,'Y','Y','N','Y',NULL,NULL,'DECIMAL','FREE FORM',NULL,'PRODUCT',NULL,12,NULL,NULL,1,'2010-01-01 00:00:00','LIQUIBASE',1,'2010-01-01 00:00:00',NULL),('69d94976-fd88-11e8-814d-afed9526fa74','1e43a152-f84f-4022-a2c6-0c66c86e9e70',NULL,'7e2ee239-da84-11e5-bc38-5c514f48b06a','EXTRACT1','Medium','medium',NULL,'Y','Y','N','Y',NULL,NULL,'ALPHANUMERIC','PICK LIST',NULL,'PRODUCT',NULL,NULL,NULL,NULL,1,'2010-01-01 00:00:00','LIQUIBASE',1,'2010-01-01 00:00:00',NULL),('69d94a66-fd88-11e8-814d-afed9526fa74','1e43a152-f84f-4022-a2c6-0c66c86e9e70',NULL,'7e2ee239-da84-11e5-bc38-5c514f48b06a','EXTRACT1','External ID','external_id',NULL,'Y','N','N','Y',NULL,NULL,'ALPHANUMERIC','FREE FORM',NULL,'PRODUCT',NULL,14,NULL,NULL,1,'2010-01-01 00:00:00','LIQUIBASE',1,'2010-01-01 00:00:00',NULL),('69d9509c-fd88-11e8-814d-afed9526fa74','1e43a152-f84f-4022-a2c6-0c66c86e9e70',NULL,'7e2ee239-da84-11e5-bc38-5c514f48b06a','EXTRACT1','CBD THC Ratio','cbd_thc_ratio',NULL,'Y','Y','N','Y',NULL,NULL,'DECIMAL','FREE FORM',NULL,'PRODUCT',NULL,NULL,NULL,NULL,1,'2010-01-01 00:00:00','LIQUIBASE',1,'2010-01-01 00:00:00',NULL),('69d954f2-fd88-11e8-814d-afed9526fa74','1e43a152-f84f-4022-a2c6-0c66c86e9e70',NULL,'7e2ee239-da84-11e5-bc38-5c514f48b06a','EXTRACT1','Product Description','product_description',NULL,'Y','Y','N','Y',NULL,NULL,'ALPHANUMERIC','FREE FORM',NULL,'PRODUCT',NULL,NULL,NULL,NULL,1,'2010-01-01 00:00:00','LIQUIBASE',1,'2010-01-01 00:00:00',NULL),('69d9ed86-fd88-11e8-814d-afed9526fa74','1e43a152-f84f-4022-a2c6-0c66c86e9e70',NULL,'7e2b2130-da84-11e5-bc38-5c514f48b06a','FLOWER1','Subtype','subtype',NULL,'Y','N','Y','Y','PRE-PACK',NULL,'ALPHABETS','PICK LIST',NULL,'PRODUCT',NULL,1,1,NULL,1,'2010-01-01 00:00:00','LIQUIBASE',1,'2010-01-01 00:00:00',NULL),('69d9eff2-fd88-11e8-814d-afed9526fa74','1e43a152-f84f-4022-a2c6-0c66c86e9e70',NULL,'7e2b2130-da84-11e5-bc38-5c514f48b06a','FLOWER1','UoM','uom',NULL,'Y','N','Y','Y','GRAMS',NULL,'ALPHABETS','PICK LIST',NULL,'PRODUCT',NULL,7,1,NULL,1,'2010-01-01 00:00:00','LIQUIBASE',1,'2010-01-01 00:00:00',NULL),('69d9f13c-fd88-11e8-814d-afed9526fa74','1e43a152-f84f-4022-a2c6-0c66c86e9e70',NULL,'7e2b2130-da84-11e5-bc38-5c514f48b06a','FLOWER1','Form','form',NULL,'Y','Y','N','Y',NULL,NULL,'ALPHABETS','PICK LIST',NULL,'PRODUCT',NULL,NULL,NULL,NULL,1,'2010-01-01 00:00:00','LIQUIBASE',1,'2010-01-01 00:00:00',NULL),('69d9f222-fd88-11e8-814d-afed9526fa74','1e43a152-f84f-4022-a2c6-0c66c86e9e70',NULL,'7e2b2130-da84-11e5-bc38-5c514f48b06a','FLOWER1','Cannabis','cannabis',NULL,'Y','Y','N','Y','true',NULL,'ALPHANUMERIC','TOGGLE',NULL,'PRODUCT',NULL,NULL,NULL,NULL,1,'2010-01-01 00:00:00','LIQUIBASE',1,'2010-01-01 00:00:00',NULL),('69d9f2fe-fd88-11e8-814d-afed9526fa74','1e43a152-f84f-4022-a2c6-0c66c86e9e70',NULL,'7e2b2130-da84-11e5-bc38-5c514f48b06a','FLOWER1','Package Tracked','package_tracked',NULL,'Y','Y','N','Y','true',NULL,'ALPHABETS','TOGGLE',NULL,'PRODUCT',NULL,NULL,NULL,NULL,1,'2010-01-01 00:00:00','LIQUIBASE',1,'2010-01-01 00:00:00',NULL),('69d9f3f8-fd88-11e8-814d-afed9526fa74','1e43a152-f84f-4022-a2c6-0c66c86e9e70',NULL,'7e2b2130-da84-11e5-bc38-5c514f48b06a','FLOWER1','Name','name',NULL,'Y','N','Y','Y',NULL,NULL,'ALPHANUMERIC','FREE FORM',NULL,'PRODUCT',NULL,2,NULL,NULL,1,'2010-01-01 00:00:00','LIQUIBASE',1,'2010-01-01 00:00:00',NULL),('69d9f57e-fd88-11e8-814d-afed9526fa74','1e43a152-f84f-4022-a2c6-0c66c86e9e70',NULL,'7e2b2130-da84-11e5-bc38-5c514f48b06a','FLOWER1','Strain','strain',NULL,'Y','Y','N','Y',NULL,NULL,'ALPHANUMERIC','FREE FORM',NULL,'PRODUCT',NULL,NULL,NULL,NULL,1,'2010-01-01 00:00:00','LIQUIBASE',1,'2010-01-01 00:00:00',NULL),('69d9f7ae-fd88-11e8-814d-afed9526fa74','1e43a152-f84f-4022-a2c6-0c66c86e9e70',NULL,'7e2b2130-da84-11e5-bc38-5c514f48b06a','FLOWER1','Brand','brand',NULL,'Y','N','N','Y',NULL,NULL,'ALPHANUMERIC','FREE FORM',NULL,'PRODUCT',NULL,4,NULL,NULL,1,'2010-01-01 00:00:00','LIQUIBASE',1,'2010-01-01 00:00:00',NULL),('69d9f8c6-fd88-11e8-814d-afed9526fa74','1e43a152-f84f-4022-a2c6-0c66c86e9e70',NULL,'7e2b2130-da84-11e5-bc38-5c514f48b06a','FLOWER1','Amount','amount',NULL,'Y','N','Y','Y',NULL,NULL,'DECIMAL','FREE FORM',NULL,'PRODUCT',NULL,6,NULL,NULL,1,'2010-01-01 00:00:00','LIQUIBASE',1,'2010-01-01 00:00:00',NULL),('69d9fe0c-fd88-11e8-814d-afed9526fa74','1e43a152-f84f-4022-a2c6-0c66c86e9e70',NULL,'7e2b2130-da84-11e5-bc38-5c514f48b06a','FLOWER1','Total Mg THC','total_mg_thc',NULL,'Y','Y','N','Y',NULL,NULL,'DECIMAL','FREE FORM',NULL,'PRODUCT',NULL,8,NULL,NULL,1,'2010-01-01 00:00:00','LIQUIBASE',1,'2010-01-01 00:00:00',NULL),('69d9fede-fd88-11e8-814d-afed9526fa74','1e43a152-f84f-4022-a2c6-0c66c86e9e70',NULL,'7e2b2130-da84-11e5-bc38-5c514f48b06a','FLOWER1','Classification','classification',NULL,'Y','N','N','Y',NULL,NULL,'ALPHABETS','PICK LIST',NULL,'PRODUCT',NULL,5,NULL,NULL,1,'2010-01-01 00:00:00','LIQUIBASE',1,'2010-01-01 00:00:00',NULL),('69d9ffb0-fd88-11e8-814d-afed9526fa74','1e43a152-f84f-4022-a2c6-0c66c86e9e70',NULL,'7e2b2130-da84-11e5-bc38-5c514f48b06a','FLOWER1','Doses','doses',NULL,'Y','Y','N','Y',NULL,NULL,'DECIMAL','FREE FORM',NULL,'PRODUCT',NULL,11,NULL,NULL,1,'2010-01-01 00:00:00','LIQUIBASE',1,'2010-01-01 00:00:00',NULL),('69da006e-fd88-11e8-814d-afed9526fa74','1e43a152-f84f-4022-a2c6-0c66c86e9e70',NULL,'7e2b2130-da84-11e5-bc38-5c514f48b06a','FLOWER1','Mg per Dose','mg_per_dose',NULL,'Y','Y','N','Y',NULL,NULL,'DECIMAL','FREE FORM',NULL,'PRODUCT',NULL,12,NULL,NULL,1,'2010-01-01 00:00:00','LIQUIBASE',1,'2010-01-01 00:00:00',NULL),('69da0136-fd88-11e8-814d-afed9526fa74','1e43a152-f84f-4022-a2c6-0c66c86e9e70',NULL,'7e2b2130-da84-11e5-bc38-5c514f48b06a','FLOWER1','Medium','medium',NULL,'Y','Y','N','Y',NULL,NULL,'ALPHANUMERIC','PICK LIST',NULL,'PRODUCT',NULL,NULL,NULL,NULL,1,'2010-01-01 00:00:00','LIQUIBASE',1,'2010-01-01 00:00:00',NULL),('69da01f4-fd88-11e8-814d-afed9526fa74','1e43a152-f84f-4022-a2c6-0c66c86e9e70',NULL,'7e2b2130-da84-11e5-bc38-5c514f48b06a','FLOWER1','External ID','external_id',NULL,'Y','N','N','Y',NULL,NULL,'ALPHANUMERIC','FREE FORM',NULL,'PRODUCT',NULL,14,NULL,NULL,1,'2010-01-01 00:00:00','LIQUIBASE',1,'2010-01-01 00:00:00',NULL),('69da02e4-fd88-11e8-814d-afed9526fa74','1e43a152-f84f-4022-a2c6-0c66c86e9e70',NULL,'7e2b2130-da84-11e5-bc38-5c514f48b06a','FLOWER1','CBD THC Ratio','cbd_thc_ratio',NULL,'Y','Y','N','Y',NULL,NULL,'DECIMAL','FREE FORM',NULL,'PRODUCT',NULL,NULL,NULL,NULL,1,'2010-01-01 00:00:00','LIQUIBASE',1,'2010-01-01 00:00:00',NULL),('69da1eaa-fd88-11e8-814d-afed9526fa74','1e43a152-f84f-4022-a2c6-0c66c86e9e70',NULL,'7e2b2130-da84-11e5-bc38-5c514f48b06a','FLOWER1','Product Description','product_description',NULL,'Y','Y','N','Y',NULL,NULL,'ALPHANUMERIC','FREE FORM',NULL,'PRODUCT',NULL,NULL,NULL,NULL,1,'2010-01-01 00:00:00','LIQUIBASE',1,'2010-01-01 00:00:00',NULL),('69da46dc-fd88-11e8-814d-afed9526fa74','1e43a152-f84f-4022-a2c6-0c66c86e9e70',NULL,'7c5b706f-82ab-11e6-a87c-0862661081dd','MISC1','Subtype','subtype',NULL,'Y','N','N','Y',NULL,NULL,'ALPHABETS','PICK LIST',NULL,'PRODUCT',NULL,1,1,NULL,1,'2010-01-01 00:00:00','LIQUIBASE',1,'2010-01-01 00:00:00',NULL),('69da47c2-fd88-11e8-814d-afed9526fa74','1e43a152-f84f-4022-a2c6-0c66c86e9e70',NULL,'7c5b706f-82ab-11e6-a87c-0862661081dd','MISC1','UoM','uom',NULL,'Y','N','N','Y',NULL,NULL,'ALPHABETS','PICK LIST',NULL,'PRODUCT',NULL,9,NULL,NULL,1,'2010-01-01 00:00:00','LIQUIBASE',1,'2010-01-01 00:00:00',NULL),('69da488a-fd88-11e8-814d-afed9526fa74','1e43a152-f84f-4022-a2c6-0c66c86e9e70',NULL,'7c5b706f-82ab-11e6-a87c-0862661081dd','MISC1','Form','form',NULL,'Y','Y','N','Y',NULL,NULL,'ALPHABETS','PICK LIST',NULL,'PRODUCT',NULL,NULL,NULL,NULL,1,'2010-01-01 00:00:00','LIQUIBASE',1,'2010-01-01 00:00:00',NULL),('69da495c-fd88-11e8-814d-afed9526fa74','1e43a152-f84f-4022-a2c6-0c66c86e9e70',NULL,'7c5b706f-82ab-11e6-a87c-0862661081dd','MISC1','Cannabis','cannabis',NULL,'Y','Y','N','Y','true',NULL,'ALPHANUMERIC','TOGGLE',NULL,'PRODUCT',NULL,NULL,NULL,NULL,1,'2010-01-01 00:00:00','LIQUIBASE',1,'2010-01-01 00:00:00',NULL),('69da4a24-fd88-11e8-814d-afed9526fa74','1e43a152-f84f-4022-a2c6-0c66c86e9e70',NULL,'7c5b706f-82ab-11e6-a87c-0862661081dd','MISC1','Package Tracked','package_tracked',NULL,'Y','Y','N','Y','true',NULL,'ALPHABETS','TOGGLE',NULL,'PRODUCT',NULL,NULL,NULL,NULL,1,'2010-01-01 00:00:00','LIQUIBASE',1,'2010-01-01 00:00:00',NULL),('69da4aec-fd88-11e8-814d-afed9526fa74','1e43a152-f84f-4022-a2c6-0c66c86e9e70',NULL,'7c5b706f-82ab-11e6-a87c-0862661081dd','MISC1','Name','name',NULL,'Y','N','Y','Y',NULL,NULL,'ALPHANUMERIC','FREE FORM',NULL,'PRODUCT',NULL,2,NULL,NULL,1,'2010-01-01 00:00:00','LIQUIBASE',1,'2010-01-01 00:00:00',NULL),('69da4bb4-fd88-11e8-814d-afed9526fa74','1e43a152-f84f-4022-a2c6-0c66c86e9e70',NULL,'7c5b706f-82ab-11e6-a87c-0862661081dd','MISC1','Strain','strain',NULL,'Y','Y','N','Y',NULL,NULL,'ALPHANUMERIC','FREE FORM',NULL,'PRODUCT',NULL,NULL,NULL,NULL,1,'2010-01-01 00:00:00','LIQUIBASE',1,'2010-01-01 00:00:00',NULL),('69da4c72-fd88-11e8-814d-afed9526fa74','1e43a152-f84f-4022-a2c6-0c66c86e9e70',NULL,'7c5b706f-82ab-11e6-a87c-0862661081dd','MISC1','Brand','brand',NULL,'Y','N','N','Y',NULL,NULL,'ALPHANUMERIC','FREE FORM',NULL,'PRODUCT',NULL,4,NULL,NULL,1,'2010-01-01 00:00:00','LIQUIBASE',1,'2010-01-01 00:00:00',NULL),('69da4d3a-fd88-11e8-814d-afed9526fa74','1e43a152-f84f-4022-a2c6-0c66c86e9e70',NULL,'7c5b706f-82ab-11e6-a87c-0862661081dd','MISC1','Amount','amount',NULL,'Y','N','N','Y',NULL,NULL,'DECIMAL','FREE FORM',NULL,'PRODUCT',NULL,8,NULL,NULL,1,'2010-01-01 00:00:00','LIQUIBASE',1,'2010-01-01 00:00:00',NULL),('69da4eb6-fd88-11e8-814d-afed9526fa74','1e43a152-f84f-4022-a2c6-0c66c86e9e70',NULL,'7c5b706f-82ab-11e6-a87c-0862661081dd','MISC1','Total Mg THC','total_mg_thc',NULL,'Y','N','Y','Y',NULL,NULL,'DECIMAL','FREE FORM',NULL,'PRODUCT',NULL,7,NULL,NULL,1,'2010-01-01 00:00:00','LIQUIBASE',1,'2010-01-01 00:00:00',NULL),('69da4f7e-fd88-11e8-814d-afed9526fa74','1e43a152-f84f-4022-a2c6-0c66c86e9e70',NULL,'7c5b706f-82ab-11e6-a87c-0862661081dd','MISC1','Classification','classification',NULL,'Y','N','N','Y',NULL,NULL,'ALPHABETS','PICK LIST',NULL,'PRODUCT',NULL,5,NULL,NULL,1,'2010-01-01 00:00:00','LIQUIBASE',1,'2010-01-01 00:00:00',NULL),('69da503c-fd88-11e8-814d-afed9526fa74','1e43a152-f84f-4022-a2c6-0c66c86e9e70',NULL,'7c5b706f-82ab-11e6-a87c-0862661081dd','MISC1','Doses','doses',NULL,'Y','N','N','Y',NULL,NULL,'DECIMAL','FREE FORM',NULL,'PRODUCT',NULL,11,NULL,NULL,1,'2010-01-01 00:00:00','LIQUIBASE',1,'2010-01-01 00:00:00',NULL),('69da5104-fd88-11e8-814d-afed9526fa74','1e43a152-f84f-4022-a2c6-0c66c86e9e70',NULL,'7c5b706f-82ab-11e6-a87c-0862661081dd','MISC1','Mg per Dose','mg_per_dose',NULL,'Y','N','N','Y',NULL,NULL,'DECIMAL','FREE FORM',NULL,'PRODUCT',NULL,12,NULL,NULL,1,'2010-01-01 00:00:00','LIQUIBASE',1,'2010-01-01 00:00:00',NULL),('69da51c2-fd88-11e8-814d-afed9526fa74','1e43a152-f84f-4022-a2c6-0c66c86e9e70',NULL,'7c5b706f-82ab-11e6-a87c-0862661081dd','MISC1','Medium','medium',NULL,'Y','Y','N','Y',NULL,NULL,'ALPHANUMERIC','PICK LIST',NULL,'PRODUCT',NULL,NULL,NULL,NULL,1,'2010-01-01 00:00:00','LIQUIBASE',1,'2010-01-01 00:00:00',NULL),('69da5280-fd88-11e8-814d-afed9526fa74','1e43a152-f84f-4022-a2c6-0c66c86e9e70',NULL,'7c5b706f-82ab-11e6-a87c-0862661081dd','MISC1','External ID','external_id',NULL,'Y','N','N','Y',NULL,NULL,'ALPHANUMERIC','FREE FORM',NULL,'PRODUCT',NULL,14,NULL,NULL,1,'2010-01-01 00:00:00','LIQUIBASE',1,'2010-01-01 00:00:00',NULL),('69da5348-fd88-11e8-814d-afed9526fa74','1e43a152-f84f-4022-a2c6-0c66c86e9e70',NULL,'7c5b706f-82ab-11e6-a87c-0862661081dd','MISC1','CBD THC Ratio','cbd_thc_ratio',NULL,'Y','Y','N','Y',NULL,NULL,'DECIMAL','FREE FORM',NULL,'PRODUCT',NULL,NULL,NULL,NULL,1,'2010-01-01 00:00:00','LIQUIBASE',1,'2010-01-01 00:00:00',NULL),('69da5712-fd88-11e8-814d-afed9526fa74','1e43a152-f84f-4022-a2c6-0c66c86e9e70',NULL,'7c5b706f-82ab-11e6-a87c-0862661081dd','MISC1','Product Description','product_description',NULL,'Y','Y','N','Y',NULL,NULL,'ALPHANUMERIC','FREE FORM',NULL,'PRODUCT',NULL,NULL,NULL,NULL,1,'2010-01-01 00:00:00','LIQUIBASE',1,'2010-01-01 00:00:00',NULL),('69da6c2a-fd88-11e8-814d-afed9526fa74','1e43a152-f84f-4022-a2c6-0c66c86e9e70',NULL,'7e37edd2-da84-11e5-bc38-5c514f48b06a','NONCANNABIS1','Subtype','subtype',NULL,'Y','N','N','Y',NULL,NULL,'ALPHABETS','PICK LIST',NULL,'PRODUCT',NULL,1,1,NULL,1,'2010-01-01 00:00:00','LIQUIBASE',1,'2010-01-01 00:00:00',NULL),('69da6d06-fd88-11e8-814d-afed9526fa74','1e43a152-f84f-4022-a2c6-0c66c86e9e70',NULL,'7e37edd2-da84-11e5-bc38-5c514f48b06a','NONCANNABIS1','UoM','uom',NULL,'Y','Y','N','Y',NULL,NULL,'ALPHABETS','PICK LIST',NULL,'PRODUCT',NULL,7,NULL,NULL,1,'2010-01-01 00:00:00','LIQUIBASE',1,'2010-01-01 00:00:00',NULL),('69da6dd8-fd88-11e8-814d-afed9526fa74','1e43a152-f84f-4022-a2c6-0c66c86e9e70',NULL,'7e37edd2-da84-11e5-bc38-5c514f48b06a','NONCANNABIS1','Form','form',NULL,'Y','Y','N','Y',NULL,NULL,'ALPHABETS','PICK LIST',NULL,'PRODUCT',NULL,NULL,NULL,NULL,1,'2010-01-01 00:00:00','LIQUIBASE',1,'2010-01-01 00:00:00',NULL),('69da6ea0-fd88-11e8-814d-afed9526fa74','1e43a152-f84f-4022-a2c6-0c66c86e9e70',NULL,'7e37edd2-da84-11e5-bc38-5c514f48b06a','NONCANNABIS1','Cannabis','cannabis',NULL,'Y','Y','N','Y','false',NULL,'ALPHANUMERIC','TOGGLE',NULL,'PRODUCT',NULL,NULL,NULL,NULL,1,'2010-01-01 00:00:00','LIQUIBASE',1,'2010-01-01 00:00:00',NULL),('69da6f72-fd88-11e8-814d-afed9526fa74','1e43a152-f84f-4022-a2c6-0c66c86e9e70',NULL,'7e37edd2-da84-11e5-bc38-5c514f48b06a','NONCANNABIS1','Package Tracked','package_tracked',NULL,'Y','Y','N','Y','false',NULL,'ALPHABETS','TOGGLE',NULL,'PRODUCT',NULL,NULL,NULL,NULL,1,'2010-01-01 00:00:00','LIQUIBASE',1,'2010-01-01 00:00:00',NULL),('69da7030-fd88-11e8-814d-afed9526fa74','1e43a152-f84f-4022-a2c6-0c66c86e9e70',NULL,'7e37edd2-da84-11e5-bc38-5c514f48b06a','NONCANNABIS1','Name','name',NULL,'Y','N','Y','Y',NULL,NULL,'ALPHANUMERIC','FREE FORM',NULL,'PRODUCT',NULL,2,NULL,NULL,1,'2010-01-01 00:00:00','LIQUIBASE',1,'2010-01-01 00:00:00',NULL),('69da70ee-fd88-11e8-814d-afed9526fa74','1e43a152-f84f-4022-a2c6-0c66c86e9e70',NULL,'7e37edd2-da84-11e5-bc38-5c514f48b06a','NONCANNABIS1','Strain','strain',NULL,'Y','Y','N','Y',NULL,NULL,'ALPHANUMERIC','FREE FORM',NULL,'PRODUCT',NULL,NULL,NULL,NULL,1,'2010-01-01 00:00:00','LIQUIBASE',1,'2010-01-01 00:00:00',NULL),('69da71b6-fd88-11e8-814d-afed9526fa74','1e43a152-f84f-4022-a2c6-0c66c86e9e70',NULL,'7e37edd2-da84-11e5-bc38-5c514f48b06a','NONCANNABIS1','Brand','brand',NULL,'Y','N','N','Y',NULL,NULL,'ALPHANUMERIC','FREE FORM',NULL,'PRODUCT',NULL,4,1,NULL,1,'2010-01-01 00:00:00','LIQUIBASE',1,'2010-01-01 00:00:00',NULL),('69da7274-fd88-11e8-814d-afed9526fa74','1e43a152-f84f-4022-a2c6-0c66c86e9e70',NULL,'7e37edd2-da84-11e5-bc38-5c514f48b06a','NONCANNABIS1','Amount','amount',NULL,'Y','Y','N','Y',NULL,NULL,'DECIMAL','FREE FORM',NULL,'PRODUCT',NULL,6,NULL,NULL,1,'2010-01-01 00:00:00','LIQUIBASE',1,'2010-01-01 00:00:00',NULL),('69da73fa-fd88-11e8-814d-afed9526fa74','1e43a152-f84f-4022-a2c6-0c66c86e9e70',NULL,'7e37edd2-da84-11e5-bc38-5c514f48b06a','NONCANNABIS1','Total Mg THC','total_mg_thc',NULL,'Y','Y','N','Y',NULL,NULL,'DECIMAL','FREE FORM',NULL,'PRODUCT',NULL,8,NULL,NULL,1,'2010-01-01 00:00:00','LIQUIBASE',1,'2010-01-01 00:00:00',NULL),('69da74b8-fd88-11e8-814d-afed9526fa74','1e43a152-f84f-4022-a2c6-0c66c86e9e70',NULL,'7e37edd2-da84-11e5-bc38-5c514f48b06a','NONCANNABIS1','Classification','classification',NULL,'Y','Y','N','Y',NULL,NULL,'ALPHABETS','PICK LIST',NULL,'PRODUCT',NULL,5,NULL,NULL,1,'2010-01-01 00:00:00','LIQUIBASE',1,'2010-01-01 00:00:00',NULL),('69da7580-fd88-11e8-814d-afed9526fa74','1e43a152-f84f-4022-a2c6-0c66c86e9e70',NULL,'7e37edd2-da84-11e5-bc38-5c514f48b06a','NONCANNABIS1','Doses','doses',NULL,'Y','Y','N','Y',NULL,NULL,'DECIMAL','FREE FORM',NULL,'PRODUCT',NULL,11,NULL,NULL,1,'2010-01-01 00:00:00','LIQUIBASE',1,'2010-01-01 00:00:00',NULL),('69da763e-fd88-11e8-814d-afed9526fa74','1e43a152-f84f-4022-a2c6-0c66c86e9e70',NULL,'7e37edd2-da84-11e5-bc38-5c514f48b06a','NONCANNABIS1','Mg per Dose','mg_per_dose',NULL,'Y','Y','N','Y',NULL,NULL,'DECIMAL','FREE FORM',NULL,'PRODUCT',NULL,12,NULL,NULL,1,'2010-01-01 00:00:00','LIQUIBASE',1,'2010-01-01 00:00:00',NULL),('69da7706-fd88-11e8-814d-afed9526fa74','1e43a152-f84f-4022-a2c6-0c66c86e9e70',NULL,'7e37edd2-da84-11e5-bc38-5c514f48b06a','NONCANNABIS1','Medium','medium',NULL,'Y','Y','N','Y',NULL,NULL,'ALPHANUMERIC','PICK LIST',NULL,'PRODUCT',NULL,NULL,NULL,NULL,1,'2010-01-01 00:00:00','LIQUIBASE',1,'2010-01-01 00:00:00',NULL),('69da77c4-fd88-11e8-814d-afed9526fa74','1e43a152-f84f-4022-a2c6-0c66c86e9e70',NULL,'7e37edd2-da84-11e5-bc38-5c514f48b06a','NONCANNABIS1','External ID','external_id',NULL,'Y','N','N','Y',NULL,NULL,'ALPHANUMERIC','FREE FORM',NULL,'PRODUCT',NULL,14,NULL,NULL,1,'2010-01-01 00:00:00','LIQUIBASE',1,'2010-01-01 00:00:00',NULL),('69da7882-fd88-11e8-814d-afed9526fa74','1e43a152-f84f-4022-a2c6-0c66c86e9e70',NULL,'7e37edd2-da84-11e5-bc38-5c514f48b06a','NONCANNABIS1','CBD THC Ratio','cbd_thc_ratio',NULL,'Y','Y','N','Y',NULL,NULL,'DECIMAL','FREE FORM',NULL,'PRODUCT',NULL,NULL,NULL,NULL,1,'2010-01-01 00:00:00','LIQUIBASE',1,'2010-01-01 00:00:00',NULL),('69da7c4c-fd88-11e8-814d-afed9526fa74','1e43a152-f84f-4022-a2c6-0c66c86e9e70',NULL,'7e37edd2-da84-11e5-bc38-5c514f48b06a','NONCANNABIS1','Product Description','product_description',NULL,'Y','Y','N','Y',NULL,NULL,'ALPHANUMERIC','FREE FORM',NULL,'PRODUCT',NULL,NULL,NULL,NULL,1,'2010-01-01 00:00:00','LIQUIBASE',1,'2010-01-01 00:00:00',NULL),('69da7e2c-fd88-11e8-814d-afed9526fa74','1e43a152-f84f-4022-a2c6-0c66c86e9e70',NULL,'4028E43964FBA33F0164FBACE6C10009','PILLS1','Subtype','subtype',NULL,'Y','N','N','Y',NULL,NULL,'ALPHABETS','PICK LIST',NULL,'PRODUCT',NULL,1,1,NULL,1,'2010-01-01 00:00:00','LIQUIBASE',1,'2010-01-01 00:00:00',NULL),('69da7efe-fd88-11e8-814d-afed9526fa74','1e43a152-f84f-4022-a2c6-0c66c86e9e70',NULL,'4028E43964FBA33F0164FBACE6C10009','PILLS1','UoM','uom',NULL,'Y','Y','N','Y',NULL,NULL,'ALPHABETS','PICK LIST',NULL,'PRODUCT',NULL,7,NULL,NULL,1,'2010-01-01 00:00:00','LIQUIBASE',1,'2010-01-01 00:00:00',NULL),('69da7fd0-fd88-11e8-814d-afed9526fa74','1e43a152-f84f-4022-a2c6-0c66c86e9e70',NULL,'4028E43964FBA33F0164FBACE6C10009','PILLS1','Form','form',NULL,'Y','Y','N','Y',NULL,NULL,'ALPHABETS','PICK LIST',NULL,'PRODUCT',NULL,NULL,NULL,NULL,1,'2010-01-01 00:00:00','LIQUIBASE',1,'2010-01-01 00:00:00',NULL),('69da80a2-fd88-11e8-814d-afed9526fa74','1e43a152-f84f-4022-a2c6-0c66c86e9e70',NULL,'4028E43964FBA33F0164FBACE6C10009','PILLS1','Cannabis','cannabis',NULL,'Y','Y','N','Y','true',NULL,'ALPHANUMERIC','TOGGLE',NULL,'PRODUCT',NULL,NULL,NULL,NULL,1,'2010-01-01 00:00:00','LIQUIBASE',1,'2010-01-01 00:00:00',NULL),('69da816a-fd88-11e8-814d-afed9526fa74','1e43a152-f84f-4022-a2c6-0c66c86e9e70',NULL,'4028E43964FBA33F0164FBACE6C10009','PILLS1','Package Tracked','package_tracked',NULL,'Y','Y','N','Y','true',NULL,'ALPHABETS','TOGGLE',NULL,'PRODUCT',NULL,NULL,NULL,NULL,1,'2010-01-01 00:00:00','LIQUIBASE',1,'2010-01-01 00:00:00',NULL),('69da8232-fd88-11e8-814d-afed9526fa74','1e43a152-f84f-4022-a2c6-0c66c86e9e70',NULL,'4028E43964FBA33F0164FBACE6C10009','PILLS1','Name','name',NULL,'Y','N','Y','Y',NULL,NULL,'ALPHANUMERIC','FREE FORM',NULL,'PRODUCT',NULL,2,NULL,NULL,1,'2010-01-01 00:00:00','LIQUIBASE',1,'2010-01-01 00:00:00',NULL),('69da82fa-fd88-11e8-814d-afed9526fa74','1e43a152-f84f-4022-a2c6-0c66c86e9e70',NULL,'4028E43964FBA33F0164FBACE6C10009','PILLS1','Strain','strain',NULL,'Y','Y','N','Y',NULL,NULL,'ALPHANUMERIC','FREE FORM',NULL,'PRODUCT',NULL,NULL,NULL,NULL,1,'2010-01-01 00:00:00','LIQUIBASE',1,'2010-01-01 00:00:00',NULL),('69da83b8-fd88-11e8-814d-afed9526fa74','1e43a152-f84f-4022-a2c6-0c66c86e9e70',NULL,'4028E43964FBA33F0164FBACE6C10009','PILLS1','Brand','brand',NULL,'Y','N','N','Y',NULL,NULL,'ALPHANUMERIC','FREE FORM',NULL,'PRODUCT',NULL,4,NULL,NULL,1,'2010-01-01 00:00:00','LIQUIBASE',1,'2010-01-01 00:00:00',NULL),('69da8606-fd88-11e8-814d-afed9526fa74','1e43a152-f84f-4022-a2c6-0c66c86e9e70',NULL,'4028E43964FBA33F0164FBACE6C10009','PILLS1','Total Mg THC','total_mg_thc',NULL,'Y','N','Y','Y',NULL,NULL,'DECIMAL','FREE FORM',NULL,'PRODUCT',NULL,8,NULL,NULL,1,'2010-01-01 00:00:00','LIQUIBASE',1,'2010-01-01 00:00:00',NULL),('69da86ce-fd88-11e8-814d-afed9526fa74','1e43a152-f84f-4022-a2c6-0c66c86e9e70',NULL,'4028E43964FBA33F0164FBACE6C10009','PILLS1','Classification','classification',NULL,'Y','N','N','Y',NULL,NULL,'ALPHABETS','PICK LIST',NULL,'PRODUCT',NULL,5,NULL,NULL,1,'2010-01-01 00:00:00','LIQUIBASE',1,'2010-01-01 00:00:00',NULL),('69da8796-fd88-11e8-814d-afed9526fa74','1e43a152-f84f-4022-a2c6-0c66c86e9e70',NULL,'4028E43964FBA33F0164FBACE6C10009','PILLS1','Doses','doses',NULL,'Y','N','N','Y',NULL,NULL,'DECIMAL','FREE FORM',NULL,'PRODUCT',NULL,9,NULL,NULL,1,'2010-01-01 00:00:00','LIQUIBASE',1,'2010-01-01 00:00:00',NULL),('69da8854-fd88-11e8-814d-afed9526fa74','1e43a152-f84f-4022-a2c6-0c66c86e9e70',NULL,'4028E43964FBA33F0164FBACE6C10009','PILLS1','Mg per Dose','mg_per_dose',NULL,'Y','N','N','Y',NULL,NULL,'DECIMAL','FREE FORM',NULL,'PRODUCT',NULL,10,1,NULL,1,'2010-01-01 00:00:00','LIQUIBASE',1,'2010-01-01 00:00:00',NULL),('69da891c-fd88-11e8-814d-afed9526fa74','1e43a152-f84f-4022-a2c6-0c66c86e9e70',NULL,'4028E43964FBA33F0164FBACE6C10009','PILLS1','Medium','medium',NULL,'Y','Y','N','Y',NULL,NULL,'ALPHANUMERIC','PICK LIST',NULL,'PRODUCT',NULL,NULL,NULL,NULL,1,'2010-01-01 00:00:00','LIQUIBASE',1,'2010-01-01 00:00:00',NULL),('69da89da-fd88-11e8-814d-afed9526fa74','1e43a152-f84f-4022-a2c6-0c66c86e9e70',NULL,'4028E43964FBA33F0164FBACE6C10009','PILLS1','External ID','external_id',NULL,'Y','N','N','Y',NULL,NULL,'ALPHANUMERIC','FREE FORM',NULL,'PRODUCT',NULL,14,NULL,NULL,1,'2010-01-01 00:00:00','LIQUIBASE',1,'2010-01-01 00:00:00',NULL),('69da8aa2-fd88-11e8-814d-afed9526fa74','1e43a152-f84f-4022-a2c6-0c66c86e9e70',NULL,'4028E43964FBA33F0164FBACE6C10009','PILLS1','CBD THC Ratio','cbd_thc_ratio',NULL,'Y','Y','N','Y',NULL,NULL,'DECIMAL','FREE FORM',NULL,'PRODUCT',NULL,NULL,NULL,NULL,1,'2010-01-01 00:00:00','LIQUIBASE',1,'2010-01-01 00:00:00',NULL),('69da8e76-fd88-11e8-814d-afed9526fa74','1e43a152-f84f-4022-a2c6-0c66c86e9e70',NULL,'4028E43964FBA33F0164FBACE6C10009','PILLS1','Product Description','product_description',NULL,'Y','Y','N','Y',NULL,NULL,'ALPHANUMERIC','FREE FORM',NULL,'PRODUCT',NULL,NULL,NULL,NULL,1,'2010-01-01 00:00:00','LIQUIBASE',1,'2010-01-01 00:00:00',NULL),('69da9060-fd88-11e8-814d-afed9526fa74','1e43a152-f84f-4022-a2c6-0c66c86e9e70',NULL,'7e34f465-da84-11e5-bc38-5c514f48b06a','PLANT1','Subtype','subtype',NULL,'Y','N','Y','Y','CLONE',NULL,'ALPHABETS','PICK LIST',NULL,'PRODUCT',NULL,1,1,NULL,1,'2010-01-01 00:00:00','LIQUIBASE',1,'2010-01-01 00:00:00',NULL),('69da913c-fd88-11e8-814d-afed9526fa74','1e43a152-f84f-4022-a2c6-0c66c86e9e70',NULL,'7e34f465-da84-11e5-bc38-5c514f48b06a','PLANT1','UoM','uom',NULL,'Y','N','N','Y',NULL,NULL,'ALPHABETS','PICK LIST',NULL,'PRODUCT',NULL,7,NULL,NULL,1,'2010-01-01 00:00:00','LIQUIBASE',1,'2010-01-01 00:00:00',NULL),('69da920e-fd88-11e8-814d-afed9526fa74','1e43a152-f84f-4022-a2c6-0c66c86e9e70',NULL,'7e34f465-da84-11e5-bc38-5c514f48b06a','PLANT1','Form','form',NULL,'Y','Y','N','Y',NULL,NULL,'ALPHABETS','PICK LIST',NULL,'PRODUCT',NULL,NULL,NULL,NULL,1,'2010-01-01 00:00:00','LIQUIBASE',1,'2010-01-01 00:00:00',NULL),('69da92e0-fd88-11e8-814d-afed9526fa74','1e43a152-f84f-4022-a2c6-0c66c86e9e70',NULL,'7e34f465-da84-11e5-bc38-5c514f48b06a','PLANT1','Cannabis','cannabis',NULL,'Y','Y','N','Y','true',NULL,'ALPHANUMERIC','TOGGLE',NULL,'PRODUCT',NULL,NULL,NULL,NULL,1,'2010-01-01 00:00:00','LIQUIBASE',1,'2010-01-01 00:00:00',NULL),('69da93b2-fd88-11e8-814d-afed9526fa74','1e43a152-f84f-4022-a2c6-0c66c86e9e70',NULL,'7e34f465-da84-11e5-bc38-5c514f48b06a','PLANT1','Package Tracked','package_tracked',NULL,'Y','Y','N','Y','true',NULL,'ALPHABETS','TOGGLE',NULL,'PRODUCT',NULL,NULL,NULL,NULL,1,'2010-01-01 00:00:00','LIQUIBASE',1,'2010-01-01 00:00:00',NULL),('69da9470-fd88-11e8-814d-afed9526fa74','1e43a152-f84f-4022-a2c6-0c66c86e9e70',NULL,'7e34f465-da84-11e5-bc38-5c514f48b06a','PLANT1','Name','name',NULL,'Y','N','Y','Y',NULL,NULL,'ALPHANUMERIC','FREE FORM',NULL,'PRODUCT',NULL,2,NULL,NULL,1,'2010-01-01 00:00:00','LIQUIBASE',1,'2010-01-01 00:00:00',NULL),('69da9538-fd88-11e8-814d-afed9526fa74','1e43a152-f84f-4022-a2c6-0c66c86e9e70',NULL,'7e34f465-da84-11e5-bc38-5c514f48b06a','PLANT1','Strain','strain',NULL,'Y','Y','N','Y',NULL,NULL,'ALPHANUMERIC','FREE FORM',NULL,'PRODUCT',NULL,NULL,NULL,NULL,1,'2010-01-01 00:00:00','LIQUIBASE',1,'2010-01-01 00:00:00',NULL),('69da9600-fd88-11e8-814d-afed9526fa74','1e43a152-f84f-4022-a2c6-0c66c86e9e70',NULL,'7e34f465-da84-11e5-bc38-5c514f48b06a','PLANT1','Brand','brand',NULL,'Y','N','N','Y',NULL,NULL,'ALPHANUMERIC','FREE FORM',NULL,'PRODUCT',NULL,4,NULL,NULL,1,'2010-01-01 00:00:00','LIQUIBASE',1,'2010-01-01 00:00:00',NULL),('69da96c8-fd88-11e8-814d-afed9526fa74','1e43a152-f84f-4022-a2c6-0c66c86e9e70',NULL,'7e34f465-da84-11e5-bc38-5c514f48b06a','PLANT1','Size','size',NULL,'Y','N','N','Y',NULL,NULL,'ALPHANUMERIC','FREE FORM',NULL,'PRODUCT',NULL,8,NULL,NULL,1,'2010-01-01 00:00:00','LIQUIBASE',1,'2010-01-01 00:00:00',NULL),('69da9858-fd88-11e8-814d-afed9526fa74','1e43a152-f84f-4022-a2c6-0c66c86e9e70',NULL,'7e34f465-da84-11e5-bc38-5c514f48b06a','PLANT1','Total Mg THC','total_mg_thc',NULL,'Y','Y','N','Y',NULL,NULL,'DECIMAL','FREE FORM',NULL,'PRODUCT',NULL,9,NULL,NULL,1,'2010-01-01 00:00:00','LIQUIBASE',1,'2010-01-01 00:00:00',NULL),('69da9916-fd88-11e8-814d-afed9526fa74','1e43a152-f84f-4022-a2c6-0c66c86e9e70',NULL,'7e34f465-da84-11e5-bc38-5c514f48b06a','PLANT1','Classification','classification',NULL,'Y','N','N','Y',NULL,NULL,'ALPHABETS','PICK LIST',NULL,'PRODUCT',NULL,5,NULL,NULL,1,'2010-01-01 00:00:00','LIQUIBASE',1,'2010-01-01 00:00:00',NULL),('69da99de-fd88-11e8-814d-afed9526fa74','1e43a152-f84f-4022-a2c6-0c66c86e9e70',NULL,'7e34f465-da84-11e5-bc38-5c514f48b06a','PLANT1','Doses','doses',NULL,'Y','Y','N','Y',NULL,NULL,'DECIMAL','FREE FORM',NULL,'PRODUCT',NULL,11,NULL,NULL,1,'2010-01-01 00:00:00','LIQUIBASE',1,'2010-01-01 00:00:00',NULL),('69da9b78-fd88-11e8-814d-afed9526fa74','1e43a152-f84f-4022-a2c6-0c66c86e9e70',NULL,'7e34f465-da84-11e5-bc38-5c514f48b06a','PLANT1','Mg per Dose','mg_per_dose',NULL,'Y','Y','N','Y',NULL,NULL,'DECIMAL','FREE FORM',NULL,'PRODUCT',NULL,12,NULL,NULL,1,'2010-01-01 00:00:00','LIQUIBASE',1,'2010-01-01 00:00:00',NULL),('69da9c4a-fd88-11e8-814d-afed9526fa74','1e43a152-f84f-4022-a2c6-0c66c86e9e70',NULL,'7e34f465-da84-11e5-bc38-5c514f48b06a','PLANT1','Medium','medium',NULL,'Y','Y','N','Y',NULL,NULL,'ALPHANUMERIC','PICK LIST',NULL,'PRODUCT',NULL,NULL,NULL,NULL,1,'2010-01-01 00:00:00','LIQUIBASE',1,'2010-01-01 00:00:00',NULL),('69da9d1c-fd88-11e8-814d-afed9526fa74','1e43a152-f84f-4022-a2c6-0c66c86e9e70',NULL,'7e34f465-da84-11e5-bc38-5c514f48b06a','PLANT1','External ID','external_id',NULL,'Y','N','N','Y',NULL,NULL,'ALPHANUMERIC','FREE FORM',NULL,'PRODUCT',NULL,14,NULL,NULL,1,'2010-01-01 00:00:00','LIQUIBASE',1,'2010-01-01 00:00:00',NULL),('69da9de4-fd88-11e8-814d-afed9526fa74','1e43a152-f84f-4022-a2c6-0c66c86e9e70',NULL,'7e34f465-da84-11e5-bc38-5c514f48b06a','PLANT1','CBD THC Ratio','cbd_thc_ratio',NULL,'Y','Y','N','Y',NULL,NULL,'DECIMAL','FREE FORM',NULL,'PRODUCT',NULL,NULL,NULL,NULL,1,'2010-01-01 00:00:00','LIQUIBASE',1,'2010-01-01 00:00:00',NULL),('69daa35c-fd88-11e8-814d-afed9526fa74','1e43a152-f84f-4022-a2c6-0c66c86e9e70',NULL,'7e34f465-da84-11e5-bc38-5c514f48b06a','PLANT1','Product Description','product_description',NULL,'Y','Y','N','Y',NULL,NULL,'ALPHANUMERIC','FREE FORM',NULL,'PRODUCT',NULL,NULL,NULL,NULL,1,'2010-01-01 00:00:00','LIQUIBASE',1,'2010-01-01 00:00:00',NULL),('69daa582-fd88-11e8-814d-afed9526fa74','1e43a152-f84f-4022-a2c6-0c66c86e9e70',NULL,'7c5b8eb8-82ab-11e6-a87c-0862661081dd','PRE-ROLL1','Subtype','subtype',NULL,'Y','N','Y','Y','FLOWER',NULL,'ALPHABETS','PICK LIST',NULL,'PRODUCT',NULL,1,1,NULL,1,'2010-01-01 00:00:00','LIQUIBASE',1,'2010-01-01 00:00:00',NULL),('69daa672-fd88-11e8-814d-afed9526fa74','1e43a152-f84f-4022-a2c6-0c66c86e9e70',NULL,'7c5b8eb8-82ab-11e6-a87c-0862661081dd','PRE-ROLL1','UoM','uom',NULL,'Y','N','Y','Y',NULL,NULL,'ALPHABETS','PICK LIST',NULL,'PRODUCT',NULL,7,NULL,NULL,1,'2010-01-01 00:00:00','LIQUIBASE',1,'2010-01-01 00:00:00',NULL),('69daa73a-fd88-11e8-814d-afed9526fa74','1e43a152-f84f-4022-a2c6-0c66c86e9e70',NULL,'7c5b8eb8-82ab-11e6-a87c-0862661081dd','PRE-ROLL1','Form','form',NULL,'Y','Y','N','Y',NULL,NULL,'ALPHABETS','PICK LIST',NULL,'PRODUCT',NULL,NULL,NULL,NULL,1,'2010-01-01 00:00:00','LIQUIBASE',1,'2010-01-01 00:00:00',NULL),('69daa802-fd88-11e8-814d-afed9526fa74','1e43a152-f84f-4022-a2c6-0c66c86e9e70',NULL,'7c5b8eb8-82ab-11e6-a87c-0862661081dd','PRE-ROLL1','Cannabis','cannabis',NULL,'Y','Y','N','Y','true',NULL,'ALPHANUMERIC','TOGGLE',NULL,'PRODUCT',NULL,NULL,NULL,NULL,1,'2010-01-01 00:00:00','LIQUIBASE',1,'2010-01-01 00:00:00',NULL),('69daa8ca-fd88-11e8-814d-afed9526fa74','1e43a152-f84f-4022-a2c6-0c66c86e9e70',NULL,'7c5b8eb8-82ab-11e6-a87c-0862661081dd','PRE-ROLL1','Package Tracked','package_tracked',NULL,'Y','Y','N','Y','true',NULL,'ALPHABETS','TOGGLE',NULL,'PRODUCT',NULL,NULL,NULL,NULL,1,'2010-01-01 00:00:00','LIQUIBASE',1,'2010-01-01 00:00:00',NULL),('69daa992-fd88-11e8-814d-afed9526fa74','1e43a152-f84f-4022-a2c6-0c66c86e9e70',NULL,'7c5b8eb8-82ab-11e6-a87c-0862661081dd','PRE-ROLL1','Name','name',NULL,'Y','N','Y','Y',NULL,NULL,'ALPHANUMERIC','FREE FORM',NULL,'PRODUCT',NULL,2,NULL,NULL,1,'2010-01-01 00:00:00','LIQUIBASE',1,'2010-01-01 00:00:00',NULL),('69daaa50-fd88-11e8-814d-afed9526fa74','1e43a152-f84f-4022-a2c6-0c66c86e9e70',NULL,'7c5b8eb8-82ab-11e6-a87c-0862661081dd','PRE-ROLL1','Strain','strain',NULL,'Y','Y','N','Y',NULL,NULL,'ALPHANUMERIC','FREE FORM',NULL,'PRODUCT',NULL,NULL,NULL,NULL,1,'2010-01-01 00:00:00','LIQUIBASE',1,'2010-01-01 00:00:00',NULL),('69daab18-fd88-11e8-814d-afed9526fa74','1e43a152-f84f-4022-a2c6-0c66c86e9e70',NULL,'7c5b8eb8-82ab-11e6-a87c-0862661081dd','PRE-ROLL1','Brand','brand',NULL,'Y','N','N','Y',NULL,NULL,'ALPHANUMERIC','FREE FORM',NULL,'PRODUCT',NULL,4,NULL,NULL,1,'2010-01-01 00:00:00','LIQUIBASE',1,'2010-01-01 00:00:00',NULL),('69daabd6-fd88-11e8-814d-afed9526fa74','1e43a152-f84f-4022-a2c6-0c66c86e9e70',NULL,'7c5b8eb8-82ab-11e6-a87c-0862661081dd','PRE-ROLL1','Amount','amount',NULL,'Y','N','Y','Y',NULL,NULL,'DECIMAL','FREE FORM',NULL,'PRODUCT',NULL,6,NULL,NULL,1,'2010-01-01 00:00:00','LIQUIBASE',1,'2010-01-01 00:00:00',NULL),('69daad66-fd88-11e8-814d-afed9526fa74','1e43a152-f84f-4022-a2c6-0c66c86e9e70',NULL,'7c5b8eb8-82ab-11e6-a87c-0862661081dd','PRE-ROLL1','Total Mg THC','total_mg_thc',NULL,'Y','N','N','Y',NULL,NULL,'DECIMAL','FREE FORM',NULL,'PRODUCT',NULL,8,NULL,1,1,'2010-01-01 00:00:00','LIQUIBASE',1,'2010-01-01 00:00:00',NULL),('69daae24-fd88-11e8-814d-afed9526fa74','1e43a152-f84f-4022-a2c6-0c66c86e9e70',NULL,'7c5b8eb8-82ab-11e6-a87c-0862661081dd','PRE-ROLL1','Classification','classification',NULL,'Y','N','N','Y',NULL,NULL,'ALPHABETS','PICK LIST',NULL,'PRODUCT',NULL,5,NULL,NULL,1,'2010-01-01 00:00:00','LIQUIBASE',1,'2010-01-01 00:00:00',NULL),('69daaee2-fd88-11e8-814d-afed9526fa74','1e43a152-f84f-4022-a2c6-0c66c86e9e70',NULL,'7c5b8eb8-82ab-11e6-a87c-0862661081dd','PRE-ROLL1','Doses','doses',NULL,'Y','Y','N','Y',NULL,NULL,'DECIMAL','FREE FORM',NULL,'PRODUCT',NULL,11,NULL,NULL,1,'2010-01-01 00:00:00','LIQUIBASE',1,'2010-01-01 00:00:00',NULL),('69daafaa-fd88-11e8-814d-afed9526fa74','1e43a152-f84f-4022-a2c6-0c66c86e9e70',NULL,'7c5b8eb8-82ab-11e6-a87c-0862661081dd','PRE-ROLL1','Mg per Dose','mg_per_dose',NULL,'Y','Y','N','Y',NULL,NULL,'DECIMAL','FREE FORM',NULL,'PRODUCT',NULL,12,NULL,NULL,1,'2010-01-01 00:00:00','LIQUIBASE',1,'2010-01-01 00:00:00',NULL),('69dab05e-fd88-11e8-814d-afed9526fa74','1e43a152-f84f-4022-a2c6-0c66c86e9e70',NULL,'7c5b8eb8-82ab-11e6-a87c-0862661081dd','PRE-ROLL1','Medium','medium',NULL,'Y','Y','N','Y',NULL,NULL,'ALPHANUMERIC','PICK LIST',NULL,'PRODUCT',NULL,NULL,NULL,NULL,1,'2010-01-01 00:00:00','LIQUIBASE',1,'2010-01-01 00:00:00',NULL),('69dab11c-fd88-11e8-814d-afed9526fa74','1e43a152-f84f-4022-a2c6-0c66c86e9e70',NULL,'7c5b8eb8-82ab-11e6-a87c-0862661081dd','PRE-ROLL1','External ID','external_id',NULL,'Y','N','N','Y',NULL,NULL,'ALPHANUMERIC','FREE FORM',NULL,'PRODUCT',NULL,14,NULL,NULL,1,'2010-01-01 00:00:00','LIQUIBASE',1,'2010-01-01 00:00:00',NULL),('69dab1da-fd88-11e8-814d-afed9526fa74','1e43a152-f84f-4022-a2c6-0c66c86e9e70',NULL,'7c5b8eb8-82ab-11e6-a87c-0862661081dd','PRE-ROLL1','CBD THC Ratio','cbd_thc_ratio',NULL,'Y','Y','N','Y',NULL,NULL,'DECIMAL','FREE FORM',NULL,'PRODUCT',NULL,NULL,NULL,NULL,1,'2010-01-01 00:00:00','LIQUIBASE',1,'2010-01-01 00:00:00',NULL),('69dab590-fd88-11e8-814d-afed9526fa74','1e43a152-f84f-4022-a2c6-0c66c86e9e70',NULL,'7c5b8eb8-82ab-11e6-a87c-0862661081dd','PRE-ROLL1','Product Description','product_description',NULL,'Y','Y','N','Y',NULL,NULL,'ALPHANUMERIC','FREE FORM',NULL,'PRODUCT',NULL,NULL,NULL,NULL,1,'2010-01-01 00:00:00','LIQUIBASE',1,'2010-01-01 00:00:00',NULL),('69db005e-fd88-11e8-814d-afed9526fa74','1e43a152-f84f-4022-a2c6-0c66c86e9e70',NULL,'4028E43964FBA33F0164FBAE39A9000D','TINTURES1','Subtype','subtype',NULL,'Y','N','N','Y',NULL,NULL,'ALPHABETS','PICK LIST',NULL,'PRODUCT',NULL,1,1,NULL,1,'2010-01-01 00:00:00','LIQUIBASE',1,'2010-01-01 00:00:00',NULL),('69db01b2-fd88-11e8-814d-afed9526fa74','1e43a152-f84f-4022-a2c6-0c66c86e9e70',NULL,'4028E43964FBA33F0164FBAE39A9000D','TINTURES1','UoM','uom',NULL,'Y','N','N','Y',NULL,NULL,'ALPHABETS','PICK LIST',NULL,'PRODUCT',NULL,7,NULL,NULL,1,'2010-01-01 00:00:00','LIQUIBASE',1,'2010-01-01 00:00:00',NULL),('69db02de-fd88-11e8-814d-afed9526fa74','1e43a152-f84f-4022-a2c6-0c66c86e9e70',NULL,'4028E43964FBA33F0164FBAE39A9000D','TINTURES1','Form','form',NULL,'Y','Y','N','Y',NULL,NULL,'ALPHABETS','PICK LIST',NULL,'PRODUCT',NULL,NULL,NULL,NULL,1,'2010-01-01 00:00:00','LIQUIBASE',1,'2010-01-01 00:00:00',NULL),('69db040a-fd88-11e8-814d-afed9526fa74','1e43a152-f84f-4022-a2c6-0c66c86e9e70',NULL,'4028E43964FBA33F0164FBAE39A9000D','TINTURES1','Cannabis','cannabis',NULL,'Y','Y','N','Y','true',NULL,'ALPHANUMERIC','TOGGLE',NULL,'PRODUCT',NULL,NULL,NULL,NULL,1,'2010-01-01 00:00:00','LIQUIBASE',1,'2010-01-01 00:00:00',NULL),('69db0536-fd88-11e8-814d-afed9526fa74','1e43a152-f84f-4022-a2c6-0c66c86e9e70',NULL,'4028E43964FBA33F0164FBAE39A9000D','TINTURES1','Package Tracked','package_tracked',NULL,'Y','Y','N','Y','true',NULL,'ALPHABETS','TOGGLE',NULL,'PRODUCT',NULL,NULL,NULL,NULL,1,'2010-01-01 00:00:00','LIQUIBASE',1,'2010-01-01 00:00:00',NULL),('69db0658-fd88-11e8-814d-afed9526fa74','1e43a152-f84f-4022-a2c6-0c66c86e9e70',NULL,'4028E43964FBA33F0164FBAE39A9000D','TINTURES1','Name','name',NULL,'Y','N','Y','Y',NULL,NULL,'ALPHANUMERIC','FREE FORM',NULL,'PRODUCT',NULL,2,NULL,NULL,1,'2010-01-01 00:00:00','LIQUIBASE',1,'2010-01-01 00:00:00',NULL),('69db077a-fd88-11e8-814d-afed9526fa74','1e43a152-f84f-4022-a2c6-0c66c86e9e70',NULL,'4028E43964FBA33F0164FBAE39A9000D','TINTURES1','Strain','strain',NULL,'Y','Y','N','Y',NULL,NULL,'ALPHANUMERIC','FREE FORM',NULL,'PRODUCT',NULL,NULL,NULL,NULL,1,'2010-01-01 00:00:00','LIQUIBASE',1,'2010-01-01 00:00:00',NULL),('69db0892-fd88-11e8-814d-afed9526fa74','1e43a152-f84f-4022-a2c6-0c66c86e9e70',NULL,'4028E43964FBA33F0164FBAE39A9000D','TINTURES1','Brand','brand',NULL,'Y','N','N','Y',NULL,NULL,'ALPHANUMERIC','FREE FORM',NULL,'PRODUCT',NULL,4,NULL,NULL,1,'2010-01-01 00:00:00','LIQUIBASE',1,'2010-01-01 00:00:00',NULL),('69db09b4-fd88-11e8-814d-afed9526fa74','1e43a152-f84f-4022-a2c6-0c66c86e9e70',NULL,'4028E43964FBA33F0164FBAE39A9000D','TINTURES1','Amount','amount',NULL,'Y','N','N','Y',NULL,NULL,'DECIMAL','FREE FORM',NULL,'PRODUCT',NULL,6,NULL,NULL,1,'2010-01-01 00:00:00','LIQUIBASE',1,'2010-01-01 00:00:00',NULL),('69db0bda-fd88-11e8-814d-afed9526fa74','1e43a152-f84f-4022-a2c6-0c66c86e9e70',NULL,'4028E43964FBA33F0164FBAE39A9000D','TINTURES1','Total Mg THC','total_mg_thc',NULL,'Y','N','Y','Y',NULL,NULL,'DECIMAL','FREE FORM',NULL,'PRODUCT',NULL,8,NULL,NULL,1,'2010-01-01 00:00:00','LIQUIBASE',1,'2010-01-01 00:00:00',NULL),('69db0de2-fd88-11e8-814d-afed9526fa74','1e43a152-f84f-4022-a2c6-0c66c86e9e70',NULL,'4028E43964FBA33F0164FBAE39A9000D','TINTURES1','Classification','classification',NULL,'Y','N','N','Y',NULL,NULL,'ALPHABETS','PICK LIST',NULL,'PRODUCT',NULL,5,NULL,NULL,1,'2010-01-01 00:00:00','LIQUIBASE',1,'2010-01-01 00:00:00',NULL),('69db11d4-fd88-11e8-814d-afed9526fa74','1e43a152-f84f-4022-a2c6-0c66c86e9e70',NULL,'4028E43964FBA33F0164FBAE39A9000D','TINTURES1','Doses','doses',NULL,'Y','N','N','Y',NULL,NULL,'DECIMAL','FREE FORM',NULL,'PRODUCT',NULL,11,NULL,NULL,1,'2010-01-01 00:00:00','LIQUIBASE',1,'2010-01-01 00:00:00',NULL),('69db1382-fd88-11e8-814d-afed9526fa74','1e43a152-f84f-4022-a2c6-0c66c86e9e70',NULL,'4028E43964FBA33F0164FBAE39A9000D','TINTURES1','Mg per Dose','mg_per_dose',NULL,'Y','N','N','Y',NULL,NULL,'DECIMAL','FREE FORM',NULL,'PRODUCT',NULL,12,NULL,NULL,1,'2010-01-01 00:00:00','LIQUIBASE',1,'2010-01-01 00:00:00',NULL),('69db14ae-fd88-11e8-814d-afed9526fa74','1e43a152-f84f-4022-a2c6-0c66c86e9e70',NULL,'4028E43964FBA33F0164FBAE39A9000D','TINTURES1','Medium','medium',NULL,'Y','Y','N','Y',NULL,NULL,'ALPHANUMERIC','PICK LIST',NULL,'PRODUCT',NULL,NULL,NULL,NULL,1,'2010-01-01 00:00:00','LIQUIBASE',1,'2010-01-01 00:00:00',NULL),('69db15c6-fd88-11e8-814d-afed9526fa74','1e43a152-f84f-4022-a2c6-0c66c86e9e70',NULL,'4028E43964FBA33F0164FBAE39A9000D','TINTURES1','External ID','external_id',NULL,'Y','N','N','Y',NULL,NULL,'ALPHANUMERIC','FREE FORM',NULL,'PRODUCT',NULL,14,NULL,NULL,1,'2010-01-01 00:00:00','LIQUIBASE',1,'2010-01-01 00:00:00',NULL),('69db16e8-fd88-11e8-814d-afed9526fa74','1e43a152-f84f-4022-a2c6-0c66c86e9e70',NULL,'4028E43964FBA33F0164FBAE39A9000D','TINTURES1','CBD THC Ratio','cbd_thc_ratio',NULL,'Y','Y','N','Y',NULL,NULL,'DECIMAL','FREE FORM',NULL,'PRODUCT',NULL,NULL,NULL,NULL,1,'2010-01-01 00:00:00','LIQUIBASE',1,'2010-01-01 00:00:00',NULL),('69db1c38-fd88-11e8-814d-afed9526fa74','1e43a152-f84f-4022-a2c6-0c66c86e9e70',NULL,'4028E43964FBA33F0164FBAE39A9000D','TINTURES1','Product Description','product_description',NULL,'Y','Y','N','Y',NULL,NULL,'ALPHANUMERIC','FREE FORM',NULL,'PRODUCT',NULL,NULL,NULL,NULL,1,'2010-01-01 00:00:00','LIQUIBASE',1,'2010-01-01 00:00:00',NULL),('69db3664-fd88-11e8-814d-afed9526fa74','1e43a152-f84f-4022-a2c6-0c66c86e9e70',NULL,'7e362cd7-ec92-11e5-a7c5-6c0b843dcc4d','TOPICAL1','Subtype','subtype',NULL,'Y','N','N','Y',NULL,NULL,'ALPHABETS','PICK LIST',NULL,'PRODUCT',NULL,1,1,NULL,1,'2010-01-01 00:00:00','LIQUIBASE',1,'2010-01-01 00:00:00',NULL),('69db3790-fd88-11e8-814d-afed9526fa74','1e43a152-f84f-4022-a2c6-0c66c86e9e70',NULL,'7e362cd7-ec92-11e5-a7c5-6c0b843dcc4d','TOPICAL1','UoM','uom',NULL,'Y','N','N','Y',NULL,NULL,'ALPHABETS','PICK LIST',NULL,'PRODUCT',NULL,7,NULL,NULL,1,'2010-01-01 00:00:00','LIQUIBASE',1,'2010-01-01 00:00:00',NULL),('69db389e-fd88-11e8-814d-afed9526fa74','1e43a152-f84f-4022-a2c6-0c66c86e9e70',NULL,'7e362cd7-ec92-11e5-a7c5-6c0b843dcc4d','TOPICAL1','Form','form',NULL,'Y','Y','N','Y',NULL,NULL,'ALPHABETS','PICK LIST',NULL,'PRODUCT',NULL,NULL,NULL,NULL,1,'2010-01-01 00:00:00','LIQUIBASE',1,'2010-01-01 00:00:00',NULL),('69db39a2-fd88-11e8-814d-afed9526fa74','1e43a152-f84f-4022-a2c6-0c66c86e9e70',NULL,'7e362cd7-ec92-11e5-a7c5-6c0b843dcc4d','TOPICAL1','Cannabis','cannabis',NULL,'Y','Y','N','Y','true',NULL,'ALPHANUMERIC','TOGGLE',NULL,'PRODUCT',NULL,NULL,NULL,NULL,1,'2010-01-01 00:00:00','LIQUIBASE',1,'2010-01-01 00:00:00',NULL),('69db3aa6-fd88-11e8-814d-afed9526fa74','1e43a152-f84f-4022-a2c6-0c66c86e9e70',NULL,'7e362cd7-ec92-11e5-a7c5-6c0b843dcc4d','TOPICAL1','Package Tracked','package_tracked',NULL,'Y','Y','N','Y','true',NULL,'ALPHABETS','TOGGLE',NULL,'PRODUCT',NULL,NULL,NULL,NULL,1,'2010-01-01 00:00:00','LIQUIBASE',1,'2010-01-01 00:00:00',NULL),('69db3bb4-fd88-11e8-814d-afed9526fa74','1e43a152-f84f-4022-a2c6-0c66c86e9e70',NULL,'7e362cd7-ec92-11e5-a7c5-6c0b843dcc4d','TOPICAL1','Name','name',NULL,'Y','N','Y','Y',NULL,NULL,'ALPHANUMERIC','FREE FORM',NULL,'PRODUCT',NULL,2,NULL,NULL,1,'2010-01-01 00:00:00','LIQUIBASE',1,'2010-01-01 00:00:00',NULL),('69db3cb8-fd88-11e8-814d-afed9526fa74','1e43a152-f84f-4022-a2c6-0c66c86e9e70',NULL,'7e362cd7-ec92-11e5-a7c5-6c0b843dcc4d','TOPICAL1','Strain','strain',NULL,'Y','Y','N','Y',NULL,NULL,'ALPHANUMERIC','FREE FORM',NULL,'PRODUCT',NULL,NULL,NULL,NULL,1,'2010-01-01 00:00:00','LIQUIBASE',1,'2010-01-01 00:00:00',NULL),('69db3dbc-fd88-11e8-814d-afed9526fa74','1e43a152-f84f-4022-a2c6-0c66c86e9e70',NULL,'7e362cd7-ec92-11e5-a7c5-6c0b843dcc4d','TOPICAL1','Brand','brand',NULL,'Y','N','N','Y',NULL,NULL,'ALPHANUMERIC','FREE FORM',NULL,'PRODUCT',NULL,4,NULL,NULL,1,'2010-01-01 00:00:00','LIQUIBASE',1,'2010-01-01 00:00:00',NULL),('69db3ec0-fd88-11e8-814d-afed9526fa74','1e43a152-f84f-4022-a2c6-0c66c86e9e70',NULL,'7e362cd7-ec92-11e5-a7c5-6c0b843dcc4d','TOPICAL1','Amount','amount',NULL,'Y','N','N','Y',NULL,NULL,'DECIMAL','FREE FORM',NULL,'PRODUCT',NULL,6,NULL,NULL,1,'2010-01-01 00:00:00','LIQUIBASE',1,'2010-01-01 00:00:00',NULL),('69db42bc-fd88-11e8-814d-afed9526fa74','1e43a152-f84f-4022-a2c6-0c66c86e9e70',NULL,'7e362cd7-ec92-11e5-a7c5-6c0b843dcc4d','TOPICAL1','Total Mg THC','total_mg_thc',NULL,'Y','N','Y','Y',NULL,NULL,'DECIMAL','FREE FORM',NULL,'PRODUCT',NULL,8,NULL,NULL,1,'2010-01-01 00:00:00','LIQUIBASE',1,'2010-01-01 00:00:00',NULL),('69db43ca-fd88-11e8-814d-afed9526fa74','1e43a152-f84f-4022-a2c6-0c66c86e9e70',NULL,'7e362cd7-ec92-11e5-a7c5-6c0b843dcc4d','TOPICAL1','Classification','classification',NULL,'Y','N','N','Y',NULL,NULL,'ALPHABETS','PICK LIST',NULL,'PRODUCT',NULL,5,NULL,NULL,1,'2010-01-01 00:00:00','LIQUIBASE',1,'2010-01-01 00:00:00',NULL),('69db44d8-fd88-11e8-814d-afed9526fa74','1e43a152-f84f-4022-a2c6-0c66c86e9e70',NULL,'7e362cd7-ec92-11e5-a7c5-6c0b843dcc4d','TOPICAL1','Doses','doses',NULL,'Y','N','N','Y',NULL,NULL,'DECIMAL','FREE FORM',NULL,'PRODUCT',NULL,11,NULL,NULL,1,'2010-01-01 00:00:00','LIQUIBASE',1,'2010-01-01 00:00:00',NULL),('69db45e6-fd88-11e8-814d-afed9526fa74','1e43a152-f84f-4022-a2c6-0c66c86e9e70',NULL,'7e362cd7-ec92-11e5-a7c5-6c0b843dcc4d','TOPICAL1','Mg per Dose','mg_per_dose',NULL,'Y','N','N','Y',NULL,NULL,'DECIMAL','FREE FORM',NULL,'PRODUCT',NULL,12,NULL,NULL,1,'2010-01-01 00:00:00','LIQUIBASE',1,'2010-01-01 00:00:00',NULL),('69db46ea-fd88-11e8-814d-afed9526fa74','1e43a152-f84f-4022-a2c6-0c66c86e9e70',NULL,'7e362cd7-ec92-11e5-a7c5-6c0b843dcc4d','TOPICAL1','Medium','medium',NULL,'Y','Y','N','Y',NULL,NULL,'ALPHANUMERIC','PICK LIST',NULL,'PRODUCT',NULL,NULL,NULL,NULL,1,'2010-01-01 00:00:00','LIQUIBASE',1,'2010-01-01 00:00:00',NULL),('69db47f8-fd88-11e8-814d-afed9526fa74','1e43a152-f84f-4022-a2c6-0c66c86e9e70',NULL,'7e362cd7-ec92-11e5-a7c5-6c0b843dcc4d','TOPICAL1','External ID','external_id',NULL,'Y','N','N','Y',NULL,NULL,'ALPHANUMERIC','FREE FORM',NULL,'PRODUCT',NULL,14,NULL,NULL,1,'2010-01-01 00:00:00','LIQUIBASE',1,'2010-01-01 00:00:00',NULL),('69db48fc-fd88-11e8-814d-afed9526fa74','1e43a152-f84f-4022-a2c6-0c66c86e9e70',NULL,'7e362cd7-ec92-11e5-a7c5-6c0b843dcc4d','TOPICAL1','CBD THC Ratio','cbd_thc_ratio',NULL,'Y','Y','N','Y',NULL,NULL,'DECIMAL','FREE FORM',NULL,'PRODUCT',NULL,NULL,NULL,NULL,1,'2010-01-01 00:00:00','LIQUIBASE',1,'2010-01-01 00:00:00',NULL),('69db4e2e-fd88-11e8-814d-afed9526fa74','1e43a152-f84f-4022-a2c6-0c66c86e9e70',NULL,'7e362cd7-ec92-11e5-a7c5-6c0b843dcc4d','TOPICAL1','Product Description','product_description',NULL,'Y','Y','N','Y',NULL,NULL,'ALPHANUMERIC','FREE FORM',NULL,'PRODUCT',NULL,NULL,NULL,NULL,1,'2010-01-01 00:00:00','LIQUIBASE',1,'2010-01-01 00:00:00',NULL),('7749e7c9-ed58-47c2-8588-48dd9ce99447','1e43a152-f84f-4022-a2c6-0c66c86e9e70',NULL,'7c5b706f-82ab-11e6-a87c-0862661081dd','MISC1','Total Flower Weight (g)','total_flower_weight_g',NULL,'Y','Y','N','Y',NULL,NULL,'DECIMAL','FREE FORM',NULL,'PRODUCT',NULL,11,NULL,NULL,1,'2010-01-01 00:00:00','LIQUIBASE',1,'2010-01-01 00:00:00',NULL),('7749e7c9-ed58-47c2-8588-48dd9ce99448','1e43a152-f84f-4022-a2c6-0c66c86e9e70',NULL,'7e31e311-da84-11e5-bc38-5c514f48b06a','EDIBLE1','Total Flower Weight (g)','total_flower_weight_g',NULL,'Y','Y','N','Y',NULL,NULL,'DECIMAL','FREE FORM',NULL,'PRODUCT',NULL,10,NULL,NULL,1,'2010-01-01 00:00:00','LIQUIBASE',1,'2010-01-01 00:00:00',NULL),('7749e7c9-ed58-47c2-8588-48dd9ce99449','1e43a152-f84f-4022-a2c6-0c66c86e9e70',NULL,'7e2ee239-da84-11e5-bc38-5c514f48b06a','EXTRACT1','Total Flower Weight (g)','total_flower_weight_g',NULL,'Y','Y','N','Y',NULL,NULL,'DECIMAL','FREE FORM',NULL,'PRODUCT',NULL,11,NULL,NULL,1,'2010-01-01 00:00:00','LIQUIBASE',1,'2010-01-01 00:00:00',NULL),('780de812-0831-4764-aa97-100385f0d305','1e43a152-f84f-4022-a2c6-0c66c86e9e70',NULL,'4028E43964FBA33F0164FBAE39A9000D','TINTURES1','Total Flower Weight (g)','total_flower_weight_g',NULL,'Y','Y','N','Y',NULL,NULL,'DECIMAL','FREE FORM',NULL,'PRODUCT',NULL,11,NULL,NULL,1,'2010-01-01 00:00:00','LIQUIBASE',1,'2010-01-01 00:00:00',NULL),('7900496a-68b2-4e5c-9b97-2880def18e78','1e43a152-f84f-4022-a2c6-0c66c86e9e70',NULL,'7e2ee239-da84-11e5-bc38-5c514f48b06a','EXTRACT1','Hide Menu','hide_menu',NULL,'Y','Y','N','Y',NULL,NULL,'ALPHANUMERIC','TOGGLE',NULL,'MENU',NULL,15,NULL,NULL,1,'2010-01-01 00:00:00','LIQUIBASE',1,'2010-01-01 00:00:00',NULL),('7ebccefc-e0f2-4969-8b44-a6c692270d71','1e43a152-f84f-4022-a2c6-0c66c86e9e70',NULL,'7c5b8eb8-82ab-11e6-a87c-0862661081dd','PRE-ROLL1','Hide Menu','hide_menu',NULL,'Y','Y','N','Y',NULL,NULL,'ALPHANUMERIC','TOGGLE',NULL,'MENU',NULL,15,NULL,NULL,1,'2010-01-01 00:00:00','LIQUIBASE',1,'2010-01-01 00:00:00',NULL),('807644be-06e3-491e-aff3-9d004294c538','1e43a152-f84f-4022-a2c6-0c66c86e9e70',NULL,'7e37edd2-da84-11e5-bc38-5c514f48b06a','NONCANNABIS1','Hide Menu','hide_menu',NULL,'Y','Y','N','Y',NULL,NULL,'ALPHANUMERIC','TOGGLE',NULL,'MENU',NULL,15,NULL,NULL,1,'2010-01-01 00:00:00','LIQUIBASE',1,'2010-01-01 00:00:00',NULL),('83d37af8-a209-4288-8023-08fbfbfaabb3','1e43a152-f84f-4022-a2c6-0c66c86e9e70',NULL,'7e34f465-da84-11e5-bc38-5c514f48b06a','PLANT1','Strain Name','strain_name',NULL,'Y','Y','N','Y',NULL,NULL,'ALPHANUMERIC','FREE FORM',NULL,'PRODUCT',NULL,2,NULL,NULL,1,'2019-06-11 20:48:16','LIQUIBASE',1,'2019-06-11 20:48:16',NULL),('88651924-49b4-11e9-8035-774805423a5c','1e43a152-f84f-4022-a2c6-0c66c86e9e70',NULL,'0986c2be-f816-11e8-9aaf-2621339c7881','BEV1','Menu Title','menu_title',NULL,'Y','N','N','Y',NULL,NULL,'ALPHANUMERIC','FREE FORM',NULL,'PRODUCT',NULL,3,NULL,NULL,1,'2010-01-01 00:00:00','LIQUIBASE',1,'2010-01-01 00:00:00',NULL),('8865252c-49b4-11e9-8035-774805423a5c','1e43a152-f84f-4022-a2c6-0c66c86e9e70',NULL,'7c5b3ad1-82ab-11e6-a87c-0862661081dd','CART1','Menu Title','menu_title',NULL,'Y','N','N','Y',NULL,NULL,'ALPHANUMERIC','FREE FORM',NULL,'PRODUCT',NULL,3,NULL,NULL,1,'2010-01-01 00:00:00','LIQUIBASE',1,'2010-01-01 00:00:00',NULL),('886526bc-49b4-11e9-8035-774805423a5c','1e43a152-f84f-4022-a2c6-0c66c86e9e70',NULL,'4028E43964FBA33F0164FBADCDB8000B','CBDNONCAN1','Menu Title','menu_title',NULL,'Y','N','N','Y',NULL,NULL,'ALPHANUMERIC','FREE FORM',NULL,'PRODUCT',NULL,3,NULL,NULL,1,'2010-01-01 00:00:00','LIQUIBASE',1,'2010-01-01 00:00:00',NULL),('886527d4-49b4-11e9-8035-774805423a5c','1e43a152-f84f-4022-a2c6-0c66c86e9e70',NULL,'7e31e311-da84-11e5-bc38-5c514f48b06a','EDIBLE1','Menu Title','menu_title',NULL,'Y','N','N','Y',NULL,NULL,'ALPHANUMERIC','FREE FORM',NULL,'PRODUCT',NULL,3,NULL,NULL,1,'2010-01-01 00:00:00','LIQUIBASE',1,'2010-01-01 00:00:00',NULL),('8865513c-49b4-11e9-8035-774805423a5c','1e43a152-f84f-4022-a2c6-0c66c86e9e70',NULL,'7e2ee239-da84-11e5-bc38-5c514f48b06a','EXTRACT1','Menu Title','menu_title',NULL,'Y','N','N','Y',NULL,NULL,'ALPHANUMERIC','FREE FORM',NULL,'PRODUCT',NULL,3,NULL,NULL,1,'2010-01-01 00:00:00','LIQUIBASE',1,'2010-01-01 00:00:00',NULL),('886552c3-49b4-11e9-8035-774805423a5c','1e43a152-f84f-4022-a2c6-0c66c86e9e70',NULL,'7e2b2130-da84-11e5-bc38-5c514f48b06a','FLOWER1','Menu Title','menu_title',NULL,'Y','N','N','Y',NULL,NULL,'ALPHANUMERIC','FREE FORM',NULL,'PRODUCT',NULL,3,NULL,NULL,1,'2010-01-01 00:00:00','LIQUIBASE',1,'2010-01-01 00:00:00',NULL),('886553db-49b4-11e9-8035-774805423a5c','1e43a152-f84f-4022-a2c6-0c66c86e9e70',NULL,'7c5b706f-82ab-11e6-a87c-0862661081dd','MISC1','Menu Title','menu_title',NULL,'Y','N','N','Y',NULL,NULL,'ALPHANUMERIC','FREE FORM',NULL,'PRODUCT',NULL,3,NULL,NULL,1,'2010-01-01 00:00:00','LIQUIBASE',1,'2010-01-01 00:00:00',NULL),('886554e9-49b4-11e9-8035-774805423a5c','1e43a152-f84f-4022-a2c6-0c66c86e9e70',NULL,'7e37edd2-da84-11e5-bc38-5c514f48b06a','NONCANNABIS1','Menu Title','menu_title',NULL,'Y','N','N','Y',NULL,NULL,'ALPHANUMERIC','FREE FORM',NULL,'PRODUCT',NULL,3,NULL,NULL,1,'2010-01-01 00:00:00','LIQUIBASE',1,'2010-01-01 00:00:00',NULL),('886555f6-49b4-11e9-8035-774805423a5c','1e43a152-f84f-4022-a2c6-0c66c86e9e70',NULL,'4028E43964FBA33F0164FBACE6C10009','PILLS1','Menu Title','menu_title',NULL,'Y','N','N','Y',NULL,NULL,'ALPHANUMERIC','FREE FORM',NULL,'PRODUCT',NULL,3,NULL,NULL,1,'2010-01-01 00:00:00','LIQUIBASE',1,'2010-01-01 00:00:00',NULL),('88655786-49b4-11e9-8035-774805423a5c','1e43a152-f84f-4022-a2c6-0c66c86e9e70',NULL,'7e34f465-da84-11e5-bc38-5c514f48b06a','PLANT1','Menu Title','menu_title',NULL,'Y','N','N','Y',NULL,NULL,'ALPHANUMERIC','FREE FORM',NULL,'PRODUCT',NULL,3,NULL,NULL,1,'2010-01-01 00:00:00','LIQUIBASE',1,'2010-01-01 00:00:00',NULL),('88655894-49b4-11e9-8035-774805423a5c','1e43a152-f84f-4022-a2c6-0c66c86e9e70',NULL,'7c5b8eb8-82ab-11e6-a87c-0862661081dd','PRE-ROLL1','Menu Title','menu_title',NULL,'Y','N','N','Y',NULL,NULL,'ALPHANUMERIC','FREE FORM',NULL,'PRODUCT',NULL,3,NULL,NULL,1,'2010-01-01 00:00:00','LIQUIBASE',1,'2010-01-01 00:00:00',NULL),('88655b1f-49b4-11e9-8035-774805423a5c','1e43a152-f84f-4022-a2c6-0c66c86e9e70',NULL,'4028E43964FBA33F0164FBAE39A9000D','TINTURES1','Menu Title','menu_title',NULL,'Y','N','N','Y',NULL,NULL,'ALPHANUMERIC','FREE FORM',NULL,'PRODUCT',NULL,3,NULL,NULL,1,'2010-01-01 00:00:00','LIQUIBASE',1,'2010-01-01 00:00:00',NULL),('88655c86-49b4-11e9-8035-774805423a5c','1e43a152-f84f-4022-a2c6-0c66c86e9e70',NULL,'7e362cd7-ec92-11e5-a7c5-6c0b843dcc4d','TOPICAL1','Menu Title','menu_title',NULL,'Y','N','N','Y',NULL,NULL,'ALPHANUMERIC','FREE FORM',NULL,'PRODUCT',NULL,3,NULL,NULL,1,'2010-01-01 00:00:00','LIQUIBASE',1,'2010-01-01 00:00:00',NULL),('88658396-49b4-11e9-8035-774805423a5c','1e43a152-f84f-4022-a2c6-0c66c86e9e70',NULL,'0986c2be-f816-11e8-9aaf-2621339c7881','BEV1','Size','size',NULL,'Y','N','N','Y',NULL,NULL,'ALPHANUMERIC','FREE FORM',NULL,'PRODUCT',NULL,9,NULL,NULL,1,'2010-01-01 00:00:00','LIQUIBASE',1,'2010-01-01 00:00:00',NULL),('8865859e-49b4-11e9-8035-774805423a5c','1e43a152-f84f-4022-a2c6-0c66c86e9e70',NULL,'4028E43964FBA33F0164FBADCDB8000B','CBDNONCAN1','Size','size',NULL,'Y','N','N','Y',NULL,NULL,'ALPHANUMERIC','FREE FORM',NULL,'PRODUCT',NULL,9,NULL,NULL,1,'2010-01-01 00:00:00','LIQUIBASE',1,'2010-01-01 00:00:00',NULL),('886586d4-49b4-11e9-8035-774805423a5c','1e43a152-f84f-4022-a2c6-0c66c86e9e70',NULL,'7c5b706f-82ab-11e6-a87c-0862661081dd','MISC1','Size','size',NULL,'Y','N','N','Y',NULL,NULL,'ALPHANUMERIC','FREE FORM',NULL,'PRODUCT',NULL,6,NULL,NULL,1,'2010-01-01 00:00:00','LIQUIBASE',1,'2010-01-01 00:00:00',NULL),('88658846-49b4-11e9-8035-774805423a5c','1e43a152-f84f-4022-a2c6-0c66c86e9e70',NULL,'7e37edd2-da84-11e5-bc38-5c514f48b06a','NONCANNABIS1','Size','size',NULL,'Y','N','N','Y',NULL,NULL,'ALPHANUMERIC','FREE FORM',NULL,'PRODUCT',NULL,9,1,NULL,1,'2010-01-01 00:00:00','LIQUIBASE',1,'2010-01-01 00:00:00',NULL),('88658990-49b4-11e9-8035-774805423a5c','1e43a152-f84f-4022-a2c6-0c66c86e9e70',NULL,'4028E43964FBA33F0164FBACE6C10009','PILLS1','Size','size',NULL,'Y','N','N','Y',NULL,NULL,'ALPHANUMERIC','FREE FORM',NULL,'PRODUCT',NULL,6,NULL,NULL,1,'2010-01-01 00:00:00','LIQUIBASE',1,'2010-01-01 00:00:00',NULL),('88658b48-49b4-11e9-8035-774805423a5c','1e43a152-f84f-4022-a2c6-0c66c86e9e70',NULL,'7c5b8eb8-82ab-11e6-a87c-0862661081dd','PRE-ROLL1','Size','size',NULL,'Y','N','N','Y',NULL,NULL,'ALPHANUMERIC','FREE FORM',NULL,'PRODUCT',NULL,9,NULL,NULL,1,'2010-01-01 00:00:00','LIQUIBASE',1,'2010-01-01 00:00:00',NULL),('88659eee-49b4-11e9-8035-774805423a5c','1e43a152-f84f-4022-a2c6-0c66c86e9e70',NULL,'4028E43964FBA33F0164FBAE39A9000D','TINTURES1','Size','size',NULL,'Y','N','N','Y',NULL,NULL,'ALPHANUMERIC','FREE FORM',NULL,'PRODUCT',NULL,9,NULL,NULL,1,'2010-01-01 00:00:00','LIQUIBASE',1,'2010-01-01 00:00:00',NULL),('8865a04c-49b4-11e9-8035-774805423a5c','1e43a152-f84f-4022-a2c6-0c66c86e9e70',NULL,'7e362cd7-ec92-11e5-a7c5-6c0b843dcc4d','TOPICAL1','Size','size',NULL,'Y','N','N','Y',NULL,NULL,'ALPHANUMERIC','FREE FORM',NULL,'PRODUCT',NULL,9,NULL,NULL,1,'2010-01-01 00:00:00','LIQUIBASE',1,'2010-01-01 00:00:00',NULL),('8865d1f2-49b4-11e9-8035-774805423a5c','1e43a152-f84f-4022-a2c6-0c66c86e9e70',NULL,'0986c2be-f816-11e8-9aaf-2621339c7881','BEV1','Total Mg CBD','total_mg_cbd',NULL,'Y','N','N','Y',NULL,NULL,'DECIMAL','FREE FORM',NULL,'PRODUCT',NULL,10,NULL,NULL,1,'2010-01-01 00:00:00','LIQUIBASE',1,'2010-01-01 00:00:00',NULL),('8865d3fa-49b4-11e9-8035-774805423a5c','1e43a152-f84f-4022-a2c6-0c66c86e9e70',NULL,'7c5b3ad1-82ab-11e6-a87c-0862661081dd','CART1','Total Mg CBD','total_mg_cbd',NULL,'Y','N','N','Y',NULL,NULL,'DECIMAL','FREE FORM',NULL,'PRODUCT',NULL,10,NULL,NULL,1,'2010-01-01 00:00:00','LIQUIBASE',1,'2010-01-01 00:00:00',NULL),('8865d4f4-49b4-11e9-8035-774805423a5c','1e43a152-f84f-4022-a2c6-0c66c86e9e70',NULL,'4028E43964FBA33F0164FBADCDB8000B','CBDNONCAN1','Total Mg CBD','total_mg_cbd',NULL,'Y','N','N','Y',NULL,NULL,'DECIMAL','FREE FORM',NULL,'PRODUCT',NULL,10,NULL,NULL,1,'2010-01-01 00:00:00','LIQUIBASE',1,'2010-01-01 00:00:00',NULL),('8865d5ef-49b4-11e9-8035-774805423a5c','1e43a152-f84f-4022-a2c6-0c66c86e9e70',NULL,'7e31e311-da84-11e5-bc38-5c514f48b06a','EDIBLE1','Total Mg CBD','total_mg_cbd',NULL,'Y','N','N','Y',NULL,NULL,'DECIMAL','FREE FORM',NULL,'PRODUCT',NULL,10,NULL,NULL,1,'2010-01-01 00:00:00','LIQUIBASE',1,'2010-01-01 00:00:00',NULL),('8865d6e8-49b4-11e9-8035-774805423a5c','1e43a152-f84f-4022-a2c6-0c66c86e9e70',NULL,'7e2ee239-da84-11e5-bc38-5c514f48b06a','EXTRACT1','Total Mg CBD','total_mg_cbd',NULL,'Y','N','N','Y',NULL,NULL,'DECIMAL','FREE FORM',NULL,'PRODUCT',NULL,10,NULL,NULL,1,'2010-01-01 00:00:00','LIQUIBASE',1,'2010-01-01 00:00:00',NULL),('8865d7f7-49b4-11e9-8035-774805423a5c','1e43a152-f84f-4022-a2c6-0c66c86e9e70',NULL,'7e2b2130-da84-11e5-bc38-5c514f48b06a','FLOWER1','Total Mg CBD','total_mg_cbd',NULL,'Y','Y','N','Y',NULL,NULL,'DECIMAL','FREE FORM',NULL,'PRODUCT',NULL,10,NULL,NULL,1,'2010-01-01 00:00:00','LIQUIBASE',1,'2010-01-01 00:00:00',NULL),('8865d8f0-49b4-11e9-8035-774805423a5c','1e43a152-f84f-4022-a2c6-0c66c86e9e70',NULL,'7c5b706f-82ab-11e6-a87c-0862661081dd','MISC1','Total Mg CBD','total_mg_cbd',NULL,'Y','N','N','Y',NULL,NULL,'DECIMAL','FREE FORM',NULL,'PRODUCT',NULL,10,NULL,NULL,1,'2010-01-01 00:00:00','LIQUIBASE',1,'2010-01-01 00:00:00',NULL),('8865d9c3-49b4-11e9-8035-774805423a5c','1e43a152-f84f-4022-a2c6-0c66c86e9e70',NULL,'7e37edd2-da84-11e5-bc38-5c514f48b06a','NONCANNABIS1','Total Mg CBD','total_mg_cbd',NULL,'Y','Y','N','Y',NULL,NULL,'DECIMAL','FREE FORM',NULL,'PRODUCT',NULL,10,NULL,NULL,1,'2010-01-01 00:00:00','LIQUIBASE',1,'2010-01-01 00:00:00',NULL),('8865dac7-49b4-11e9-8035-774805423a5c','1e43a152-f84f-4022-a2c6-0c66c86e9e70',NULL,'4028E43964FBA33F0164FBACE6C10009','PILLS1','Total Mg CBD','total_mg_cbd',NULL,'Y','N','N','Y',NULL,NULL,'DECIMAL','FREE FORM',NULL,'PRODUCT',NULL,11,NULL,NULL,1,'2010-01-01 00:00:00','LIQUIBASE',1,'2010-01-01 00:00:00',NULL),('8865db99-49b4-11e9-8035-774805423a5c','1e43a152-f84f-4022-a2c6-0c66c86e9e70',NULL,'7e34f465-da84-11e5-bc38-5c514f48b06a','PLANT1','Total Mg CBD','total_mg_cbd',NULL,'Y','Y','N','Y',NULL,NULL,'DECIMAL','FREE FORM',NULL,'PRODUCT',NULL,10,NULL,NULL,1,'2010-01-01 00:00:00','LIQUIBASE',1,'2010-01-01 00:00:00',NULL),('8865dc92-49b4-11e9-8035-774805423a5c','1e43a152-f84f-4022-a2c6-0c66c86e9e70',NULL,'7c5b8eb8-82ab-11e6-a87c-0862661081dd','PRE-ROLL1','Total Mg CBD','total_mg_cbd',NULL,'Y','N','N','Y',NULL,NULL,'DECIMAL','FREE FORM',NULL,'PRODUCT',NULL,10,NULL,1,1,'2010-01-01 00:00:00','LIQUIBASE',1,'2010-01-01 00:00:00',NULL),('8865de55-49b4-11e9-8035-774805423a5c','1e43a152-f84f-4022-a2c6-0c66c86e9e70',NULL,'4028E43964FBA33F0164FBAE39A9000D','TINTURES1','Total Mg CBD','total_mg_cbd',NULL,'Y','N','N','Y',NULL,NULL,'DECIMAL','FREE FORM',NULL,'PRODUCT',NULL,10,NULL,NULL,1,'2010-01-01 00:00:00','LIQUIBASE',1,'2010-01-01 00:00:00',NULL),('8865df4e-49b4-11e9-8035-774805423a5c','1e43a152-f84f-4022-a2c6-0c66c86e9e70',NULL,'7e362cd7-ec92-11e5-a7c5-6c0b843dcc4d','TOPICAL1','Total Mg CBD','total_mg_cbd',NULL,'Y','N','N','Y',NULL,NULL,'DECIMAL','FREE FORM',NULL,'PRODUCT',NULL,10,NULL,NULL,1,'2010-01-01 00:00:00','LIQUIBASE',1,'2010-01-01 00:00:00',NULL),('8a0da026-d04e-4783-baeb-a300cd434a2b','1e43a152-f84f-4022-a2c6-0c66c86e9e70',NULL,'7e34f465-da84-11e5-bc38-5c514f48b06a','PLANT1','Hide Menu','hide_menu',NULL,'Y','Y','N','Y',NULL,NULL,'ALPHANUMERIC','TOGGLE',NULL,'MENU',NULL,15,NULL,NULL,1,'2010-01-01 00:00:00','LIQUIBASE',1,'2010-01-01 00:00:00',NULL),('8fc8ed28-0209-457c-b388-ab34d25b05fd','1e43a152-f84f-4022-a2c6-0c66c86e9e70',NULL,'4028E43964FBA33F0164FBAE39A9000D','TINTURES1','Hide Menu','hide_menu',NULL,'Y','Y','N','Y',NULL,NULL,'ALPHANUMERIC','TOGGLE',NULL,'MENU',NULL,15,NULL,NULL,1,'2010-01-01 00:00:00','LIQUIBASE',1,'2010-01-01 00:00:00',NULL),('93d8587a-fd88-11e8-814d-afed9526fa74','1e43a152-f84f-4022-a2c6-0c66c86e9e70',NULL,'8461ed42-c68f-11e8-b53e-42ecda81f548','NONINV1','Subtype','subtype',NULL,'Y','N','N','Y',NULL,NULL,'ALPHABETS','PICK LIST',NULL,'PRODUCT',NULL,1,1,NULL,1,'2010-01-01 00:00:00','LIQUIBASE',1,'2010-01-01 00:00:00',NULL),('96b46f2b-ff68-4477-8054-d95a711d1d23','1e43a152-f84f-4022-a2c6-0c66c86e9e70',NULL,'7e31e311-da84-11e5-bc38-5c514f48b06a','EDIBLE1','Hide Menu','hide_menu',NULL,'Y','Y','N','Y',NULL,NULL,'ALPHANUMERIC','TOGGLE',NULL,'MENU',NULL,15,NULL,NULL,1,'2010-01-01 00:00:00','LIQUIBASE',1,'2010-01-01 00:00:00',NULL),('a3cbdab4-0377-4a78-b94d-aec5a5b69c7d','1e43a152-f84f-4022-a2c6-0c66c86e9e70',NULL,'7e31e311-da84-11e5-bc38-5c514f48b06a','EDIBLE1','Strain Name','strain_name',NULL,'Y','Y','N','Y',NULL,NULL,'ALPHANUMERIC','FREE FORM',NULL,'PRODUCT',NULL,2,NULL,NULL,1,'2019-06-11 20:48:16','LIQUIBASE',1,'2019-06-11 20:48:16',NULL),('aa8556c8-5d20-4525-89cf-0b42452b9cfe','1e43a152-f84f-4022-a2c6-0c66c86e9e70',NULL,'4028E43964FBA33F0164FBACE6C10009','PILLS1','Hide Menu','hide_menu',NULL,'Y','Y','N','Y',NULL,NULL,'ALPHANUMERIC','TOGGLE',NULL,'MENU',NULL,15,NULL,NULL,1,'2010-01-01 00:00:00','LIQUIBASE',1,'2010-01-01 00:00:00',NULL),('c18dae1a-faed-4356-a23e-5bc8aac2d823','1e43a152-f84f-4022-a2c6-0c66c86e9e70',NULL,'4028E43964FBA33F0164FBACE6C10009','PILLS1','Strain Name','strain_name',NULL,'Y','Y','N','Y',NULL,NULL,'ALPHANUMERIC','FREE FORM',NULL,'PRODUCT',NULL,2,NULL,NULL,1,'2019-06-11 20:48:16','LIQUIBASE',1,'2019-06-11 20:48:16',NULL),('c18dae1a-faed-4356-a23e-5bc8aac2d824','1e43a152-f84f-4022-a2c6-0c66c86e9e70',NULL,'7c5b3ad1-82ab-11e6-a87c-0862661081dd','CART1','Strain Name','strain_name',NULL,'Y','Y','N','Y',NULL,NULL,'ALPHANUMERIC','FREE FORM',NULL,'PRODUCT',NULL,2,NULL,NULL,1,'2019-06-11 20:48:16','LIQUIBASE',1,'2019-06-11 20:48:16',NULL),('c91ab324-7f71-4f4a-8a22-12ae2d5a727b','1e43a152-f84f-4022-a2c6-0c66c86e9e70',NULL,'8461ed42-c68f-11e8-b53e-42ecda81f548','NONINV1','Hide Menu','hide_menu',NULL,'Y','Y','N','Y',NULL,NULL,'ALPHANUMERIC','TOGGLE',NULL,'MENU',NULL,15,NULL,NULL,1,'2010-01-01 00:00:00','LIQUIBASE',1,'2010-01-01 00:00:00',NULL),('e0ef730b-fa3b-4b15-b438-6e7ad9e818de','1e43a152-f84f-4022-a2c6-0c66c86e9e70',NULL,'4028E43964FBA33F0164FBAE39A9000D','TINTURES1','Strain Name','strain_name',NULL,'Y','Y','N','Y',NULL,NULL,'ALPHANUMERIC','FREE FORM',NULL,'PRODUCT',NULL,2,NULL,NULL,1,'2019-06-11 20:48:16','LIQUIBASE',1,'2019-06-11 20:48:16',NULL),('e994be6d-006e-4d53-afaa-4ea55e04ecaa','1e43a152-f84f-4022-a2c6-0c66c86e9e70',NULL,'7e2b2130-da84-11e5-bc38-5c514f48b06a','FLOWER1','Strain Name','strain_name',NULL,'Y','Y','N','Y',NULL,NULL,'ALPHANUMERIC','FREE FORM',NULL,'PRODUCT',NULL,2,NULL,NULL,1,'2019-06-11 20:48:16','LIQUIBASE',1,'2019-06-11 20:48:16',NULL),('f5c45de5-32dd-45c6-817f-d9ec353d0ca4','1e43a152-f84f-4022-a2c6-0c66c86e9e70',NULL,'7c5b8eb8-82ab-11e6-a87c-0862661081dd','PRE-ROLL1','Strain Name','strain_name',NULL,'Y','Y','N','Y',NULL,NULL,'ALPHANUMERIC','FREE FORM',NULL,'PRODUCT',NULL,2,NULL,NULL,1,'2019-06-11 20:48:16','LIQUIBASE',1,'2019-06-11 20:48:16',NULL);
/*!40000 ALTER TABLE `tz_product_metadata` ENABLE KEYS */;
UNLOCK TABLES;

--
-- Table structure for table `tz_product_metadata_aud`
--

DROP TABLE IF EXISTS `tz_product_metadata_aud`;
/*!40101 SET @saved_cs_client     = @@character_set_client */;
/*!40101 SET character_set_client = utf8 */;
CREATE TABLE `tz_product_metadata_aud` (
  `rev` int(11) NOT NULL DEFAULT '0',
  `revend` int(11) DEFAULT NULL,
  `revtype` smallint(6) DEFAULT NULL,
  `id` varchar(45) NOT NULL,
  `tenant_id` varchar(45) NOT NULL,
  `prev_id` varchar(45) DEFAULT NULL,
  `type_id` varchar(45) NOT NULL,
  `field_key` varchar(45) NOT NULL,
  `field_name` varchar(45) NOT NULL,
  `field_system_name` varchar(255) DEFAULT NULL,
  `field_unit_id` varchar(45) DEFAULT NULL,
  `field_treez` varchar(1) NOT NULL,
  `field_hidden` varchar(1) NOT NULL,
  `field_required` varchar(1) NOT NULL,
  `field_editable` varchar(1) NOT NULL,
  `field_value` varchar(45) DEFAULT NULL,
  `field_display_name` varchar(45) DEFAULT NULL,
  `field_data_type` varchar(45) NOT NULL,
  `field_data_structure` varchar(45) NOT NULL,
  `field_dropdown_name` varchar(45) DEFAULT NULL,
  `field_product_card` varchar(45) NOT NULL,
  `field_character_limit` tinyint(1) unsigned DEFAULT NULL,
  `field_order` tinyint(1) DEFAULT NULL,
  `field_padding_after` tinyint(1) DEFAULT NULL,
  `infused_only` tinyint(1) DEFAULT NULL,
  `version` int(11) DEFAULT NULL,
  `original_start_date` datetime NOT NULL,
  `last_user_id` varchar(45) NOT NULL,
  `current_flag` tinyint(1) NOT NULL,
  `start_date` datetime NOT NULL,
  `end_date` datetime DEFAULT NULL,
  PRIMARY KEY (`rev`,`id`),
  KEY `product_metadata_aud_product_metadata_idx` (`id`),
  KEY `product_metadata_aud_tenant_idx` (`tenant_id`),
  KEY `product_metadata_aud_type_idx` (`type_id`)
) ENGINE=InnoDB DEFAULT CHARSET=utf8;
/*!40101 SET character_set_client = @saved_cs_client */;

--
-- Dumping data for table `tz_product_metadata_aud`
--

LOCK TABLES `tz_product_metadata_aud` WRITE;
/*!40000 ALTER TABLE `tz_product_metadata_aud` DISABLE KEYS */;
INSERT INTO `tz_product_metadata_aud` VALUES (672,NULL,0,'1fc184cf-7561-48bd-854b-82243c8501e1','1e43a152-f84f-4022-a2c6-0c66c86e9e70',NULL,'7c5b3ad1-82ab-11e6-a87c-0862661081dd','CART1','Hide Menu','hide_menu',NULL,'Y','Y','N','Y',NULL,NULL,'ALPHANUMERIC','TOGGLE',NULL,'MENU',NULL,15,NULL,NULL,1,'2010-01-01 00:00:00','LIQUIBASE',1,'2010-01-01 00:00:00',NULL),(673,NULL,0,'1fc392a7-ec5e-4759-a08a-da751d4252cd','1e43a152-f84f-4022-a2c6-0c66c86e9e70',NULL,'0986c2be-f816-11e8-9aaf-2621339c7881','BEV1','Hide Menu','hide_menu',NULL,'Y','Y','N','Y',NULL,NULL,'ALPHANUMERIC','TOGGLE',NULL,'MENU',NULL,15,NULL,NULL,1,'2010-01-01 00:00:00','LIQUIBASE',1,'2010-01-01 00:00:00',NULL),(674,NULL,0,'246356a3-b113-450d-8cec-96f268c39b0a','1e43a152-f84f-4022-a2c6-0c66c86e9e70',NULL,'7e2b2130-da84-11e5-bc38-5c514f48b06a','FLOWER1','Hide Menu','hide_menu',NULL,'Y','Y','N','Y',NULL,NULL,'ALPHANUMERIC','TOGGLE',NULL,'MENU',NULL,15,NULL,NULL,1,'2010-01-01 00:00:00','LIQUIBASE',1,'2010-01-01 00:00:00',NULL),(675,NULL,0,'3aefcf41-42a3-47da-b112-5fcd524cb1fa','1e43a152-f84f-4022-a2c6-0c66c86e9e70',NULL,'4028E43964FBA33F0164FBADCDB8000B','CBDNONCAN1','Hide Menu','hide_menu',NULL,'Y','Y','N','Y',NULL,NULL,'ALPHANUMERIC','TOGGLE',NULL,'MENU',NULL,15,NULL,NULL,1,'2010-01-01 00:00:00','LIQUIBASE',1,'2010-01-01 00:00:00',NULL),(676,NULL,0,'4aae82ae-297b-11e9-9322-5f3e17bc67d1','1e43a152-f84f-4022-a2c6-0c66c86e9e70',NULL,'8461ed42-c68f-11e8-b53e-42ecda81f548','NONINV1','UoM','uom',NULL,'Y','Y','Y','Y',NULL,NULL,'ALPHABETS','PICK LIST',NULL,'PRODUCT',NULL,1,NULL,NULL,1,'2010-01-01 00:00:00','LIQUIBASE',1,'2010-01-01 00:00:00',NULL),(677,NULL,0,'4aae82ae-297b-11e9-9322-5f3e17bc67d2','1e43a152-f84f-4022-a2c6-0c66c86e9e70',NULL,'8461ed42-c68f-11e8-b53e-42ecda81f548','NONINV1','Menu Title','menu_title',NULL,'Y','Y','N','Y',NULL,NULL,'ALPHANUMERIC','FREE FORM',NULL,'PRODUCT',NULL,5,NULL,NULL,1,'2010-01-01 00:00:00','LIQUIBASE',1,'2010-01-01 00:00:00',NULL),(678,NULL,0,'4aae82c2-297b-11e9-9322-5f3e17bc67d1','1e43a152-f84f-4022-a2c6-0c66c86e9e70',NULL,'8461ed42-c68f-11e8-b53e-42ecda81f548','NONINV1','Cannabis','cannabis',NULL,'Y','Y','N','Y','false',NULL,'ALPHANUMERIC','TOGGLE',NULL,'PRODUCT',NULL,NULL,NULL,NULL,1,'2010-01-01 00:00:00','LIQUIBASE',1,'2010-01-01 00:00:00',NULL),(679,NULL,0,'4aae82cc-297b-11e9-9322-5f3e17bc67d1','1e43a152-f84f-4022-a2c6-0c66c86e9e70',NULL,'8461ed42-c68f-11e8-b53e-42ecda81f548','NONINV1','Package Tracked','package_tracked',NULL,'Y','Y','N','Y','false',NULL,'ALPHABETS','TOGGLE',NULL,'PRODUCT',NULL,NULL,NULL,NULL,1,'2010-01-01 00:00:00','LIQUIBASE',1,'2010-01-01 00:00:00',NULL),(680,NULL,0,'4aae82cc-297b-11e9-9322-5f3e17bc67d2','1e43a152-f84f-4022-a2c6-0c66c86e9e70',NULL,'8461ed42-c68f-11e8-b53e-42ecda81f548','NONINV1','Product Description','product_description',NULL,'Y','Y','N','Y',NULL,NULL,'ALPHANUMERIC','FREE FORM',NULL,'PRODUCT',NULL,4,NULL,NULL,1,'2010-01-01 00:00:00','LIQUIBASE',1,'2010-01-01 00:00:00',NULL),(681,NULL,0,'4aae82cd-297b-11e9-9322-5f3e17bc67d1','1e43a152-f84f-4022-a2c6-0c66c86e9e70',NULL,'8461ed42-c68f-11e8-b53e-42ecda81f548','NONINV1','Name','name',NULL,'Y','N','Y','Y',NULL,NULL,'ALPHANUMERIC','FREE FORM',NULL,'PRODUCT',NULL,2,NULL,NULL,1,'2010-01-01 00:00:00','LIQUIBASE',1,'2010-01-01 00:00:00',NULL),(682,NULL,0,'4aae82cd-297b-11e9-9322-5f3e17bc67d2','1e43a152-f84f-4022-a2c6-0c66c86e9e70',NULL,'8461ed42-c68f-11e8-b53e-42ecda81f548','NONINV1','Size','size',NULL,'Y','Y','N','Y','1',NULL,'DECIMAL','FREE FORM',NULL,'PRODUCT',NULL,3,NULL,NULL,1,'2010-01-01 00:00:00','LIQUIBASE',1,'2010-01-01 00:00:00',NULL),(683,NULL,0,'6318b43c-a758-48e0-bea9-da6091b10294','1e43a152-f84f-4022-a2c6-0c66c86e9e70',NULL,'7e362cd7-ec92-11e5-a7c5-6c0b843dcc4d','TOPICAL1','Hide Menu','hide_menu',NULL,'Y','Y','N','Y',NULL,NULL,'ALPHANUMERIC','TOGGLE',NULL,'MENU',NULL,15,NULL,NULL,1,'2010-01-01 00:00:00','LIQUIBASE',1,'2010-01-01 00:00:00',NULL),(684,NULL,0,'6892aae9-1d31-4de4-af52-7822027d151f','1e43a152-f84f-4022-a2c6-0c66c86e9e70',NULL,'7c5b706f-82ab-11e6-a87c-0862661081dd','MISC1','Hide Menu','hide_menu',NULL,'Y','Y','N','Y',NULL,NULL,'ALPHANUMERIC','TOGGLE',NULL,'MENU',NULL,15,NULL,NULL,1,'2010-01-01 00:00:00','LIQUIBASE',1,'2010-01-01 00:00:00',NULL),(685,NULL,0,'69d8512e-fd88-11e8-814d-afed9526fa74','1e43a152-f84f-4022-a2c6-0c66c86e9e70',NULL,'0986c2be-f816-11e8-9aaf-2621339c7881','BEV1','Subtype','subtype',NULL,'Y','N','N','Y',NULL,NULL,'ALPHANUMERIC','USER DEFINED',NULL,'PRODUCT',NULL,1,1,NULL,1,'2010-01-01 00:00:00','LIQUIBASE',1,'2010-01-01 00:00:00',NULL),(686,NULL,0,'69d852e6-fd88-11e8-814d-afed9526fa74','1e43a152-f84f-4022-a2c6-0c66c86e9e70',NULL,'0986c2be-f816-11e8-9aaf-2621339c7881','BEV1','UoM','uom',NULL,'Y','N','N','Y',NULL,NULL,'ALPHABETS','PICK LIST',NULL,'PRODUCT',NULL,7,NULL,NULL,1,'2010-01-01 00:00:00','LIQUIBASE',1,'2010-01-01 00:00:00',NULL),(687,NULL,0,'69d85412-fd88-11e8-814d-afed9526fa74','1e43a152-f84f-4022-a2c6-0c66c86e9e70',NULL,'0986c2be-f816-11e8-9aaf-2621339c7881','BEV1','Form','form',NULL,'Y','Y','N','Y',NULL,NULL,'ALPHABETS','PICK LIST',NULL,'PRODUCT',NULL,NULL,NULL,NULL,1,'2010-01-01 00:00:00','LIQUIBASE',1,'2010-01-01 00:00:00',NULL),(688,NULL,0,'69d85552-fd88-11e8-814d-afed9526fa74','1e43a152-f84f-4022-a2c6-0c66c86e9e70',NULL,'0986c2be-f816-11e8-9aaf-2621339c7881','BEV1','Cannabis','cannabis',NULL,'Y','Y','N','Y','true',NULL,'ALPHANUMERIC','TOGGLE',NULL,'PRODUCT',NULL,NULL,NULL,NULL,1,'2010-01-01 00:00:00','LIQUIBASE',1,'2010-01-01 00:00:00',NULL),(689,NULL,0,'69d85656-fd88-11e8-814d-afed9526fa74','1e43a152-f84f-4022-a2c6-0c66c86e9e70',NULL,'0986c2be-f816-11e8-9aaf-2621339c7881','BEV1','Package Tracked','package_tracked',NULL,'Y','Y','N','Y','true',NULL,'ALPHABETS','TOGGLE',NULL,'PRODUCT',NULL,NULL,NULL,NULL,1,'2010-01-01 00:00:00','LIQUIBASE',1,'2010-01-01 00:00:00',NULL),(690,NULL,0,'69d8573c-fd88-11e8-814d-afed9526fa74','1e43a152-f84f-4022-a2c6-0c66c86e9e70',NULL,'0986c2be-f816-11e8-9aaf-2621339c7881','BEV1','Name','name',NULL,'Y','N','Y','Y',NULL,NULL,'ALPHANUMERIC','FREE FORM',NULL,'PRODUCT',NULL,2,NULL,NULL,1,'2010-01-01 00:00:00','LIQUIBASE',1,'2010-01-01 00:00:00',NULL),(691,NULL,0,'69d8587c-fd88-11e8-814d-afed9526fa74','1e43a152-f84f-4022-a2c6-0c66c86e9e70',NULL,'0986c2be-f816-11e8-9aaf-2621339c7881','BEV1','Strain','strain',NULL,'Y','Y','N','Y',NULL,NULL,'ALPHANUMERIC','FREE FORM',NULL,'PRODUCT',NULL,NULL,NULL,NULL,1,'2010-01-01 00:00:00','LIQUIBASE',1,'2010-01-01 00:00:00',NULL),(692,NULL,0,'69d8596c-fd88-11e8-814d-afed9526fa74','1e43a152-f84f-4022-a2c6-0c66c86e9e70',NULL,'0986c2be-f816-11e8-9aaf-2621339c7881','BEV1','Brand','brand',NULL,'Y','N','N','Y',NULL,NULL,'ALPHANUMERIC','FREE FORM',NULL,'PRODUCT',NULL,4,NULL,NULL,1,'2010-01-01 00:00:00','LIQUIBASE',1,'2010-01-01 00:00:00',NULL),(693,NULL,0,'69d85ade-fd88-11e8-814d-afed9526fa74','1e43a152-f84f-4022-a2c6-0c66c86e9e70',NULL,'0986c2be-f816-11e8-9aaf-2621339c7881','BEV1','Amount','amount',NULL,'Y','N','N','Y',NULL,NULL,'DECIMAL','FREE FORM',NULL,'PRODUCT',NULL,6,NULL,NULL,1,'2010-01-01 00:00:00','LIQUIBASE',1,'2010-01-01 00:00:00',NULL),(694,NULL,0,'69d85c82-fd88-11e8-814d-afed9526fa74','1e43a152-f84f-4022-a2c6-0c66c86e9e70',NULL,'0986c2be-f816-11e8-9aaf-2621339c7881','BEV1','Total Mg THC','total_mg_thc',NULL,'Y','N','Y','Y',NULL,NULL,'DECIMAL','FREE FORM',NULL,'PRODUCT',NULL,8,NULL,NULL,1,'2010-01-01 00:00:00','LIQUIBASE',1,'2010-01-01 00:00:00',NULL),(695,NULL,0,'69d85d4a-fd88-11e8-814d-afed9526fa74','1e43a152-f84f-4022-a2c6-0c66c86e9e70',NULL,'0986c2be-f816-11e8-9aaf-2621339c7881','BEV1','Classification','classification',NULL,'Y','N','N','Y',NULL,NULL,'ALPHABETS','PICK LIST',NULL,'PRODUCT',NULL,5,NULL,NULL,1,'2010-01-01 00:00:00','LIQUIBASE',1,'2010-01-01 00:00:00',NULL),(696,NULL,0,'69d85e12-fd88-11e8-814d-afed9526fa74','1e43a152-f84f-4022-a2c6-0c66c86e9e70',NULL,'0986c2be-f816-11e8-9aaf-2621339c7881','BEV1','Doses','doses',NULL,'Y','N','N','Y',NULL,NULL,'DECIMAL','FREE FORM',NULL,'PRODUCT',NULL,11,NULL,NULL,1,'2010-01-01 00:00:00','LIQUIBASE',1,'2010-01-01 00:00:00',NULL),(697,NULL,0,'69d85eda-fd88-11e8-814d-afed9526fa74','1e43a152-f84f-4022-a2c6-0c66c86e9e70',NULL,'0986c2be-f816-11e8-9aaf-2621339c7881','BEV1','Mg per Dose','mg_per_dose',NULL,'Y','N','N','Y',NULL,NULL,'DECIMAL','FREE FORM',NULL,'PRODUCT',NULL,12,NULL,NULL,1,'2010-01-01 00:00:00','LIQUIBASE',1,'2010-01-01 00:00:00',NULL),(698,NULL,0,'69d85fa2-fd88-11e8-814d-afed9526fa74','1e43a152-f84f-4022-a2c6-0c66c86e9e70',NULL,'0986c2be-f816-11e8-9aaf-2621339c7881','BEV1','Medium','medium',NULL,'Y','Y','N','Y',NULL,NULL,'ALPHANUMERIC','PICK LIST',NULL,'PRODUCT',NULL,NULL,NULL,NULL,1,'2010-01-01 00:00:00','LIQUIBASE',1,'2010-01-01 00:00:00',NULL),(699,NULL,0,'69d8606a-fd88-11e8-814d-afed9526fa74','1e43a152-f84f-4022-a2c6-0c66c86e9e70',NULL,'0986c2be-f816-11e8-9aaf-2621339c7881','BEV1','External ID','external_id',NULL,'Y','N','N','Y',NULL,NULL,'ALPHANUMERIC','FREE FORM',NULL,'PRODUCT',NULL,14,NULL,NULL,1,'2010-01-01 00:00:00','LIQUIBASE',1,'2010-01-01 00:00:00',NULL),(700,NULL,0,'69d87fe6-fd88-11e8-814d-afed9526fa74','1e43a152-f84f-4022-a2c6-0c66c86e9e70',NULL,'0986c2be-f816-11e8-9aaf-2621339c7881','BEV1','CBD THC Ratio','cbd_thc_ratio',NULL,'Y','Y','N','Y',NULL,NULL,'DECIMAL','FREE FORM',NULL,'LAB RESULTS',NULL,NULL,NULL,NULL,1,'2010-01-01 00:00:00','LIQUIBASE',1,'2010-01-01 00:00:00',NULL),(701,NULL,0,'69d88612-fd88-11e8-814d-afed9526fa74','1e43a152-f84f-4022-a2c6-0c66c86e9e70',NULL,'0986c2be-f816-11e8-9aaf-2621339c7881','BEV1','Product Description','product_description',NULL,'Y','Y','N','Y',NULL,NULL,'ALPHANUMERIC','FREE FORM',NULL,'MENU',NULL,NULL,NULL,NULL,1,'2010-01-01 00:00:00','LIQUIBASE',1,'2010-01-01 00:00:00',NULL),(702,NULL,0,'69d88d60-fd88-11e8-814d-afed9526fa74','1e43a152-f84f-4022-a2c6-0c66c86e9e70',NULL,'0986c2be-f816-11e8-9aaf-2621339c7881','BEV1','Manufacturer Barcode','manufacturer_barcode',NULL,'Y','N','N','Y',NULL,NULL,'ALPHANUMERIC','FREE FORM',NULL,'MENU',NULL,NULL,NULL,NULL,1,'2010-01-01 00:00:00','LIQUIBASE',1,'2010-01-01 00:00:00',NULL),(703,NULL,0,'69d8b718-fd88-11e8-814d-afed9526fa74','1e43a152-f84f-4022-a2c6-0c66c86e9e70',NULL,'7c5b3ad1-82ab-11e6-a87c-0862661081dd','CART1','Subtype','subtype',NULL,'Y','N','N','Y',NULL,NULL,'ALPHANUMERIC','USER DEFINED',NULL,'PRODUCT',NULL,1,1,NULL,1,'2010-01-01 00:00:00','LIQUIBASE',1,'2010-01-01 00:00:00',NULL),(704,NULL,0,'69d8b7f4-fd88-11e8-814d-afed9526fa74','1e43a152-f84f-4022-a2c6-0c66c86e9e70',NULL,'7c5b3ad1-82ab-11e6-a87c-0862661081dd','CART1','UoM','uom',NULL,'Y','N','Y','Y','GRAMS',NULL,'ALPHABETS','PICK LIST',NULL,'PRODUCT',NULL,7,NULL,NULL,1,'2010-01-01 00:00:00','LIQUIBASE',1,'2010-01-01 00:00:00',NULL),(705,NULL,0,'69d8b8bc-fd88-11e8-814d-afed9526fa74','1e43a152-f84f-4022-a2c6-0c66c86e9e70',NULL,'7c5b3ad1-82ab-11e6-a87c-0862661081dd','CART1','Extraction Method','extraction_method',NULL,'Y','N','N','Y',NULL,NULL,'ALPHABETS','PICK LIST',NULL,'PRODUCT',NULL,9,NULL,NULL,1,'2010-01-01 00:00:00','LIQUIBASE',1,'2010-01-01 00:00:00',NULL),(706,NULL,0,'69d8b984-fd88-11e8-814d-afed9526fa74','1e43a152-f84f-4022-a2c6-0c66c86e9e70',NULL,'7c5b3ad1-82ab-11e6-a87c-0862661081dd','CART1','Cannabis','cannabis',NULL,'Y','Y','N','Y','true',NULL,'ALPHANUMERIC','TOGGLE',NULL,'PRODUCT',NULL,NULL,NULL,NULL,1,'2010-01-01 00:00:00','LIQUIBASE',1,'2010-01-01 00:00:00',NULL),(707,NULL,0,'69d8ba6a-fd88-11e8-814d-afed9526fa74','1e43a152-f84f-4022-a2c6-0c66c86e9e70',NULL,'7c5b3ad1-82ab-11e6-a87c-0862661081dd','CART1','Package Tracked','package_tracked',NULL,'Y','Y','N','Y','true',NULL,'ALPHABETS','TOGGLE',NULL,'PRODUCT',NULL,NULL,NULL,NULL,1,'2010-01-01 00:00:00','LIQUIBASE',1,'2010-01-01 00:00:00',NULL),(708,NULL,0,'69d8bb3c-fd88-11e8-814d-afed9526fa74','1e43a152-f84f-4022-a2c6-0c66c86e9e70',NULL,'7c5b3ad1-82ab-11e6-a87c-0862661081dd','CART1','Name','name',NULL,'Y','N','Y','Y',NULL,NULL,'ALPHANUMERIC','FREE FORM',NULL,'PRODUCT',NULL,2,NULL,NULL,1,'2010-01-01 00:00:00','LIQUIBASE',1,'2010-01-01 00:00:00',NULL),(709,NULL,0,'69d8bc04-fd88-11e8-814d-afed9526fa74','1e43a152-f84f-4022-a2c6-0c66c86e9e70',NULL,'7c5b3ad1-82ab-11e6-a87c-0862661081dd','CART1','Strain','strain',NULL,'Y','Y','N','Y',NULL,NULL,'ALPHANUMERIC','FREE FORM',NULL,'PRODUCT',NULL,NULL,NULL,NULL,1,'2010-01-01 00:00:00','LIQUIBASE',1,'2010-01-01 00:00:00',NULL),(710,NULL,0,'69d8bcd6-fd88-11e8-814d-afed9526fa74','1e43a152-f84f-4022-a2c6-0c66c86e9e70',NULL,'7c5b3ad1-82ab-11e6-a87c-0862661081dd','CART1','Brand','brand',NULL,'Y','N','N','Y',NULL,NULL,'ALPHANUMERIC','FREE FORM',NULL,'PRODUCT',NULL,4,NULL,NULL,1,'2010-01-01 00:00:00','LIQUIBASE',1,'2010-01-01 00:00:00',NULL),(711,NULL,0,'69d8bd9e-fd88-11e8-814d-afed9526fa74','1e43a152-f84f-4022-a2c6-0c66c86e9e70',NULL,'7c5b3ad1-82ab-11e6-a87c-0862661081dd','CART1','Amount','amount',NULL,'Y','N','Y','Y',NULL,NULL,'DECIMAL','FREE FORM',NULL,'PRODUCT',NULL,6,NULL,NULL,1,'2010-01-01 00:00:00','LIQUIBASE',1,'2010-01-01 00:00:00',NULL),(712,NULL,0,'69d8bf24-fd88-11e8-814d-afed9526fa74','1e43a152-f84f-4022-a2c6-0c66c86e9e70',NULL,'7c5b3ad1-82ab-11e6-a87c-0862661081dd','CART1','Total Mg THC','total_mg_thc',NULL,'Y','N','N','Y',NULL,NULL,'DECIMAL','FREE FORM',NULL,'PRODUCT',NULL,8,NULL,NULL,1,'2010-01-01 00:00:00','LIQUIBASE',1,'2010-01-01 00:00:00',NULL),(713,NULL,0,'69d8c10e-fd88-11e8-814d-afed9526fa74','1e43a152-f84f-4022-a2c6-0c66c86e9e70',NULL,'7c5b3ad1-82ab-11e6-a87c-0862661081dd','CART1','Classification','classification',NULL,'Y','N','N','Y',NULL,NULL,'ALPHABETS','PICK LIST',NULL,'PRODUCT',NULL,5,NULL,NULL,1,'2010-01-01 00:00:00','LIQUIBASE',1,'2010-01-01 00:00:00',NULL),(714,NULL,0,'69d8c28a-fd88-11e8-814d-afed9526fa74','1e43a152-f84f-4022-a2c6-0c66c86e9e70',NULL,'7c5b3ad1-82ab-11e6-a87c-0862661081dd','CART1','Doses','doses',NULL,'Y','Y','N','Y',NULL,NULL,'DECIMAL','FREE FORM',NULL,'PRODUCT',NULL,11,NULL,NULL,1,'2010-01-01 00:00:00','LIQUIBASE',1,'2010-01-01 00:00:00',NULL),(715,NULL,0,'69d8c7c6-fd88-11e8-814d-afed9526fa74','1e43a152-f84f-4022-a2c6-0c66c86e9e70',NULL,'7c5b3ad1-82ab-11e6-a87c-0862661081dd','CART1','Mg per Dose','mg_per_dose',NULL,'Y','Y','N','Y',NULL,NULL,'DECIMAL','FREE FORM',NULL,'PRODUCT',NULL,12,NULL,NULL,1,'2010-01-01 00:00:00','LIQUIBASE',1,'2010-01-01 00:00:00',NULL),(716,NULL,0,'69d8ca14-fd88-11e8-814d-afed9526fa74','1e43a152-f84f-4022-a2c6-0c66c86e9e70',NULL,'7c5b3ad1-82ab-11e6-a87c-0862661081dd','CART1','Medium','medium',NULL,'Y','Y','N','Y',NULL,NULL,'ALPHANUMERIC','PICK LIST',NULL,'PRODUCT',NULL,NULL,NULL,NULL,1,'2010-01-01 00:00:00','LIQUIBASE',1,'2010-01-01 00:00:00',NULL),(717,NULL,0,'69d8cb36-fd88-11e8-814d-afed9526fa74','1e43a152-f84f-4022-a2c6-0c66c86e9e70',NULL,'7c5b3ad1-82ab-11e6-a87c-0862661081dd','CART1','External ID','external_id',NULL,'Y','N','N','Y',NULL,NULL,'ALPHANUMERIC','FREE FORM',NULL,'PRODUCT',NULL,14,NULL,NULL,1,'2010-01-01 00:00:00','LIQUIBASE',1,'2010-01-01 00:00:00',NULL),(718,NULL,0,'69d8cc12-fd88-11e8-814d-afed9526fa74','1e43a152-f84f-4022-a2c6-0c66c86e9e70',NULL,'7c5b3ad1-82ab-11e6-a87c-0862661081dd','CART1','CBD THC Ratio','cbd_thc_ratio',NULL,'Y','Y','N','Y',NULL,NULL,'DECIMAL','FREE FORM',NULL,'PRODUCT',NULL,NULL,NULL,NULL,1,'2010-01-01 00:00:00','LIQUIBASE',1,'2010-01-01 00:00:00',NULL),(719,NULL,0,'69d8d068-fd88-11e8-814d-afed9526fa74','1e43a152-f84f-4022-a2c6-0c66c86e9e70',NULL,'7c5b3ad1-82ab-11e6-a87c-0862661081dd','CART1','Product Description','product_description',NULL,'Y','Y','N','Y',NULL,NULL,'ALPHANUMERIC','FREE FORM',NULL,'PRODUCT',NULL,NULL,NULL,NULL,1,'2010-01-01 00:00:00','LIQUIBASE',1,'2010-01-01 00:00:00',NULL),(720,NULL,0,'69d8e4a4-fd88-11e8-814d-afed9526fa74','1e43a152-f84f-4022-a2c6-0c66c86e9e70',NULL,'4028E43964FBA33F0164FBADCDB8000B','CBDNONCAN1','Subtype','subtype',NULL,'Y','N','N','Y',NULL,NULL,'ALPHANUMERIC','USER DEFINED',NULL,'PRODUCT',NULL,1,1,NULL,1,'2010-01-01 00:00:00','LIQUIBASE',1,'2010-01-01 00:00:00',NULL),(721,NULL,0,'69d8e58a-fd88-11e8-814d-afed9526fa74','1e43a152-f84f-4022-a2c6-0c66c86e9e70',NULL,'4028E43964FBA33F0164FBADCDB8000B','CBDNONCAN1','UoM','uom',NULL,'Y','N','N','Y',NULL,NULL,'ALPHABETS','PICK LIST',NULL,'PRODUCT',NULL,7,NULL,NULL,1,'2010-01-01 00:00:00','LIQUIBASE',1,'2010-01-01 00:00:00',NULL),(722,NULL,0,'69d8e864-fd88-11e8-814d-afed9526fa74','1e43a152-f84f-4022-a2c6-0c66c86e9e70',NULL,'4028E43964FBA33F0164FBADCDB8000B','CBDNONCAN1','Form','form',NULL,'Y','Y','N','Y',NULL,NULL,'ALPHABETS','PICK LIST',NULL,'PRODUCT',NULL,NULL,NULL,NULL,1,'2010-01-01 00:00:00','LIQUIBASE',1,'2010-01-01 00:00:00',NULL),(723,NULL,0,'69d8e940-fd88-11e8-814d-afed9526fa74','1e43a152-f84f-4022-a2c6-0c66c86e9e70',NULL,'4028E43964FBA33F0164FBADCDB8000B','CBDNONCAN1','Cannabis','cannabis',NULL,'Y','Y','N','Y','false',NULL,'ALPHANUMERIC','TOGGLE',NULL,'PRODUCT',NULL,NULL,NULL,NULL,1,'2010-01-01 00:00:00','LIQUIBASE',1,'2010-01-01 00:00:00',NULL),(724,NULL,0,'69d8ea1c-fd88-11e8-814d-afed9526fa74','1e43a152-f84f-4022-a2c6-0c66c86e9e70',NULL,'4028E43964FBA33F0164FBADCDB8000B','CBDNONCAN1','Package Tracked','package_tracked',NULL,'Y','Y','N','Y','false',NULL,'ALPHABETS','TOGGLE',NULL,'PRODUCT',NULL,NULL,NULL,NULL,1,'2010-01-01 00:00:00','LIQUIBASE',1,'2010-01-01 00:00:00',NULL),(725,NULL,0,'69d8eae4-fd88-11e8-814d-afed9526fa74','1e43a152-f84f-4022-a2c6-0c66c86e9e70',NULL,'4028E43964FBA33F0164FBADCDB8000B','CBDNONCAN1','Name','name',NULL,'Y','N','Y','Y',NULL,NULL,'ALPHANUMERIC','FREE FORM',NULL,'PRODUCT',NULL,2,NULL,NULL,1,'2010-01-01 00:00:00','LIQUIBASE',1,'2010-01-01 00:00:00',NULL),(726,NULL,0,'69d8ebb6-fd88-11e8-814d-afed9526fa74','1e43a152-f84f-4022-a2c6-0c66c86e9e70',NULL,'4028E43964FBA33F0164FBADCDB8000B','CBDNONCAN1','Strain','strain',NULL,'Y','Y','N','Y',NULL,NULL,'ALPHANUMERIC','FREE FORM',NULL,'PRODUCT',NULL,NULL,NULL,NULL,1,'2010-01-01 00:00:00','LIQUIBASE',1,'2010-01-01 00:00:00',NULL),(727,NULL,0,'69d8ec74-fd88-11e8-814d-afed9526fa74','1e43a152-f84f-4022-a2c6-0c66c86e9e70',NULL,'4028E43964FBA33F0164FBADCDB8000B','CBDNONCAN1','Brand','brand',NULL,'Y','N','N','Y',NULL,NULL,'ALPHANUMERIC','FREE FORM',NULL,'PRODUCT',NULL,4,NULL,NULL,1,'2010-01-01 00:00:00','LIQUIBASE',1,'2010-01-01 00:00:00',NULL),(728,NULL,0,'69d8ed46-fd88-11e8-814d-afed9526fa74','1e43a152-f84f-4022-a2c6-0c66c86e9e70',NULL,'4028E43964FBA33F0164FBADCDB8000B','CBDNONCAN1','Amount','amount',NULL,'Y','N','N','Y',NULL,NULL,'DECIMAL','FREE FORM',NULL,'PRODUCT',NULL,6,NULL,NULL,1,'2010-01-01 00:00:00','LIQUIBASE',1,'2010-01-01 00:00:00',NULL),(729,NULL,0,'69d8eee0-fd88-11e8-814d-afed9526fa74','1e43a152-f84f-4022-a2c6-0c66c86e9e70',NULL,'4028E43964FBA33F0164FBADCDB8000B','CBDNONCAN1','Total Mg THC','total_mg_thc',NULL,'Y','N','Y','Y',NULL,NULL,'DECIMAL','FREE FORM',NULL,'PRODUCT',NULL,8,NULL,NULL,1,'2010-01-01 00:00:00','LIQUIBASE',1,'2010-01-01 00:00:00',NULL),(730,NULL,0,'69d8efa8-fd88-11e8-814d-afed9526fa74','1e43a152-f84f-4022-a2c6-0c66c86e9e70',NULL,'4028E43964FBA33F0164FBADCDB8000B','CBDNONCAN1','Classification','classification',NULL,'Y','N','N','Y',NULL,NULL,'ALPHABETS','PICK LIST',NULL,'PRODUCT',NULL,5,NULL,NULL,1,'2010-01-01 00:00:00','LIQUIBASE',1,'2010-01-01 00:00:00',NULL),(731,NULL,0,'69d8f066-fd88-11e8-814d-afed9526fa74','1e43a152-f84f-4022-a2c6-0c66c86e9e70',NULL,'4028E43964FBA33F0164FBADCDB8000B','CBDNONCAN1','Doses','doses',NULL,'Y','N','N','Y',NULL,NULL,'DECIMAL','FREE FORM',NULL,'PRODUCT',NULL,11,NULL,NULL,1,'2010-01-01 00:00:00','LIQUIBASE',1,'2010-01-01 00:00:00',NULL),(732,NULL,0,'69d8f12e-fd88-11e8-814d-afed9526fa74','1e43a152-f84f-4022-a2c6-0c66c86e9e70',NULL,'4028E43964FBA33F0164FBADCDB8000B','CBDNONCAN1','Mg per Dose','mg_per_dose',NULL,'Y','N','N','Y',NULL,NULL,'DECIMAL','FREE FORM',NULL,'PRODUCT',NULL,12,NULL,NULL,1,'2010-01-01 00:00:00','LIQUIBASE',1,'2010-01-01 00:00:00',NULL),(733,NULL,0,'69d8f1f6-fd88-11e8-814d-afed9526fa74','1e43a152-f84f-4022-a2c6-0c66c86e9e70',NULL,'4028E43964FBA33F0164FBADCDB8000B','CBDNONCAN1','Medium','medium',NULL,'Y','Y','N','Y',NULL,NULL,'ALPHANUMERIC','PICK LIST',NULL,'PRODUCT',NULL,NULL,NULL,NULL,1,'2010-01-01 00:00:00','LIQUIBASE',1,'2010-01-01 00:00:00',NULL),(734,NULL,0,'69d8f2be-fd88-11e8-814d-afed9526fa74','1e43a152-f84f-4022-a2c6-0c66c86e9e70',NULL,'4028E43964FBA33F0164FBADCDB8000B','CBDNONCAN1','External ID','external_id',NULL,'Y','N','N','Y',NULL,NULL,'ALPHANUMERIC','FREE FORM',NULL,'PRODUCT',NULL,14,NULL,NULL,1,'2010-01-01 00:00:00','LIQUIBASE',1,'2010-01-01 00:00:00',NULL),(735,NULL,0,'69d8f386-fd88-11e8-814d-afed9526fa74','1e43a152-f84f-4022-a2c6-0c66c86e9e70',NULL,'4028E43964FBA33F0164FBADCDB8000B','CBDNONCAN1','CBD THC Ratio','cbd_thc_ratio',NULL,'Y','Y','N','Y',NULL,NULL,'DECIMAL','FREE FORM',NULL,'PRODUCT',NULL,NULL,NULL,NULL,1,'2010-01-01 00:00:00','LIQUIBASE',1,'2010-01-01 00:00:00',NULL),(736,NULL,0,'69d8f764-fd88-11e8-814d-afed9526fa74','1e43a152-f84f-4022-a2c6-0c66c86e9e70',NULL,'4028E43964FBA33F0164FBADCDB8000B','CBDNONCAN1','Product Description','product_description',NULL,'Y','Y','N','Y',NULL,NULL,'ALPHANUMERIC','FREE FORM',NULL,'PRODUCT',NULL,NULL,NULL,NULL,1,'2010-01-01 00:00:00','LIQUIBASE',1,'2010-01-01 00:00:00',NULL),(737,NULL,0,'69d90c7c-fd88-11e8-814d-afed9526fa74','1e43a152-f84f-4022-a2c6-0c66c86e9e70',NULL,'7e31e311-da84-11e5-bc38-5c514f48b06a','EDIBLE1','Subtype','subtype',NULL,'Y','N','N','Y',NULL,NULL,'ALPHANUMERIC','USER DEFINED',NULL,'PRODUCT',NULL,1,1,NULL,1,'2010-01-01 00:00:00','LIQUIBASE',1,'2010-01-01 00:00:00',NULL),(738,NULL,0,'69d90d58-fd88-11e8-814d-afed9526fa74','1e43a152-f84f-4022-a2c6-0c66c86e9e70',NULL,'7e31e311-da84-11e5-bc38-5c514f48b06a','EDIBLE1','UoM','uom',NULL,'Y','Y','Y','Y',NULL,NULL,'ALPHABETS','PICK LIST',NULL,'PRODUCT',NULL,7,NULL,NULL,1,'2010-01-01 00:00:00','LIQUIBASE',1,'2010-01-01 00:00:00',NULL),(739,NULL,0,'69d90e20-fd88-11e8-814d-afed9526fa74','1e43a152-f84f-4022-a2c6-0c66c86e9e70',NULL,'7e31e311-da84-11e5-bc38-5c514f48b06a','EDIBLE1','Form','form',NULL,'Y','Y','N','Y',NULL,NULL,'ALPHABETS','PICK LIST',NULL,'PRODUCT',NULL,NULL,NULL,NULL,1,'2010-01-01 00:00:00','LIQUIBASE',1,'2010-01-01 00:00:00',NULL),(740,NULL,0,'69d90ef2-fd88-11e8-814d-afed9526fa74','1e43a152-f84f-4022-a2c6-0c66c86e9e70',NULL,'7e31e311-da84-11e5-bc38-5c514f48b06a','EDIBLE1','Cannabis','cannabis',NULL,'Y','Y','N','Y','true',NULL,'ALPHANUMERIC','TOGGLE',NULL,'PRODUCT',NULL,NULL,NULL,NULL,1,'2010-01-01 00:00:00','LIQUIBASE',1,'2010-01-01 00:00:00',NULL),(741,NULL,0,'69d90fba-fd88-11e8-814d-afed9526fa74','1e43a152-f84f-4022-a2c6-0c66c86e9e70',NULL,'7e31e311-da84-11e5-bc38-5c514f48b06a','EDIBLE1','Package Tracked','package_tracked',NULL,'Y','Y','N','Y','true',NULL,'ALPHABETS','TOGGLE',NULL,'PRODUCT',NULL,NULL,NULL,NULL,1,'2010-01-01 00:00:00','LIQUIBASE',1,'2010-01-01 00:00:00',NULL),(742,NULL,0,'69d91082-fd88-11e8-814d-afed9526fa74','1e43a152-f84f-4022-a2c6-0c66c86e9e70',NULL,'7e31e311-da84-11e5-bc38-5c514f48b06a','EDIBLE1','Name','name',NULL,'Y','N','Y','Y',NULL,NULL,'ALPHANUMERIC','FREE FORM',NULL,'PRODUCT',NULL,2,NULL,NULL,1,'2010-01-01 00:00:00','LIQUIBASE',1,'2010-01-01 00:00:00',NULL),(743,NULL,0,'69d91140-fd88-11e8-814d-afed9526fa74','1e43a152-f84f-4022-a2c6-0c66c86e9e70',NULL,'7e31e311-da84-11e5-bc38-5c514f48b06a','EDIBLE1','Strain','strain',NULL,'Y','Y','N','Y',NULL,NULL,'ALPHANUMERIC','FREE FORM',NULL,'PRODUCT',NULL,NULL,NULL,NULL,1,'2010-01-01 00:00:00','LIQUIBASE',1,'2010-01-01 00:00:00',NULL),(744,NULL,0,'69d911fe-fd88-11e8-814d-afed9526fa74','1e43a152-f84f-4022-a2c6-0c66c86e9e70',NULL,'7e31e311-da84-11e5-bc38-5c514f48b06a','EDIBLE1','Brand','brand',NULL,'Y','N','N','Y',NULL,NULL,'ALPHANUMERIC','FREE FORM',NULL,'PRODUCT',NULL,4,NULL,NULL,1,'2010-01-01 00:00:00','LIQUIBASE',1,'2010-01-01 00:00:00',NULL),(745,NULL,0,'69d912bc-fd88-11e8-814d-afed9526fa74','1e43a152-f84f-4022-a2c6-0c66c86e9e70',NULL,'7e31e311-da84-11e5-bc38-5c514f48b06a','EDIBLE1','Size','size',NULL,'Y','N','N','Y',NULL,NULL,'ALPHANUMERIC','FREE FORM',NULL,'PRODUCT',NULL,6,NULL,NULL,1,'2010-01-01 00:00:00','LIQUIBASE',1,'2010-01-01 00:00:00',NULL),(746,NULL,0,'69d91442-fd88-11e8-814d-afed9526fa74','1e43a152-f84f-4022-a2c6-0c66c86e9e70',NULL,'7e31e311-da84-11e5-bc38-5c514f48b06a','EDIBLE1','Total Mg THC','total_mg_thc',NULL,'Y','N','Y','Y',NULL,NULL,'DECIMAL','FREE FORM',NULL,'PRODUCT',NULL,8,1,NULL,1,'2010-01-01 00:00:00','LIQUIBASE',1,'2010-01-01 00:00:00',NULL),(747,NULL,0,'69d91500-fd88-11e8-814d-afed9526fa74','1e43a152-f84f-4022-a2c6-0c66c86e9e70',NULL,'7e31e311-da84-11e5-bc38-5c514f48b06a','EDIBLE1','Classification','classification',NULL,'Y','N','N','Y',NULL,NULL,'ALPHABETS','PICK LIST',NULL,'PRODUCT',NULL,5,NULL,NULL,1,'2010-01-01 00:00:00','LIQUIBASE',1,'2010-01-01 00:00:00',NULL),(748,NULL,0,'69d915be-fd88-11e8-814d-afed9526fa74','1e43a152-f84f-4022-a2c6-0c66c86e9e70',NULL,'7e31e311-da84-11e5-bc38-5c514f48b06a','EDIBLE1','Doses','doses',NULL,'Y','N','N','Y',NULL,NULL,'DECIMAL','FREE FORM',NULL,'PRODUCT',NULL,11,NULL,NULL,1,'2010-01-01 00:00:00','LIQUIBASE',1,'2010-01-01 00:00:00',NULL),(749,NULL,0,'69d91686-fd88-11e8-814d-afed9526fa74','1e43a152-f84f-4022-a2c6-0c66c86e9e70',NULL,'7e31e311-da84-11e5-bc38-5c514f48b06a','EDIBLE1','Mg per Dose','mg_per_dose',NULL,'Y','N','N','Y',NULL,NULL,'DECIMAL','FREE FORM',NULL,'PRODUCT',NULL,12,NULL,NULL,1,'2010-01-01 00:00:00','LIQUIBASE',1,'2010-01-01 00:00:00',NULL),(750,NULL,0,'69d91744-fd88-11e8-814d-afed9526fa74','1e43a152-f84f-4022-a2c6-0c66c86e9e70',NULL,'7e31e311-da84-11e5-bc38-5c514f48b06a','EDIBLE1','Medium','medium',NULL,'Y','Y','N','Y',NULL,NULL,'ALPHANUMERIC','PICK LIST',NULL,'PRODUCT',NULL,NULL,NULL,NULL,1,'2010-01-01 00:00:00','LIQUIBASE',1,'2010-01-01 00:00:00',NULL),(751,NULL,0,'69d91802-fd88-11e8-814d-afed9526fa74','1e43a152-f84f-4022-a2c6-0c66c86e9e70',NULL,'7e31e311-da84-11e5-bc38-5c514f48b06a','EDIBLE1','External ID','external_id',NULL,'Y','N','N','Y',NULL,NULL,'ALPHANUMERIC','FREE FORM',NULL,'PRODUCT',NULL,14,NULL,NULL,1,'2010-01-01 00:00:00','LIQUIBASE',1,'2010-01-01 00:00:00',NULL),(752,NULL,0,'69d918ca-fd88-11e8-814d-afed9526fa74','1e43a152-f84f-4022-a2c6-0c66c86e9e70',NULL,'7e31e311-da84-11e5-bc38-5c514f48b06a','EDIBLE1','CBD THC Ratio','cbd_thc_ratio',NULL,'Y','Y','N','Y',NULL,NULL,'DECIMAL','FREE FORM',NULL,'PRODUCT',NULL,NULL,NULL,NULL,1,'2010-01-01 00:00:00','LIQUIBASE',1,'2010-01-01 00:00:00',NULL),(753,NULL,0,'69d91c80-fd88-11e8-814d-afed9526fa74','1e43a152-f84f-4022-a2c6-0c66c86e9e70',NULL,'7e31e311-da84-11e5-bc38-5c514f48b06a','EDIBLE1','Product Description','product_description',NULL,'Y','Y','N','Y',NULL,NULL,'ALPHANUMERIC','FREE FORM',NULL,'PRODUCT',NULL,NULL,NULL,NULL,1,'2010-01-01 00:00:00','LIQUIBASE',1,'2010-01-01 00:00:00',NULL),(754,NULL,0,'69d934d6-fd88-11e8-814d-afed9526fa74','1e43a152-f84f-4022-a2c6-0c66c86e9e70',NULL,'7e2ee239-da84-11e5-bc38-5c514f48b06a','EXTRACT1','Subtype','subtype',NULL,'Y','N','N','Y',NULL,NULL,'ALPHANUMERIC','USER DEFINED',NULL,'PRODUCT',NULL,1,1,NULL,1,'2010-01-01 00:00:00','LIQUIBASE',1,'2010-01-01 00:00:00',NULL),(755,NULL,0,'69d935c6-fd88-11e8-814d-afed9526fa74','1e43a152-f84f-4022-a2c6-0c66c86e9e70',NULL,'7e2ee239-da84-11e5-bc38-5c514f48b06a','EXTRACT1','UoM','uom',NULL,'Y','N','Y','Y',NULL,NULL,'ALPHABETS','PICK LIST',NULL,'PRODUCT',NULL,7,NULL,NULL,1,'2010-01-01 00:00:00','LIQUIBASE',1,'2010-01-01 00:00:00',NULL),(756,NULL,0,'69d93698-fd88-11e8-814d-afed9526fa74','1e43a152-f84f-4022-a2c6-0c66c86e9e70',NULL,'7e2ee239-da84-11e5-bc38-5c514f48b06a','EXTRACT1','Extraction Method','extraction_method',NULL,'Y','N','N','Y',NULL,NULL,'ALPHABETS','PICK LIST',NULL,'PRODUCT',NULL,9,NULL,NULL,1,'2010-01-01 00:00:00','LIQUIBASE',1,'2010-01-01 00:00:00',NULL),(757,NULL,0,'69d9376a-fd88-11e8-814d-afed9526fa74','1e43a152-f84f-4022-a2c6-0c66c86e9e70',NULL,'7e2ee239-da84-11e5-bc38-5c514f48b06a','EXTRACT1','Cannabis','cannabis',NULL,'Y','Y','N','Y','true',NULL,'ALPHANUMERIC','TOGGLE',NULL,'PRODUCT',NULL,NULL,NULL,NULL,1,'2010-01-01 00:00:00','LIQUIBASE',1,'2010-01-01 00:00:00',NULL),(758,NULL,0,'69d9383c-fd88-11e8-814d-afed9526fa74','1e43a152-f84f-4022-a2c6-0c66c86e9e70',NULL,'7e2ee239-da84-11e5-bc38-5c514f48b06a','EXTRACT1','Package Tracked','package_tracked',NULL,'Y','Y','N','Y','true',NULL,'ALPHABETS','TOGGLE',NULL,'PRODUCT',NULL,NULL,NULL,NULL,1,'2010-01-01 00:00:00','LIQUIBASE',1,'2010-01-01 00:00:00',NULL),(759,NULL,0,'69d93904-fd88-11e8-814d-afed9526fa74','1e43a152-f84f-4022-a2c6-0c66c86e9e70',NULL,'7e2ee239-da84-11e5-bc38-5c514f48b06a','EXTRACT1','Name','name',NULL,'Y','N','Y','Y',NULL,NULL,'ALPHANUMERIC','FREE FORM',NULL,'PRODUCT',NULL,2,NULL,NULL,1,'2010-01-01 00:00:00','LIQUIBASE',1,'2010-01-01 00:00:00',NULL),(760,NULL,0,'69d939cc-fd88-11e8-814d-afed9526fa74','1e43a152-f84f-4022-a2c6-0c66c86e9e70',NULL,'7e2ee239-da84-11e5-bc38-5c514f48b06a','EXTRACT1','Strain','strain',NULL,'Y','Y','N','Y',NULL,NULL,'ALPHANUMERIC','FREE FORM',NULL,'PRODUCT',NULL,NULL,NULL,NULL,1,'2010-01-01 00:00:00','LIQUIBASE',1,'2010-01-01 00:00:00',NULL),(761,NULL,0,'69d93a9e-fd88-11e8-814d-afed9526fa74','1e43a152-f84f-4022-a2c6-0c66c86e9e70',NULL,'7e2ee239-da84-11e5-bc38-5c514f48b06a','EXTRACT1','Brand','brand',NULL,'Y','N','N','Y',NULL,NULL,'ALPHANUMERIC','FREE FORM',NULL,'PRODUCT',NULL,4,NULL,NULL,1,'2010-01-01 00:00:00','LIQUIBASE',1,'2010-01-01 00:00:00',NULL),(762,NULL,0,'69d93b66-fd88-11e8-814d-afed9526fa74','1e43a152-f84f-4022-a2c6-0c66c86e9e70',NULL,'7e2ee239-da84-11e5-bc38-5c514f48b06a','EXTRACT1','Amount','amount',NULL,'Y','N','Y','Y',NULL,NULL,'DECIMAL','FREE FORM',NULL,'PRODUCT',NULL,6,NULL,NULL,1,'2010-01-01 00:00:00','LIQUIBASE',1,'2010-01-01 00:00:00',NULL),(763,NULL,0,'69d93cf6-fd88-11e8-814d-afed9526fa74','1e43a152-f84f-4022-a2c6-0c66c86e9e70',NULL,'7e2ee239-da84-11e5-bc38-5c514f48b06a','EXTRACT1','Total Mg THC','total_mg_thc',NULL,'Y','N','N','Y',NULL,NULL,'DECIMAL','FREE FORM',NULL,'PRODUCT',NULL,8,NULL,NULL,1,'2010-01-01 00:00:00','LIQUIBASE',1,'2010-01-01 00:00:00',NULL),(764,NULL,0,'69d93dbe-fd88-11e8-814d-afed9526fa74','1e43a152-f84f-4022-a2c6-0c66c86e9e70',NULL,'7e2ee239-da84-11e5-bc38-5c514f48b06a','EXTRACT1','Classification','classification',NULL,'Y','N','N','Y',NULL,NULL,'ALPHABETS','PICK LIST',NULL,'PRODUCT',NULL,5,NULL,NULL,1,'2010-01-01 00:00:00','LIQUIBASE',1,'2010-01-01 00:00:00',NULL),(765,NULL,0,'69d93e86-fd88-11e8-814d-afed9526fa74','1e43a152-f84f-4022-a2c6-0c66c86e9e70',NULL,'7e2ee239-da84-11e5-bc38-5c514f48b06a','EXTRACT1','Doses','doses',NULL,'Y','Y','N','Y',NULL,NULL,'DECIMAL','FREE FORM',NULL,'PRODUCT',NULL,11,NULL,NULL,1,'2010-01-01 00:00:00','LIQUIBASE',1,'2010-01-01 00:00:00',NULL),(766,NULL,0,'69d93f4e-fd88-11e8-814d-afed9526fa74','1e43a152-f84f-4022-a2c6-0c66c86e9e70',NULL,'7e2ee239-da84-11e5-bc38-5c514f48b06a','EXTRACT1','Mg per Dose','mg_per_dose',NULL,'Y','Y','N','Y',NULL,NULL,'DECIMAL','FREE FORM',NULL,'PRODUCT',NULL,12,NULL,NULL,1,'2010-01-01 00:00:00','LIQUIBASE',1,'2010-01-01 00:00:00',NULL),(767,NULL,0,'69d94976-fd88-11e8-814d-afed9526fa74','1e43a152-f84f-4022-a2c6-0c66c86e9e70',NULL,'7e2ee239-da84-11e5-bc38-5c514f48b06a','EXTRACT1','Medium','medium',NULL,'Y','Y','N','Y',NULL,NULL,'ALPHANUMERIC','PICK LIST',NULL,'PRODUCT',NULL,NULL,NULL,NULL,1,'2010-01-01 00:00:00','LIQUIBASE',1,'2010-01-01 00:00:00',NULL),(768,NULL,0,'69d94a66-fd88-11e8-814d-afed9526fa74','1e43a152-f84f-4022-a2c6-0c66c86e9e70',NULL,'7e2ee239-da84-11e5-bc38-5c514f48b06a','EXTRACT1','External ID','external_id',NULL,'Y','N','N','Y',NULL,NULL,'ALPHANUMERIC','FREE FORM',NULL,'PRODUCT',NULL,14,NULL,NULL,1,'2010-01-01 00:00:00','LIQUIBASE',1,'2010-01-01 00:00:00',NULL),(769,NULL,0,'69d9509c-fd88-11e8-814d-afed9526fa74','1e43a152-f84f-4022-a2c6-0c66c86e9e70',NULL,'7e2ee239-da84-11e5-bc38-5c514f48b06a','EXTRACT1','CBD THC Ratio','cbd_thc_ratio',NULL,'Y','Y','N','Y',NULL,NULL,'DECIMAL','FREE FORM',NULL,'PRODUCT',NULL,NULL,NULL,NULL,1,'2010-01-01 00:00:00','LIQUIBASE',1,'2010-01-01 00:00:00',NULL),(770,NULL,0,'69d954f2-fd88-11e8-814d-afed9526fa74','1e43a152-f84f-4022-a2c6-0c66c86e9e70',NULL,'7e2ee239-da84-11e5-bc38-5c514f48b06a','EXTRACT1','Product Description','product_description',NULL,'Y','Y','N','Y',NULL,NULL,'ALPHANUMERIC','FREE FORM',NULL,'PRODUCT',NULL,NULL,NULL,NULL,1,'2010-01-01 00:00:00','LIQUIBASE',1,'2010-01-01 00:00:00',NULL),(771,NULL,0,'69d9ed86-fd88-11e8-814d-afed9526fa74','1e43a152-f84f-4022-a2c6-0c66c86e9e70',NULL,'7e2b2130-da84-11e5-bc38-5c514f48b06a','FLOWER1','Subtype','subtype',NULL,'Y','N','Y','Y','PRE-PACK',NULL,'ALPHABETS','PICK LIST',NULL,'PRODUCT',NULL,1,1,NULL,1,'2010-01-01 00:00:00','LIQUIBASE',1,'2010-01-01 00:00:00',NULL),(772,NULL,0,'69d9eff2-fd88-11e8-814d-afed9526fa74','1e43a152-f84f-4022-a2c6-0c66c86e9e70',NULL,'7e2b2130-da84-11e5-bc38-5c514f48b06a','FLOWER1','UoM','uom',NULL,'Y','N','Y','Y','GRAMS',NULL,'ALPHABETS','PICK LIST',NULL,'PRODUCT',NULL,7,1,NULL,1,'2010-01-01 00:00:00','LIQUIBASE',1,'2010-01-01 00:00:00',NULL),(773,NULL,0,'69d9f13c-fd88-11e8-814d-afed9526fa74','1e43a152-f84f-4022-a2c6-0c66c86e9e70',NULL,'7e2b2130-da84-11e5-bc38-5c514f48b06a','FLOWER1','Form','form',NULL,'Y','Y','N','Y',NULL,NULL,'ALPHABETS','PICK LIST',NULL,'PRODUCT',NULL,NULL,NULL,NULL,1,'2010-01-01 00:00:00','LIQUIBASE',1,'2010-01-01 00:00:00',NULL),(774,NULL,0,'69d9f222-fd88-11e8-814d-afed9526fa74','1e43a152-f84f-4022-a2c6-0c66c86e9e70',NULL,'7e2b2130-da84-11e5-bc38-5c514f48b06a','FLOWER1','Cannabis','cannabis',NULL,'Y','Y','N','Y','true',NULL,'ALPHANUMERIC','TOGGLE',NULL,'PRODUCT',NULL,NULL,NULL,NULL,1,'2010-01-01 00:00:00','LIQUIBASE',1,'2010-01-01 00:00:00',NULL),(775,NULL,0,'69d9f2fe-fd88-11e8-814d-afed9526fa74','1e43a152-f84f-4022-a2c6-0c66c86e9e70',NULL,'7e2b2130-da84-11e5-bc38-5c514f48b06a','FLOWER1','Package Tracked','package_tracked',NULL,'Y','Y','N','Y','true',NULL,'ALPHABETS','TOGGLE',NULL,'PRODUCT',NULL,NULL,NULL,NULL,1,'2010-01-01 00:00:00','LIQUIBASE',1,'2010-01-01 00:00:00',NULL),(776,NULL,0,'69d9f3f8-fd88-11e8-814d-afed9526fa74','1e43a152-f84f-4022-a2c6-0c66c86e9e70',NULL,'7e2b2130-da84-11e5-bc38-5c514f48b06a','FLOWER1','Name','name',NULL,'Y','N','Y','Y',NULL,NULL,'ALPHANUMERIC','FREE FORM',NULL,'PRODUCT',NULL,2,NULL,NULL,1,'2010-01-01 00:00:00','LIQUIBASE',1,'2010-01-01 00:00:00',NULL),(777,NULL,0,'69d9f57e-fd88-11e8-814d-afed9526fa74','1e43a152-f84f-4022-a2c6-0c66c86e9e70',NULL,'7e2b2130-da84-11e5-bc38-5c514f48b06a','FLOWER1','Strain','strain',NULL,'Y','Y','N','Y',NULL,NULL,'ALPHANUMERIC','FREE FORM',NULL,'PRODUCT',NULL,NULL,NULL,NULL,1,'2010-01-01 00:00:00','LIQUIBASE',1,'2010-01-01 00:00:00',NULL),(778,NULL,0,'69d9f7ae-fd88-11e8-814d-afed9526fa74','1e43a152-f84f-4022-a2c6-0c66c86e9e70',NULL,'7e2b2130-da84-11e5-bc38-5c514f48b06a','FLOWER1','Brand','brand',NULL,'Y','N','N','Y',NULL,NULL,'ALPHANUMERIC','FREE FORM',NULL,'PRODUCT',NULL,4,NULL,NULL,1,'2010-01-01 00:00:00','LIQUIBASE',1,'2010-01-01 00:00:00',NULL),(779,NULL,0,'69d9f8c6-fd88-11e8-814d-afed9526fa74','1e43a152-f84f-4022-a2c6-0c66c86e9e70',NULL,'7e2b2130-da84-11e5-bc38-5c514f48b06a','FLOWER1','Amount','amount',NULL,'Y','N','Y','Y',NULL,NULL,'DECIMAL','FREE FORM',NULL,'PRODUCT',NULL,6,NULL,NULL,1,'2010-01-01 00:00:00','LIQUIBASE',1,'2010-01-01 00:00:00',NULL),(780,NULL,0,'69d9fe0c-fd88-11e8-814d-afed9526fa74','1e43a152-f84f-4022-a2c6-0c66c86e9e70',NULL,'7e2b2130-da84-11e5-bc38-5c514f48b06a','FLOWER1','Total Mg THC','total_mg_thc',NULL,'Y','Y','N','Y',NULL,NULL,'DECIMAL','FREE FORM',NULL,'PRODUCT',NULL,8,NULL,NULL,1,'2010-01-01 00:00:00','LIQUIBASE',1,'2010-01-01 00:00:00',NULL),(781,NULL,0,'69d9fede-fd88-11e8-814d-afed9526fa74','1e43a152-f84f-4022-a2c6-0c66c86e9e70',NULL,'7e2b2130-da84-11e5-bc38-5c514f48b06a','FLOWER1','Classification','classification',NULL,'Y','N','N','Y',NULL,NULL,'ALPHABETS','PICK LIST',NULL,'PRODUCT',NULL,5,NULL,NULL,1,'2010-01-01 00:00:00','LIQUIBASE',1,'2010-01-01 00:00:00',NULL),(782,NULL,0,'69d9ffb0-fd88-11e8-814d-afed9526fa74','1e43a152-f84f-4022-a2c6-0c66c86e9e70',NULL,'7e2b2130-da84-11e5-bc38-5c514f48b06a','FLOWER1','Doses','doses',NULL,'Y','Y','N','Y',NULL,NULL,'DECIMAL','FREE FORM',NULL,'PRODUCT',NULL,11,NULL,NULL,1,'2010-01-01 00:00:00','LIQUIBASE',1,'2010-01-01 00:00:00',NULL),(783,NULL,0,'69da006e-fd88-11e8-814d-afed9526fa74','1e43a152-f84f-4022-a2c6-0c66c86e9e70',NULL,'7e2b2130-da84-11e5-bc38-5c514f48b06a','FLOWER1','Mg per Dose','mg_per_dose',NULL,'Y','Y','N','Y',NULL,NULL,'DECIMAL','FREE FORM',NULL,'PRODUCT',NULL,12,NULL,NULL,1,'2010-01-01 00:00:00','LIQUIBASE',1,'2010-01-01 00:00:00',NULL),(784,NULL,0,'69da0136-fd88-11e8-814d-afed9526fa74','1e43a152-f84f-4022-a2c6-0c66c86e9e70',NULL,'7e2b2130-da84-11e5-bc38-5c514f48b06a','FLOWER1','Medium','medium',NULL,'Y','Y','N','Y',NULL,NULL,'ALPHANUMERIC','PICK LIST',NULL,'PRODUCT',NULL,NULL,NULL,NULL,1,'2010-01-01 00:00:00','LIQUIBASE',1,'2010-01-01 00:00:00',NULL),(785,NULL,0,'69da01f4-fd88-11e8-814d-afed9526fa74','1e43a152-f84f-4022-a2c6-0c66c86e9e70',NULL,'7e2b2130-da84-11e5-bc38-5c514f48b06a','FLOWER1','External ID','external_id',NULL,'Y','N','N','Y',NULL,NULL,'ALPHANUMERIC','FREE FORM',NULL,'PRODUCT',NULL,14,NULL,NULL,1,'2010-01-01 00:00:00','LIQUIBASE',1,'2010-01-01 00:00:00',NULL),(786,NULL,0,'69da02e4-fd88-11e8-814d-afed9526fa74','1e43a152-f84f-4022-a2c6-0c66c86e9e70',NULL,'7e2b2130-da84-11e5-bc38-5c514f48b06a','FLOWER1','CBD THC Ratio','cbd_thc_ratio',NULL,'Y','Y','N','Y',NULL,NULL,'DECIMAL','FREE FORM',NULL,'PRODUCT',NULL,NULL,NULL,NULL,1,'2010-01-01 00:00:00','LIQUIBASE',1,'2010-01-01 00:00:00',NULL),(787,NULL,0,'69da1eaa-fd88-11e8-814d-afed9526fa74','1e43a152-f84f-4022-a2c6-0c66c86e9e70',NULL,'7e2b2130-da84-11e5-bc38-5c514f48b06a','FLOWER1','Product Description','product_description',NULL,'Y','Y','N','Y',NULL,NULL,'ALPHANUMERIC','FREE FORM',NULL,'PRODUCT',NULL,NULL,NULL,NULL,1,'2010-01-01 00:00:00','LIQUIBASE',1,'2010-01-01 00:00:00',NULL),(788,NULL,0,'69da46dc-fd88-11e8-814d-afed9526fa74','1e43a152-f84f-4022-a2c6-0c66c86e9e70',NULL,'7c5b706f-82ab-11e6-a87c-0862661081dd','MISC1','Subtype','subtype',NULL,'Y','N','N','Y',NULL,NULL,'ALPHANUMERIC','USER DEFINED',NULL,'PRODUCT',NULL,1,1,NULL,1,'2010-01-01 00:00:00','LIQUIBASE',1,'2010-01-01 00:00:00',NULL),(789,NULL,0,'69da47c2-fd88-11e8-814d-afed9526fa74','1e43a152-f84f-4022-a2c6-0c66c86e9e70',NULL,'7c5b706f-82ab-11e6-a87c-0862661081dd','MISC1','UoM','uom',NULL,'Y','N','N','Y',NULL,NULL,'ALPHABETS','PICK LIST',NULL,'PRODUCT',NULL,9,NULL,NULL,1,'2010-01-01 00:00:00','LIQUIBASE',1,'2010-01-01 00:00:00',NULL),(790,NULL,0,'69da488a-fd88-11e8-814d-afed9526fa74','1e43a152-f84f-4022-a2c6-0c66c86e9e70',NULL,'7c5b706f-82ab-11e6-a87c-0862661081dd','MISC1','Form','form',NULL,'Y','Y','N','Y',NULL,NULL,'ALPHABETS','PICK LIST',NULL,'PRODUCT',NULL,NULL,NULL,NULL,1,'2010-01-01 00:00:00','LIQUIBASE',1,'2010-01-01 00:00:00',NULL),(791,NULL,0,'69da495c-fd88-11e8-814d-afed9526fa74','1e43a152-f84f-4022-a2c6-0c66c86e9e70',NULL,'7c5b706f-82ab-11e6-a87c-0862661081dd','MISC1','Cannabis','cannabis',NULL,'Y','Y','N','Y','true',NULL,'ALPHANUMERIC','TOGGLE',NULL,'PRODUCT',NULL,NULL,NULL,NULL,1,'2010-01-01 00:00:00','LIQUIBASE',1,'2010-01-01 00:00:00',NULL),(792,NULL,0,'69da4a24-fd88-11e8-814d-afed9526fa74','1e43a152-f84f-4022-a2c6-0c66c86e9e70',NULL,'7c5b706f-82ab-11e6-a87c-0862661081dd','MISC1','Package Tracked','package_tracked',NULL,'Y','Y','N','Y','true',NULL,'ALPHABETS','TOGGLE',NULL,'PRODUCT',NULL,NULL,NULL,NULL,1,'2010-01-01 00:00:00','LIQUIBASE',1,'2010-01-01 00:00:00',NULL),(793,NULL,0,'69da4aec-fd88-11e8-814d-afed9526fa74','1e43a152-f84f-4022-a2c6-0c66c86e9e70',NULL,'7c5b706f-82ab-11e6-a87c-0862661081dd','MISC1','Name','name',NULL,'Y','N','Y','Y',NULL,NULL,'ALPHANUMERIC','FREE FORM',NULL,'PRODUCT',NULL,2,NULL,NULL,1,'2010-01-01 00:00:00','LIQUIBASE',1,'2010-01-01 00:00:00',NULL),(794,NULL,0,'69da4bb4-fd88-11e8-814d-afed9526fa74','1e43a152-f84f-4022-a2c6-0c66c86e9e70',NULL,'7c5b706f-82ab-11e6-a87c-0862661081dd','MISC1','Strain','strain',NULL,'Y','Y','N','Y',NULL,NULL,'ALPHANUMERIC','FREE FORM',NULL,'PRODUCT',NULL,NULL,NULL,NULL,1,'2010-01-01 00:00:00','LIQUIBASE',1,'2010-01-01 00:00:00',NULL),(795,NULL,0,'69da4c72-fd88-11e8-814d-afed9526fa74','1e43a152-f84f-4022-a2c6-0c66c86e9e70',NULL,'7c5b706f-82ab-11e6-a87c-0862661081dd','MISC1','Brand','brand',NULL,'Y','N','N','Y',NULL,NULL,'ALPHANUMERIC','FREE FORM',NULL,'PRODUCT',NULL,4,NULL,NULL,1,'2010-01-01 00:00:00','LIQUIBASE',1,'2010-01-01 00:00:00',NULL),(796,NULL,0,'69da4d3a-fd88-11e8-814d-afed9526fa74','1e43a152-f84f-4022-a2c6-0c66c86e9e70',NULL,'7c5b706f-82ab-11e6-a87c-0862661081dd','MISC1','Amount','amount',NULL,'Y','N','N','Y',NULL,NULL,'DECIMAL','FREE FORM',NULL,'PRODUCT',NULL,8,NULL,NULL,1,'2010-01-01 00:00:00','LIQUIBASE',1,'2010-01-01 00:00:00',NULL),(797,NULL,0,'69da4eb6-fd88-11e8-814d-afed9526fa74','1e43a152-f84f-4022-a2c6-0c66c86e9e70',NULL,'7c5b706f-82ab-11e6-a87c-0862661081dd','MISC1','Total Mg THC','total_mg_thc',NULL,'Y','N','Y','Y',NULL,NULL,'DECIMAL','FREE FORM',NULL,'PRODUCT',NULL,7,NULL,NULL,1,'2010-01-01 00:00:00','LIQUIBASE',1,'2010-01-01 00:00:00',NULL),(798,NULL,0,'69da4f7e-fd88-11e8-814d-afed9526fa74','1e43a152-f84f-4022-a2c6-0c66c86e9e70',NULL,'7c5b706f-82ab-11e6-a87c-0862661081dd','MISC1','Classification','classification',NULL,'Y','N','N','Y',NULL,NULL,'ALPHABETS','PICK LIST',NULL,'PRODUCT',NULL,5,NULL,NULL,1,'2010-01-01 00:00:00','LIQUIBASE',1,'2010-01-01 00:00:00',NULL),(799,NULL,0,'69da503c-fd88-11e8-814d-afed9526fa74','1e43a152-f84f-4022-a2c6-0c66c86e9e70',NULL,'7c5b706f-82ab-11e6-a87c-0862661081dd','MISC1','Doses','doses',NULL,'Y','N','N','Y',NULL,NULL,'DECIMAL','FREE FORM',NULL,'PRODUCT',NULL,11,NULL,NULL,1,'2010-01-01 00:00:00','LIQUIBASE',1,'2010-01-01 00:00:00',NULL),(800,NULL,0,'69da5104-fd88-11e8-814d-afed9526fa74','1e43a152-f84f-4022-a2c6-0c66c86e9e70',NULL,'7c5b706f-82ab-11e6-a87c-0862661081dd','MISC1','Mg per Dose','mg_per_dose',NULL,'Y','N','N','Y',NULL,NULL,'DECIMAL','FREE FORM',NULL,'PRODUCT',NULL,12,NULL,NULL,1,'2010-01-01 00:00:00','LIQUIBASE',1,'2010-01-01 00:00:00',NULL),(801,NULL,0,'69da51c2-fd88-11e8-814d-afed9526fa74','1e43a152-f84f-4022-a2c6-0c66c86e9e70',NULL,'7c5b706f-82ab-11e6-a87c-0862661081dd','MISC1','Medium','medium',NULL,'Y','Y','N','Y',NULL,NULL,'ALPHANUMERIC','PICK LIST',NULL,'PRODUCT',NULL,NULL,NULL,NULL,1,'2010-01-01 00:00:00','LIQUIBASE',1,'2010-01-01 00:00:00',NULL),(802,NULL,0,'69da5280-fd88-11e8-814d-afed9526fa74','1e43a152-f84f-4022-a2c6-0c66c86e9e70',NULL,'7c5b706f-82ab-11e6-a87c-0862661081dd','MISC1','External ID','external_id',NULL,'Y','N','N','Y',NULL,NULL,'ALPHANUMERIC','FREE FORM',NULL,'PRODUCT',NULL,14,NULL,NULL,1,'2010-01-01 00:00:00','LIQUIBASE',1,'2010-01-01 00:00:00',NULL),(803,NULL,0,'69da5348-fd88-11e8-814d-afed9526fa74','1e43a152-f84f-4022-a2c6-0c66c86e9e70',NULL,'7c5b706f-82ab-11e6-a87c-0862661081dd','MISC1','CBD THC Ratio','cbd_thc_ratio',NULL,'Y','Y','N','Y',NULL,NULL,'DECIMAL','FREE FORM',NULL,'PRODUCT',NULL,NULL,NULL,NULL,1,'2010-01-01 00:00:00','LIQUIBASE',1,'2010-01-01 00:00:00',NULL),(804,NULL,0,'69da5712-fd88-11e8-814d-afed9526fa74','1e43a152-f84f-4022-a2c6-0c66c86e9e70',NULL,'7c5b706f-82ab-11e6-a87c-0862661081dd','MISC1','Product Description','product_description',NULL,'Y','Y','N','Y',NULL,NULL,'ALPHANUMERIC','FREE FORM',NULL,'PRODUCT',NULL,NULL,NULL,NULL,1,'2010-01-01 00:00:00','LIQUIBASE',1,'2010-01-01 00:00:00',NULL),(805,NULL,0,'69da6c2a-fd88-11e8-814d-afed9526fa74','1e43a152-f84f-4022-a2c6-0c66c86e9e70',NULL,'7e37edd2-da84-11e5-bc38-5c514f48b06a','NONCANNABIS1','Subtype','subtype',NULL,'Y','N','N','Y',NULL,NULL,'ALPHANUMERIC','USER DEFINED',NULL,'PRODUCT',NULL,1,1,NULL,1,'2010-01-01 00:00:00','LIQUIBASE',1,'2010-01-01 00:00:00',NULL),(806,NULL,0,'69da6d06-fd88-11e8-814d-afed9526fa74','1e43a152-f84f-4022-a2c6-0c66c86e9e70',NULL,'7e37edd2-da84-11e5-bc38-5c514f48b06a','NONCANNABIS1','UoM','uom',NULL,'Y','Y','N','Y',NULL,NULL,'ALPHABETS','PICK LIST',NULL,'PRODUCT',NULL,7,NULL,NULL,1,'2010-01-01 00:00:00','LIQUIBASE',1,'2010-01-01 00:00:00',NULL),(807,NULL,0,'69da6dd8-fd88-11e8-814d-afed9526fa74','1e43a152-f84f-4022-a2c6-0c66c86e9e70',NULL,'7e37edd2-da84-11e5-bc38-5c514f48b06a','NONCANNABIS1','Form','form',NULL,'Y','Y','N','Y',NULL,NULL,'ALPHABETS','PICK LIST',NULL,'PRODUCT',NULL,NULL,NULL,NULL,1,'2010-01-01 00:00:00','LIQUIBASE',1,'2010-01-01 00:00:00',NULL),(808,NULL,0,'69da6ea0-fd88-11e8-814d-afed9526fa74','1e43a152-f84f-4022-a2c6-0c66c86e9e70',NULL,'7e37edd2-da84-11e5-bc38-5c514f48b06a','NONCANNABIS1','Cannabis','cannabis',NULL,'Y','Y','N','Y','false',NULL,'ALPHANUMERIC','TOGGLE',NULL,'PRODUCT',NULL,NULL,NULL,NULL,1,'2010-01-01 00:00:00','LIQUIBASE',1,'2010-01-01 00:00:00',NULL),(809,NULL,0,'69da6f72-fd88-11e8-814d-afed9526fa74','1e43a152-f84f-4022-a2c6-0c66c86e9e70',NULL,'7e37edd2-da84-11e5-bc38-5c514f48b06a','NONCANNABIS1','Package Tracked','package_tracked',NULL,'Y','Y','N','Y','false',NULL,'ALPHABETS','TOGGLE',NULL,'PRODUCT',NULL,NULL,NULL,NULL,1,'2010-01-01 00:00:00','LIQUIBASE',1,'2010-01-01 00:00:00',NULL),(810,NULL,0,'69da7030-fd88-11e8-814d-afed9526fa74','1e43a152-f84f-4022-a2c6-0c66c86e9e70',NULL,'7e37edd2-da84-11e5-bc38-5c514f48b06a','NONCANNABIS1','Name','name',NULL,'Y','N','Y','Y',NULL,NULL,'ALPHANUMERIC','FREE FORM',NULL,'PRODUCT',NULL,2,NULL,NULL,1,'2010-01-01 00:00:00','LIQUIBASE',1,'2010-01-01 00:00:00',NULL),(811,NULL,0,'69da70ee-fd88-11e8-814d-afed9526fa74','1e43a152-f84f-4022-a2c6-0c66c86e9e70',NULL,'7e37edd2-da84-11e5-bc38-5c514f48b06a','NONCANNABIS1','Strain','strain',NULL,'Y','Y','N','Y',NULL,NULL,'ALPHANUMERIC','FREE FORM',NULL,'PRODUCT',NULL,NULL,NULL,NULL,1,'2010-01-01 00:00:00','LIQUIBASE',1,'2010-01-01 00:00:00',NULL),(812,NULL,0,'69da71b6-fd88-11e8-814d-afed9526fa74','1e43a152-f84f-4022-a2c6-0c66c86e9e70',NULL,'7e37edd2-da84-11e5-bc38-5c514f48b06a','NONCANNABIS1','Brand','brand',NULL,'Y','N','N','Y',NULL,NULL,'ALPHANUMERIC','FREE FORM',NULL,'PRODUCT',NULL,4,1,NULL,1,'2010-01-01 00:00:00','LIQUIBASE',1,'2010-01-01 00:00:00',NULL),(813,NULL,0,'69da7274-fd88-11e8-814d-afed9526fa74','1e43a152-f84f-4022-a2c6-0c66c86e9e70',NULL,'7e37edd2-da84-11e5-bc38-5c514f48b06a','NONCANNABIS1','Amount','amount',NULL,'Y','Y','N','Y','1',NULL,'DECIMAL','FREE FORM',NULL,'PRODUCT',NULL,6,NULL,NULL,1,'2010-01-01 00:00:00','LIQUIBASE',1,'2010-01-01 00:00:00',NULL),(814,NULL,0,'69da73fa-fd88-11e8-814d-afed9526fa74','1e43a152-f84f-4022-a2c6-0c66c86e9e70',NULL,'7e37edd2-da84-11e5-bc38-5c514f48b06a','NONCANNABIS1','Total Mg THC','total_mg_thc',NULL,'Y','Y','N','Y',NULL,NULL,'DECIMAL','FREE FORM',NULL,'PRODUCT',NULL,8,NULL,NULL,1,'2010-01-01 00:00:00','LIQUIBASE',1,'2010-01-01 00:00:00',NULL),(815,NULL,0,'69da74b8-fd88-11e8-814d-afed9526fa74','1e43a152-f84f-4022-a2c6-0c66c86e9e70',NULL,'7e37edd2-da84-11e5-bc38-5c514f48b06a','NONCANNABIS1','Classification','classification',NULL,'Y','Y','N','Y',NULL,NULL,'ALPHABETS','PICK LIST',NULL,'PRODUCT',NULL,5,NULL,NULL,1,'2010-01-01 00:00:00','LIQUIBASE',1,'2010-01-01 00:00:00',NULL),(816,NULL,0,'69da7580-fd88-11e8-814d-afed9526fa74','1e43a152-f84f-4022-a2c6-0c66c86e9e70',NULL,'7e37edd2-da84-11e5-bc38-5c514f48b06a','NONCANNABIS1','Doses','doses',NULL,'Y','Y','N','Y',NULL,NULL,'DECIMAL','FREE FORM',NULL,'PRODUCT',NULL,11,NULL,NULL,1,'2010-01-01 00:00:00','LIQUIBASE',1,'2010-01-01 00:00:00',NULL),(817,NULL,0,'69da763e-fd88-11e8-814d-afed9526fa74','1e43a152-f84f-4022-a2c6-0c66c86e9e70',NULL,'7e37edd2-da84-11e5-bc38-5c514f48b06a','NONCANNABIS1','Mg per Dose','mg_per_dose',NULL,'Y','Y','N','Y',NULL,NULL,'DECIMAL','FREE FORM',NULL,'PRODUCT',NULL,12,NULL,NULL,1,'2010-01-01 00:00:00','LIQUIBASE',1,'2010-01-01 00:00:00',NULL),(818,NULL,0,'69da7706-fd88-11e8-814d-afed9526fa74','1e43a152-f84f-4022-a2c6-0c66c86e9e70',NULL,'7e37edd2-da84-11e5-bc38-5c514f48b06a','NONCANNABIS1','Medium','medium',NULL,'Y','Y','N','Y',NULL,NULL,'ALPHANUMERIC','PICK LIST',NULL,'PRODUCT',NULL,NULL,NULL,NULL,1,'2010-01-01 00:00:00','LIQUIBASE',1,'2010-01-01 00:00:00',NULL),(819,NULL,0,'69da77c4-fd88-11e8-814d-afed9526fa74','1e43a152-f84f-4022-a2c6-0c66c86e9e70',NULL,'7e37edd2-da84-11e5-bc38-5c514f48b06a','NONCANNABIS1','External ID','external_id',NULL,'Y','N','N','Y',NULL,NULL,'ALPHANUMERIC','FREE FORM',NULL,'PRODUCT',NULL,14,NULL,NULL,1,'2010-01-01 00:00:00','LIQUIBASE',1,'2010-01-01 00:00:00',NULL),(820,NULL,0,'69da7882-fd88-11e8-814d-afed9526fa74','1e43a152-f84f-4022-a2c6-0c66c86e9e70',NULL,'7e37edd2-da84-11e5-bc38-5c514f48b06a','NONCANNABIS1','CBD THC Ratio','cbd_thc_ratio',NULL,'Y','Y','N','Y',NULL,NULL,'DECIMAL','FREE FORM',NULL,'PRODUCT',NULL,NULL,NULL,NULL,1,'2010-01-01 00:00:00','LIQUIBASE',1,'2010-01-01 00:00:00',NULL),(821,NULL,0,'69da7c4c-fd88-11e8-814d-afed9526fa74','1e43a152-f84f-4022-a2c6-0c66c86e9e70',NULL,'7e37edd2-da84-11e5-bc38-5c514f48b06a','NONCANNABIS1','Product Description','product_description',NULL,'Y','Y','N','Y',NULL,NULL,'ALPHANUMERIC','FREE FORM',NULL,'PRODUCT',NULL,NULL,NULL,NULL,1,'2010-01-01 00:00:00','LIQUIBASE',1,'2010-01-01 00:00:00',NULL),(822,NULL,0,'69da7e2c-fd88-11e8-814d-afed9526fa74','1e43a152-f84f-4022-a2c6-0c66c86e9e70',NULL,'4028E43964FBA33F0164FBACE6C10009','PILLS1','Subtype','subtype',NULL,'Y','N','N','Y',NULL,NULL,'ALPHANUMERIC','USER DEFINED',NULL,'PRODUCT',NULL,1,1,NULL,1,'2010-01-01 00:00:00','LIQUIBASE',1,'2010-01-01 00:00:00',NULL),(823,NULL,0,'69da7efe-fd88-11e8-814d-afed9526fa74','1e43a152-f84f-4022-a2c6-0c66c86e9e70',NULL,'4028E43964FBA33F0164FBACE6C10009','PILLS1','UoM','uom',NULL,'Y','Y','N','Y',NULL,NULL,'ALPHABETS','PICK LIST',NULL,'PRODUCT',NULL,7,NULL,NULL,1,'2010-01-01 00:00:00','LIQUIBASE',1,'2010-01-01 00:00:00',NULL),(824,NULL,0,'69da7fd0-fd88-11e8-814d-afed9526fa74','1e43a152-f84f-4022-a2c6-0c66c86e9e70',NULL,'4028E43964FBA33F0164FBACE6C10009','PILLS1','Form','form',NULL,'Y','Y','N','Y',NULL,NULL,'ALPHABETS','PICK LIST',NULL,'PRODUCT',NULL,NULL,NULL,NULL,1,'2010-01-01 00:00:00','LIQUIBASE',1,'2010-01-01 00:00:00',NULL),(825,NULL,0,'69da80a2-fd88-11e8-814d-afed9526fa74','1e43a152-f84f-4022-a2c6-0c66c86e9e70',NULL,'4028E43964FBA33F0164FBACE6C10009','PILLS1','Cannabis','cannabis',NULL,'Y','Y','N','Y','true',NULL,'ALPHANUMERIC','TOGGLE',NULL,'PRODUCT',NULL,NULL,NULL,NULL,1,'2010-01-01 00:00:00','LIQUIBASE',1,'2010-01-01 00:00:00',NULL),(826,NULL,0,'69da816a-fd88-11e8-814d-afed9526fa74','1e43a152-f84f-4022-a2c6-0c66c86e9e70',NULL,'4028E43964FBA33F0164FBACE6C10009','PILLS1','Package Tracked','package_tracked',NULL,'Y','Y','N','Y','true',NULL,'ALPHABETS','TOGGLE',NULL,'PRODUCT',NULL,NULL,NULL,NULL,1,'2010-01-01 00:00:00','LIQUIBASE',1,'2010-01-01 00:00:00',NULL),(827,NULL,0,'69da8232-fd88-11e8-814d-afed9526fa74','1e43a152-f84f-4022-a2c6-0c66c86e9e70',NULL,'4028E43964FBA33F0164FBACE6C10009','PILLS1','Name','name',NULL,'Y','N','Y','Y',NULL,NULL,'ALPHANUMERIC','FREE FORM',NULL,'PRODUCT',NULL,2,NULL,NULL,1,'2010-01-01 00:00:00','LIQUIBASE',1,'2010-01-01 00:00:00',NULL),(828,NULL,0,'69da82fa-fd88-11e8-814d-afed9526fa74','1e43a152-f84f-4022-a2c6-0c66c86e9e70',NULL,'4028E43964FBA33F0164FBACE6C10009','PILLS1','Strain','strain',NULL,'Y','Y','N','Y',NULL,NULL,'ALPHANUMERIC','FREE FORM',NULL,'PRODUCT',NULL,NULL,NULL,NULL,1,'2010-01-01 00:00:00','LIQUIBASE',1,'2010-01-01 00:00:00',NULL),(829,NULL,0,'69da83b8-fd88-11e8-814d-afed9526fa74','1e43a152-f84f-4022-a2c6-0c66c86e9e70',NULL,'4028E43964FBA33F0164FBACE6C10009','PILLS1','Brand','brand',NULL,'Y','N','N','Y',NULL,NULL,'ALPHANUMERIC','FREE FORM',NULL,'PRODUCT',NULL,4,NULL,NULL,1,'2010-01-01 00:00:00','LIQUIBASE',1,'2010-01-01 00:00:00',NULL),(830,NULL,0,'69da8480-fd88-11e8-814d-afed9526fa74','1e43a152-f84f-4022-a2c6-0c66c86e9e70',NULL,'4028E43964FBA33F0164FBACE6C10009','PILLS1','Size','size',NULL,'Y','Y','N','Y','1',NULL,'DECIMAL','FREE FORM',NULL,'PRODUCT',NULL,9,NULL,NULL,1,'2010-01-01 00:00:00','LIQUIBASE',1,'2010-01-01 00:00:00',NULL),(831,NULL,0,'69da8606-fd88-11e8-814d-afed9526fa74','1e43a152-f84f-4022-a2c6-0c66c86e9e70',NULL,'4028E43964FBA33F0164FBACE6C10009','PILLS1','Total Mg THC','total_mg_thc',NULL,'Y','N','Y','Y',NULL,NULL,'DECIMAL','FREE FORM',NULL,'PRODUCT',NULL,8,NULL,NULL,1,'2010-01-01 00:00:00','LIQUIBASE',1,'2010-01-01 00:00:00',NULL),(832,NULL,0,'69da86ce-fd88-11e8-814d-afed9526fa74','1e43a152-f84f-4022-a2c6-0c66c86e9e70',NULL,'4028E43964FBA33F0164FBACE6C10009','PILLS1','Classification','classification',NULL,'Y','N','N','Y',NULL,NULL,'ALPHABETS','PICK LIST',NULL,'PRODUCT',NULL,5,NULL,NULL,1,'2010-01-01 00:00:00','LIQUIBASE',1,'2010-01-01 00:00:00',NULL),(833,NULL,0,'69da8796-fd88-11e8-814d-afed9526fa74','1e43a152-f84f-4022-a2c6-0c66c86e9e70',NULL,'4028E43964FBA33F0164FBACE6C10009','PILLS1','Doses','doses',NULL,'Y','N','N','Y',NULL,NULL,'DECIMAL','FREE FORM',NULL,'PRODUCT',NULL,9,NULL,NULL,1,'2010-01-01 00:00:00','LIQUIBASE',1,'2010-01-01 00:00:00',NULL),(834,NULL,0,'69da8854-fd88-11e8-814d-afed9526fa74','1e43a152-f84f-4022-a2c6-0c66c86e9e70',NULL,'4028E43964FBA33F0164FBACE6C10009','PILLS1','Mg per Dose','mg_per_dose',NULL,'Y','N','N','Y',NULL,NULL,'DECIMAL','FREE FORM',NULL,'PRODUCT',NULL,10,1,NULL,1,'2010-01-01 00:00:00','LIQUIBASE',1,'2010-01-01 00:00:00',NULL),(835,NULL,0,'69da891c-fd88-11e8-814d-afed9526fa74','1e43a152-f84f-4022-a2c6-0c66c86e9e70',NULL,'4028E43964FBA33F0164FBACE6C10009','PILLS1','Medium','medium',NULL,'Y','Y','N','Y',NULL,NULL,'ALPHANUMERIC','PICK LIST',NULL,'PRODUCT',NULL,NULL,NULL,NULL,1,'2010-01-01 00:00:00','LIQUIBASE',1,'2010-01-01 00:00:00',NULL),(836,NULL,0,'69da89da-fd88-11e8-814d-afed9526fa74','1e43a152-f84f-4022-a2c6-0c66c86e9e70',NULL,'4028E43964FBA33F0164FBACE6C10009','PILLS1','External ID','external_id',NULL,'Y','N','N','Y',NULL,NULL,'ALPHANUMERIC','FREE FORM',NULL,'PRODUCT',NULL,14,NULL,NULL,1,'2010-01-01 00:00:00','LIQUIBASE',1,'2010-01-01 00:00:00',NULL),(837,NULL,0,'69da8aa2-fd88-11e8-814d-afed9526fa74','1e43a152-f84f-4022-a2c6-0c66c86e9e70',NULL,'4028E43964FBA33F0164FBACE6C10009','PILLS1','CBD THC Ratio','cbd_thc_ratio',NULL,'Y','Y','N','Y',NULL,NULL,'DECIMAL','FREE FORM',NULL,'PRODUCT',NULL,NULL,NULL,NULL,1,'2010-01-01 00:00:00','LIQUIBASE',1,'2010-01-01 00:00:00',NULL),(838,NULL,0,'69da8e76-fd88-11e8-814d-afed9526fa74','1e43a152-f84f-4022-a2c6-0c66c86e9e70',NULL,'4028E43964FBA33F0164FBACE6C10009','PILLS1','Product Description','product_description',NULL,'Y','Y','N','Y',NULL,NULL,'ALPHANUMERIC','FREE FORM',NULL,'PRODUCT',NULL,NULL,NULL,NULL,1,'2010-01-01 00:00:00','LIQUIBASE',1,'2010-01-01 00:00:00',NULL),(839,NULL,0,'69da9060-fd88-11e8-814d-afed9526fa74','1e43a152-f84f-4022-a2c6-0c66c86e9e70',NULL,'7e34f465-da84-11e5-bc38-5c514f48b06a','PLANT1','Subtype','subtype',NULL,'Y','N','Y','Y','CLONE',NULL,'ALPHABETS','PICK LIST',NULL,'PRODUCT',NULL,1,1,NULL,1,'2010-01-01 00:00:00','LIQUIBASE',1,'2010-01-01 00:00:00',NULL),(840,NULL,0,'69da913c-fd88-11e8-814d-afed9526fa74','1e43a152-f84f-4022-a2c6-0c66c86e9e70',NULL,'7e34f465-da84-11e5-bc38-5c514f48b06a','PLANT1','UoM','uom',NULL,'Y','Y','N','Y',NULL,NULL,'ALPHABETS','PICK LIST',NULL,'PRODUCT',NULL,7,NULL,NULL,1,'2010-01-01 00:00:00','LIQUIBASE',1,'2010-01-01 00:00:00',NULL),(841,NULL,0,'69da920e-fd88-11e8-814d-afed9526fa74','1e43a152-f84f-4022-a2c6-0c66c86e9e70',NULL,'7e34f465-da84-11e5-bc38-5c514f48b06a','PLANT1','Form','form',NULL,'Y','Y','N','Y',NULL,NULL,'ALPHABETS','PICK LIST',NULL,'PRODUCT',NULL,NULL,NULL,NULL,1,'2010-01-01 00:00:00','LIQUIBASE',1,'2010-01-01 00:00:00',NULL),(842,NULL,0,'69da92e0-fd88-11e8-814d-afed9526fa74','1e43a152-f84f-4022-a2c6-0c66c86e9e70',NULL,'7e34f465-da84-11e5-bc38-5c514f48b06a','PLANT1','Cannabis','cannabis',NULL,'Y','Y','N','Y','true',NULL,'ALPHANUMERIC','TOGGLE',NULL,'PRODUCT',NULL,NULL,NULL,NULL,1,'2010-01-01 00:00:00','LIQUIBASE',1,'2010-01-01 00:00:00',NULL),(843,NULL,0,'69da93b2-fd88-11e8-814d-afed9526fa74','1e43a152-f84f-4022-a2c6-0c66c86e9e70',NULL,'7e34f465-da84-11e5-bc38-5c514f48b06a','PLANT1','Package Tracked','package_tracked',NULL,'Y','Y','N','Y','true',NULL,'ALPHABETS','TOGGLE',NULL,'PRODUCT',NULL,NULL,NULL,NULL,1,'2010-01-01 00:00:00','LIQUIBASE',1,'2010-01-01 00:00:00',NULL),(844,NULL,0,'69da9470-fd88-11e8-814d-afed9526fa74','1e43a152-f84f-4022-a2c6-0c66c86e9e70',NULL,'7e34f465-da84-11e5-bc38-5c514f48b06a','PLANT1','Name','name',NULL,'Y','N','Y','Y',NULL,NULL,'ALPHANUMERIC','FREE FORM',NULL,'PRODUCT',NULL,2,NULL,NULL,1,'2010-01-01 00:00:00','LIQUIBASE',1,'2010-01-01 00:00:00',NULL),(845,NULL,0,'69da9538-fd88-11e8-814d-afed9526fa74','1e43a152-f84f-4022-a2c6-0c66c86e9e70',NULL,'7e34f465-da84-11e5-bc38-5c514f48b06a','PLANT1','Strain','strain',NULL,'Y','Y','N','Y',NULL,NULL,'ALPHANUMERIC','FREE FORM',NULL,'PRODUCT',NULL,NULL,NULL,NULL,1,'2010-01-01 00:00:00','LIQUIBASE',1,'2010-01-01 00:00:00',NULL),(846,NULL,0,'69da9600-fd88-11e8-814d-afed9526fa74','1e43a152-f84f-4022-a2c6-0c66c86e9e70',NULL,'7e34f465-da84-11e5-bc38-5c514f48b06a','PLANT1','Brand','brand',NULL,'Y','N','N','Y',NULL,NULL,'ALPHANUMERIC','FREE FORM',NULL,'PRODUCT',NULL,4,NULL,NULL,1,'2010-01-01 00:00:00','LIQUIBASE',1,'2010-01-01 00:00:00',NULL),(847,NULL,0,'69da96c8-fd88-11e8-814d-afed9526fa74','1e43a152-f84f-4022-a2c6-0c66c86e9e70',NULL,'7e34f465-da84-11e5-bc38-5c514f48b06a','PLANT1','Size','size',NULL,'Y','N','N','Y',NULL,NULL,'ALPHANUMERIC','FREE FORM',NULL,'PRODUCT',NULL,6,1,NULL,1,'2010-01-01 00:00:00','LIQUIBASE',1,'2010-01-01 00:00:00',NULL),(848,NULL,0,'69da9858-fd88-11e8-814d-afed9526fa74','1e43a152-f84f-4022-a2c6-0c66c86e9e70',NULL,'7e34f465-da84-11e5-bc38-5c514f48b06a','PLANT1','Total Mg THC','total_mg_thc',NULL,'Y','Y','N','Y',NULL,NULL,'DECIMAL','FREE FORM',NULL,'PRODUCT',NULL,8,NULL,NULL,1,'2010-01-01 00:00:00','LIQUIBASE',1,'2010-01-01 00:00:00',NULL),(849,NULL,0,'69da9916-fd88-11e8-814d-afed9526fa74','1e43a152-f84f-4022-a2c6-0c66c86e9e70',NULL,'7e34f465-da84-11e5-bc38-5c514f48b06a','PLANT1','Classification','classification',NULL,'Y','N','N','Y',NULL,NULL,'ALPHABETS','PICK LIST',NULL,'PRODUCT',NULL,5,NULL,NULL,1,'2010-01-01 00:00:00','LIQUIBASE',1,'2010-01-01 00:00:00',NULL),(850,NULL,0,'69da99de-fd88-11e8-814d-afed9526fa74','1e43a152-f84f-4022-a2c6-0c66c86e9e70',NULL,'7e34f465-da84-11e5-bc38-5c514f48b06a','PLANT1','Doses','doses',NULL,'Y','Y','N','Y',NULL,NULL,'DECIMAL','FREE FORM',NULL,'PRODUCT',NULL,11,NULL,NULL,1,'2010-01-01 00:00:00','LIQUIBASE',1,'2010-01-01 00:00:00',NULL),(851,NULL,0,'69da9b78-fd88-11e8-814d-afed9526fa74','1e43a152-f84f-4022-a2c6-0c66c86e9e70',NULL,'7e34f465-da84-11e5-bc38-5c514f48b06a','PLANT1','Mg per Dose','mg_per_dose',NULL,'Y','Y','N','Y',NULL,NULL,'DECIMAL','FREE FORM',NULL,'PRODUCT',NULL,12,NULL,NULL,1,'2010-01-01 00:00:00','LIQUIBASE',1,'2010-01-01 00:00:00',NULL),(852,NULL,0,'69da9c4a-fd88-11e8-814d-afed9526fa74','1e43a152-f84f-4022-a2c6-0c66c86e9e70',NULL,'7e34f465-da84-11e5-bc38-5c514f48b06a','PLANT1','Medium','medium',NULL,'Y','Y','N','Y',NULL,NULL,'ALPHANUMERIC','PICK LIST',NULL,'PRODUCT',NULL,NULL,NULL,NULL,1,'2010-01-01 00:00:00','LIQUIBASE',1,'2010-01-01 00:00:00',NULL),(853,NULL,0,'69da9d1c-fd88-11e8-814d-afed9526fa74','1e43a152-f84f-4022-a2c6-0c66c86e9e70',NULL,'7e34f465-da84-11e5-bc38-5c514f48b06a','PLANT1','External ID','external_id',NULL,'Y','N','N','Y',NULL,NULL,'ALPHANUMERIC','FREE FORM',NULL,'PRODUCT',NULL,14,NULL,NULL,1,'2010-01-01 00:00:00','LIQUIBASE',1,'2010-01-01 00:00:00',NULL),(854,NULL,0,'69da9de4-fd88-11e8-814d-afed9526fa74','1e43a152-f84f-4022-a2c6-0c66c86e9e70',NULL,'7e34f465-da84-11e5-bc38-5c514f48b06a','PLANT1','CBD THC Ratio','cbd_thc_ratio',NULL,'Y','Y','N','Y',NULL,NULL,'DECIMAL','FREE FORM',NULL,'PRODUCT',NULL,NULL,NULL,NULL,1,'2010-01-01 00:00:00','LIQUIBASE',1,'2010-01-01 00:00:00',NULL),(855,NULL,0,'69daa35c-fd88-11e8-814d-afed9526fa74','1e43a152-f84f-4022-a2c6-0c66c86e9e70',NULL,'7e34f465-da84-11e5-bc38-5c514f48b06a','PLANT1','Product Description','product_description',NULL,'Y','Y','N','Y',NULL,NULL,'ALPHANUMERIC','FREE FORM',NULL,'PRODUCT',NULL,NULL,NULL,NULL,1,'2010-01-01 00:00:00','LIQUIBASE',1,'2010-01-01 00:00:00',NULL),(856,NULL,0,'69daa582-fd88-11e8-814d-afed9526fa74','1e43a152-f84f-4022-a2c6-0c66c86e9e70',NULL,'7c5b8eb8-82ab-11e6-a87c-0862661081dd','PRE-ROLL1','Subtype','subtype',NULL,'Y','N','Y','Y','INFUSED',NULL,'ALPHABETS','PICK LIST',NULL,'PRODUCT',NULL,1,1,NULL,1,'2010-01-01 00:00:00','LIQUIBASE',1,'2010-01-01 00:00:00',NULL),(857,NULL,0,'69daa672-fd88-11e8-814d-afed9526fa74','1e43a152-f84f-4022-a2c6-0c66c86e9e70',NULL,'7c5b8eb8-82ab-11e6-a87c-0862661081dd','PRE-ROLL1','UoM','uom',NULL,'Y','N','Y','Y',NULL,NULL,'ALPHABETS','PICK LIST',NULL,'PRODUCT',NULL,7,NULL,NULL,1,'2010-01-01 00:00:00','LIQUIBASE',1,'2010-01-01 00:00:00',NULL),(858,NULL,0,'69daa73a-fd88-11e8-814d-afed9526fa74','1e43a152-f84f-4022-a2c6-0c66c86e9e70',NULL,'7c5b8eb8-82ab-11e6-a87c-0862661081dd','PRE-ROLL1','Form','form',NULL,'Y','Y','N','Y',NULL,NULL,'ALPHABETS','PICK LIST',NULL,'PRODUCT',NULL,NULL,NULL,NULL,1,'2010-01-01 00:00:00','LIQUIBASE',1,'2010-01-01 00:00:00',NULL),(859,NULL,0,'69daa802-fd88-11e8-814d-afed9526fa74','1e43a152-f84f-4022-a2c6-0c66c86e9e70',NULL,'7c5b8eb8-82ab-11e6-a87c-0862661081dd','PRE-ROLL1','Cannabis','cannabis',NULL,'Y','Y','N','Y','true',NULL,'ALPHANUMERIC','TOGGLE',NULL,'PRODUCT',NULL,NULL,NULL,NULL,1,'2010-01-01 00:00:00','LIQUIBASE',1,'2010-01-01 00:00:00',NULL),(860,NULL,0,'69daa8ca-fd88-11e8-814d-afed9526fa74','1e43a152-f84f-4022-a2c6-0c66c86e9e70',NULL,'7c5b8eb8-82ab-11e6-a87c-0862661081dd','PRE-ROLL1','Package Tracked','package_tracked',NULL,'Y','Y','N','Y','true',NULL,'ALPHABETS','TOGGLE',NULL,'PRODUCT',NULL,NULL,NULL,NULL,1,'2010-01-01 00:00:00','LIQUIBASE',1,'2010-01-01 00:00:00',NULL),(861,NULL,0,'69daa992-fd88-11e8-814d-afed9526fa74','1e43a152-f84f-4022-a2c6-0c66c86e9e70',NULL,'7c5b8eb8-82ab-11e6-a87c-0862661081dd','PRE-ROLL1','Name','name',NULL,'Y','N','Y','Y',NULL,NULL,'ALPHANUMERIC','FREE FORM',NULL,'PRODUCT',NULL,2,NULL,NULL,1,'2010-01-01 00:00:00','LIQUIBASE',1,'2010-01-01 00:00:00',NULL),(862,NULL,0,'69daaa50-fd88-11e8-814d-afed9526fa74','1e43a152-f84f-4022-a2c6-0c66c86e9e70',NULL,'7c5b8eb8-82ab-11e6-a87c-0862661081dd','PRE-ROLL1','Strain','strain',NULL,'Y','Y','N','Y',NULL,NULL,'ALPHANUMERIC','FREE FORM',NULL,'PRODUCT',NULL,NULL,NULL,NULL,1,'2010-01-01 00:00:00','LIQUIBASE',1,'2010-01-01 00:00:00',NULL),(863,NULL,0,'69daab18-fd88-11e8-814d-afed9526fa74','1e43a152-f84f-4022-a2c6-0c66c86e9e70',NULL,'7c5b8eb8-82ab-11e6-a87c-0862661081dd','PRE-ROLL1','Brand','brand',NULL,'Y','N','N','Y',NULL,NULL,'ALPHANUMERIC','FREE FORM',NULL,'PRODUCT',NULL,4,NULL,NULL,1,'2010-01-01 00:00:00','LIQUIBASE',1,'2010-01-01 00:00:00',NULL),(864,NULL,0,'69daabd6-fd88-11e8-814d-afed9526fa74','1e43a152-f84f-4022-a2c6-0c66c86e9e70',NULL,'7c5b8eb8-82ab-11e6-a87c-0862661081dd','PRE-ROLL1','Amount','amount',NULL,'Y','N','Y','Y',NULL,NULL,'DECIMAL','FREE FORM',NULL,'PRODUCT',NULL,6,NULL,NULL,1,'2010-01-01 00:00:00','LIQUIBASE',1,'2010-01-01 00:00:00',NULL),(865,NULL,0,'69daad66-fd88-11e8-814d-afed9526fa74','1e43a152-f84f-4022-a2c6-0c66c86e9e70',NULL,'7c5b8eb8-82ab-11e6-a87c-0862661081dd','PRE-ROLL1','Total Mg THC','total_mg_thc',NULL,'Y','N','N','Y',NULL,NULL,'DECIMAL','FREE FORM',NULL,'PRODUCT',NULL,8,NULL,1,1,'2010-01-01 00:00:00','LIQUIBASE',1,'2010-01-01 00:00:00',NULL),(866,NULL,0,'69daae24-fd88-11e8-814d-afed9526fa74','1e43a152-f84f-4022-a2c6-0c66c86e9e70',NULL,'7c5b8eb8-82ab-11e6-a87c-0862661081dd','PRE-ROLL1','Classification','classification',NULL,'Y','N','N','Y',NULL,NULL,'ALPHABETS','PICK LIST',NULL,'PRODUCT',NULL,5,NULL,NULL,1,'2010-01-01 00:00:00','LIQUIBASE',1,'2010-01-01 00:00:00',NULL),(867,NULL,0,'69daaee2-fd88-11e8-814d-afed9526fa74','1e43a152-f84f-4022-a2c6-0c66c86e9e70',NULL,'7c5b8eb8-82ab-11e6-a87c-0862661081dd','PRE-ROLL1','Doses','doses',NULL,'Y','Y','N','Y',NULL,NULL,'DECIMAL','FREE FORM',NULL,'PRODUCT',NULL,11,NULL,NULL,1,'2010-01-01 00:00:00','LIQUIBASE',1,'2010-01-01 00:00:00',NULL),(868,NULL,0,'69daafaa-fd88-11e8-814d-afed9526fa74','1e43a152-f84f-4022-a2c6-0c66c86e9e70',NULL,'7c5b8eb8-82ab-11e6-a87c-0862661081dd','PRE-ROLL1','Mg per Dose','mg_per_dose',NULL,'Y','Y','N','Y',NULL,NULL,'DECIMAL','FREE FORM',NULL,'PRODUCT',NULL,12,NULL,NULL,1,'2010-01-01 00:00:00','LIQUIBASE',1,'2010-01-01 00:00:00',NULL),(869,NULL,0,'69dab05e-fd88-11e8-814d-afed9526fa74','1e43a152-f84f-4022-a2c6-0c66c86e9e70',NULL,'7c5b8eb8-82ab-11e6-a87c-0862661081dd','PRE-ROLL1','Medium','medium',NULL,'Y','Y','N','Y',NULL,NULL,'ALPHANUMERIC','PICK LIST',NULL,'PRODUCT',NULL,NULL,NULL,NULL,1,'2010-01-01 00:00:00','LIQUIBASE',1,'2010-01-01 00:00:00',NULL),(870,NULL,0,'69dab11c-fd88-11e8-814d-afed9526fa74','1e43a152-f84f-4022-a2c6-0c66c86e9e70',NULL,'7c5b8eb8-82ab-11e6-a87c-0862661081dd','PRE-ROLL1','External ID','external_id',NULL,'Y','N','N','Y',NULL,NULL,'ALPHANUMERIC','FREE FORM',NULL,'PRODUCT',NULL,14,NULL,NULL,1,'2010-01-01 00:00:00','LIQUIBASE',1,'2010-01-01 00:00:00',NULL),(871,NULL,0,'69dab1da-fd88-11e8-814d-afed9526fa74','1e43a152-f84f-4022-a2c6-0c66c86e9e70',NULL,'7c5b8eb8-82ab-11e6-a87c-0862661081dd','PRE-ROLL1','CBD THC Ratio','cbd_thc_ratio',NULL,'Y','Y','N','Y',NULL,NULL,'DECIMAL','FREE FORM',NULL,'PRODUCT',NULL,NULL,NULL,NULL,1,'2010-01-01 00:00:00','LIQUIBASE',1,'2010-01-01 00:00:00',NULL),(872,NULL,0,'69dab590-fd88-11e8-814d-afed9526fa74','1e43a152-f84f-4022-a2c6-0c66c86e9e70',NULL,'7c5b8eb8-82ab-11e6-a87c-0862661081dd','PRE-ROLL1','Product Description','product_description',NULL,'Y','Y','N','Y',NULL,NULL,'ALPHANUMERIC','FREE FORM',NULL,'PRODUCT',NULL,NULL,NULL,NULL,1,'2010-01-01 00:00:00','LIQUIBASE',1,'2010-01-01 00:00:00',NULL),(873,NULL,0,'69dab702-fd88-11e8-814d-afed9526fa74','1e43a152-f84f-4022-a2c6-0c66c86e9e70',NULL,'7c5b8eb8-82ab-11e6-a87c-0862661081dd','PRE-ROLL2','Subtype','subtype',NULL,'Y','N','Y','Y','TRIM',NULL,'ALPHABETS','PICK LIST',NULL,'PRODUCT',NULL,1,1,NULL,1,'2010-01-01 00:00:00','LIQUIBASE',1,'2010-01-01 00:00:00',NULL),(874,NULL,0,'69dab7ca-fd88-11e8-814d-afed9526fa74','1e43a152-f84f-4022-a2c6-0c66c86e9e70',NULL,'7c5b8eb8-82ab-11e6-a87c-0862661081dd','PRE-ROLL2','UoM','uom',NULL,'Y','N','Y','Y',NULL,NULL,'ALPHABETS','PICK LIST',NULL,'PRODUCT',NULL,7,NULL,NULL,1,'2010-01-01 00:00:00','LIQUIBASE',1,'2010-01-01 00:00:00',NULL),(875,NULL,0,'69dab888-fd88-11e8-814d-afed9526fa74','1e43a152-f84f-4022-a2c6-0c66c86e9e70',NULL,'7c5b8eb8-82ab-11e6-a87c-0862661081dd','PRE-ROLL2','Form','form',NULL,'Y','Y','N','Y',NULL,NULL,'ALPHABETS','PICK LIST',NULL,'PRODUCT',NULL,NULL,NULL,NULL,1,'2010-01-01 00:00:00','LIQUIBASE',1,'2010-01-01 00:00:00',NULL),(876,NULL,0,'69dab946-fd88-11e8-814d-afed9526fa74','1e43a152-f84f-4022-a2c6-0c66c86e9e70',NULL,'7c5b8eb8-82ab-11e6-a87c-0862661081dd','PRE-ROLL2','Cannabis','cannabis',NULL,'Y','Y','N','Y','true',NULL,'ALPHANUMERIC','TOGGLE',NULL,'PRODUCT',NULL,NULL,NULL,NULL,1,'2010-01-01 00:00:00','LIQUIBASE',1,'2010-01-01 00:00:00',NULL),(877,NULL,0,'69dab9fa-fd88-11e8-814d-afed9526fa74','1e43a152-f84f-4022-a2c6-0c66c86e9e70',NULL,'7c5b8eb8-82ab-11e6-a87c-0862661081dd','PRE-ROLL2','Package Tracked','package_tracked',NULL,'Y','Y','N','Y','true',NULL,'ALPHABETS','TOGGLE',NULL,'PRODUCT',NULL,NULL,NULL,NULL,1,'2010-01-01 00:00:00','LIQUIBASE',1,'2010-01-01 00:00:00',NULL),(878,NULL,0,'69dabab8-fd88-11e8-814d-afed9526fa74','1e43a152-f84f-4022-a2c6-0c66c86e9e70',NULL,'7c5b8eb8-82ab-11e6-a87c-0862661081dd','PRE-ROLL2','Name','name',NULL,'Y','N','N','Y',NULL,NULL,'ALPHANUMERIC','FREE FORM',NULL,'PRODUCT',NULL,2,NULL,NULL,1,'2010-01-01 00:00:00','LIQUIBASE',1,'2010-01-01 00:00:00',NULL),(879,NULL,0,'69dabb80-fd88-11e8-814d-afed9526fa74','1e43a152-f84f-4022-a2c6-0c66c86e9e70',NULL,'7c5b8eb8-82ab-11e6-a87c-0862661081dd','PRE-ROLL2','Strain','strain',NULL,'Y','Y','N','Y',NULL,NULL,'ALPHANUMERIC','FREE FORM',NULL,'PRODUCT',NULL,NULL,NULL,NULL,1,'2010-01-01 00:00:00','LIQUIBASE',1,'2010-01-01 00:00:00',NULL),(880,NULL,0,'69dabc3e-fd88-11e8-814d-afed9526fa74','1e43a152-f84f-4022-a2c6-0c66c86e9e70',NULL,'7c5b8eb8-82ab-11e6-a87c-0862661081dd','PRE-ROLL2','Brand','brand',NULL,'Y','N','N','Y',NULL,NULL,'ALPHANUMERIC','FREE FORM',NULL,'PRODUCT',NULL,4,NULL,NULL,1,'2010-01-01 00:00:00','LIQUIBASE',1,'2010-01-01 00:00:00',NULL),(881,NULL,0,'69dabcf2-fd88-11e8-814d-afed9526fa74','1e43a152-f84f-4022-a2c6-0c66c86e9e70',NULL,'7c5b8eb8-82ab-11e6-a87c-0862661081dd','PRE-ROLL2','Size Descriptor','size_descriptor',NULL,'Y','N','N','Y',NULL,NULL,'ALPHANUMERIC','FREE FORM',NULL,'PRODUCT',NULL,NULL,NULL,NULL,1,'2010-01-01 00:00:00','LIQUIBASE',1,'2010-01-01 00:00:00',NULL),(882,NULL,0,'69dabe78-fd88-11e8-814d-afed9526fa74','1e43a152-f84f-4022-a2c6-0c66c86e9e70',NULL,'7c5b8eb8-82ab-11e6-a87c-0862661081dd','PRE-ROLL2','Total Mg THC','total_mg_thc',NULL,'Y','N','N','Y',NULL,NULL,'DECIMAL','FREE FORM',NULL,'PRODUCT',NULL,8,NULL,NULL,1,'2010-01-01 00:00:00','LIQUIBASE',1,'2010-01-01 00:00:00',NULL),(883,NULL,0,'69dac0da-fd88-11e8-814d-afed9526fa74','1e43a152-f84f-4022-a2c6-0c66c86e9e70',NULL,'7c5b8eb8-82ab-11e6-a87c-0862661081dd','PRE-ROLL2','Classification','classification',NULL,'Y','N','N','Y',NULL,NULL,'ALPHABETS','PICK LIST',NULL,'PRODUCT',NULL,5,NULL,NULL,1,'2010-01-01 00:00:00','LIQUIBASE',1,'2010-01-01 00:00:00',NULL),(884,NULL,0,'69dac1d4-fd88-11e8-814d-afed9526fa74','1e43a152-f84f-4022-a2c6-0c66c86e9e70',NULL,'7c5b8eb8-82ab-11e6-a87c-0862661081dd','PRE-ROLL2','Doses','doses',NULL,'Y','Y','N','Y',NULL,NULL,'DECIMAL','FREE FORM',NULL,'PRODUCT',NULL,11,NULL,NULL,1,'2010-01-01 00:00:00','LIQUIBASE',1,'2010-01-01 00:00:00',NULL),(885,NULL,0,'69dac29c-fd88-11e8-814d-afed9526fa74','1e43a152-f84f-4022-a2c6-0c66c86e9e70',NULL,'7c5b8eb8-82ab-11e6-a87c-0862661081dd','PRE-ROLL2','Mg per Dose','mg_per_dose',NULL,'Y','Y','N','Y',NULL,NULL,'DECIMAL','FREE FORM',NULL,'PRODUCT',NULL,12,NULL,NULL,1,'2010-01-01 00:00:00','LIQUIBASE',1,'2010-01-01 00:00:00',NULL),(886,NULL,0,'69dac35a-fd88-11e8-814d-afed9526fa74','1e43a152-f84f-4022-a2c6-0c66c86e9e70',NULL,'7c5b8eb8-82ab-11e6-a87c-0862661081dd','PRE-ROLL2','Medium','medium',NULL,'Y','Y','N','Y',NULL,NULL,'ALPHANUMERIC','PICK LIST',NULL,'PRODUCT',NULL,NULL,NULL,NULL,1,'2010-01-01 00:00:00','LIQUIBASE',1,'2010-01-01 00:00:00',NULL),(887,NULL,0,'69dac418-fd88-11e8-814d-afed9526fa74','1e43a152-f84f-4022-a2c6-0c66c86e9e70',NULL,'7c5b8eb8-82ab-11e6-a87c-0862661081dd','PRE-ROLL2','External ID','external_id',NULL,'Y','N','N','Y',NULL,NULL,'ALPHANUMERIC','FREE FORM',NULL,'PRODUCT',NULL,14,NULL,NULL,1,'2010-01-01 00:00:00','LIQUIBASE',1,'2010-01-01 00:00:00',NULL),(888,NULL,0,'69dac4d6-fd88-11e8-814d-afed9526fa74','1e43a152-f84f-4022-a2c6-0c66c86e9e70',NULL,'7c5b8eb8-82ab-11e6-a87c-0862661081dd','PRE-ROLL2','CBD THC Ratio','cbd_thc_ratio',NULL,'Y','Y','N','Y',NULL,NULL,'DECIMAL','FREE FORM',NULL,'PRODUCT',NULL,NULL,NULL,NULL,1,'2010-01-01 00:00:00','LIQUIBASE',1,'2010-01-01 00:00:00',NULL),(889,NULL,0,'69dac896-fd88-11e8-814d-afed9526fa74','1e43a152-f84f-4022-a2c6-0c66c86e9e70',NULL,'7c5b8eb8-82ab-11e6-a87c-0862661081dd','PRE-ROLL2','Product Description','product_description',NULL,'Y','Y','N','Y',NULL,NULL,'ALPHANUMERIC','FREE FORM',NULL,'PRODUCT',NULL,NULL,NULL,NULL,1,'2010-01-01 00:00:00','LIQUIBASE',1,'2010-01-01 00:00:00',NULL),(890,NULL,0,'69db005e-fd88-11e8-814d-afed9526fa74','1e43a152-f84f-4022-a2c6-0c66c86e9e70',NULL,'4028E43964FBA33F0164FBAE39A9000D','TINTURES1','Subtype','subtype',NULL,'Y','N','N','Y',NULL,NULL,'ALPHANUMERIC','USER DEFINED',NULL,'PRODUCT',NULL,1,1,NULL,1,'2010-01-01 00:00:00','LIQUIBASE',1,'2010-01-01 00:00:00',NULL),(891,NULL,0,'69db01b2-fd88-11e8-814d-afed9526fa74','1e43a152-f84f-4022-a2c6-0c66c86e9e70',NULL,'4028E43964FBA33F0164FBAE39A9000D','TINTURES1','UoM','uom',NULL,'Y','N','N','Y',NULL,NULL,'ALPHABETS','PICK LIST',NULL,'PRODUCT',NULL,7,NULL,NULL,1,'2010-01-01 00:00:00','LIQUIBASE',1,'2010-01-01 00:00:00',NULL),(892,NULL,0,'69db02de-fd88-11e8-814d-afed9526fa74','1e43a152-f84f-4022-a2c6-0c66c86e9e70',NULL,'4028E43964FBA33F0164FBAE39A9000D','TINTURES1','Form','form',NULL,'Y','Y','N','Y',NULL,NULL,'ALPHABETS','PICK LIST',NULL,'PRODUCT',NULL,NULL,NULL,NULL,1,'2010-01-01 00:00:00','LIQUIBASE',1,'2010-01-01 00:00:00',NULL),(893,NULL,0,'69db040a-fd88-11e8-814d-afed9526fa74','1e43a152-f84f-4022-a2c6-0c66c86e9e70',NULL,'4028E43964FBA33F0164FBAE39A9000D','TINTURES1','Cannabis','cannabis',NULL,'Y','Y','N','Y','true',NULL,'ALPHANUMERIC','TOGGLE',NULL,'PRODUCT',NULL,NULL,NULL,NULL,1,'2010-01-01 00:00:00','LIQUIBASE',1,'2010-01-01 00:00:00',NULL),(894,NULL,0,'69db0536-fd88-11e8-814d-afed9526fa74','1e43a152-f84f-4022-a2c6-0c66c86e9e70',NULL,'4028E43964FBA33F0164FBAE39A9000D','TINTURES1','Package Tracked','package_tracked',NULL,'Y','Y','N','Y','true',NULL,'ALPHABETS','TOGGLE',NULL,'PRODUCT',NULL,NULL,NULL,NULL,1,'2010-01-01 00:00:00','LIQUIBASE',1,'2010-01-01 00:00:00',NULL),(895,NULL,0,'69db0658-fd88-11e8-814d-afed9526fa74','1e43a152-f84f-4022-a2c6-0c66c86e9e70',NULL,'4028E43964FBA33F0164FBAE39A9000D','TINTURES1','Name','name',NULL,'Y','N','Y','Y',NULL,NULL,'ALPHANUMERIC','FREE FORM',NULL,'PRODUCT',NULL,2,NULL,NULL,1,'2010-01-01 00:00:00','LIQUIBASE',1,'2010-01-01 00:00:00',NULL),(896,NULL,0,'69db077a-fd88-11e8-814d-afed9526fa74','1e43a152-f84f-4022-a2c6-0c66c86e9e70',NULL,'4028E43964FBA33F0164FBAE39A9000D','TINTURES1','Strain','strain',NULL,'Y','Y','N','Y',NULL,NULL,'ALPHANUMERIC','FREE FORM',NULL,'PRODUCT',NULL,NULL,NULL,NULL,1,'2010-01-01 00:00:00','LIQUIBASE',1,'2010-01-01 00:00:00',NULL),(897,NULL,0,'69db0892-fd88-11e8-814d-afed9526fa74','1e43a152-f84f-4022-a2c6-0c66c86e9e70',NULL,'4028E43964FBA33F0164FBAE39A9000D','TINTURES1','Brand','brand',NULL,'Y','N','N','Y',NULL,NULL,'ALPHANUMERIC','FREE FORM',NULL,'PRODUCT',NULL,4,NULL,NULL,1,'2010-01-01 00:00:00','LIQUIBASE',1,'2010-01-01 00:00:00',NULL),(898,NULL,0,'69db09b4-fd88-11e8-814d-afed9526fa74','1e43a152-f84f-4022-a2c6-0c66c86e9e70',NULL,'4028E43964FBA33F0164FBAE39A9000D','TINTURES1','Amount','amount',NULL,'Y','N','N','Y',NULL,NULL,'DECIMAL','FREE FORM',NULL,'PRODUCT',NULL,6,NULL,NULL,1,'2010-01-01 00:00:00','LIQUIBASE',1,'2010-01-01 00:00:00',NULL),(899,NULL,0,'69db0bda-fd88-11e8-814d-afed9526fa74','1e43a152-f84f-4022-a2c6-0c66c86e9e70',NULL,'4028E43964FBA33F0164FBAE39A9000D','TINTURES1','Total Mg THC','total_mg_thc',NULL,'Y','N','Y','Y',NULL,NULL,'DECIMAL','FREE FORM',NULL,'PRODUCT',NULL,8,NULL,NULL,1,'2010-01-01 00:00:00','LIQUIBASE',1,'2010-01-01 00:00:00',NULL),(900,NULL,0,'69db0de2-fd88-11e8-814d-afed9526fa74','1e43a152-f84f-4022-a2c6-0c66c86e9e70',NULL,'4028E43964FBA33F0164FBAE39A9000D','TINTURES1','Classification','classification',NULL,'Y','N','N','Y',NULL,NULL,'ALPHABETS','PICK LIST',NULL,'PRODUCT',NULL,5,NULL,NULL,1,'2010-01-01 00:00:00','LIQUIBASE',1,'2010-01-01 00:00:00',NULL),(901,NULL,0,'69db11d4-fd88-11e8-814d-afed9526fa74','1e43a152-f84f-4022-a2c6-0c66c86e9e70',NULL,'4028E43964FBA33F0164FBAE39A9000D','TINTURES1','Doses','doses',NULL,'Y','N','N','Y',NULL,NULL,'DECIMAL','FREE FORM',NULL,'PRODUCT',NULL,11,NULL,NULL,1,'2010-01-01 00:00:00','LIQUIBASE',1,'2010-01-01 00:00:00',NULL),(902,NULL,0,'69db1382-fd88-11e8-814d-afed9526fa74','1e43a152-f84f-4022-a2c6-0c66c86e9e70',NULL,'4028E43964FBA33F0164FBAE39A9000D','TINTURES1','Mg per Dose','mg_per_dose',NULL,'Y','N','N','Y',NULL,NULL,'DECIMAL','FREE FORM',NULL,'PRODUCT',NULL,12,NULL,NULL,1,'2010-01-01 00:00:00','LIQUIBASE',1,'2010-01-01 00:00:00',NULL),(903,NULL,0,'69db14ae-fd88-11e8-814d-afed9526fa74','1e43a152-f84f-4022-a2c6-0c66c86e9e70',NULL,'4028E43964FBA33F0164FBAE39A9000D','TINTURES1','Medium','medium',NULL,'Y','Y','N','Y',NULL,NULL,'ALPHANUMERIC','PICK LIST',NULL,'PRODUCT',NULL,NULL,NULL,NULL,1,'2010-01-01 00:00:00','LIQUIBASE',1,'2010-01-01 00:00:00',NULL),(904,NULL,0,'69db15c6-fd88-11e8-814d-afed9526fa74','1e43a152-f84f-4022-a2c6-0c66c86e9e70',NULL,'4028E43964FBA33F0164FBAE39A9000D','TINTURES1','External ID','external_id',NULL,'Y','N','N','Y',NULL,NULL,'ALPHANUMERIC','FREE FORM',NULL,'PRODUCT',NULL,14,NULL,NULL,1,'2010-01-01 00:00:00','LIQUIBASE',1,'2010-01-01 00:00:00',NULL),(905,NULL,0,'69db16e8-fd88-11e8-814d-afed9526fa74','1e43a152-f84f-4022-a2c6-0c66c86e9e70',NULL,'4028E43964FBA33F0164FBAE39A9000D','TINTURES1','CBD THC Ratio','cbd_thc_ratio',NULL,'Y','Y','N','Y',NULL,NULL,'DECIMAL','FREE FORM',NULL,'PRODUCT',NULL,NULL,NULL,NULL,1,'2010-01-01 00:00:00','LIQUIBASE',1,'2010-01-01 00:00:00',NULL),(906,NULL,0,'69db1c38-fd88-11e8-814d-afed9526fa74','1e43a152-f84f-4022-a2c6-0c66c86e9e70',NULL,'4028E43964FBA33F0164FBAE39A9000D','TINTURES1','Product Description','product_description',NULL,'Y','Y','N','Y',NULL,NULL,'ALPHANUMERIC','FREE FORM',NULL,'PRODUCT',NULL,NULL,NULL,NULL,1,'2010-01-01 00:00:00','LIQUIBASE',1,'2010-01-01 00:00:00',NULL),(907,NULL,0,'69db3664-fd88-11e8-814d-afed9526fa74','1e43a152-f84f-4022-a2c6-0c66c86e9e70',NULL,'7e362cd7-ec92-11e5-a7c5-6c0b843dcc4d','TOPICAL1','Subtype','subtype',NULL,'Y','N','N','Y',NULL,NULL,'ALPHANUMERIC','USER DEFINED',NULL,'PRODUCT',NULL,1,1,NULL,1,'2010-01-01 00:00:00','LIQUIBASE',1,'2010-01-01 00:00:00',NULL),(908,NULL,0,'69db3790-fd88-11e8-814d-afed9526fa74','1e43a152-f84f-4022-a2c6-0c66c86e9e70',NULL,'7e362cd7-ec92-11e5-a7c5-6c0b843dcc4d','TOPICAL1','UoM','uom',NULL,'Y','N','N','Y',NULL,NULL,'ALPHABETS','PICK LIST',NULL,'PRODUCT',NULL,7,NULL,NULL,1,'2010-01-01 00:00:00','LIQUIBASE',1,'2010-01-01 00:00:00',NULL),(909,NULL,0,'69db389e-fd88-11e8-814d-afed9526fa74','1e43a152-f84f-4022-a2c6-0c66c86e9e70',NULL,'7e362cd7-ec92-11e5-a7c5-6c0b843dcc4d','TOPICAL1','Form','form',NULL,'Y','Y','N','Y',NULL,NULL,'ALPHABETS','PICK LIST',NULL,'PRODUCT',NULL,NULL,NULL,NULL,1,'2010-01-01 00:00:00','LIQUIBASE',1,'2010-01-01 00:00:00',NULL),(910,NULL,0,'69db39a2-fd88-11e8-814d-afed9526fa74','1e43a152-f84f-4022-a2c6-0c66c86e9e70',NULL,'7e362cd7-ec92-11e5-a7c5-6c0b843dcc4d','TOPICAL1','Cannabis','cannabis',NULL,'Y','Y','N','Y','true',NULL,'ALPHANUMERIC','TOGGLE',NULL,'PRODUCT',NULL,NULL,NULL,NULL,1,'2010-01-01 00:00:00','LIQUIBASE',1,'2010-01-01 00:00:00',NULL),(911,NULL,0,'69db3aa6-fd88-11e8-814d-afed9526fa74','1e43a152-f84f-4022-a2c6-0c66c86e9e70',NULL,'7e362cd7-ec92-11e5-a7c5-6c0b843dcc4d','TOPICAL1','Package Tracked','package_tracked',NULL,'Y','Y','N','Y','true',NULL,'ALPHABETS','TOGGLE',NULL,'PRODUCT',NULL,NULL,NULL,NULL,1,'2010-01-01 00:00:00','LIQUIBASE',1,'2010-01-01 00:00:00',NULL),(912,NULL,0,'69db3bb4-fd88-11e8-814d-afed9526fa74','1e43a152-f84f-4022-a2c6-0c66c86e9e70',NULL,'7e362cd7-ec92-11e5-a7c5-6c0b843dcc4d','TOPICAL1','Name','name',NULL,'Y','N','Y','Y',NULL,NULL,'ALPHANUMERIC','FREE FORM',NULL,'PRODUCT',NULL,2,NULL,NULL,1,'2010-01-01 00:00:00','LIQUIBASE',1,'2010-01-01 00:00:00',NULL),(913,NULL,0,'69db3cb8-fd88-11e8-814d-afed9526fa74','1e43a152-f84f-4022-a2c6-0c66c86e9e70',NULL,'7e362cd7-ec92-11e5-a7c5-6c0b843dcc4d','TOPICAL1','Strain','strain',NULL,'Y','Y','N','Y',NULL,NULL,'ALPHANUMERIC','FREE FORM',NULL,'PRODUCT',NULL,NULL,NULL,NULL,1,'2010-01-01 00:00:00','LIQUIBASE',1,'2010-01-01 00:00:00',NULL),(914,NULL,0,'69db3dbc-fd88-11e8-814d-afed9526fa74','1e43a152-f84f-4022-a2c6-0c66c86e9e70',NULL,'7e362cd7-ec92-11e5-a7c5-6c0b843dcc4d','TOPICAL1','Brand','brand',NULL,'Y','N','N','Y',NULL,NULL,'ALPHANUMERIC','FREE FORM',NULL,'PRODUCT',NULL,4,NULL,NULL,1,'2010-01-01 00:00:00','LIQUIBASE',1,'2010-01-01 00:00:00',NULL),(915,NULL,0,'69db3ec0-fd88-11e8-814d-afed9526fa74','1e43a152-f84f-4022-a2c6-0c66c86e9e70',NULL,'7e362cd7-ec92-11e5-a7c5-6c0b843dcc4d','TOPICAL1','Amount','amount',NULL,'Y','N','N','Y',NULL,NULL,'DECIMAL','FREE FORM',NULL,'PRODUCT',NULL,6,NULL,NULL,1,'2010-01-01 00:00:00','LIQUIBASE',1,'2010-01-01 00:00:00',NULL),(916,NULL,0,'69db42bc-fd88-11e8-814d-afed9526fa74','1e43a152-f84f-4022-a2c6-0c66c86e9e70',NULL,'7e362cd7-ec92-11e5-a7c5-6c0b843dcc4d','TOPICAL1','Total Mg THC','total_mg_thc',NULL,'Y','N','Y','Y',NULL,NULL,'DECIMAL','FREE FORM',NULL,'PRODUCT',NULL,8,NULL,NULL,1,'2010-01-01 00:00:00','LIQUIBASE',1,'2010-01-01 00:00:00',NULL),(917,NULL,0,'69db43ca-fd88-11e8-814d-afed9526fa74','1e43a152-f84f-4022-a2c6-0c66c86e9e70',NULL,'7e362cd7-ec92-11e5-a7c5-6c0b843dcc4d','TOPICAL1','Classification','classification',NULL,'Y','N','N','Y',NULL,NULL,'ALPHABETS','PICK LIST',NULL,'PRODUCT',NULL,5,NULL,NULL,1,'2010-01-01 00:00:00','LIQUIBASE',1,'2010-01-01 00:00:00',NULL),(918,NULL,0,'69db44d8-fd88-11e8-814d-afed9526fa74','1e43a152-f84f-4022-a2c6-0c66c86e9e70',NULL,'7e362cd7-ec92-11e5-a7c5-6c0b843dcc4d','TOPICAL1','Doses','doses',NULL,'Y','N','N','Y',NULL,NULL,'DECIMAL','FREE FORM',NULL,'PRODUCT',NULL,11,NULL,NULL,1,'2010-01-01 00:00:00','LIQUIBASE',1,'2010-01-01 00:00:00',NULL),(919,NULL,0,'69db45e6-fd88-11e8-814d-afed9526fa74','1e43a152-f84f-4022-a2c6-0c66c86e9e70',NULL,'7e362cd7-ec92-11e5-a7c5-6c0b843dcc4d','TOPICAL1','Mg per Dose','mg_per_dose',NULL,'Y','N','N','Y',NULL,NULL,'DECIMAL','FREE FORM',NULL,'PRODUCT',NULL,12,NULL,NULL,1,'2010-01-01 00:00:00','LIQUIBASE',1,'2010-01-01 00:00:00',NULL),(920,NULL,0,'69db46ea-fd88-11e8-814d-afed9526fa74','1e43a152-f84f-4022-a2c6-0c66c86e9e70',NULL,'7e362cd7-ec92-11e5-a7c5-6c0b843dcc4d','TOPICAL1','Medium','medium',NULL,'Y','Y','N','Y',NULL,NULL,'ALPHANUMERIC','PICK LIST',NULL,'PRODUCT',NULL,NULL,NULL,NULL,1,'2010-01-01 00:00:00','LIQUIBASE',1,'2010-01-01 00:00:00',NULL),(921,NULL,0,'69db47f8-fd88-11e8-814d-afed9526fa74','1e43a152-f84f-4022-a2c6-0c66c86e9e70',NULL,'7e362cd7-ec92-11e5-a7c5-6c0b843dcc4d','TOPICAL1','External ID','external_id',NULL,'Y','N','N','Y',NULL,NULL,'ALPHANUMERIC','FREE FORM',NULL,'PRODUCT',NULL,14,NULL,NULL,1,'2010-01-01 00:00:00','LIQUIBASE',1,'2010-01-01 00:00:00',NULL),(922,NULL,0,'69db48fc-fd88-11e8-814d-afed9526fa74','1e43a152-f84f-4022-a2c6-0c66c86e9e70',NULL,'7e362cd7-ec92-11e5-a7c5-6c0b843dcc4d','TOPICAL1','CBD THC Ratio','cbd_thc_ratio',NULL,'Y','Y','N','Y',NULL,NULL,'DECIMAL','FREE FORM',NULL,'PRODUCT',NULL,NULL,NULL,NULL,1,'2010-01-01 00:00:00','LIQUIBASE',1,'2010-01-01 00:00:00',NULL),(923,NULL,0,'69db4e2e-fd88-11e8-814d-afed9526fa74','1e43a152-f84f-4022-a2c6-0c66c86e9e70',NULL,'7e362cd7-ec92-11e5-a7c5-6c0b843dcc4d','TOPICAL1','Product Description','product_description',NULL,'Y','Y','N','Y',NULL,NULL,'ALPHANUMERIC','FREE FORM',NULL,'PRODUCT',NULL,NULL,NULL,NULL,1,'2010-01-01 00:00:00','LIQUIBASE',1,'2010-01-01 00:00:00',NULL),(924,NULL,0,'7900496a-68b2-4e5c-9b97-2880def18e78','1e43a152-f84f-4022-a2c6-0c66c86e9e70',NULL,'7e2ee239-da84-11e5-bc38-5c514f48b06a','EXTRACT1','Hide Menu','hide_menu',NULL,'Y','Y','N','Y',NULL,NULL,'ALPHANUMERIC','TOGGLE',NULL,'MENU',NULL,15,NULL,NULL,1,'2010-01-01 00:00:00','LIQUIBASE',1,'2010-01-01 00:00:00',NULL),(925,NULL,0,'7ebccefc-e0f2-4969-8b44-a6c692270d71','1e43a152-f84f-4022-a2c6-0c66c86e9e70',NULL,'7c5b8eb8-82ab-11e6-a87c-0862661081dd','PRE-ROLL1','Hide Menu','hide_menu',NULL,'Y','Y','N','Y',NULL,NULL,'ALPHANUMERIC','TOGGLE',NULL,'MENU',NULL,15,NULL,NULL,1,'2010-01-01 00:00:00','LIQUIBASE',1,'2010-01-01 00:00:00',NULL),(926,NULL,0,'807644be-06e3-491e-aff3-9d004294c538','1e43a152-f84f-4022-a2c6-0c66c86e9e70',NULL,'7e37edd2-da84-11e5-bc38-5c514f48b06a','NONCANNABIS1','Hide Menu','hide_menu',NULL,'Y','Y','N','Y',NULL,NULL,'ALPHANUMERIC','TOGGLE',NULL,'MENU',NULL,15,NULL,NULL,1,'2010-01-01 00:00:00','LIQUIBASE',1,'2010-01-01 00:00:00',NULL),(927,NULL,0,'88651924-49b4-11e9-8035-774805423a5c','1e43a152-f84f-4022-a2c6-0c66c86e9e70',NULL,'0986c2be-f816-11e8-9aaf-2621339c7881','BEV1','Menu Title','menu_title',NULL,'Y','N','N','Y',NULL,NULL,'ALPHANUMERIC','FREE FORM',NULL,'PRODUCT',NULL,3,NULL,NULL,1,'2010-01-01 00:00:00','LIQUIBASE',1,'2010-01-01 00:00:00',NULL),(928,NULL,0,'8865252c-49b4-11e9-8035-774805423a5c','1e43a152-f84f-4022-a2c6-0c66c86e9e70',NULL,'7c5b3ad1-82ab-11e6-a87c-0862661081dd','CART1','Menu Title','menu_title',NULL,'Y','N','N','Y',NULL,NULL,'ALPHANUMERIC','FREE FORM',NULL,'PRODUCT',NULL,3,NULL,NULL,1,'2010-01-01 00:00:00','LIQUIBASE',1,'2010-01-01 00:00:00',NULL),(929,NULL,0,'886526bc-49b4-11e9-8035-774805423a5c','1e43a152-f84f-4022-a2c6-0c66c86e9e70',NULL,'4028E43964FBA33F0164FBADCDB8000B','CBDNONCAN1','Menu Title','menu_title',NULL,'Y','N','N','Y',NULL,NULL,'ALPHANUMERIC','FREE FORM',NULL,'PRODUCT',NULL,3,NULL,NULL,1,'2010-01-01 00:00:00','LIQUIBASE',1,'2010-01-01 00:00:00',NULL),(930,NULL,0,'886527d4-49b4-11e9-8035-774805423a5c','1e43a152-f84f-4022-a2c6-0c66c86e9e70',NULL,'7e31e311-da84-11e5-bc38-5c514f48b06a','EDIBLE1','Menu Title','menu_title',NULL,'Y','N','N','Y',NULL,NULL,'ALPHANUMERIC','FREE FORM',NULL,'PRODUCT',NULL,3,NULL,NULL,1,'2010-01-01 00:00:00','LIQUIBASE',1,'2010-01-01 00:00:00',NULL),(931,NULL,0,'8865513c-49b4-11e9-8035-774805423a5c','1e43a152-f84f-4022-a2c6-0c66c86e9e70',NULL,'7e2ee239-da84-11e5-bc38-5c514f48b06a','EXTRACT1','Menu Title','menu_title',NULL,'Y','N','N','Y',NULL,NULL,'ALPHANUMERIC','FREE FORM',NULL,'PRODUCT',NULL,3,NULL,NULL,1,'2010-01-01 00:00:00','LIQUIBASE',1,'2010-01-01 00:00:00',NULL),(932,NULL,0,'886552c3-49b4-11e9-8035-774805423a5c','1e43a152-f84f-4022-a2c6-0c66c86e9e70',NULL,'7e2b2130-da84-11e5-bc38-5c514f48b06a','FLOWER1','Menu Title','menu_title',NULL,'Y','N','N','Y',NULL,NULL,'ALPHANUMERIC','FREE FORM',NULL,'PRODUCT',NULL,3,NULL,NULL,1,'2010-01-01 00:00:00','LIQUIBASE',1,'2010-01-01 00:00:00',NULL),(933,NULL,0,'886553db-49b4-11e9-8035-774805423a5c','1e43a152-f84f-4022-a2c6-0c66c86e9e70',NULL,'7c5b706f-82ab-11e6-a87c-0862661081dd','MISC1','Menu Title','menu_title',NULL,'Y','N','N','Y',NULL,NULL,'ALPHANUMERIC','FREE FORM',NULL,'PRODUCT',NULL,3,NULL,NULL,1,'2010-01-01 00:00:00','LIQUIBASE',1,'2010-01-01 00:00:00',NULL),(934,NULL,0,'886554e9-49b4-11e9-8035-774805423a5c','1e43a152-f84f-4022-a2c6-0c66c86e9e70',NULL,'7e37edd2-da84-11e5-bc38-5c514f48b06a','NONCANNABIS1','Menu Title','menu_title',NULL,'Y','N','N','Y',NULL,NULL,'ALPHANUMERIC','FREE FORM',NULL,'PRODUCT',NULL,3,NULL,NULL,1,'2010-01-01 00:00:00','LIQUIBASE',1,'2010-01-01 00:00:00',NULL),(935,NULL,0,'886555f6-49b4-11e9-8035-774805423a5c','1e43a152-f84f-4022-a2c6-0c66c86e9e70',NULL,'4028E43964FBA33F0164FBACE6C10009','PILLS1','Menu Title','menu_title',NULL,'Y','N','N','Y',NULL,NULL,'ALPHANUMERIC','FREE FORM',NULL,'PRODUCT',NULL,3,NULL,NULL,1,'2010-01-01 00:00:00','LIQUIBASE',1,'2010-01-01 00:00:00',NULL),(936,NULL,0,'88655786-49b4-11e9-8035-774805423a5c','1e43a152-f84f-4022-a2c6-0c66c86e9e70',NULL,'7e34f465-da84-11e5-bc38-5c514f48b06a','PLANT1','Menu Title','menu_title',NULL,'Y','N','N','Y',NULL,NULL,'ALPHANUMERIC','FREE FORM',NULL,'PRODUCT',NULL,3,NULL,NULL,1,'2010-01-01 00:00:00','LIQUIBASE',1,'2010-01-01 00:00:00',NULL),(937,NULL,0,'88655894-49b4-11e9-8035-774805423a5c','1e43a152-f84f-4022-a2c6-0c66c86e9e70',NULL,'7c5b8eb8-82ab-11e6-a87c-0862661081dd','PRE-ROLL1','Menu Title','menu_title',NULL,'Y','N','N','Y',NULL,NULL,'ALPHANUMERIC','FREE FORM',NULL,'PRODUCT',NULL,3,NULL,NULL,1,'2010-01-01 00:00:00','LIQUIBASE',1,'2010-01-01 00:00:00',NULL),(938,NULL,0,'886559b6-49b4-11e9-8035-774805423a5c','1e43a152-f84f-4022-a2c6-0c66c86e9e70',NULL,'7c5b8eb8-82ab-11e6-a87c-0862661081dd','PRE-ROLL2','Menu Title','menu_title',NULL,'Y','Y','N','Y',NULL,NULL,'ALPHANUMERIC','FREE FORM',NULL,'PRODUCT',NULL,3,NULL,NULL,1,'2010-01-01 00:00:00','LIQUIBASE',1,'2010-01-01 00:00:00',NULL),(939,NULL,0,'88655b1f-49b4-11e9-8035-774805423a5c','1e43a152-f84f-4022-a2c6-0c66c86e9e70',NULL,'4028E43964FBA33F0164FBAE39A9000D','TINTURES1','Menu Title','menu_title',NULL,'Y','N','N','Y',NULL,NULL,'ALPHANUMERIC','FREE FORM',NULL,'PRODUCT',NULL,3,NULL,NULL,1,'2010-01-01 00:00:00','LIQUIBASE',1,'2010-01-01 00:00:00',NULL),(940,NULL,0,'88655c86-49b4-11e9-8035-774805423a5c','1e43a152-f84f-4022-a2c6-0c66c86e9e70',NULL,'7e362cd7-ec92-11e5-a7c5-6c0b843dcc4d','TOPICAL1','Menu Title','menu_title',NULL,'Y','N','N','Y',NULL,NULL,'ALPHANUMERIC','FREE FORM',NULL,'PRODUCT',NULL,3,NULL,NULL,1,'2010-01-01 00:00:00','LIQUIBASE',1,'2010-01-01 00:00:00',NULL),(941,NULL,0,'88658396-49b4-11e9-8035-774805423a5c','1e43a152-f84f-4022-a2c6-0c66c86e9e70',NULL,'0986c2be-f816-11e8-9aaf-2621339c7881','BEV1','Size','size',NULL,'Y','N','N','Y',NULL,NULL,'ALPHANUMERIC','FREE FORM',NULL,'PRODUCT',NULL,9,NULL,NULL,1,'2010-01-01 00:00:00','LIQUIBASE',1,'2010-01-01 00:00:00',NULL),(942,NULL,0,'8865859e-49b4-11e9-8035-774805423a5c','1e43a152-f84f-4022-a2c6-0c66c86e9e70',NULL,'4028E43964FBA33F0164FBADCDB8000B','CBDNONCAN1','Size','size',NULL,'Y','N','N','Y',NULL,NULL,'ALPHANUMERIC','FREE FORM',NULL,'PRODUCT',NULL,9,NULL,NULL,1,'2010-01-01 00:00:00','LIQUIBASE',1,'2010-01-01 00:00:00',NULL),(943,NULL,0,'886586d4-49b4-11e9-8035-774805423a5c','1e43a152-f84f-4022-a2c6-0c66c86e9e70',NULL,'7c5b706f-82ab-11e6-a87c-0862661081dd','MISC1','Size','size',NULL,'Y','N','N','Y',NULL,NULL,'ALPHANUMERIC','FREE FORM',NULL,'PRODUCT',NULL,6,NULL,NULL,1,'2010-01-01 00:00:00','LIQUIBASE',1,'2010-01-01 00:00:00',NULL),(944,NULL,0,'88658846-49b4-11e9-8035-774805423a5c','1e43a152-f84f-4022-a2c6-0c66c86e9e70',NULL,'7e37edd2-da84-11e5-bc38-5c514f48b06a','NONCANNABIS1','Size','size',NULL,'Y','N','N','Y',NULL,NULL,'ALPHANUMERIC','FREE FORM',NULL,'PRODUCT',NULL,9,1,NULL,1,'2010-01-01 00:00:00','LIQUIBASE',1,'2010-01-01 00:00:00',NULL),(945,NULL,0,'88658990-49b4-11e9-8035-774805423a5c','1e43a152-f84f-4022-a2c6-0c66c86e9e70',NULL,'4028E43964FBA33F0164FBACE6C10009','PILLS1','Size','size',NULL,'Y','N','N','Y',NULL,NULL,'ALPHANUMERIC','FREE FORM',NULL,'PRODUCT',NULL,6,NULL,NULL,1,'2010-01-01 00:00:00','LIQUIBASE',1,'2010-01-01 00:00:00',NULL),(946,NULL,0,'88658b48-49b4-11e9-8035-774805423a5c','1e43a152-f84f-4022-a2c6-0c66c86e9e70',NULL,'7c5b8eb8-82ab-11e6-a87c-0862661081dd','PRE-ROLL1','Size','size',NULL,'Y','N','N','Y',NULL,NULL,'ALPHANUMERIC','FREE FORM',NULL,'PRODUCT',NULL,9,NULL,NULL,1,'2010-01-01 00:00:00','LIQUIBASE',1,'2010-01-01 00:00:00',NULL),(947,NULL,0,'88658cb1-49b4-11e9-8035-774805423a5c','1e43a152-f84f-4022-a2c6-0c66c86e9e70',NULL,'7c5b8eb8-82ab-11e6-a87c-0862661081dd','PRE-ROLL2','Size (Qual)','size_qual',NULL,'Y','N','N','Y',NULL,NULL,'ALPHANUMERIC','FREE FORM',NULL,'PRODUCT',NULL,9,NULL,NULL,1,'2010-01-01 00:00:00','LIQUIBASE',1,'2010-01-01 00:00:00',NULL),(948,NULL,0,'88659eee-49b4-11e9-8035-774805423a5c','1e43a152-f84f-4022-a2c6-0c66c86e9e70',NULL,'4028E43964FBA33F0164FBAE39A9000D','TINTURES1','Size','size',NULL,'Y','N','N','Y',NULL,NULL,'ALPHANUMERIC','FREE FORM',NULL,'PRODUCT',NULL,9,NULL,NULL,1,'2010-01-01 00:00:00','LIQUIBASE',1,'2010-01-01 00:00:00',NULL),(949,NULL,0,'8865a04c-49b4-11e9-8035-774805423a5c','1e43a152-f84f-4022-a2c6-0c66c86e9e70',NULL,'7e362cd7-ec92-11e5-a7c5-6c0b843dcc4d','TOPICAL1','Size','size',NULL,'Y','N','N','Y',NULL,NULL,'ALPHANUMERIC','FREE FORM',NULL,'PRODUCT',NULL,9,NULL,NULL,1,'2010-01-01 00:00:00','LIQUIBASE',1,'2010-01-01 00:00:00',NULL),(950,NULL,0,'8865d1f2-49b4-11e9-8035-774805423a5c','1e43a152-f84f-4022-a2c6-0c66c86e9e70',NULL,'0986c2be-f816-11e8-9aaf-2621339c7881','BEV1','Total Mg CBD','total_mg_cbd',NULL,'Y','N','N','Y',NULL,NULL,'DECIMAL','FREE FORM',NULL,'PRODUCT',NULL,10,NULL,NULL,1,'2010-01-01 00:00:00','LIQUIBASE',1,'2010-01-01 00:00:00',NULL),(951,NULL,0,'8865d3fa-49b4-11e9-8035-774805423a5c','1e43a152-f84f-4022-a2c6-0c66c86e9e70',NULL,'7c5b3ad1-82ab-11e6-a87c-0862661081dd','CART1','Total Mg CBD','total_mg_cbd',NULL,'Y','N','N','Y',NULL,NULL,'DECIMAL','FREE FORM',NULL,'PRODUCT',NULL,10,NULL,NULL,1,'2010-01-01 00:00:00','LIQUIBASE',1,'2010-01-01 00:00:00',NULL),(952,NULL,0,'8865d4f4-49b4-11e9-8035-774805423a5c','1e43a152-f84f-4022-a2c6-0c66c86e9e70',NULL,'4028E43964FBA33F0164FBADCDB8000B','CBDNONCAN1','Total Mg CBD','total_mg_cbd',NULL,'Y','N','N','Y',NULL,NULL,'DECIMAL','FREE FORM',NULL,'PRODUCT',NULL,10,NULL,NULL,1,'2010-01-01 00:00:00','LIQUIBASE',1,'2010-01-01 00:00:00',NULL),(953,NULL,0,'8865d5ef-49b4-11e9-8035-774805423a5c','1e43a152-f84f-4022-a2c6-0c66c86e9e70',NULL,'7e31e311-da84-11e5-bc38-5c514f48b06a','EDIBLE1','Total Mg CBD','total_mg_cbd',NULL,'Y','N','N','Y',NULL,NULL,'DECIMAL','FREE FORM',NULL,'PRODUCT',NULL,10,NULL,NULL,1,'2010-01-01 00:00:00','LIQUIBASE',1,'2010-01-01 00:00:00',NULL),(954,NULL,0,'8865d6e8-49b4-11e9-8035-774805423a5c','1e43a152-f84f-4022-a2c6-0c66c86e9e70',NULL,'7e2ee239-da84-11e5-bc38-5c514f48b06a','EXTRACT1','Total Mg CBD','total_mg_cbd',NULL,'Y','N','N','Y',NULL,NULL,'DECIMAL','FREE FORM',NULL,'PRODUCT',NULL,10,NULL,NULL,1,'2010-01-01 00:00:00','LIQUIBASE',1,'2010-01-01 00:00:00',NULL),(955,NULL,0,'8865d7f7-49b4-11e9-8035-774805423a5c','1e43a152-f84f-4022-a2c6-0c66c86e9e70',NULL,'7e2b2130-da84-11e5-bc38-5c514f48b06a','FLOWER1','Total Mg CBD','total_mg_cbd',NULL,'Y','Y','N','Y',NULL,NULL,'DECIMAL','FREE FORM',NULL,'PRODUCT',NULL,10,NULL,NULL,1,'2010-01-01 00:00:00','LIQUIBASE',1,'2010-01-01 00:00:00',NULL),(956,NULL,0,'8865d8f0-49b4-11e9-8035-774805423a5c','1e43a152-f84f-4022-a2c6-0c66c86e9e70',NULL,'7c5b706f-82ab-11e6-a87c-0862661081dd','MISC1','Total Mg CBD','total_mg_cbd',NULL,'Y','N','N','Y',NULL,NULL,'DECIMAL','FREE FORM',NULL,'PRODUCT',NULL,10,NULL,NULL,1,'2010-01-01 00:00:00','LIQUIBASE',1,'2010-01-01 00:00:00',NULL),(957,NULL,0,'8865d9c3-49b4-11e9-8035-774805423a5c','1e43a152-f84f-4022-a2c6-0c66c86e9e70',NULL,'7e37edd2-da84-11e5-bc38-5c514f48b06a','NONCANNABIS1','Total Mg CBD','total_mg_cbd',NULL,'Y','Y','N','Y',NULL,NULL,'DECIMAL','FREE FORM',NULL,'PRODUCT',NULL,10,NULL,NULL,1,'2010-01-01 00:00:00','LIQUIBASE',1,'2010-01-01 00:00:00',NULL),(958,NULL,0,'8865dac7-49b4-11e9-8035-774805423a5c','1e43a152-f84f-4022-a2c6-0c66c86e9e70',NULL,'4028E43964FBA33F0164FBACE6C10009','PILLS1','Total Mg CBD','total_mg_cbd',NULL,'Y','N','N','Y',NULL,NULL,'DECIMAL','FREE FORM',NULL,'PRODUCT',NULL,11,NULL,NULL,1,'2010-01-01 00:00:00','LIQUIBASE',1,'2010-01-01 00:00:00',NULL),(959,NULL,0,'8865db99-49b4-11e9-8035-774805423a5c','1e43a152-f84f-4022-a2c6-0c66c86e9e70',NULL,'7e34f465-da84-11e5-bc38-5c514f48b06a','PLANT1','Total Mg CBD','total_mg_cbd',NULL,'Y','Y','N','Y',NULL,NULL,'DECIMAL','FREE FORM',NULL,'PRODUCT',NULL,10,NULL,NULL,1,'2010-01-01 00:00:00','LIQUIBASE',1,'2010-01-01 00:00:00',NULL),(960,NULL,0,'8865dc92-49b4-11e9-8035-774805423a5c','1e43a152-f84f-4022-a2c6-0c66c86e9e70',NULL,'7c5b8eb8-82ab-11e6-a87c-0862661081dd','PRE-ROLL1','Total Mg CBD','total_mg_cbd',NULL,'Y','N','N','Y',NULL,NULL,'DECIMAL','FREE FORM',NULL,'PRODUCT',NULL,10,NULL,1,1,'2010-01-01 00:00:00','LIQUIBASE',1,'2010-01-01 00:00:00',NULL),(961,NULL,0,'8865dd6f-49b4-11e9-8035-774805423a5c','1e43a152-f84f-4022-a2c6-0c66c86e9e70',NULL,'7c5b8eb8-82ab-11e6-a87c-0862661081dd','PRE-ROLL2','Total Mg CBD','total_mg_cbd',NULL,'Y','N','N','Y',NULL,NULL,'DECIMAL','FREE FORM',NULL,'PRODUCT',NULL,10,NULL,NULL,1,'2010-01-01 00:00:00','LIQUIBASE',1,'2010-01-01 00:00:00',NULL),(962,NULL,0,'8865de55-49b4-11e9-8035-774805423a5c','1e43a152-f84f-4022-a2c6-0c66c86e9e70',NULL,'4028E43964FBA33F0164FBAE39A9000D','TINTURES1','Total Mg CBD','total_mg_cbd',NULL,'Y','N','N','Y',NULL,NULL,'DECIMAL','FREE FORM',NULL,'PRODUCT',NULL,10,NULL,NULL,1,'2010-01-01 00:00:00','LIQUIBASE',1,'2010-01-01 00:00:00',NULL),(963,NULL,0,'8865df4e-49b4-11e9-8035-774805423a5c','1e43a152-f84f-4022-a2c6-0c66c86e9e70',NULL,'7e362cd7-ec92-11e5-a7c5-6c0b843dcc4d','TOPICAL1','Total Mg CBD','total_mg_cbd',NULL,'Y','N','N','Y',NULL,NULL,'DECIMAL','FREE FORM',NULL,'PRODUCT',NULL,10,NULL,NULL,1,'2010-01-01 00:00:00','LIQUIBASE',1,'2010-01-01 00:00:00',NULL),(964,NULL,0,'8a0da026-d04e-4783-baeb-a300cd434a2b','1e43a152-f84f-4022-a2c6-0c66c86e9e70',NULL,'7e34f465-da84-11e5-bc38-5c514f48b06a','PLANT1','Hide Menu','hide_menu',NULL,'Y','Y','N','Y',NULL,NULL,'ALPHANUMERIC','TOGGLE',NULL,'MENU',NULL,15,NULL,NULL,1,'2010-01-01 00:00:00','LIQUIBASE',1,'2010-01-01 00:00:00',NULL),(965,NULL,0,'8fc8ed28-0209-457c-b388-ab34d25b05fd','1e43a152-f84f-4022-a2c6-0c66c86e9e70',NULL,'4028E43964FBA33F0164FBAE39A9000D','TINTURES1','Hide Menu','hide_menu',NULL,'Y','Y','N','Y',NULL,NULL,'ALPHANUMERIC','TOGGLE',NULL,'MENU',NULL,15,NULL,NULL,1,'2010-01-01 00:00:00','LIQUIBASE',1,'2010-01-01 00:00:00',NULL),(966,NULL,0,'93d8587a-fd88-11e8-814d-afed9526fa74','1e43a152-f84f-4022-a2c6-0c66c86e9e70',NULL,'8461ed42-c68f-11e8-b53e-42ecda81f548','NONINV1','Subtype','subtype',NULL,'Y','N','N','Y',NULL,NULL,'ALPHANUMERIC','USER DEFINED',NULL,'PRODUCT',NULL,1,1,NULL,1,'2010-01-01 00:00:00','LIQUIBASE',1,'2010-01-01 00:00:00',NULL),(967,NULL,0,'96b46f2b-ff68-4477-8054-d95a711d1d23','1e43a152-f84f-4022-a2c6-0c66c86e9e70',NULL,'7e31e311-da84-11e5-bc38-5c514f48b06a','EDIBLE1','Hide Menu','hide_menu',NULL,'Y','Y','N','Y',NULL,NULL,'ALPHANUMERIC','TOGGLE',NULL,'MENU',NULL,15,NULL,NULL,1,'2010-01-01 00:00:00','LIQUIBASE',1,'2010-01-01 00:00:00',NULL),(968,NULL,0,'aa8556c8-5d20-4525-89cf-0b42452b9cfe','1e43a152-f84f-4022-a2c6-0c66c86e9e70',NULL,'4028E43964FBA33F0164FBACE6C10009','PILLS1','Hide Menu','hide_menu',NULL,'Y','Y','N','Y',NULL,NULL,'ALPHANUMERIC','TOGGLE',NULL,'MENU',NULL,15,NULL,NULL,1,'2010-01-01 00:00:00','LIQUIBASE',1,'2010-01-01 00:00:00',NULL),(969,NULL,0,'c91ab324-7f71-4f4a-8a22-12ae2d5a727b','1e43a152-f84f-4022-a2c6-0c66c86e9e70',NULL,'8461ed42-c68f-11e8-b53e-42ecda81f548','NONINV1','Hide Menu','hide_menu',NULL,'Y','Y','N','Y',NULL,NULL,'ALPHANUMERIC','TOGGLE',NULL,'MENU',NULL,15,NULL,NULL,1,'2010-01-01 00:00:00','LIQUIBASE',1,'2010-01-01 00:00:00',NULL),(1095,NULL,0,'48481970-51cb-11ea-9640-479b33305416','1e43a152-f84f-4022-a2c6-0c66c86e9e70',NULL,'8461ed42-c68f-11e8-b53e-42ecda81f548','NONINV1','Payment Fee Provider','payment_fee_provider',NULL,'Y','Y','N','N',NULL,NULL,'ALPHANUMERIC','PICK LIST',NULL,'PRODUCT',NULL,NULL,NULL,NULL,1,'2020-02-17 13:20:12','LIQUIBASE',1,'2020-02-17 13:20:12',NULL),(1344,NULL,0,'4e3aaf46-51cb-11ea-9640-479b33305416','1e43a152-f84f-4022-a2c6-0c66c86e9e70',NULL,'0986c2be-f816-11e8-9aaf-2621339c7881','BEV1','Gross Weight (g)','gross_weight_g',NULL,'Y','Y','N','Y',NULL,NULL,'DECIMAL','FREE FORM',NULL,'PRODUCT',NULL,14,1,NULL,1,'2010-01-01 00:00:00','LIQUIBASE',1,'2010-01-01 00:00:00',NULL),(1345,NULL,0,'4e3ab194-51cb-11ea-9640-479b33305416','1e43a152-f84f-4022-a2c6-0c66c86e9e70',NULL,'4028E43964FBA33F0164FBACE6C10009','PILLS1','Gross Weight (g)','gross_weight_g',NULL,'Y','Y','N','Y',NULL,NULL,'DECIMAL','FREE FORM',NULL,'PRODUCT',NULL,14,1,NULL,1,'2010-01-01 00:00:00','LIQUIBASE',1,'2010-01-01 00:00:00',NULL),(1346,NULL,0,'4e3abaa4-51cb-11ea-9640-479b33305416','1e43a152-f84f-4022-a2c6-0c66c86e9e70',NULL,'4028E43964FBA33F0164FBAE39A9000D','TINTURES1','Gross Weight (g)','gross_weight_g',NULL,'Y','Y','N','Y',NULL,NULL,'DECIMAL','FREE FORM',NULL,'PRODUCT',NULL,14,1,NULL,1,'2010-01-01 00:00:00','LIQUIBASE',1,'2010-01-01 00:00:00',NULL),(1347,NULL,0,'4e3abc66-51cb-11ea-9640-479b33305416','1e43a152-f84f-4022-a2c6-0c66c86e9e70',NULL,'7c5b3ad1-82ab-11e6-a87c-0862661081dd','CART1','Gross Weight (g)','gross_weight_g',NULL,'Y','Y','N','Y',NULL,NULL,'DECIMAL','FREE FORM',NULL,'PRODUCT',NULL,14,1,NULL,1,'2010-01-01 00:00:00','LIQUIBASE',1,'2010-01-01 00:00:00',NULL),(1348,NULL,0,'4e3abdec-51cb-11ea-9640-479b33305416','1e43a152-f84f-4022-a2c6-0c66c86e9e70',NULL,'7c5b706f-82ab-11e6-a87c-0862661081dd','MISC1','Gross Weight (g)','gross_weight_g',NULL,'Y','Y','N','Y',NULL,NULL,'DECIMAL','FREE FORM',NULL,'PRODUCT',NULL,14,1,NULL,1,'2010-01-01 00:00:00','LIQUIBASE',1,'2010-01-01 00:00:00',NULL),(1349,NULL,0,'4e3abedc-51cb-11ea-9640-479b33305416','1e43a152-f84f-4022-a2c6-0c66c86e9e70',NULL,'7c5b8eb8-82ab-11e6-a87c-0862661081dd','PRE-ROLL1','Gross Weight (g)','gross_weight_g',NULL,'Y','Y','N','Y',NULL,NULL,'DECIMAL','FREE FORM',NULL,'PRODUCT',NULL,14,1,NULL,1,'2010-01-01 00:00:00','LIQUIBASE',1,'2010-01-01 00:00:00',NULL),(1350,NULL,0,'4e3abf9a-51cb-11ea-9640-479b33305416','1e43a152-f84f-4022-a2c6-0c66c86e9e70',NULL,'7e2b2130-da84-11e5-bc38-5c514f48b06a','FLOWER1','Gross Weight (g)','gross_weight_g',NULL,'Y','Y','N','Y',NULL,NULL,'DECIMAL','FREE FORM',NULL,'PRODUCT',NULL,14,1,NULL,1,'2010-01-01 00:00:00','LIQUIBASE',1,'2010-01-01 00:00:00',NULL),(1351,NULL,0,'4e3ac058-51cb-11ea-9640-479b33305416','1e43a152-f84f-4022-a2c6-0c66c86e9e70',NULL,'7e2ee239-da84-11e5-bc38-5c514f48b06a','EXTRACT1','Gross Weight (g)','gross_weight_g',NULL,'Y','Y','N','Y',NULL,NULL,'DECIMAL','FREE FORM',NULL,'PRODUCT',NULL,14,1,NULL,1,'2010-01-01 00:00:00','LIQUIBASE',1,'2010-01-01 00:00:00',NULL),(1352,NULL,0,'4e3ac120-51cb-11ea-9640-479b33305416','1e43a152-f84f-4022-a2c6-0c66c86e9e70',NULL,'7e34f465-da84-11e5-bc38-5c514f48b06a','PLANT1','Gross Weight (g)','gross_weight_g',NULL,'Y','Y','N','Y',NULL,NULL,'DECIMAL','FREE FORM',NULL,'PRODUCT',NULL,14,1,NULL,1,'2010-01-01 00:00:00','LIQUIBASE',1,'2010-01-01 00:00:00',NULL),(1353,NULL,0,'4e3ac1e8-51cb-11ea-9640-479b33305416','1e43a152-f84f-4022-a2c6-0c66c86e9e70',NULL,'7e362cd7-ec92-11e5-a7c5-6c0b843dcc4d','TOPICAL1','Gross Weight (g)','gross_weight_g',NULL,'Y','Y','N','Y',NULL,NULL,'DECIMAL','FREE FORM',NULL,'PRODUCT',NULL,14,1,NULL,1,'2010-01-01 00:00:00','LIQUIBASE',1,'2010-01-01 00:00:00',NULL),(1354,NULL,0,'4e3cb6a6-51cb-11ea-9640-479b33305416','1e43a152-f84f-4022-a2c6-0c66c86e9e70',NULL,'0986c2be-f816-11e8-9aaf-2621339c7881','BEV1','Net Weight (g)','net_weight_g',NULL,'Y','Y','N','Y',NULL,NULL,'DECIMAL','FREE FORM',NULL,'PRODUCT',NULL,14,1,NULL,1,'2010-01-01 00:00:00','LIQUIBASE',1,'2010-01-01 00:00:00',NULL),(1355,NULL,0,'4e3cb8ea-51cb-11ea-9640-479b33305416','1e43a152-f84f-4022-a2c6-0c66c86e9e70',NULL,'4028E43964FBA33F0164FBACE6C10009','PILLS1','Net Weight (g)','net_weight_g',NULL,'Y','Y','N','Y',NULL,NULL,'DECIMAL','FREE FORM',NULL,'PRODUCT',NULL,14,1,NULL,1,'2010-01-01 00:00:00','LIQUIBASE',1,'2010-01-01 00:00:00',NULL),(1356,NULL,0,'4e3cb9c6-51cb-11ea-9640-479b33305416','1e43a152-f84f-4022-a2c6-0c66c86e9e70',NULL,'4028E43964FBA33F0164FBAE39A9000D','TINTURES1','Net Weight (g)','net_weight_g',NULL,'Y','Y','N','Y',NULL,NULL,'DECIMAL','FREE FORM',NULL,'PRODUCT',NULL,14,1,NULL,1,'2010-01-01 00:00:00','LIQUIBASE',1,'2010-01-01 00:00:00',NULL),(1357,NULL,0,'4e3cba98-51cb-11ea-9640-479b33305416','1e43a152-f84f-4022-a2c6-0c66c86e9e70',NULL,'7c5b3ad1-82ab-11e6-a87c-0862661081dd','CART1','Net Weight (g)','net_weight_g',NULL,'Y','Y','N','Y',NULL,NULL,'DECIMAL','FREE FORM',NULL,'PRODUCT',NULL,14,1,NULL,1,'2010-01-01 00:00:00','LIQUIBASE',1,'2010-01-01 00:00:00',NULL),(1358,NULL,0,'4e3cbb56-51cb-11ea-9640-479b33305416','1e43a152-f84f-4022-a2c6-0c66c86e9e70',NULL,'7c5b706f-82ab-11e6-a87c-0862661081dd','MISC1','Net Weight (g)','net_weight_g',NULL,'Y','Y','N','Y',NULL,NULL,'DECIMAL','FREE FORM',NULL,'PRODUCT',NULL,14,1,NULL,1,'2010-01-01 00:00:00','LIQUIBASE',1,'2010-01-01 00:00:00',NULL),(1359,NULL,0,'4e3cbc14-51cb-11ea-9640-479b33305416','1e43a152-f84f-4022-a2c6-0c66c86e9e70',NULL,'7c5b8eb8-82ab-11e6-a87c-0862661081dd','PRE-ROLL1','Net Weight (g)','net_weight_g',NULL,'Y','Y','N','Y',NULL,NULL,'DECIMAL','FREE FORM',NULL,'PRODUCT',NULL,14,1,NULL,1,'2010-01-01 00:00:00','LIQUIBASE',1,'2010-01-01 00:00:00',NULL),(1360,NULL,0,'4e3cbcd2-51cb-11ea-9640-479b33305416','1e43a152-f84f-4022-a2c6-0c66c86e9e70',NULL,'7e2b2130-da84-11e5-bc38-5c514f48b06a','FLOWER1','Net Weight (g)','net_weight_g',NULL,'Y','Y','N','Y',NULL,NULL,'DECIMAL','FREE FORM',NULL,'PRODUCT',NULL,14,1,NULL,1,'2010-01-01 00:00:00','LIQUIBASE',1,'2010-01-01 00:00:00',NULL),(1361,NULL,0,'4e3cbd7c-51cb-11ea-9640-479b33305416','1e43a152-f84f-4022-a2c6-0c66c86e9e70',NULL,'7e2ee239-da84-11e5-bc38-5c514f48b06a','EXTRACT1','Net Weight (g)','net_weight_g',NULL,'Y','Y','N','Y',NULL,NULL,'DECIMAL','FREE FORM',NULL,'PRODUCT',NULL,14,1,NULL,1,'2010-01-01 00:00:00','LIQUIBASE',1,'2010-01-01 00:00:00',NULL),(1362,NULL,0,'4e3cbed0-51cb-11ea-9640-479b33305416','1e43a152-f84f-4022-a2c6-0c66c86e9e70',NULL,'7e34f465-da84-11e5-bc38-5c514f48b06a','PLANT1','Net Weight (g)','net_weight_g',NULL,'Y','Y','N','Y',NULL,NULL,'DECIMAL','FREE FORM',NULL,'PRODUCT',NULL,14,1,NULL,1,'2010-01-01 00:00:00','LIQUIBASE',1,'2010-01-01 00:00:00',NULL),(1363,NULL,0,'4e3cbfb6-51cb-11ea-9640-479b33305416','1e43a152-f84f-4022-a2c6-0c66c86e9e70',NULL,'7e362cd7-ec92-11e5-a7c5-6c0b843dcc4d','TOPICAL1','Net Weight (g)','net_weight_g',NULL,'Y','Y','N','Y',NULL,NULL,'DECIMAL','FREE FORM',NULL,'PRODUCT',NULL,14,1,NULL,1,'2010-01-01 00:00:00','LIQUIBASE',1,'2010-01-01 00:00:00',NULL),(1436,NULL,0,'0ad173a2-e6b3-4618-b562-675c489807b7','1e43a152-f84f-4022-a2c6-0c66c86e9e70',NULL,'7e31e311-da84-11e5-bc38-5c514f48b06a','EDIBLE1','Gross Weight (g)','gross_weight_g',NULL,'Y','Y','N','Y',NULL,NULL,'DECIMAL','FREE FORM',NULL,'PRODUCT',NULL,13,NULL,NULL,1,'2010-01-01 00:00:00','LIQUIBASE',1,'2010-01-01 00:00:00',NULL),(1437,NULL,0,'11a74e66-106f-41b3-b749-45d5ae63a963','1e43a152-f84f-4022-a2c6-0c66c86e9e70',NULL,'7e37edd2-da84-11e5-bc38-5c514f48b06a','NONCANNABIS1','Strain Name','strain_name',NULL,'Y','Y','N','Y',NULL,NULL,'ALPHANUMERIC','FREE FORM',NULL,'PRODUCT',NULL,2,NULL,NULL,1,'2019-06-11 20:48:16','LIQUIBASE',1,'2019-06-11 20:48:16',NULL),(1438,NULL,0,'1e43a152-f84f-4022-a2c6-0c66c86e9e70','1e43a152-f84f-4022-a2c6-0c66c86e9e70',NULL,'7e31e311-da84-11e5-bc38-5c514f48b06a','EDIBLE1','Net Weight (g)','net_weight_g',NULL,'Y','Y','N','Y',NULL,NULL,'DECIMAL','FREE FORM',NULL,'PRODUCT',NULL,14,1,NULL,1,'2010-01-01 00:00:00','LIQUIBASE',1,'2010-01-01 00:00:00',NULL),(1439,NULL,0,'218c028c-b33c-44c6-a0a8-5ce22248ae1d','1e43a152-f84f-4022-a2c6-0c66c86e9e70',NULL,'4028E43964FBA33F0164FBACE6C10009','PILLS1','Total Flower Weight (g)','total_flower_weight_g',NULL,'Y','Y','N','Y',NULL,NULL,'DECIMAL','FREE FORM',NULL,'PRODUCT',NULL,11,NULL,NULL,1,'2010-01-01 00:00:00','LIQUIBASE',1,'2010-01-01 00:00:00',NULL),(1440,NULL,0,'218c028c-b33c-44c6-a0a8-5ce22248ae1e','1e43a152-f84f-4022-a2c6-0c66c86e9e70',NULL,'7c5b3ad1-82ab-11e6-a87c-0862661081dd','CART1','Total Flower Weight (g)','total_flower_weight_g',NULL,'Y','Y','N','Y',NULL,NULL,'DECIMAL','FREE FORM',NULL,'PRODUCT',NULL,11,NULL,NULL,1,'2010-01-01 00:00:00','LIQUIBASE',1,'2010-01-01 00:00:00',NULL),(1441,NULL,0,'22fe1110-560f-46cd-b67a-a8757c280b02','1e43a152-f84f-4022-a2c6-0c66c86e9e70',NULL,'7e362cd7-ec92-11e5-a7c5-6c0b843dcc4d','TOPICAL1','Strain Name','strain_name',NULL,'Y','Y','N','Y',NULL,NULL,'ALPHANUMERIC','FREE FORM',NULL,'PRODUCT',NULL,2,NULL,NULL,1,'2019-06-11 20:48:16','LIQUIBASE',1,'2019-06-11 20:48:16',NULL),(1442,NULL,0,'2412914e-b826-44b2-892d-97a960001871','1e43a152-f84f-4022-a2c6-0c66c86e9e70',NULL,'7e2ee239-da84-11e5-bc38-5c514f48b06a','EXTRACT1','Strain Name','strain_name',NULL,'Y','Y','N','Y',NULL,NULL,'ALPHANUMERIC','FREE FORM',NULL,'PRODUCT',NULL,2,NULL,NULL,1,'2019-06-11 20:48:16','LIQUIBASE',1,'2019-06-11 20:48:16',NULL),(1443,NULL,0,'2be2f799-6bc5-480e-b541-ef8667c4dc27','1e43a152-f84f-4022-a2c6-0c66c86e9e70',NULL,'7c5b8eb8-82ab-11e6-a87c-0862661081dd','PRE-ROLL1','Total Flower Weight (g)','total_flower_weight_g',NULL,'Y','Y','N','Y',NULL,NULL,'DECIMAL','FREE FORM',NULL,'PRODUCT',NULL,11,NULL,NULL,1,'2010-01-01 00:00:00','LIQUIBASE',1,'2010-01-01 00:00:00',NULL),(1444,NULL,0,'2be2f799-6bc5-480e-b541-ef8667c4dc28','1e43a152-f84f-4022-a2c6-0c66c86e9e70',NULL,'0986c2be-f816-11e8-9aaf-2621339c7881','BEV1','Total Flower Weight (g)','total_flower_weight_g',NULL,'Y','Y','N','Y',NULL,NULL,'DECIMAL','FREE FORM',NULL,'PRODUCT',NULL,11,NULL,NULL,1,'2010-01-01 00:00:00','LIQUIBASE',1,'2010-01-01 00:00:00',NULL),(1445,NULL,0,'4dfa1896-51cb-11ea-9640-479b33305416','1e43a152-f84f-4022-a2c6-0c66c86e9e70',NULL,'7e31e311-da84-11e5-bc38-5c514f48b06a','EDIBLE1','Amount','amount',NULL,'Y','N','N','Y',NULL,NULL,'DECIMAL','FREE FORM',NULL,'PRODUCT',NULL,6,NULL,NULL,1,'2010-01-01 00:00:00','LIQUIBASE',1,'2010-01-01 00:00:00',NULL),(1446,NULL,0,'4dfc72ee-51cb-11ea-9640-479b33305416','1e43a152-f84f-4022-a2c6-0c66c86e9e70',NULL,'7e34f465-da84-11e5-bc38-5c514f48b06a','PLANT1','Amount','amount',NULL,'Y','N','N','Y',NULL,NULL,'DECIMAL','FREE FORM',NULL,'PRODUCT',NULL,6,NULL,NULL,1,'2010-01-01 00:00:00','LIQUIBASE',1,'2010-01-01 00:00:00',NULL),(1447,NULL,0,'6921cbce-6dc8-4425-a98d-c917ba69a4e8','1e43a152-f84f-4022-a2c6-0c66c86e9e70',NULL,'7e362cd7-ec92-11e5-a7c5-6c0b843dcc4d','TOPICAL1','Total Flower Weight (g)','total_flower_weight_g',NULL,'Y','Y','N','Y',NULL,NULL,'DECIMAL','FREE FORM',NULL,'PRODUCT',NULL,11,NULL,NULL,1,'2010-01-01 00:00:00','LIQUIBASE',1,'2010-01-01 00:00:00',NULL),(1448,NULL,0,'7749e7c9-ed58-47c2-8588-48dd9ce99447','1e43a152-f84f-4022-a2c6-0c66c86e9e70',NULL,'7c5b706f-82ab-11e6-a87c-0862661081dd','MISC1','Total Flower Weight (g)','total_flower_weight_g',NULL,'Y','Y','N','Y',NULL,NULL,'DECIMAL','FREE FORM',NULL,'PRODUCT',NULL,11,NULL,NULL,1,'2010-01-01 00:00:00','LIQUIBASE',1,'2010-01-01 00:00:00',NULL),(1449,NULL,0,'7749e7c9-ed58-47c2-8588-48dd9ce99448','1e43a152-f84f-4022-a2c6-0c66c86e9e70',NULL,'7e31e311-da84-11e5-bc38-5c514f48b06a','EDIBLE1','Total Flower Weight (g)','total_flower_weight_g',NULL,'Y','Y','N','Y',NULL,NULL,'DECIMAL','FREE FORM',NULL,'PRODUCT',NULL,10,NULL,NULL,1,'2010-01-01 00:00:00','LIQUIBASE',1,'2010-01-01 00:00:00',NULL),(1450,NULL,0,'7749e7c9-ed58-47c2-8588-48dd9ce99449','1e43a152-f84f-4022-a2c6-0c66c86e9e70',NULL,'7e2ee239-da84-11e5-bc38-5c514f48b06a','EXTRACT1','Total Flower Weight (g)','total_flower_weight_g',NULL,'Y','Y','N','Y',NULL,NULL,'DECIMAL','FREE FORM',NULL,'PRODUCT',NULL,11,NULL,NULL,1,'2010-01-01 00:00:00','LIQUIBASE',1,'2010-01-01 00:00:00',NULL),(1451,NULL,0,'780de812-0831-4764-aa97-100385f0d305','1e43a152-f84f-4022-a2c6-0c66c86e9e70',NULL,'4028E43964FBA33F0164FBAE39A9000D','TINTURES1','Total Flower Weight (g)','total_flower_weight_g',NULL,'Y','Y','N','Y',NULL,NULL,'DECIMAL','FREE FORM',NULL,'PRODUCT',NULL,11,NULL,NULL,1,'2010-01-01 00:00:00','LIQUIBASE',1,'2010-01-01 00:00:00',NULL),(1452,NULL,0,'83d37af8-a209-4288-8023-08fbfbfaabb3','1e43a152-f84f-4022-a2c6-0c66c86e9e70',NULL,'7e34f465-da84-11e5-bc38-5c514f48b06a','PLANT1','Strain Name','strain_name',NULL,'Y','Y','N','Y',NULL,NULL,'ALPHANUMERIC','FREE FORM',NULL,'PRODUCT',NULL,2,NULL,NULL,1,'2019-06-11 20:48:16','LIQUIBASE',1,'2019-06-11 20:48:16',NULL),(1453,NULL,0,'a3cbdab4-0377-4a78-b94d-aec5a5b69c7d','1e43a152-f84f-4022-a2c6-0c66c86e9e70',NULL,'7e31e311-da84-11e5-bc38-5c514f48b06a','EDIBLE1','Strain Name','strain_name',NULL,'Y','Y','N','Y',NULL,NULL,'ALPHANUMERIC','FREE FORM',NULL,'PRODUCT',NULL,2,NULL,NULL,1,'2019-06-11 20:48:16','LIQUIBASE',1,'2019-06-11 20:48:16',NULL),(1454,NULL,0,'c18dae1a-faed-4356-a23e-5bc8aac2d823','1e43a152-f84f-4022-a2c6-0c66c86e9e70',NULL,'4028E43964FBA33F0164FBACE6C10009','PILLS1','Strain Name','strain_name',NULL,'Y','Y','N','Y',NULL,NULL,'ALPHANUMERIC','FREE FORM',NULL,'PRODUCT',NULL,2,NULL,NULL,1,'2019-06-11 20:48:16','LIQUIBASE',1,'2019-06-11 20:48:16',NULL),(1455,NULL,0,'c18dae1a-faed-4356-a23e-5bc8aac2d824','1e43a152-f84f-4022-a2c6-0c66c86e9e70',NULL,'7c5b3ad1-82ab-11e6-a87c-0862661081dd','CART1','Strain Name','strain_name',NULL,'Y','Y','N','Y',NULL,NULL,'ALPHANUMERIC','FREE FORM',NULL,'PRODUCT',NULL,2,NULL,NULL,1,'2019-06-11 20:48:16','LIQUIBASE',1,'2019-06-11 20:48:16',NULL),(1456,NULL,0,'e0ef730b-fa3b-4b15-b438-6e7ad9e818de','1e43a152-f84f-4022-a2c6-0c66c86e9e70',NULL,'4028E43964FBA33F0164FBAE39A9000D','TINTURES1','Strain Name','strain_name',NULL,'Y','Y','N','Y',NULL,NULL,'ALPHANUMERIC','FREE FORM',NULL,'PRODUCT',NULL,2,NULL,NULL,1,'2019-06-11 20:48:16','LIQUIBASE',1,'2019-06-11 20:48:16',NULL),(1457,NULL,0,'e994be6d-006e-4d53-afaa-4ea55e04ecaa','1e43a152-f84f-4022-a2c6-0c66c86e9e70',NULL,'7e2b2130-da84-11e5-bc38-5c514f48b06a','FLOWER1','Strain Name','strain_name',NULL,'Y','Y','N','Y',NULL,NULL,'ALPHANUMERIC','FREE FORM',NULL,'PRODUCT',NULL,2,NULL,NULL,1,'2019-06-11 20:48:16','LIQUIBASE',1,'2019-06-11 20:48:16',NULL),(1458,NULL,0,'f5c45de5-32dd-45c6-817f-d9ec353d0ca4','1e43a152-f84f-4022-a2c6-0c66c86e9e70',NULL,'7c5b8eb8-82ab-11e6-a87c-0862661081dd','PRE-ROLL1','Strain Name','strain_name',NULL,'Y','Y','N','Y',NULL,NULL,'ALPHANUMERIC','FREE FORM',NULL,'PRODUCT',NULL,2,NULL,NULL,1,'2019-06-11 20:48:16','LIQUIBASE',1,'2019-06-11 20:48:16',NULL),(1460,NULL,0,'5ea069a2-51cb-11ea-9640-479b33305416','1e43a152-f84f-4022-a2c6-0c66c86e9e70',NULL,'7c5b3ad1-82ab-11e6-a87c-0862661081dd','CART1','Inherit from Inventory','inherit_lab_data',NULL,'Y','Y','N','Y','1',NULL,'ALPHANUMERIC','TOGGLE',NULL,'PRODUCT',NULL,NULL,NULL,NULL,1,'2020-02-17 13:20:49','LIQUIBASE',1,'2020-02-17 13:20:49',NULL),(1461,NULL,0,'5ea07fb4-51cb-11ea-9640-479b33305416','1e43a152-f84f-4022-a2c6-0c66c86e9e70',NULL,'7c5b8eb8-82ab-11e6-a87c-0862661081dd','PRE-ROLL1','Inherit from Inventory','inherit_lab_data',NULL,'Y','Y','N','Y','1',NULL,'ALPHANUMERIC','TOGGLE',NULL,'PRODUCT',NULL,NULL,NULL,NULL,1,'2020-02-17 13:20:49','LIQUIBASE',1,'2020-02-17 13:20:49',NULL),(1462,NULL,0,'5ea08b12-51cb-11ea-9640-479b33305416','1e43a152-f84f-4022-a2c6-0c66c86e9e70',NULL,'7e2b2130-da84-11e5-bc38-5c514f48b06a','FLOWER1','Inherit from Inventory','inherit_lab_data',NULL,'Y','Y','N','Y','1',NULL,'ALPHANUMERIC','TOGGLE',NULL,'PRODUCT',NULL,NULL,NULL,NULL,1,'2020-02-17 13:20:49','LIQUIBASE',1,'2020-02-17 13:20:49',NULL),(1463,NULL,0,'5ea09224-51cb-11ea-9640-479b33305416','1e43a152-f84f-4022-a2c6-0c66c86e9e70',NULL,'7e2ee239-da84-11e5-bc38-5c514f48b06a','EXTRACT1','Inherit from Inventory','inherit_lab_data',NULL,'Y','Y','N','Y','1',NULL,'ALPHANUMERIC','TOGGLE',NULL,'PRODUCT',NULL,NULL,NULL,NULL,1,'2020-02-17 13:20:49','LIQUIBASE',1,'2020-02-17 13:20:49',NULL),(1465,NULL,0,'5ea302ac-51cb-11ea-9640-479b33305416','1e43a152-f84f-4022-a2c6-0c66c86e9e70',NULL,'0986c2be-f816-11e8-9aaf-2621339c7881','BEV1','Inherit from Inventory','inherit_lab_data',NULL,'Y','Y','N','Y','0',NULL,'ALPHANUMERIC','TOGGLE',NULL,'PRODUCT',NULL,NULL,NULL,NULL,1,'2020-02-17 13:20:49','LIQUIBASE',1,'2020-02-17 13:20:49',NULL),(1466,NULL,0,'5ea30554-51cb-11ea-9640-479b33305416','1e43a152-f84f-4022-a2c6-0c66c86e9e70',NULL,'4028E43964FBA33F0164FBACE6C10009','PILLS1','Inherit from Inventory','inherit_lab_data',NULL,'Y','Y','N','Y','0',NULL,'ALPHANUMERIC','TOGGLE',NULL,'PRODUCT',NULL,NULL,NULL,NULL,1,'2020-02-17 13:20:49','LIQUIBASE',1,'2020-02-17 13:20:49',NULL),(1467,NULL,0,'5ea30644-51cb-11ea-9640-479b33305416','1e43a152-f84f-4022-a2c6-0c66c86e9e70',NULL,'4028E43964FBA33F0164FBADCDB8000B','CBDNONCAN1','Inherit from Inventory','inherit_lab_data',NULL,'Y','Y','N','Y','0',NULL,'ALPHANUMERIC','TOGGLE',NULL,'PRODUCT',NULL,NULL,NULL,NULL,1,'2020-02-17 13:20:49','LIQUIBASE',1,'2020-02-17 13:20:49',NULL),(1468,NULL,0,'5ea30716-51cb-11ea-9640-479b33305416','1e43a152-f84f-4022-a2c6-0c66c86e9e70',NULL,'4028E43964FBA33F0164FBAE39A9000D','TINTURES1','Inherit from Inventory','inherit_lab_data',NULL,'Y','Y','N','Y','0',NULL,'ALPHANUMERIC','TOGGLE',NULL,'PRODUCT',NULL,NULL,NULL,NULL,1,'2020-02-17 13:20:49','LIQUIBASE',1,'2020-02-17 13:20:49',NULL),(1469,NULL,0,'5ea307e8-51cb-11ea-9640-479b33305416','1e43a152-f84f-4022-a2c6-0c66c86e9e70',NULL,'7c5b706f-82ab-11e6-a87c-0862661081dd','MISC1','Inherit from Inventory','inherit_lab_data',NULL,'Y','Y','N','Y','0',NULL,'ALPHANUMERIC','TOGGLE',NULL,'PRODUCT',NULL,NULL,NULL,NULL,1,'2020-02-17 13:20:49','LIQUIBASE',1,'2020-02-17 13:20:49',NULL),(1470,NULL,0,'5ea308c4-51cb-11ea-9640-479b33305416','1e43a152-f84f-4022-a2c6-0c66c86e9e70',NULL,'7e31e311-da84-11e5-bc38-5c514f48b06a','EDIBLE1','Inherit from Inventory','inherit_lab_data',NULL,'Y','Y','N','Y','0',NULL,'ALPHANUMERIC','TOGGLE',NULL,'PRODUCT',NULL,NULL,NULL,NULL,1,'2020-02-17 13:20:49','LIQUIBASE',1,'2020-02-17 13:20:49',NULL),(1471,NULL,0,'5ea3098c-51cb-11ea-9640-479b33305416','1e43a152-f84f-4022-a2c6-0c66c86e9e70',NULL,'7e34f465-da84-11e5-bc38-5c514f48b06a','PLANT1','Inherit from Inventory','inherit_lab_data',NULL,'Y','Y','N','Y','0',NULL,'ALPHANUMERIC','TOGGLE',NULL,'PRODUCT',NULL,NULL,NULL,NULL,1,'2020-02-17 13:20:49','LIQUIBASE',1,'2020-02-17 13:20:49',NULL),(1472,NULL,0,'5ea30a5e-51cb-11ea-9640-479b33305416','1e43a152-f84f-4022-a2c6-0c66c86e9e70',NULL,'7e362cd7-ec92-11e5-a7c5-6c0b843dcc4d','TOPICAL1','Inherit from Inventory','inherit_lab_data',NULL,'Y','Y','N','Y','0',NULL,'ALPHANUMERIC','TOGGLE',NULL,'PRODUCT',NULL,NULL,NULL,NULL,1,'2020-02-17 13:20:49','LIQUIBASE',1,'2020-02-17 13:20:49',NULL),(1473,NULL,0,'5ea30b26-51cb-11ea-9640-479b33305416','1e43a152-f84f-4022-a2c6-0c66c86e9e70',NULL,'7e37edd2-da84-11e5-bc38-5c514f48b06a','NONCANNABIS1','Inherit from Inventory','inherit_lab_data',NULL,'Y','Y','N','Y','0',NULL,'ALPHANUMERIC','TOGGLE',NULL,'PRODUCT',NULL,NULL,NULL,NULL,1,'2020-02-17 13:20:49','LIQUIBASE',1,'2020-02-17 13:20:49',NULL),(1474,NULL,0,'5ea30bee-51cb-11ea-9640-479b33305416','1e43a152-f84f-4022-a2c6-0c66c86e9e70',NULL,'8461ed42-c68f-11e8-b53e-42ecda81f548','NONINV1','Inherit from Inventory','inherit_lab_data',NULL,'Y','Y','N','Y','0',NULL,'ALPHANUMERIC','TOGGLE',NULL,'PRODUCT',NULL,NULL,NULL,NULL,1,'2020-02-17 13:20:49','LIQUIBASE',1,'2020-02-17 13:20:49',NULL),(1475,NULL,0,'5eab85d0-51cb-11ea-9640-479b33305416','1e43a152-f84f-4022-a2c6-0c66c86e9e70',NULL,'7c5b8eb8-82ab-11e6-a87c-0862661081dd','PRE-ROLL1','Inherit from Inventory','inherit_lab_data',NULL,'Y','Y','N','Y','0',NULL,'ALPHANUMERIC','TOGGLE',NULL,'PRODUCT',NULL,NULL,NULL,1,1,'2020-02-17 13:20:49','LIQUIBASE',1,'2020-02-17 13:20:49',NULL);
/*!40000 ALTER TABLE `tz_product_metadata_aud` ENABLE KEYS */;
UNLOCK TABLES;

--
-- Table structure for table `tz_product_threshold`
--

DROP TABLE IF EXISTS `tz_product_threshold`;
/*!40101 SET @saved_cs_client     = @@character_set_client */;
/*!40101 SET character_set_client = utf8 */;
CREATE TABLE `tz_product_threshold` (
  `id` varchar(45) NOT NULL,
  `tenant_id` varchar(45) NOT NULL,
  `product_id` varchar(45) NOT NULL,
  `val` decimal(16,0) NOT NULL,
  `name` varchar(45) NOT NULL,
  `prev_id` varchar(45) DEFAULT NULL,
  `start_date` datetime NOT NULL,
  `end_date` datetime DEFAULT NULL,
  `current_flag` tinyint(4) NOT NULL DEFAULT '1',
  `active` tinyint(4) NOT NULL DEFAULT '1',
  `version` int(11) NOT NULL,
  `last_user_id` varchar(45) NOT NULL,
  PRIMARY KEY (`id`),
  KEY `tz_product_threshold_location__idx` (`tenant_id`),
  KEY `tz_product_id_threshold_location__idx` (`product_id`),
  KEY `ref_id` (`tenant_id`,`current_flag`),
  KEY `threshold_product` (`product_id`,`tenant_id`,`current_flag`),
  CONSTRAINT `tz_product_threshold_product_reference` FOREIGN KEY (`product_id`) REFERENCES `tz_product` (`id`) ON DELETE NO ACTION ON UPDATE NO ACTION,
  CONSTRAINT `tz_product_threshold_tenant_reference` FOREIGN KEY (`tenant_id`) REFERENCES `tz_tenant` (`id`) ON DELETE NO ACTION ON UPDATE NO ACTION
) ENGINE=InnoDB DEFAULT CHARSET=utf8 COMMENT='Threshold based Product';
/*!40101 SET character_set_client = @saved_cs_client */;

--
-- Dumping data for table `tz_product_threshold`
--

LOCK TABLES `tz_product_threshold` WRITE;
/*!40000 ALTER TABLE `tz_product_threshold` DISABLE KEYS */;
/*!40000 ALTER TABLE `tz_product_threshold` ENABLE KEYS */;
UNLOCK TABLES;

--
-- Table structure for table `tz_product_threshold_aud`
--

DROP TABLE IF EXISTS `tz_product_threshold_aud`;
/*!40101 SET @saved_cs_client     = @@character_set_client */;
/*!40101 SET character_set_client = utf8 */;
CREATE TABLE `tz_product_threshold_aud` (
  `rev` int(11) NOT NULL DEFAULT '0',
  `revend` int(11) DEFAULT NULL,
  `revtype` smallint(6) DEFAULT NULL,
  `id` varchar(45) NOT NULL,
  `tenant_id` varchar(45) NOT NULL,
  `product_id` varchar(45) NOT NULL,
  `val` decimal(16,0) NOT NULL,
  `name` varchar(45) NOT NULL,
  `prev_id` varchar(45) DEFAULT NULL,
  `start_date` datetime NOT NULL,
  `end_date` datetime DEFAULT NULL,
  `current_flag` tinyint(4) NOT NULL DEFAULT '1',
  `active` tinyint(4) NOT NULL DEFAULT '1',
  `version` int(11) DEFAULT NULL,
  `last_user_id` varchar(45) NOT NULL,
  PRIMARY KEY (`rev`,`id`),
  KEY `product_threshold_aud_product_threshold_idx` (`id`),
  KEY `product_threshold_aud_tenant_idx` (`tenant_id`),
  KEY `product_threshold_aud_product_idx` (`product_id`)
) ENGINE=InnoDB DEFAULT CHARSET=utf8;
/*!40101 SET character_set_client = @saved_cs_client */;

--
-- Dumping data for table `tz_product_threshold_aud`
--

LOCK TABLES `tz_product_threshold_aud` WRITE;
/*!40000 ALTER TABLE `tz_product_threshold_aud` DISABLE KEYS */;
/*!40000 ALTER TABLE `tz_product_threshold_aud` ENABLE KEYS */;
UNLOCK TABLES;

--
-- Table structure for table `tz_product_tier`
--

DROP TABLE IF EXISTS `tz_product_tier`;
/*!40101 SET @saved_cs_client     = @@character_set_client */;
/*!40101 SET character_set_client = utf8 */;
CREATE TABLE `tz_product_tier` (
  `id` varchar(45) NOT NULL,
  `tenant_id` varchar(45) NOT NULL,
  `prev_id` varchar(45) DEFAULT NULL,
  `product_id` varchar(45) NOT NULL,
  `tier_id` varchar(45) DEFAULT NULL,
  `pricing_type` varchar(45) NOT NULL,
  `scheme_type` varchar(45) DEFAULT NULL,
  `pricing_group_id` varchar(45) DEFAULT NULL,
  `version` int(11) NOT NULL,
  `original_start_date` datetime NOT NULL,
  `last_user_id` varchar(45) NOT NULL,
  `current_flag` tinyint(1) NOT NULL,
  `start_date` datetime NOT NULL,
  `end_date` datetime DEFAULT NULL,
  PRIMARY KEY (`id`),
  KEY `product_tier_tier_idx` (`tier_id`),
  KEY `product_tier_location_idx` (`tenant_id`),
  KEY `product_tier_product` (`product_id`),
  KEY `ref_id` (`tenant_id`,`current_flag`),
  KEY `tier_product` (`product_id`,`tenant_id`,`current_flag`),
  KEY `tier_price` (`tier_id`,`pricing_type`,`tenant_id`,`current_flag`),
  CONSTRAINT `product_tier_product` FOREIGN KEY (`product_id`) REFERENCES `tz_product` (`id`) ON DELETE NO ACTION ON UPDATE NO ACTION,
  CONSTRAINT `product_tier_tier` FOREIGN KEY (`tier_id`) REFERENCES `tz_price_tier` (`id`) ON DELETE NO ACTION ON UPDATE NO ACTION,
  CONSTRAINT `tz_product_tier_tenant_reference` FOREIGN KEY (`tenant_id`) REFERENCES `tz_tenant` (`id`) ON DELETE NO ACTION ON UPDATE NO ACTION
) ENGINE=InnoDB DEFAULT CHARSET=utf8;
/*!40101 SET character_set_client = @saved_cs_client */;

--
-- Dumping data for table `tz_product_tier`
--

LOCK TABLES `tz_product_tier` WRITE;
/*!40000 ALTER TABLE `tz_product_tier` DISABLE KEYS */;
INSERT INTO `tz_product_tier` VALUES ('476fb170-51cb-11ea-9640-479b33305416','1e43a152-f84f-4022-a2c6-0c66c86e9e70',NULL,'7b71e939-0621-11e8-b4e9-02429027d658','3b31bd90-dea6-11e7-940e-02429027d658','TIER',NULL,NULL,1,'2000-01-01 00:00:00','LIQUIBASE',1,'2000-01-01 00:00:00',NULL),('476fb35a-51cb-11ea-9640-479b33305416','1e43a152-f84f-4022-a2c6-0c66c86e9e70',NULL,'7ba12daf-0621-11e8-b4e9-02429027d658','3b31bd90-dea6-11e7-940e-02429027d658','TIER',NULL,NULL,1,'2000-01-01 00:00:00','LIQUIBASE',1,'2000-01-01 00:00:00',NULL),('476fb594-51cb-11ea-9640-479b33305416','1e43a152-f84f-4022-a2c6-0c66c86e9e70',NULL,'65629d9e-0621-11e8-b4e9-02429027d658','3b31346f-dea6-11e7-940e-02429027d658','TIER',NULL,NULL,1,'2000-01-01 00:00:00','LIQUIBASE',1,'2000-01-01 00:00:00',NULL),('476fb6b6-51cb-11ea-9640-479b33305416','1e43a152-f84f-4022-a2c6-0c66c86e9e70',NULL,'7b8f0729-0621-11e8-b4e9-02429027d658','3b31bd90-dea6-11e7-940e-02429027d658','TIER',NULL,NULL,1,'2000-01-01 00:00:00','LIQUIBASE',1,'2000-01-01 00:00:00',NULL),('476fb83c-51cb-11ea-9640-479b33305416','1e43a152-f84f-4022-a2c6-0c66c86e9e70',NULL,'7b76be1f-0621-11e8-b4e9-02429027d658','3b31bd90-dea6-11e7-940e-02429027d658','TIER',NULL,NULL,1,'2000-01-01 00:00:00','LIQUIBASE',1,'2000-01-01 00:00:00',NULL),('476fb97c-51cb-11ea-9640-479b33305416','1e43a152-f84f-4022-a2c6-0c66c86e9e70',NULL,'7b80bca1-0621-11e8-b4e9-02429027d658','3b31bd90-dea6-11e7-940e-02429027d658','TIER',NULL,NULL,1,'2000-01-01 00:00:00','LIQUIBASE',1,'2000-01-01 00:00:00',NULL),('476fbada-51cb-11ea-9640-479b33305416','1e43a152-f84f-4022-a2c6-0c66c86e9e70',NULL,'654e9171-0621-11e8-b4e9-02429027d658','3b31346f-dea6-11e7-940e-02429027d658','TIER',NULL,NULL,1,'2000-01-01 00:00:00','LIQUIBASE',1,'2000-01-01 00:00:00',NULL),('476fbc42-51cb-11ea-9640-479b33305416','1e43a152-f84f-4022-a2c6-0c66c86e9e70',NULL,'65539712-0621-11e8-b4e9-02429027d658','3b31346f-dea6-11e7-940e-02429027d658','TIER',NULL,NULL,1,'2000-01-01 00:00:00','LIQUIBASE',1,'2000-01-01 00:00:00',NULL),('476fbdaa-51cb-11ea-9640-479b33305416','1e43a152-f84f-4022-a2c6-0c66c86e9e70',NULL,'6544372d-0621-11e8-b4e9-02429027d658','3b31346f-dea6-11e7-940e-02429027d658','TIER',NULL,NULL,1,'2000-01-01 00:00:00','LIQUIBASE',1,'2000-01-01 00:00:00',NULL),('476fbecc-51cb-11ea-9640-479b33305416','1e43a152-f84f-4022-a2c6-0c66c86e9e70',NULL,'7b7bbca8-0621-11e8-b4e9-02429027d658','3b31bd90-dea6-11e7-940e-02429027d658','TIER',NULL,NULL,1,'2000-01-01 00:00:00','LIQUIBASE',1,'2000-01-01 00:00:00',NULL),('476fbff8-51cb-11ea-9640-479b33305416','1e43a152-f84f-4022-a2c6-0c66c86e9e70',NULL,'7b6c346c-0621-11e8-b4e9-02429027d658','3b31bd90-dea6-11e7-940e-02429027d658','TIER',NULL,NULL,1,'2000-01-01 00:00:00','LIQUIBASE',1,'2000-01-01 00:00:00',NULL),('476fc200-51cb-11ea-9640-479b33305416','1e43a152-f84f-4022-a2c6-0c66c86e9e70',NULL,'655d9edd-0621-11e8-b4e9-02429027d658','3b31346f-dea6-11e7-940e-02429027d658','TIER',NULL,NULL,1,'2000-01-01 00:00:00','LIQUIBASE',1,'2000-01-01 00:00:00',NULL),('476fc3ea-51cb-11ea-9640-479b33305416','1e43a152-f84f-4022-a2c6-0c66c86e9e70',NULL,'7b9406c0-0621-11e8-b4e9-02429027d658','3b31bd90-dea6-11e7-940e-02429027d658','TIER',NULL,NULL,1,'2000-01-01 00:00:00','LIQUIBASE',1,'2000-01-01 00:00:00',NULL),('476fc4ee-51cb-11ea-9640-479b33305416','1e43a152-f84f-4022-a2c6-0c66c86e9e70',NULL,'6571dfad-0621-11e8-b4e9-02429027d658','3b31346f-dea6-11e7-940e-02429027d658','TIER',NULL,NULL,1,'2000-01-01 00:00:00','LIQUIBASE',1,'2000-01-01 00:00:00',NULL),('476fc5de-51cb-11ea-9640-479b33305416','1e43a152-f84f-4022-a2c6-0c66c86e9e70',NULL,'6567be28-0621-11e8-b4e9-02429027d658','3b31346f-dea6-11e7-940e-02429027d658','TIER',NULL,NULL,1,'2000-01-01 00:00:00','LIQUIBASE',1,'2000-01-01 00:00:00',NULL),('476fc796-51cb-11ea-9640-479b33305416','1e43a152-f84f-4022-a2c6-0c66c86e9e70',NULL,'653e9730-0621-11e8-b4e9-02429027d658','3b31346f-dea6-11e7-940e-02429027d658','TIER',NULL,NULL,1,'2000-01-01 00:00:00','LIQUIBASE',1,'2000-01-01 00:00:00',NULL),('476fc8e0-51cb-11ea-9640-479b33305416','1e43a152-f84f-4022-a2c6-0c66c86e9e70',NULL,'65584695-0621-11e8-b4e9-02429027d658','3b31346f-dea6-11e7-940e-02429027d658','TIER',NULL,NULL,1,'2000-01-01 00:00:00','LIQUIBASE',1,'2000-01-01 00:00:00',NULL),('476fc9d0-51cb-11ea-9640-479b33305416','1e43a152-f84f-4022-a2c6-0c66c86e9e70',NULL,'6549952e-0621-11e8-b4e9-02429027d658','3b31346f-dea6-11e7-940e-02429027d658','TIER',NULL,NULL,1,'2000-01-01 00:00:00','LIQUIBASE',1,'2000-01-01 00:00:00',NULL),('476fcac0-51cb-11ea-9640-479b33305416','1e43a152-f84f-4022-a2c6-0c66c86e9e70',NULL,'7b858e91-0621-11e8-b4e9-02429027d658','3b31bd90-dea6-11e7-940e-02429027d658','TIER',NULL,NULL,1,'2000-01-01 00:00:00','LIQUIBASE',1,'2000-01-01 00:00:00',NULL),('476fcbce-51cb-11ea-9640-479b33305416','1e43a152-f84f-4022-a2c6-0c66c86e9e70',NULL,'7b8a5289-0621-11e8-b4e9-02429027d658','3b31bd90-dea6-11e7-940e-02429027d658','TIER',NULL,NULL,1,'2000-01-01 00:00:00','LIQUIBASE',1,'2000-01-01 00:00:00',NULL);
/*!40000 ALTER TABLE `tz_product_tier` ENABLE KEYS */;
UNLOCK TABLES;

--
-- Table structure for table `tz_product_tier_aud`
--

DROP TABLE IF EXISTS `tz_product_tier_aud`;
/*!40101 SET @saved_cs_client     = @@character_set_client */;
/*!40101 SET character_set_client = utf8 */;
CREATE TABLE `tz_product_tier_aud` (
  `rev` int(11) NOT NULL DEFAULT '0',
  `revend` int(11) DEFAULT NULL,
  `revtype` smallint(6) DEFAULT NULL,
  `id` varchar(45) NOT NULL,
  `tenant_id` varchar(45) NOT NULL,
  `prev_id` varchar(45) DEFAULT NULL,
  `product_id` varchar(45) NOT NULL,
  `tier_id` varchar(45) DEFAULT NULL,
  `pricing_type` varchar(45) NOT NULL,
  `scheme_type` varchar(45) DEFAULT NULL,
  `pricing_group_id` varchar(45) DEFAULT NULL,
  `version` int(11) DEFAULT NULL,
  `original_start_date` datetime NOT NULL,
  `last_user_id` varchar(45) NOT NULL,
  `current_flag` tinyint(1) NOT NULL,
  `start_date` datetime NOT NULL,
  `end_date` datetime DEFAULT NULL,
  PRIMARY KEY (`rev`,`id`),
  KEY `product_tier_aud_product_tier_idx` (`id`),
  KEY `product_tier_aud_product_idx` (`product_id`),
  KEY `product_tier_aud_tier_idx` (`tier_id`),
  KEY `product_tier_aud_tenant_idx` (`tenant_id`)
) ENGINE=InnoDB DEFAULT CHARSET=utf8;
/*!40101 SET character_set_client = @saved_cs_client */;

--
-- Dumping data for table `tz_product_tier_aud`
--

LOCK TABLES `tz_product_tier_aud` WRITE;
/*!40000 ALTER TABLE `tz_product_tier_aud` DISABLE KEYS */;
INSERT INTO `tz_product_tier_aud` VALUES (970,NULL,0,'476fb170-51cb-11ea-9640-479b33305416','1e43a152-f84f-4022-a2c6-0c66c86e9e70',NULL,'7b71e939-0621-11e8-b4e9-02429027d658','3b31bd90-dea6-11e7-940e-02429027d658','TIER',NULL,NULL,1,'2000-01-01 00:00:00','LIQUIBASE',1,'2000-01-01 00:00:00',NULL),(971,NULL,0,'476fb35a-51cb-11ea-9640-479b33305416','1e43a152-f84f-4022-a2c6-0c66c86e9e70',NULL,'7ba12daf-0621-11e8-b4e9-02429027d658','3b31bd90-dea6-11e7-940e-02429027d658','TIER',NULL,NULL,1,'2000-01-01 00:00:00','LIQUIBASE',1,'2000-01-01 00:00:00',NULL),(972,NULL,0,'476fb594-51cb-11ea-9640-479b33305416','1e43a152-f84f-4022-a2c6-0c66c86e9e70',NULL,'65629d9e-0621-11e8-b4e9-02429027d658','3b31346f-dea6-11e7-940e-02429027d658','TIER',NULL,NULL,1,'2000-01-01 00:00:00','LIQUIBASE',1,'2000-01-01 00:00:00',NULL),(973,NULL,0,'476fb6b6-51cb-11ea-9640-479b33305416','1e43a152-f84f-4022-a2c6-0c66c86e9e70',NULL,'7b8f0729-0621-11e8-b4e9-02429027d658','3b31bd90-dea6-11e7-940e-02429027d658','TIER',NULL,NULL,1,'2000-01-01 00:00:00','LIQUIBASE',1,'2000-01-01 00:00:00',NULL),(974,NULL,0,'476fb83c-51cb-11ea-9640-479b33305416','1e43a152-f84f-4022-a2c6-0c66c86e9e70',NULL,'7b76be1f-0621-11e8-b4e9-02429027d658','3b31bd90-dea6-11e7-940e-02429027d658','TIER',NULL,NULL,1,'2000-01-01 00:00:00','LIQUIBASE',1,'2000-01-01 00:00:00',NULL),(975,NULL,0,'476fb97c-51cb-11ea-9640-479b33305416','1e43a152-f84f-4022-a2c6-0c66c86e9e70',NULL,'7b80bca1-0621-11e8-b4e9-02429027d658','3b31bd90-dea6-11e7-940e-02429027d658','TIER',NULL,NULL,1,'2000-01-01 00:00:00','LIQUIBASE',1,'2000-01-01 00:00:00',NULL),(976,NULL,0,'476fbada-51cb-11ea-9640-479b33305416','1e43a152-f84f-4022-a2c6-0c66c86e9e70',NULL,'654e9171-0621-11e8-b4e9-02429027d658','3b31346f-dea6-11e7-940e-02429027d658','TIER',NULL,NULL,1,'2000-01-01 00:00:00','LIQUIBASE',1,'2000-01-01 00:00:00',NULL),(977,NULL,0,'476fbc42-51cb-11ea-9640-479b33305416','1e43a152-f84f-4022-a2c6-0c66c86e9e70',NULL,'65539712-0621-11e8-b4e9-02429027d658','3b31346f-dea6-11e7-940e-02429027d658','TIER',NULL,NULL,1,'2000-01-01 00:00:00','LIQUIBASE',1,'2000-01-01 00:00:00',NULL),(978,NULL,0,'476fbdaa-51cb-11ea-9640-479b33305416','1e43a152-f84f-4022-a2c6-0c66c86e9e70',NULL,'6544372d-0621-11e8-b4e9-02429027d658','3b31346f-dea6-11e7-940e-02429027d658','TIER',NULL,NULL,1,'2000-01-01 00:00:00','LIQUIBASE',1,'2000-01-01 00:00:00',NULL),(979,NULL,0,'476fbecc-51cb-11ea-9640-479b33305416','1e43a152-f84f-4022-a2c6-0c66c86e9e70',NULL,'7b7bbca8-0621-11e8-b4e9-02429027d658','3b31bd90-dea6-11e7-940e-02429027d658','TIER',NULL,NULL,1,'2000-01-01 00:00:00','LIQUIBASE',1,'2000-01-01 00:00:00',NULL),(980,NULL,0,'476fbff8-51cb-11ea-9640-479b33305416','1e43a152-f84f-4022-a2c6-0c66c86e9e70',NULL,'7b6c346c-0621-11e8-b4e9-02429027d658','3b31bd90-dea6-11e7-940e-02429027d658','TIER',NULL,NULL,1,'2000-01-01 00:00:00','LIQUIBASE',1,'2000-01-01 00:00:00',NULL),(981,NULL,0,'476fc200-51cb-11ea-9640-479b33305416','1e43a152-f84f-4022-a2c6-0c66c86e9e70',NULL,'655d9edd-0621-11e8-b4e9-02429027d658','3b31346f-dea6-11e7-940e-02429027d658','TIER',NULL,NULL,1,'2000-01-01 00:00:00','LIQUIBASE',1,'2000-01-01 00:00:00',NULL),(982,NULL,0,'476fc3ea-51cb-11ea-9640-479b33305416','1e43a152-f84f-4022-a2c6-0c66c86e9e70',NULL,'7b9406c0-0621-11e8-b4e9-02429027d658','3b31bd90-dea6-11e7-940e-02429027d658','TIER',NULL,NULL,1,'2000-01-01 00:00:00','LIQUIBASE',1,'2000-01-01 00:00:00',NULL),(983,NULL,0,'476fc4ee-51cb-11ea-9640-479b33305416','1e43a152-f84f-4022-a2c6-0c66c86e9e70',NULL,'6571dfad-0621-11e8-b4e9-02429027d658','3b31346f-dea6-11e7-940e-02429027d658','TIER',NULL,NULL,1,'2000-01-01 00:00:00','LIQUIBASE',1,'2000-01-01 00:00:00',NULL),(984,NULL,0,'476fc5de-51cb-11ea-9640-479b33305416','1e43a152-f84f-4022-a2c6-0c66c86e9e70',NULL,'6567be28-0621-11e8-b4e9-02429027d658','3b31346f-dea6-11e7-940e-02429027d658','TIER',NULL,NULL,1,'2000-01-01 00:00:00','LIQUIBASE',1,'2000-01-01 00:00:00',NULL),(985,NULL,0,'476fc796-51cb-11ea-9640-479b33305416','1e43a152-f84f-4022-a2c6-0c66c86e9e70',NULL,'653e9730-0621-11e8-b4e9-02429027d658','3b31346f-dea6-11e7-940e-02429027d658','TIER',NULL,NULL,1,'2000-01-01 00:00:00','LIQUIBASE',1,'2000-01-01 00:00:00',NULL),(986,NULL,0,'476fc8e0-51cb-11ea-9640-479b33305416','1e43a152-f84f-4022-a2c6-0c66c86e9e70',NULL,'65584695-0621-11e8-b4e9-02429027d658','3b31346f-dea6-11e7-940e-02429027d658','TIER',NULL,NULL,1,'2000-01-01 00:00:00','LIQUIBASE',1,'2000-01-01 00:00:00',NULL),(987,NULL,0,'476fc9d0-51cb-11ea-9640-479b33305416','1e43a152-f84f-4022-a2c6-0c66c86e9e70',NULL,'6549952e-0621-11e8-b4e9-02429027d658','3b31346f-dea6-11e7-940e-02429027d658','TIER',NULL,NULL,1,'2000-01-01 00:00:00','LIQUIBASE',1,'2000-01-01 00:00:00',NULL),(988,NULL,0,'476fcac0-51cb-11ea-9640-479b33305416','1e43a152-f84f-4022-a2c6-0c66c86e9e70',NULL,'7b858e91-0621-11e8-b4e9-02429027d658','3b31bd90-dea6-11e7-940e-02429027d658','TIER',NULL,NULL,1,'2000-01-01 00:00:00','LIQUIBASE',1,'2000-01-01 00:00:00',NULL),(989,NULL,0,'476fcbce-51cb-11ea-9640-479b33305416','1e43a152-f84f-4022-a2c6-0c66c86e9e70',NULL,'7b8a5289-0621-11e8-b4e9-02429027d658','3b31bd90-dea6-11e7-940e-02429027d658','TIER',NULL,NULL,1,'2000-01-01 00:00:00','LIQUIBASE',1,'2000-01-01 00:00:00',NULL);
/*!40000 ALTER TABLE `tz_product_tier_aud` ENABLE KEYS */;
UNLOCK TABLES;

--
-- Table structure for table `tz_product_trace_treez_item`
--

DROP TABLE IF EXISTS `tz_product_trace_treez_item`;
/*!40101 SET @saved_cs_client     = @@character_set_client */;
/*!40101 SET character_set_client = utf8 */;
CREATE TABLE `tz_product_trace_treez_item` (
  `id` varchar(45) NOT NULL,
  `tenant_id` varchar(45) NOT NULL,
  `product_id` varchar(45) NOT NULL,
  `trace_treez_item_id` varchar(45) NOT NULL,
  `version` int(11) NOT NULL,
  `original_start_date` datetime NOT NULL,
  `current_flag` tinyint(1) NOT NULL,
  `last_user_id` varchar(45) NOT NULL,
  `start_date` datetime NOT NULL,
  `end_date` datetime DEFAULT NULL,
  PRIMARY KEY (`id`),
  KEY `product_trace_tenant_idx` (`tenant_id`),
  KEY `product_trace_product_idx` (`product_id`),
  KEY `product_trace_trace_idx` (`trace_treez_item_id`),
  CONSTRAINT `product_trace_treez_product_fk` FOREIGN KEY (`product_id`) REFERENCES `tz_product` (`id`) ON DELETE NO ACTION ON UPDATE NO ACTION
) ENGINE=InnoDB DEFAULT CHARSET=utf8;
/*!40101 SET character_set_client = @saved_cs_client */;

--
-- Dumping data for table `tz_product_trace_treez_item`
--

LOCK TABLES `tz_product_trace_treez_item` WRITE;
/*!40000 ALTER TABLE `tz_product_trace_treez_item` DISABLE KEYS */;
/*!40000 ALTER TABLE `tz_product_trace_treez_item` ENABLE KEYS */;
UNLOCK TABLES;

--
-- Table structure for table `tz_product_trace_treez_item_aud`
--

DROP TABLE IF EXISTS `tz_product_trace_treez_item_aud`;
/*!40101 SET @saved_cs_client     = @@character_set_client */;
/*!40101 SET character_set_client = utf8 */;
CREATE TABLE `tz_product_trace_treez_item_aud` (
  `rev` int(11) NOT NULL DEFAULT '0',
  `revend` int(11) DEFAULT NULL,
  `revtype` smallint(6) DEFAULT NULL,
  `id` varchar(45) NOT NULL,
  `tenant_id` varchar(45) NOT NULL,
  `product_id` varchar(45) NOT NULL,
  `trace_treez_item_id` varchar(45) NOT NULL,
  `version` int(11) NOT NULL,
  `original_start_date` datetime NOT NULL,
  `current_flag` tinyint(1) NOT NULL,
  `last_user_id` varchar(45) NOT NULL,
  `start_date` datetime NOT NULL,
  `end_date` datetime DEFAULT NULL,
  PRIMARY KEY (`rev`,`id`),
  KEY `product_trace_tenant_idx` (`tenant_id`),
  KEY `product_trace_product_idx` (`product_id`),
  KEY `product_trace_trace_idx` (`trace_treez_item_id`)
) ENGINE=InnoDB DEFAULT CHARSET=utf8;
/*!40101 SET character_set_client = @saved_cs_client */;

--
-- Dumping data for table `tz_product_trace_treez_item_aud`
--

LOCK TABLES `tz_product_trace_treez_item_aud` WRITE;
/*!40000 ALTER TABLE `tz_product_trace_treez_item_aud` DISABLE KEYS */;
/*!40000 ALTER TABLE `tz_product_trace_treez_item_aud` ENABLE KEYS */;
UNLOCK TABLES;

--
-- Table structure for table `tz_reason`
--

DROP TABLE IF EXISTS `tz_reason`;
/*!40101 SET @saved_cs_client     = @@character_set_client */;
/*!40101 SET character_set_client = utf8 */;
CREATE TABLE `tz_reason` (
  `id` varchar(45) NOT NULL,
  `tenant_id` varchar(45) NOT NULL,
  `prev_id` varchar(45) DEFAULT NULL,
  `start_date` datetime NOT NULL,
  `end_date` datetime DEFAULT NULL,
  `current_flag` tinyint(4) NOT NULL DEFAULT '1',
  `version` int(11) NOT NULL,
  `original_start_date` datetime NOT NULL,
  `last_user_id` varchar(45) NOT NULL,
  `reference_type` varchar(45) NOT NULL,
  `reference_id` varchar(45) DEFAULT NULL,
  `value` varchar(45) NOT NULL,
  PRIMARY KEY (`id`),
  UNIQUE KEY `id_UNIQUE` (`id`),
  KEY `tenant_id_reason_reference_idx` (`tenant_id`),
  KEY `reason_reference_id` (`reference_id`,`reference_type`,`tenant_id`,`current_flag`),
  CONSTRAINT `tenant_id_reason_reference` FOREIGN KEY (`tenant_id`) REFERENCES `tz_tenant` (`id`) ON DELETE NO ACTION ON UPDATE NO ACTION
) ENGINE=InnoDB DEFAULT CHARSET=utf8;
/*!40101 SET character_set_client = @saved_cs_client */;

--
-- Dumping data for table `tz_reason`
--

LOCK TABLES `tz_reason` WRITE;
/*!40000 ALTER TABLE `tz_reason` DISABLE KEYS */;
/*!40000 ALTER TABLE `tz_reason` ENABLE KEYS */;
UNLOCK TABLES;

--
-- Table structure for table `tz_reconciliation`
--

DROP TABLE IF EXISTS `tz_reconciliation`;
/*!40101 SET @saved_cs_client     = @@character_set_client */;
/*!40101 SET character_set_client = utf8 */;
CREATE TABLE `tz_reconciliation` (
  `id` varchar(45) NOT NULL,
  `tenant_id` varchar(45) NOT NULL,
  `invoice_line_id` varchar(45) DEFAULT NULL,
  `inventory_id` varchar(45) NOT NULL,
  `package_id` varchar(45) NOT NULL,
  `original_quantity` decimal(16,6) NOT NULL,
  `total_cost` decimal(16,6) DEFAULT NULL,
  `type` varchar(45) NOT NULL,
  `source` varchar(45) NOT NULL,
  `is_complete` tinyint(4) NOT NULL DEFAULT '0',
  `approver_id` varchar(45) DEFAULT NULL,
  `credit_note_id` varchar(45) DEFAULT NULL,
  `last_user_id` varchar(45) NOT NULL,
  `prev_id` varchar(45) DEFAULT NULL,
  `start_date` datetime NOT NULL,
  `end_date` datetime DEFAULT NULL,
  `current_flag` tinyint(4) NOT NULL DEFAULT '1',
  `version` int(11) NOT NULL,
  `original_start_date` datetime NOT NULL,
  PRIMARY KEY (`id`),
  KEY `reconciliation_inventory_fk_idx` (`inventory_id`),
  KEY `reconciliation_tenant_fk_idx` (`tenant_id`),
  KEY `reconciliation_invoice_line_fk_idx` (`invoice_line_id`),
  KEY `reconciliation_credit_note_fk_idx` (`credit_note_id`),
  KEY `ref_id` (`current_flag`),
  KEY `reconciliation_package_fk_idx` (`package_id`),
  CONSTRAINT `reconciliation_credit_note_fk` FOREIGN KEY (`credit_note_id`) REFERENCES `tz_credit_note` (`id`) ON DELETE NO ACTION ON UPDATE NO ACTION,
  CONSTRAINT `reconciliation_inventory_fk` FOREIGN KEY (`inventory_id`) REFERENCES `tz_inventory` (`id`) ON DELETE NO ACTION ON UPDATE NO ACTION,
  CONSTRAINT `reconciliation_invoice_line_fk` FOREIGN KEY (`invoice_line_id`) REFERENCES `tz_invoice_line` (`id`) ON DELETE NO ACTION ON UPDATE NO ACTION,
  CONSTRAINT `reconciliation_package_fk` FOREIGN KEY (`package_id`) REFERENCES `tz_package` (`id`) ON DELETE NO ACTION ON UPDATE NO ACTION,
  CONSTRAINT `reconciliation_tenant_fk` FOREIGN KEY (`tenant_id`) REFERENCES `tz_tenant` (`id`) ON DELETE NO ACTION ON UPDATE NO ACTION
) ENGINE=InnoDB DEFAULT CHARSET=utf8;
/*!40101 SET character_set_client = @saved_cs_client */;

--
-- Dumping data for table `tz_reconciliation`
--

LOCK TABLES `tz_reconciliation` WRITE;
/*!40000 ALTER TABLE `tz_reconciliation` DISABLE KEYS */;
/*!40000 ALTER TABLE `tz_reconciliation` ENABLE KEYS */;
UNLOCK TABLES;

--
-- Table structure for table `tz_reconciliation_aud`
--

DROP TABLE IF EXISTS `tz_reconciliation_aud`;
/*!40101 SET @saved_cs_client     = @@character_set_client */;
/*!40101 SET character_set_client = utf8 */;
CREATE TABLE `tz_reconciliation_aud` (
  `rev` int(11) NOT NULL DEFAULT '0',
  `revend` int(11) DEFAULT NULL,
  `revtype` smallint(6) DEFAULT NULL,
  `id` varchar(45) NOT NULL,
  `tenant_id` varchar(45) NOT NULL,
  `invoice_line_id` varchar(45) DEFAULT NULL,
  `inventory_id` varchar(45) NOT NULL,
  `package_id` varchar(45) NOT NULL,
  `original_quantity` decimal(16,6) NOT NULL,
  `total_cost` decimal(16,6) DEFAULT NULL,
  `type` varchar(45) NOT NULL,
  `source` varchar(45) NOT NULL,
  `is_complete` tinyint(4) NOT NULL DEFAULT '0',
  `approver_id` varchar(45) DEFAULT NULL,
  `credit_note_id` varchar(45) DEFAULT NULL,
  `last_user_id` varchar(45) NOT NULL,
  `prev_id` varchar(45) DEFAULT NULL,
  `start_date` datetime NOT NULL,
  `end_date` datetime DEFAULT NULL,
  `current_flag` tinyint(4) NOT NULL DEFAULT '1',
  `version` int(11) DEFAULT NULL,
  `original_start_date` datetime NOT NULL,
  PRIMARY KEY (`rev`,`id`),
  KEY `reconciliation_aud_reconciliation_idx` (`id`),
  KEY `reconciliation_aud_tenant_idx` (`tenant_id`),
  KEY `reconciliation_aud_invoice_line_idx` (`invoice_line_id`),
  KEY `reconciliation_aud_inventory_idx` (`inventory_id`),
  KEY `reconciliation_package_fk_idx` (`package_id`)
) ENGINE=InnoDB DEFAULT CHARSET=utf8;
/*!40101 SET character_set_client = @saved_cs_client */;

--
-- Dumping data for table `tz_reconciliation_aud`
--

LOCK TABLES `tz_reconciliation_aud` WRITE;
/*!40000 ALTER TABLE `tz_reconciliation_aud` DISABLE KEYS */;
/*!40000 ALTER TABLE `tz_reconciliation_aud` ENABLE KEYS */;
UNLOCK TABLES;

--
-- Table structure for table `tz_tenant`
--

DROP TABLE IF EXISTS `tz_tenant`;
/*!40101 SET @saved_cs_client     = @@character_set_client */;
/*!40101 SET character_set_client = utf8 */;
CREATE TABLE `tz_tenant` (
  `id` varchar(45) NOT NULL,
  `name` varchar(255) NOT NULL,
  `external_int_id` int(11) DEFAULT NULL,
  `prev_id` int(11) DEFAULT NULL,
  `start_date` datetime NOT NULL,
  `end_date` datetime DEFAULT NULL,
  `current_flag` tinyint(4) NOT NULL DEFAULT '1',
  `version` int(11) NOT NULL,
  `original_start_date` datetime NOT NULL,
  `last_user_id` varchar(45) NOT NULL,
  PRIMARY KEY (`id`),
  UNIQUE KEY `name_UNIQUE` (`name`)
) ENGINE=InnoDB DEFAULT CHARSET=utf8 COMMENT='The business entity that operates as a separate company. For example a dispensary that holds a license. \n';
/*!40101 SET character_set_client = @saved_cs_client */;

--
-- Dumping data for table `tz_tenant`
--

LOCK TABLES `tz_tenant` WRITE;
/*!40000 ALTER TABLE `tz_tenant` DISABLE KEYS */;
INSERT INTO `tz_tenant` VALUES ('1e43a152-f84f-4022-a2c6-0c66c86e9e70','DEFAULT_TENANT',1,NULL,'2000-01-01 00:00:00',NULL,1,1,'2000-01-01 00:00:00','LIQUIBASE');
/*!40000 ALTER TABLE `tz_tenant` ENABLE KEYS */;
UNLOCK TABLES;

--
-- Table structure for table `tz_tenant_aud`
--

DROP TABLE IF EXISTS `tz_tenant_aud`;
/*!40101 SET @saved_cs_client     = @@character_set_client */;
/*!40101 SET character_set_client = utf8 */;
CREATE TABLE `tz_tenant_aud` (
  `rev` int(11) NOT NULL DEFAULT '0',
  `revend` int(11) DEFAULT NULL,
  `revtype` smallint(6) DEFAULT NULL,
  `id` varchar(45) NOT NULL,
  `name` varchar(255) NOT NULL,
  `external_int_id` int(11) DEFAULT NULL,
  `prev_id` int(11) DEFAULT NULL,
  `start_date` datetime NOT NULL,
  `end_date` datetime DEFAULT NULL,
  `current_flag` tinyint(4) NOT NULL DEFAULT '1',
  `version` int(11) DEFAULT NULL,
  `original_start_date` datetime NOT NULL,
  `last_user_id` varchar(45) NOT NULL,
  PRIMARY KEY (`rev`,`id`),
  KEY `tenant_aud_tenant_idx` (`id`)
) ENGINE=InnoDB DEFAULT CHARSET=utf8;
/*!40101 SET character_set_client = @saved_cs_client */;

--
-- Dumping data for table `tz_tenant_aud`
--

LOCK TABLES `tz_tenant_aud` WRITE;
/*!40000 ALTER TABLE `tz_tenant_aud` DISABLE KEYS */;
INSERT INTO `tz_tenant_aud` VALUES (1037,NULL,0,'1e43a152-f84f-4022-a2c6-0c66c86e9e70','DEFAULT_TENANT',1,NULL,'2000-01-01 00:00:00',NULL,1,1,'2000-01-01 00:00:00','LIQUIBASE');
/*!40000 ALTER TABLE `tz_tenant_aud` ENABLE KEYS */;
UNLOCK TABLES;

--
-- Table structure for table `tz_terminal`
--

DROP TABLE IF EXISTS `tz_terminal`;
/*!40101 SET @saved_cs_client     = @@character_set_client */;
/*!40101 SET character_set_client = utf8 */;
CREATE TABLE `tz_terminal` (
  `id` varchar(45) NOT NULL,
  `tenant_id` varchar(45) NOT NULL,
  `name` varchar(255) NOT NULL,
  `hardware_location_name` varchar(45) DEFAULT NULL,
  `terminal_type` varchar(45) DEFAULT NULL,
  `sales_channel_type` varchar(45) DEFAULT NULL,
  `uri` varchar(255) DEFAULT NULL,
  `is_pickup` tinyint(1) DEFAULT NULL,
  `is_delivery` tinyint(1) DEFAULT NULL,
  `is_active` tinyint(1) DEFAULT NULL,
  `is_hidden` tinyint(1) DEFAULT '0',
  `start_date` datetime DEFAULT NULL,
  `end_date` datetime DEFAULT NULL,
  `version` int(11) DEFAULT NULL,
  `original_start_date` datetime DEFAULT NULL,
  `current_flag` tinyint(1) DEFAULT '1',
  `last_user_id` varchar(45) DEFAULT NULL,
  PRIMARY KEY (`id`)
) ENGINE=InnoDB DEFAULT CHARSET=utf8;
/*!40101 SET character_set_client = @saved_cs_client */;

--
-- Dumping data for table `tz_terminal`
--

LOCK TABLES `tz_terminal` WRITE;
/*!40000 ALTER TABLE `tz_terminal` DISABLE KEYS */;
INSERT INTO `tz_terminal` VALUES ('5f42e452-51cb-11ea-9640-479b33305416','1e43a152-f84f-4022-a2c6-0c66c86e9e70','Terminal 1','Print Window','Fixed','TERMINAL',NULL,0,0,1,0,'2020-02-17 13:20:50',NULL,0,'2020-02-17 13:20:50',1,'LIQUIBASE'),('5f43a0cc-51cb-11ea-9640-479b33305416','1e43a152-f84f-4022-a2c6-0c66c86e9e70','Ecommerce','Print Window',NULL,'ECOMMERCE','ecommerce',1,0,1,0,'2020-02-17 13:20:50',NULL,0,'2020-02-17 13:20:50',1,'LIQUIBASE');
/*!40000 ALTER TABLE `tz_terminal` ENABLE KEYS */;
UNLOCK TABLES;

--
-- Table structure for table `tz_terminal_aud`
--

DROP TABLE IF EXISTS `tz_terminal_aud`;
/*!40101 SET @saved_cs_client     = @@character_set_client */;
/*!40101 SET character_set_client = utf8 */;
CREATE TABLE `tz_terminal_aud` (
  `rev` int(11) NOT NULL DEFAULT '0',
  `revend` int(11) DEFAULT NULL,
  `revtype` smallint(6) DEFAULT NULL,
  `id` varchar(45) NOT NULL,
  `tenant_id` varchar(45) NOT NULL,
  `name` varchar(255) NOT NULL,
  `hardware_location_name` varchar(45) DEFAULT NULL,
  `terminal_type` varchar(45) DEFAULT NULL,
  `sales_channel_type` varchar(45) DEFAULT NULL,
  `uri` varchar(255) DEFAULT NULL,
  `is_pickup` tinyint(1) DEFAULT NULL,
  `is_delivery` tinyint(1) DEFAULT NULL,
  `is_active` tinyint(1) DEFAULT NULL,
  `is_hidden` tinyint(1) DEFAULT '0',
  `start_date` datetime DEFAULT NULL,
  `end_date` datetime DEFAULT NULL,
  `version` int(11) DEFAULT NULL,
  `original_start_date` datetime DEFAULT NULL,
  `current_flag` tinyint(1) DEFAULT '1',
  `last_user_id` varchar(45) DEFAULT NULL
) ENGINE=InnoDB DEFAULT CHARSET=utf8;
/*!40101 SET character_set_client = @saved_cs_client */;

--
-- Dumping data for table `tz_terminal_aud`
--

LOCK TABLES `tz_terminal_aud` WRITE;
/*!40000 ALTER TABLE `tz_terminal_aud` DISABLE KEYS */;
INSERT INTO `tz_terminal_aud` VALUES (1495,NULL,0,'5f42e452-51cb-11ea-9640-479b33305416','1e43a152-f84f-4022-a2c6-0c66c86e9e70','Terminal 1','Print Window','Fixed','TERMINAL',NULL,0,0,1,0,'2020-02-17 13:20:50',NULL,0,'2020-02-17 13:20:50',1,'LIQUIBASE'),(1496,NULL,0,'5f43a0cc-51cb-11ea-9640-479b33305416','1e43a152-f84f-4022-a2c6-0c66c86e9e70','Ecommerce','Print Window',NULL,'ECOMMERCE','ecommerce',1,0,1,0,'2020-02-17 13:20:50',NULL,0,'2020-02-17 13:20:50',1,'LIQUIBASE');
/*!40000 ALTER TABLE `tz_terminal_aud` ENABLE KEYS */;
UNLOCK TABLES;

--
-- Table structure for table `tz_trace_treez_inventory_adjustment_log`
--

DROP TABLE IF EXISTS `tz_trace_treez_inventory_adjustment_log`;
/*!40101 SET @saved_cs_client     = @@character_set_client */;
/*!40101 SET character_set_client = utf8 */;
CREATE TABLE `tz_trace_treez_inventory_adjustment_log` (
  `id` varchar(45) NOT NULL,
  `tenant_id` varchar(45) NOT NULL,
  `user_id` varchar(45) NOT NULL,
  `trace_treez_request_log_id` varchar(45) NOT NULL,
  `logged_at` datetime NOT NULL,
  `result_code` smallint(1) DEFAULT NULL,
  `license` varchar(45) DEFAULT NULL,
  `adjustment_job_id` varchar(45) DEFAULT NULL,
  `trace_treez_adjustment_id` varchar(45) DEFAULT NULL,
  `trace_treez_adjustment_item_id` varchar(255) DEFAULT NULL,
  `label` varchar(255) DEFAULT NULL,
  `quantity` decimal(10,4) DEFAULT NULL,
  `timestamp` datetime DEFAULT NULL,
  `reason` varchar(255) DEFAULT NULL,
  `uom` varchar(45) DEFAULT NULL,
  `adjustment_type` varchar(255) DEFAULT NULL,
  `async` tinyint(1) DEFAULT NULL,
  `trace_treez_created_at` datetime DEFAULT NULL,
  `trace_treez_updated_at` datetime DEFAULT NULL
) ENGINE=InnoDB DEFAULT CHARSET=utf8;
/*!40101 SET character_set_client = @saved_cs_client */;

--
-- Dumping data for table `tz_trace_treez_inventory_adjustment_log`
--

LOCK TABLES `tz_trace_treez_inventory_adjustment_log` WRITE;
/*!40000 ALTER TABLE `tz_trace_treez_inventory_adjustment_log` DISABLE KEYS */;
/*!40000 ALTER TABLE `tz_trace_treez_inventory_adjustment_log` ENABLE KEYS */;
UNLOCK TABLES;

--
-- Table structure for table `tz_trace_treez_request_log`
--

DROP TABLE IF EXISTS `tz_trace_treez_request_log`;
/*!40101 SET @saved_cs_client     = @@character_set_client */;
/*!40101 SET character_set_client = utf8 */;
CREATE TABLE `tz_trace_treez_request_log` (
  `id` varchar(45) NOT NULL,
  `tenant_id` varchar(45) NOT NULL,
  `user_id` varchar(45) NOT NULL,
  `endpoint` varchar(45) NOT NULL,
  `result_code` smallint(1) DEFAULT NULL,
  `message` varchar(255) DEFAULT NULL,
  `original_start_date` datetime DEFAULT NULL,
  `start_date` datetime DEFAULT NULL,
  `trace_treez_request_snippet` varchar(255) DEFAULT NULL
) ENGINE=InnoDB DEFAULT CHARSET=utf8;
/*!40101 SET character_set_client = @saved_cs_client */;

--
-- Dumping data for table `tz_trace_treez_request_log`
--

LOCK TABLES `tz_trace_treez_request_log` WRITE;
/*!40000 ALTER TABLE `tz_trace_treez_request_log` DISABLE KEYS */;
/*!40000 ALTER TABLE `tz_trace_treez_request_log` ENABLE KEYS */;
UNLOCK TABLES;

--
-- Table structure for table `tz_type`
--

DROP TABLE IF EXISTS `tz_type`;
/*!40101 SET @saved_cs_client     = @@character_set_client */;
/*!40101 SET character_set_client = utf8 */;
CREATE TABLE `tz_type` (
  `id` varchar(45) NOT NULL,
  `tenant_id` varchar(45) NOT NULL,
  `name` varchar(255) NOT NULL,
  `is_cannabis` tinyint(4) NOT NULL,
  `prev_id` varchar(45) DEFAULT NULL,
  `start_date` datetime NOT NULL,
  `end_date` datetime DEFAULT NULL,
  `current_flag` tinyint(4) NOT NULL DEFAULT '1',
  `version` int(11) NOT NULL,
  `original_start_date` datetime NOT NULL,
  `last_user_id` varchar(45) NOT NULL,
  PRIMARY KEY (`id`),
  KEY `type_location_idx` (`tenant_id`),
  KEY `type_ref_id_idx` (`tenant_id`,`current_flag`),
  CONSTRAINT `tz_type_tenant_reference` FOREIGN KEY (`tenant_id`) REFERENCES `tz_tenant` (`id`) ON DELETE NO ACTION ON UPDATE NO ACTION
) ENGINE=InnoDB DEFAULT CHARSET=utf8;
/*!40101 SET character_set_client = @saved_cs_client */;

--
-- Dumping data for table `tz_type`
--

LOCK TABLES `tz_type` WRITE;
/*!40000 ALTER TABLE `tz_type` DISABLE KEYS */;
INSERT INTO `tz_type` VALUES ('0986c2be-f816-11e8-9aaf-2621339c7881','1e43a152-f84f-4022-a2c6-0c66c86e9e70','BEVERAGE',1,NULL,'2010-01-01 00:00:00',NULL,1,1,'2010-01-01 00:00:00','LIQUIBASE'),('4028E43964FBA33F0164FBACE6C10009','1e43a152-f84f-4022-a2c6-0c66c86e9e70','PILL',1,NULL,'2010-01-01 00:00:00',NULL,1,1,'2010-01-01 00:00:00','LIQUIBASE'),('4028E43964FBA33F0164FBADCDB8000B','1e43a152-f84f-4022-a2c6-0c66c86e9e70','CBD',0,NULL,'2010-01-01 00:00:00',NULL,0,1,'2010-01-01 00:00:00','LIQUIBASE'),('4028E43964FBA33F0164FBAE39A9000D','1e43a152-f84f-4022-a2c6-0c66c86e9e70','TINCTURE',1,NULL,'2010-01-01 00:00:00',NULL,1,1,'2010-01-01 00:00:00','LIQUIBASE'),('64b71c66-49b4-11e9-8035-774805423a5c','1e43a152-f84f-4022-a2c6-0c66c86e9e70','METRC',1,NULL,'2010-01-01 00:00:00',NULL,1,1,'2010-01-01 00:00:00','LIQUIBASE'),('7c5b3ad1-82ab-11e6-a87c-0862661081dd','1e43a152-f84f-4022-a2c6-0c66c86e9e70','CARTRIDGE',1,NULL,'2010-01-01 00:00:00',NULL,1,1,'2010-01-01 00:00:00','LIQUIBASE'),('7c5b706f-82ab-11e6-a87c-0862661081dd','1e43a152-f84f-4022-a2c6-0c66c86e9e70','MISC',1,NULL,'2010-01-01 00:00:00',NULL,1,1,'2010-01-01 00:00:00','LIQUIBASE'),('7c5b8eb8-82ab-11e6-a87c-0862661081dd','1e43a152-f84f-4022-a2c6-0c66c86e9e70','PREROLL',1,NULL,'2010-01-01 00:00:00',NULL,1,1,'2010-01-01 00:00:00','LIQUIBASE'),('7e2b2130-da84-11e5-bc38-5c514f48b06a','1e43a152-f84f-4022-a2c6-0c66c86e9e70','FLOWER',1,NULL,'2010-01-01 00:00:00',NULL,1,1,'2010-01-01 00:00:00','LIQUIBASE'),('7e2ee239-da84-11e5-bc38-5c514f48b06a','1e43a152-f84f-4022-a2c6-0c66c86e9e70','EXTRACT',1,NULL,'2010-01-01 00:00:00',NULL,1,1,'2010-01-01 00:00:00','LIQUIBASE'),('7e31e311-da84-11e5-bc38-5c514f48b06a','1e43a152-f84f-4022-a2c6-0c66c86e9e70','EDIBLE',1,NULL,'2010-01-01 00:00:00',NULL,1,1,'2010-01-01 00:00:00','LIQUIBASE'),('7e34f465-da84-11e5-bc38-5c514f48b06a','1e43a152-f84f-4022-a2c6-0c66c86e9e70','PLANT',1,NULL,'2010-01-01 00:00:00',NULL,1,1,'2010-01-01 00:00:00','LIQUIBASE'),('7e362cd7-ec92-11e5-a7c5-6c0b843dcc4d','1e43a152-f84f-4022-a2c6-0c66c86e9e70','TOPICAL',1,NULL,'2010-01-01 00:00:00',NULL,1,1,'2010-01-01 00:00:00','LIQUIBASE'),('7e37edd2-da84-11e5-bc38-5c514f48b06a','1e43a152-f84f-4022-a2c6-0c66c86e9e70','MERCH',0,NULL,'2010-01-01 00:00:00',NULL,1,1,'2010-01-01 00:00:00','LIQUIBASE'),('8461ed42-c68f-11e8-b53e-42ecda81f548','1e43a152-f84f-4022-a2c6-0c66c86e9e70','NON-INV',0,NULL,'2010-01-01 00:00:00',NULL,1,1,'2010-01-01 00:00:00','LIQUIBASE');
/*!40000 ALTER TABLE `tz_type` ENABLE KEYS */;
UNLOCK TABLES;

--
-- Table structure for table `tz_type_attribute`
--

DROP TABLE IF EXISTS `tz_type_attribute`;
/*!40101 SET @saved_cs_client     = @@character_set_client */;
/*!40101 SET character_set_client = utf8 */;
CREATE TABLE `tz_type_attribute` (
  `id` varchar(45) NOT NULL,
  `tenant_id` varchar(45) NOT NULL,
  `type_id` varchar(45) NOT NULL,
  `name` varchar(255) NOT NULL,
  `value` varchar(255) NOT NULL,
  `version` int(11) NOT NULL,
  `original_start_date` datetime NOT NULL,
  `last_user_id` varchar(45) NOT NULL,
  `current_flag` tinyint(1) NOT NULL,
  `start_date` datetime NOT NULL,
  `end_date` datetime DEFAULT NULL,
  PRIMARY KEY (`id`),
  KEY `type_attribute_location_idx` (`tenant_id`),
  KEY `type_attribute_type_idx` (`type_id`),
  KEY `ref_id` (`current_flag`),
  CONSTRAINT `type_attribute_type` FOREIGN KEY (`type_id`) REFERENCES `tz_type` (`id`) ON DELETE NO ACTION ON UPDATE NO ACTION,
  CONSTRAINT `tz_type_attribute_tenant_reference` FOREIGN KEY (`tenant_id`) REFERENCES `tz_tenant` (`id`) ON DELETE NO ACTION ON UPDATE NO ACTION
) ENGINE=InnoDB DEFAULT CHARSET=utf8;
/*!40101 SET character_set_client = @saved_cs_client */;

--
-- Dumping data for table `tz_type_attribute`
--

LOCK TABLES `tz_type_attribute` WRITE;
/*!40000 ALTER TABLE `tz_type_attribute` DISABLE KEYS */;
/*!40000 ALTER TABLE `tz_type_attribute` ENABLE KEYS */;
UNLOCK TABLES;

--
-- Table structure for table `tz_type_attribute_aud`
--

DROP TABLE IF EXISTS `tz_type_attribute_aud`;
/*!40101 SET @saved_cs_client     = @@character_set_client */;
/*!40101 SET character_set_client = utf8 */;
CREATE TABLE `tz_type_attribute_aud` (
  `rev` int(11) NOT NULL DEFAULT '0',
  `revend` int(11) DEFAULT NULL,
  `revtype` smallint(6) DEFAULT NULL,
  `id` varchar(45) NOT NULL,
  `tenant_id` varchar(45) NOT NULL,
  `type_id` varchar(45) NOT NULL,
  `name` varchar(255) NOT NULL,
  `value` varchar(255) NOT NULL,
  `version` int(11) DEFAULT NULL,
  `original_start_date` datetime NOT NULL,
  `last_user_id` varchar(45) NOT NULL,
  `current_flag` tinyint(1) NOT NULL,
  `start_date` datetime NOT NULL,
  `end_date` datetime DEFAULT NULL,
  PRIMARY KEY (`rev`,`id`),
  KEY `type_attribute_aud_type_attribute_idx` (`id`),
  KEY `type_attribute_aud_tenant_idx` (`tenant_id`),
  KEY `type_attribute_aud_type_idx` (`type_id`)
) ENGINE=InnoDB DEFAULT CHARSET=utf8;
/*!40101 SET character_set_client = @saved_cs_client */;

--
-- Dumping data for table `tz_type_attribute_aud`
--

LOCK TABLES `tz_type_attribute_aud` WRITE;
/*!40000 ALTER TABLE `tz_type_attribute_aud` DISABLE KEYS */;
/*!40000 ALTER TABLE `tz_type_attribute_aud` ENABLE KEYS */;
UNLOCK TABLES;

--
-- Table structure for table `tz_type_aud`
--

DROP TABLE IF EXISTS `tz_type_aud`;
/*!40101 SET @saved_cs_client     = @@character_set_client */;
/*!40101 SET character_set_client = utf8 */;
CREATE TABLE `tz_type_aud` (
  `rev` int(11) NOT NULL DEFAULT '0',
  `revend` int(11) DEFAULT NULL,
  `revtype` smallint(6) DEFAULT NULL,
  `id` varchar(45) NOT NULL,
  `tenant_id` varchar(45) NOT NULL,
  `name` varchar(255) NOT NULL,
  `is_cannabis` tinyint(4) NOT NULL,
  `prev_id` varchar(45) DEFAULT NULL,
  `start_date` datetime NOT NULL,
  `end_date` datetime DEFAULT NULL,
  `current_flag` tinyint(4) NOT NULL DEFAULT '1',
  `version` int(11) DEFAULT NULL,
  `original_start_date` datetime NOT NULL,
  `last_user_id` varchar(45) NOT NULL,
  PRIMARY KEY (`rev`,`id`),
  KEY `type_aud_type_idx` (`id`),
  KEY `type_aud_tenant_idx` (`tenant_id`)
) ENGINE=InnoDB DEFAULT CHARSET=utf8;
/*!40101 SET character_set_client = @saved_cs_client */;

--
-- Dumping data for table `tz_type_aud`
--

LOCK TABLES `tz_type_aud` WRITE;
/*!40000 ALTER TABLE `tz_type_aud` DISABLE KEYS */;
INSERT INTO `tz_type_aud` VALUES (1038,NULL,0,'0986c2be-f816-11e8-9aaf-2621339c7881','1e43a152-f84f-4022-a2c6-0c66c86e9e70','BEVERAGE',1,NULL,'2010-01-01 00:00:00',NULL,1,1,'2010-01-01 00:00:00','LIQUIBASE'),(1039,NULL,0,'4028E43964FBA33F0164FBACE6C10009','1e43a152-f84f-4022-a2c6-0c66c86e9e70','PILL',1,NULL,'2010-01-01 00:00:00',NULL,1,1,'2010-01-01 00:00:00','LIQUIBASE'),(1040,NULL,0,'4028E43964FBA33F0164FBADCDB8000B','1e43a152-f84f-4022-a2c6-0c66c86e9e70','CBD',0,NULL,'2010-01-01 00:00:00',NULL,0,1,'2010-01-01 00:00:00','LIQUIBASE'),(1041,NULL,0,'4028E43964FBA33F0164FBAE39A9000D','1e43a152-f84f-4022-a2c6-0c66c86e9e70','TINCTURE',0,NULL,'2010-01-01 00:00:00',NULL,1,1,'2010-01-01 00:00:00','LIQUIBASE'),(1042,NULL,0,'64b71c66-49b4-11e9-8035-774805423a5c','1e43a152-f84f-4022-a2c6-0c66c86e9e70','METRC',1,NULL,'2010-01-01 00:00:00',NULL,1,1,'2010-01-01 00:00:00','LIQUIBASE'),(1043,NULL,0,'7c5b3ad1-82ab-11e6-a87c-0862661081dd','1e43a152-f84f-4022-a2c6-0c66c86e9e70','CARTRIDGE',1,NULL,'2010-01-01 00:00:00',NULL,1,1,'2010-01-01 00:00:00','LIQUIBASE'),(1044,NULL,0,'7c5b706f-82ab-11e6-a87c-0862661081dd','1e43a152-f84f-4022-a2c6-0c66c86e9e70','MISC',1,NULL,'2010-01-01 00:00:00',NULL,1,1,'2010-01-01 00:00:00','LIQUIBASE'),(1045,NULL,0,'7c5b8eb8-82ab-11e6-a87c-0862661081dd','1e43a152-f84f-4022-a2c6-0c66c86e9e70','PREROLL',1,NULL,'2010-01-01 00:00:00',NULL,1,1,'2010-01-01 00:00:00','LIQUIBASE'),(1046,NULL,0,'7e2b2130-da84-11e5-bc38-5c514f48b06a','1e43a152-f84f-4022-a2c6-0c66c86e9e70','FLOWER',1,NULL,'2010-01-01 00:00:00',NULL,1,1,'2010-01-01 00:00:00','LIQUIBASE'),(1047,NULL,0,'7e2ee239-da84-11e5-bc38-5c514f48b06a','1e43a152-f84f-4022-a2c6-0c66c86e9e70','EXTRACT',1,NULL,'2010-01-01 00:00:00',NULL,1,1,'2010-01-01 00:00:00','LIQUIBASE'),(1048,NULL,0,'7e31e311-da84-11e5-bc38-5c514f48b06a','1e43a152-f84f-4022-a2c6-0c66c86e9e70','EDIBLE',1,NULL,'2010-01-01 00:00:00',NULL,1,1,'2010-01-01 00:00:00','LIQUIBASE'),(1049,NULL,0,'7e34f465-da84-11e5-bc38-5c514f48b06a','1e43a152-f84f-4022-a2c6-0c66c86e9e70','PLANT',1,NULL,'2010-01-01 00:00:00',NULL,1,1,'2010-01-01 00:00:00','LIQUIBASE'),(1050,NULL,0,'7e362cd7-ec92-11e5-a7c5-6c0b843dcc4d','1e43a152-f84f-4022-a2c6-0c66c86e9e70','TOPICAL',1,NULL,'2010-01-01 00:00:00',NULL,1,1,'2010-01-01 00:00:00','LIQUIBASE'),(1051,NULL,0,'7e37edd2-da84-11e5-bc38-5c514f48b06a','1e43a152-f84f-4022-a2c6-0c66c86e9e70','MERCH',0,NULL,'2010-01-01 00:00:00',NULL,1,1,'2010-01-01 00:00:00','LIQUIBASE'),(1052,NULL,0,'8461ed42-c68f-11e8-b53e-42ecda81f548','1e43a152-f84f-4022-a2c6-0c66c86e9e70','NON-INV',0,NULL,'2010-01-01 00:00:00',NULL,1,1,'2010-01-01 00:00:00','LIQUIBASE');
/*!40000 ALTER TABLE `tz_type_aud` ENABLE KEYS */;
UNLOCK TABLES;

--
-- Table structure for table `tz_uploads`
--

DROP TABLE IF EXISTS `tz_uploads`;
/*!40101 SET @saved_cs_client     = @@character_set_client */;
/*!40101 SET character_set_client = utf8 */;
CREATE TABLE `tz_uploads` (
  `id` varchar(255) NOT NULL,
  `tenant_id` varchar(45) NOT NULL,
  `reference_type` varchar(255) NOT NULL COMMENT 'table name',
  `prev_id` varchar(45) DEFAULT NULL,
  `name` varchar(255) NOT NULL,
  `url` varchar(255) NOT NULL,
  `file_extension` varchar(45) NOT NULL,
  `display_order` int(11) DEFAULT '0',
  `reference_id` varchar(45) NOT NULL,
  `start_date` datetime NOT NULL,
  `end_date` datetime DEFAULT NULL,
  `current_flag` tinyint(1) NOT NULL,
  `version` int(11) NOT NULL,
  `original_start_date` datetime NOT NULL,
  `last_user_id` varchar(45) NOT NULL,
  PRIMARY KEY (`id`),
  KEY `uploads_location_idx` (`tenant_id`),
  KEY `ref_id` (`tenant_id`,`current_flag`),
  KEY `uploads_reference` (`reference_id`,`reference_type`,`tenant_id`,`current_flag`),
  CONSTRAINT `tz_uploads_tenant_reference` FOREIGN KEY (`tenant_id`) REFERENCES `tz_tenant` (`id`) ON DELETE NO ACTION ON UPDATE NO ACTION
) ENGINE=InnoDB DEFAULT CHARSET=utf8;
/*!40101 SET character_set_client = @saved_cs_client */;

--
-- Dumping data for table `tz_uploads`
--

LOCK TABLES `tz_uploads` WRITE;
/*!40000 ALTER TABLE `tz_uploads` DISABLE KEYS */;
/*!40000 ALTER TABLE `tz_uploads` ENABLE KEYS */;
UNLOCK TABLES;

--
-- Table structure for table `tz_uploads_aud`
--

DROP TABLE IF EXISTS `tz_uploads_aud`;
/*!40101 SET @saved_cs_client     = @@character_set_client */;
/*!40101 SET character_set_client = utf8 */;
CREATE TABLE `tz_uploads_aud` (
  `rev` int(11) NOT NULL DEFAULT '0',
  `revend` int(11) DEFAULT NULL,
  `revtype` smallint(6) DEFAULT NULL,
  `id` varchar(255) NOT NULL,
  `tenant_id` varchar(45) NOT NULL,
  `reference_type` varchar(255) NOT NULL COMMENT 'table name',
  `prev_id` varchar(45) DEFAULT NULL,
  `name` varchar(255) NOT NULL,
  `url` varchar(255) NOT NULL,
  `file_extension` varchar(45) NOT NULL,
  `display_order` int(11) DEFAULT '0',
  `reference_id` varchar(45) NOT NULL,
  `start_date` datetime NOT NULL,
  `end_date` datetime DEFAULT NULL,
  `current_flag` tinyint(1) NOT NULL,
  `version` int(11) DEFAULT NULL,
  `original_start_date` datetime NOT NULL,
  `last_user_id` varchar(45) NOT NULL,
  PRIMARY KEY (`rev`,`id`),
  KEY `uploads_aud_uploads_idx` (`id`),
  KEY `uploads_aud_tenant_idx` (`tenant_id`),
  KEY `uploads_aud_reference_id` (`reference_id`)
) ENGINE=InnoDB DEFAULT CHARSET=utf8;
/*!40101 SET character_set_client = @saved_cs_client */;

--
-- Dumping data for table `tz_uploads_aud`
--

LOCK TABLES `tz_uploads_aud` WRITE;
/*!40000 ALTER TABLE `tz_uploads_aud` DISABLE KEYS */;
/*!40000 ALTER TABLE `tz_uploads_aud` ENABLE KEYS */;
UNLOCK TABLES;

--
-- Dumping routines for database 'inventory'
--
/*!50003 DROP FUNCTION IF EXISTS `STRIP_NON_DIGIT` */;
ALTER DATABASE `inventory` CHARACTER SET latin1 COLLATE latin1_swedish_ci ;
/*!50003 SET @saved_cs_client      = @@character_set_client */ ;
/*!50003 SET @saved_cs_results     = @@character_set_results */ ;
/*!50003 SET @saved_col_connection = @@collation_connection */ ;
/*!50003 SET character_set_client  = latin1 */ ;
/*!50003 SET character_set_results = latin1 */ ;
/*!50003 SET collation_connection  = latin1_swedish_ci */ ;
/*!50003 SET @saved_sql_mode       = @@sql_mode */ ;
/*!50003 SET sql_mode              = 'STRICT_TRANS_TABLES,NO_ZERO_DATE,NO_ENGINE_SUBSTITUTION' */ ;
DELIMITER ;;
CREATE DEFINER=`root`@`localhost` FUNCTION `STRIP_NON_DIGIT`(input VARCHAR(255)) RETURNS varchar(255) CHARSET utf8
    READS SQL DATA
BEGIN
   DECLARE output    VARCHAR(255) DEFAULT '';
   DECLARE iterator  INT          DEFAULT 1;
   DECLARE lastDigit INT          DEFAULT 1;
   DECLARE len       INT;

   SET len = LENGTH(input) + 1;
   WHILE iterator < len DO
      
      SET lastDigit = iterator;
      WHILE ((ORD(SUBSTRING(input, iterator, 1)) BETWEEN 48 AND 57) OR ORD(SUBSTRING(input, iterator, 1)) = 46) AND iterator < len DO
         SET iterator = iterator + 1;
      END WHILE;

      IF iterator != lastDigit THEN
         SET output = CONCAT(output, SUBSTRING(input, lastDigit, iterator - lastDigit));
      END IF;

      WHILE ((ORD(SUBSTRING(input, iterator, 1)) NOT BETWEEN 48 AND 57) AND ORD(SUBSTRING(input, iterator, 1)) != 46) AND iterator < len DO
         SET iterator = iterator + 1;
      END WHILE;
   END WHILE;

   RETURN output;
END ;;
DELIMITER ;
/*!50003 SET sql_mode              = @saved_sql_mode */ ;
/*!50003 SET character_set_client  = @saved_cs_client */ ;
/*!50003 SET character_set_results = @saved_cs_results */ ;
/*!50003 SET collation_connection  = @saved_col_connection */ ;
ALTER DATABASE `inventory` CHARACTER SET utf8 COLLATE utf8_general_ci ;
/*!50003 DROP PROCEDURE IF EXISTS `generateBarcodes` */;
ALTER DATABASE `inventory` CHARACTER SET latin1 COLLATE latin1_swedish_ci ;
/*!50003 SET @saved_cs_client      = @@character_set_client */ ;
/*!50003 SET @saved_cs_results     = @@character_set_results */ ;
/*!50003 SET @saved_col_connection = @@collation_connection */ ;
/*!50003 SET character_set_client  = latin1 */ ;
/*!50003 SET character_set_results = latin1 */ ;
/*!50003 SET collation_connection  = latin1_swedish_ci */ ;
/*!50003 SET @saved_sql_mode       = @@sql_mode */ ;
/*!50003 SET sql_mode              = 'STRICT_TRANS_TABLES,NO_ZERO_DATE,NO_ENGINE_SUBSTITUTION' */ ;
DELIMITER ;;
CREATE DEFINER=`root`@`localhost` PROCEDURE `generateBarcodes`()
proc:begin
	
	select @count := count(*) from `tz_invoice_line` il
	LEFT JOIN tz_barcode bc ON il.id = bc.reference_id
    and bc.reference_type = 'invoiceline'
    where bc.id IS NULL and
    il.tenant_id = '1e43a152-f84f-4022-a2c6-0c66c86e9e70';

    set @counter = 0;
    set @max_repeat = 50;

    
    while @count > 0 and @counter < @max_repeat do

    drop temporary table if exists temp;
	create temporary table if not exists temp (
		`id` varchar(255),
		`invoice_line_id` varchar(255),
		`code` varchar(3),
		`start_date` datetime,
		INDEX code_index (code)
	);

	
	INSERT INTO `temp`
	(`id`, `invoice_line_id`, `code`, `start_date`)
	select
	uuid(),
	il.id,
	lpad(conv(floor(rand()*pow(36,8)), 10, 36), 3, 0) as code,
	il.original_start_date
	from `tz_invoice_line` il
	LEFT JOIN
		tz_barcode bc ON il.id = bc.reference_id
		AND bc.reference_type = 'invoiceline'
	WHERE
		bc.id IS NULL and
		il.tenant_id = '1e43a152-f84f-4022-a2c6-0c66c86e9e70';

	drop temporary table if exists temp2;
	create temporary table if not exists temp2 as (
	select * from temp
	group by code
	having count(*) > 1);

	
	delete from temp
	where code in (select code from temp2);

	
	delete from temp
	where code in (select effective_code from tz_barcode where tenant_id = '1e43a152-f84f-4022-a2c6-0c66c86e9e70');

    
	INSERT INTO `tz_barcode` (`id`, `tenant_id`, `reference_type`, `reference_id`, `code`, `size`, `source`, `ref_id`, `start_date`, `current_flag`, `version`, `original_start_date`, `last_user_id`)
	SELECT temp.id, '1e43a152-f84f-4022-a2c6-0c66c86e9e70', 'invoiceline', temp.invoice_line_id, temp.code, '.5 x .5', 'TREEZ', temp.id, temp.start_date, 1, 1, temp.start_date, 'LIQUIBASE'
	FROM temp;

    
    select @count := count(*) from `tz_invoice_line` il
	LEFT JOIN tz_barcode bc ON il.id = bc.reference_id
    and bc.reference_type = 'invoiceline'
    where bc.id IS NULL and
		il.tenant_id = '1e43a152-f84f-4022-a2c6-0c66c86e9e70';

    set @counter = @counter + 1;

    end while;
end ;;
DELIMITER ;
/*!50003 SET sql_mode              = @saved_sql_mode */ ;
/*!50003 SET character_set_client  = @saved_cs_client */ ;
/*!50003 SET character_set_results = @saved_cs_results */ ;
/*!50003 SET collation_connection  = @saved_col_connection */ ;
ALTER DATABASE `inventory` CHARACTER SET utf8 COLLATE utf8_general_ci ;
/*!50003 DROP PROCEDURE IF EXISTS `report_customer_sp` */;
ALTER DATABASE `inventory` CHARACTER SET latin1 COLLATE latin1_swedish_ci ;
/*!50003 SET @saved_cs_client      = @@character_set_client */ ;
/*!50003 SET @saved_cs_results     = @@character_set_results */ ;
/*!50003 SET @saved_col_connection = @@collation_connection */ ;
/*!50003 SET character_set_client  = latin1 */ ;
/*!50003 SET character_set_results = latin1 */ ;
/*!50003 SET collation_connection  = latin1_swedish_ci */ ;
/*!50003 SET @saved_sql_mode       = @@sql_mode */ ;
/*!50003 SET sql_mode              = 'STRICT_TRANS_TABLES,NO_ZERO_DATE,NO_ENGINE_SUBSTITUTION' */ ;
DELIMITER ;;
CREATE DEFINER=`root`@`localhost` PROCEDURE `report_customer_sp`(IN start_dtm_in datetime, IN end_dtm_in datetime, IN clear_period_in tinyint(1))
proc:
  begin
    declare rpt_name varchar(25) default 'report_customer_sp';

    select ifnull(max(last_run_dtm), '1971-01-01') into @last_run from custom_batch_job where report_name = rpt_name;

    if start_dtm_in is null
    then
      set @start_dtm = @last_run;
    else
      set @start_dtm = start_dtm_in;
    end if;

    if end_dtm_in is null
    then
      set @end_dtm := now();
    else
      set @end_dtm = end_dtm_in;
    end if;

    start transaction;

    if clear_period_in then
       delete from report_customer
           where last_updated_at >= @start_dtm
           and last_updated_at < @end_dtm;
    end if;

INSERT INTO `inventory`.`report_customer`
(`id`,
`first_name`,
`last_name`,
`nick_name`,
`phone`,
`email`,
`company`,
`customer_uuid`,
`customer_signup_date`,
`customer_cancel_date`,
`last_updated_at`,
`last_visit`,
`signup_flag`,
`gender`,
`age group`,
`age`,
`dob`,
`driver_license`,
`driver_license_expiration_date`,
`permit_expiration_date`,
`medical_id`,
`reward_balance`,
`customer_source`,
`groupnames`,
`visits`,
`notes`,
`opted_in`,
`patient_type`,
`customer_status`,
`violations`,
`netSales`,
`AvgSales`,
`street_1`,
`city`,
`state`,
`zipcode`,
`longitude`,
`latitude`,
`physician_first`,
`physician_last`,
`physician_phone`,
`physician_address`,
`physician_medical_id`,
`physician_email`,
`physician_notes`,
`caregiver`,
`report_last_updated`)
SELECT
    c.id,
    c.first_name,
    c.last_name,
    nick_name.detail_value AS nick_name,
    c.phone,
    c.email,
    c.company,
    c.customer_uuid,
    c.signup_date AS customer_signup_date,
    c.cancel_date AS customer_cancel_date,
    c.last_updated_at,
    last_visit.detail_value AS last_visit,
    c.signup_flag,
    IFNULL(gender.detail_value, 'U') AS gender,
    (CASE
        WHEN
            (IFNULL(TIMESTAMPDIFF(YEAR,
                        IF(LENGTH(dob.detail_value) >= 10
                                AND SUBSTRING(dob.detail_value, 5, 1) = '-'
                                AND SUBSTRING(dob.detail_value, 8, 1) = '-',
                            STR_TO_DATE(LEFT(dob.detail_value, 10), '%Y-%m-%d'),
                            NULL),
                        CURDATE()),
                    'N/A') = 'N/A')
        THEN
            'N/A'
        WHEN
            (IFNULL(TIMESTAMPDIFF(YEAR,
                        IF(LENGTH(dob.detail_value) >= 10
                                AND SUBSTRING(dob.detail_value, 5, 1) = '-'
                                AND SUBSTRING(dob.detail_value, 8, 1) = '-',
                            STR_TO_DATE(LEFT(dob.detail_value, 10), '%Y-%m-%d'),
                            NULL),
                        CURDATE()),
                    'N/A') >= 60)
        THEN
            '60+'
        WHEN
            (IFNULL(TIMESTAMPDIFF(YEAR,
                        IF(LENGTH(dob.detail_value) >= 10
                                AND SUBSTRING(dob.detail_value, 5, 1) = '-'
                                AND SUBSTRING(dob.detail_value, 8, 1) = '-',
                            STR_TO_DATE(LEFT(dob.detail_value, 10), '%Y-%m-%d'),
                            NULL),
                        CURDATE()),
                    'N/A') >= 50)
        THEN
            '50-59'
        WHEN
            (IFNULL(TIMESTAMPDIFF(YEAR,
                        IF(LENGTH(dob.detail_value) >= 10
                                AND SUBSTRING(dob.detail_value, 5, 1) = '-'
                                AND SUBSTRING(dob.detail_value, 8, 1) = '-',
                            STR_TO_DATE(LEFT(dob.detail_value, 10), '%Y-%m-%d'),
                            NULL),
                        CURDATE()),
                    'N/A') >= 40)
        THEN
            '40-49'
        WHEN
            (IFNULL(TIMESTAMPDIFF(YEAR,
                        IF(LENGTH(dob.detail_value) >= 10
                                AND SUBSTRING(dob.detail_value, 5, 1) = '-'
                                AND SUBSTRING(dob.detail_value, 8, 1) = '-',
                            STR_TO_DATE(LEFT(dob.detail_value, 10), '%Y-%m-%d'),
                            NULL),
                        CURDATE()),
                    'N/A') >= 30)
        THEN
            '30-39'
        WHEN
            (IFNULL(TIMESTAMPDIFF(YEAR,
                        IF(LENGTH(dob.detail_value) >= 10
                                AND SUBSTRING(dob.detail_value, 5, 1) = '-'
                                AND SUBSTRING(dob.detail_value, 8, 1) = '-',
                            STR_TO_DATE(LEFT(dob.detail_value, 10), '%Y-%m-%d'),
                            NULL),
                        CURDATE()),
                    'N/A') >= 21)
        THEN
            '21-29'
        ELSE '0-20'
    END) AS `age group`,
    IFNULL(TIMESTAMPDIFF(YEAR,
                IF(LENGTH(dob.detail_value) >= 10
                        AND SUBSTRING(dob.detail_value, 5, 1) = '-'
                        AND SUBSTRING(dob.detail_value, 8, 1) = '-',
                    STR_TO_DATE(LEFT(dob.detail_value, 10), '%Y-%m-%d'),
                    NULL),
                CURDATE()),
            'N/A') AS age,
    IF(LENGTH(dob.detail_value) >= 10
            AND SUBSTRING(dob.detail_value, 5, 1) = '-'
            AND SUBSTRING(dob.detail_value, 8, 1) = '-',
        STR_TO_DATE(LEFT(dob.detail_value, 10), '%Y-%m-%d'),
        NULL) AS dob,
    drivers_license.detail_value AS drivers_license,
    IF(LENGTH(drivers_license_expiration_date.detail_value) >= 10
            AND SUBSTRING(drivers_license_expiration_date.detail_value,
            5,
            1) = '-'
            AND SUBSTRING(drivers_license_expiration_date.detail_value,
            8,
            1) = '-',
        STR_TO_DATE(LEFT(drivers_license_expiration_date.detail_value,
                    10),
                '%Y-%m-%d'),
        NULL) AS drivers_license_expiration_date,
    IF(LENGTH(permit_expiration_date.detail_value) >= 10
            AND SUBSTRING(permit_expiration_date.detail_value,
            5,
            1) = '-'
            AND SUBSTRING(permit_expiration_date.detail_value,
            8,
            1) = '-',
        STR_TO_DATE(LEFT(permit_expiration_date.detail_value,
                    10),
                '%Y-%m-%d'),
        NULL) AS permit_expiration_date,
    medical_id.detail_value AS medical_id,
    r.current_balance AS reward_balance,
    customer_source.detail_value AS customer_source,
    GROUP_CONCAT(DISTINCT cg.name) AS groupnames,
    COUNT(DISTINCT oc.id) AS visits,
    notes.detail_value AS notes,
    IFNULL(IF(opted_in.detail_value = 1, 'Y', 'N'),
            'N') AS opted_in,
    IF(patient_type.detail_value = 0,
        'ADULTUSE',
        IF(patient_type.detail_value = 1,
            'MEDICAL',
            '')) AS patient_type,
    IF(c.signup_flag >= 0,
        'ACTIVE',
        'DEACTIVATED') AS customer_status,
    violations.detail_value AS violations,
    ROUND(SUM(tl.priceSell * tl.amount) * COUNT(DISTINCT tl.id) / COUNT(*),
            2) AS netSales,
    ROUND(SUM(tl.priceSell * tl.amount) * COUNT(DISTINCT tl.id) / COUNT(*) / COUNT(DISTINCT tl.ticket_ticketline),
            2) AS AvgSales,
    ad.street_1,
    ad.city,
    us.abbreviation AS state,
    ad.zipcode,
    ad.longitude,
    ad.latitude,
    ph.first_name AS physician_first,
    ph.last_name AS physician_last,
    ph.phone AS physician_phone,
    MAX(CASE
        WHEN
            pd.detail_category = 'ADDRESS'
                AND pd.detail_name = 'FULL_ADDRESS'
        THEN
            pd.detail_value
    END) AS physician_address,
    ph.license AS physician_medical_id,
    ph.email AS physician_email,
    NULL AS physician_notes,
    caregiver.detail_value AS caregiver,
    NOW() AS report_last_updated
FROM
    dispensary.crm_customer c
        LEFT JOIN
    dispensary.posper_ticketline tl ON c.id = tl.hints_customer_id
        LEFT JOIN
    dispensary.crm_reward r ON r.customer_id = c.id
        LEFT JOIN
    dispensary.crm_customer_detail nick_name ON nick_name.customer_id = c.id
        AND nick_name.restaurant_id = 1
        AND nick_name.detail_category = 'INFO'
        AND nick_name.detail_name = 'NICKNAME'
        LEFT JOIN
    dispensary.crm_customer_detail gender ON gender.customer_id = c.id
        AND gender.restaurant_id = 1
        AND gender.detail_category = 'LICENSE'
        AND gender.detail_name = 'SEX'
        LEFT JOIN
    dispensary.crm_customer_detail drivers_license ON drivers_license.customer_id = c.id
        AND drivers_license.restaurant_id = 1
        AND drivers_license.detail_category = 'LICENSE'
        AND drivers_license.detail_name = 'ID'
        LEFT JOIN
    dispensary.crm_customer_detail drivers_license_expiration_date ON drivers_license_expiration_date.customer_id = c.id
        AND drivers_license_expiration_date.restaurant_id = 1
        AND drivers_license_expiration_date.detail_category = 'LICENSE'
        AND drivers_license_expiration_date.detail_name = 'EXPIRATION'
        LEFT JOIN
    dispensary.crm_customer_detail permit_expiration_date ON permit_expiration_date.customer_id = c.id
        AND permit_expiration_date.restaurant_id = 1
        AND permit_expiration_date.detail_category = 'INFO'
        AND permit_expiration_date.detail_name = 'EXPIRATION'
        LEFT JOIN
    dispensary.crm_customer_detail medical_id ON medical_id.customer_id = c.id
        AND medical_id.restaurant_id = 1
        AND medical_id.detail_category = 'INFO'
        AND medical_id.detail_name = 'MEDICAL_CARD'
        LEFT JOIN
    dispensary.crm_customer_detail customer_source ON customer_source.customer_id = c.id
        AND customer_source.restaurant_id = 1
        AND customer_source.detail_category = 'INFO'
        AND customer_source.detail_name = 'SOURCE'
        LEFT JOIN
    dispensary.crm_customer_detail opted_in ON opted_in.customer_id = c.id
        AND opted_in.restaurant_id = 1
        AND opted_in.detail_category = 'PROMOTION'
        AND opted_in.detail_name = 'OPTOUT'
        LEFT JOIN
    dispensary.crm_customer_detail patient_type ON patient_type.customer_id = c.id
        AND patient_type.restaurant_id = 1
        AND patient_type.detail_category = 'INFO'
        AND patient_type.detail_name = 'HAS_MED_CARD'
        LEFT JOIN
    dispensary.crm_customer_detail violations ON violations.customer_id = c.id
        AND violations.restaurant_id = 1
        AND violations.detail_category = 'INFO'
        AND violations.detail_name = 'VIOLATIONS'
        LEFT JOIN
    dispensary.crm_customer_detail caregiver ON caregiver.customer_id = c.id
        AND caregiver.restaurant_id = 1
        AND caregiver.detail_category = 'INFO'
        AND caregiver.detail_name = 'CAREGIVER_NAME'
        LEFT JOIN
    dispensary.crm_customer_detail last_visit ON last_visit.customer_id = c.id
        AND last_visit.restaurant_id = 1
        AND last_visit.detail_category = 'VISITS'
        AND last_visit.detail_name = 'LAST_VISIT'
        LEFT JOIN
    dispensary.crm_customer_detail dob ON dob.customer_id = c.id
        AND dob.restaurant_id = 1
        AND dob.detail_category = 'LICENSE'
        AND dob.detail_name = 'DOB'
        LEFT JOIN
    dispensary.crm_customer_detail notes ON notes.customer_id = c.id
        AND notes.restaurant_id = 1
        AND notes.detail_category = 'NOTES'
        AND notes.detail_name = 'IMPORT_NOTES'
        LEFT JOIN
    dispensary.crm_customer_detail phy ON phy.customer_id = c.id
        AND phy.restaurant_id = 1
        AND phy.detail_category = 'PHYSICIAN'
        AND phy.detail_name = 'ID'
        LEFT JOIN
    dispensary.crm_customer_customer_group ccg ON ccg.customer_id = c.id
        LEFT JOIN
    dispensary.crm_customer_group cg ON cg.id = ccg.group_id
        LEFT JOIN
    dispensary.crm_onsite_customer oc ON oc.customer_id = c.id
        LEFT JOIN
    dispensary.crm_address ad ON ad.customer_id = c.id AND ad.primary = 1
        LEFT JOIN
    dispensary.usa_states us ON us.id = ad.state
        LEFT JOIN
    dispensary.crm_physician ph ON phy.detail_value = ph.id
        LEFT JOIN
    dispensary.crm_physician_details pd ON pd.physician_id = ph.id
        AND pd.restaurant_id = 1
WHERE
    c.last_updated_at >= @start_dtm
        AND c.last_updated_at < @end_dtm
GROUP BY c.id
ON DUPLICATE KEY UPDATE
`id` = values(`id`),
`first_name` = values(`first_name`),
`last_name`= values(`last_name`),
`nick_name`= values(`nick_name`),
`phone`= values(`phone`),
`email`= values(`email`),
`company`= values(`company`),
`customer_uuid`= values(`customer_uuid`),
`customer_signup_date`= values(`customer_signup_date`),
`customer_cancel_date`= values(`customer_cancel_date`),
`last_updated_at`= values(`last_updated_at`),
`last_visit`= values(`last_visit`),
`signup_flag`= values(`signup_flag`),
`gender`= values(`gender`),
`age group`= values(`age group`),
`age`= values(`age`),
`dob`= values(`dob`),
`driver_license`= values(`driver_license`),
`driver_license_expiration_date`= values(`driver_license_expiration_date`),
`permit_expiration_date`= values(`permit_expiration_date`),
`medical_id`= values(`medical_id`),
`reward_balance`= values(`reward_balance`),
`customer_source`= values(`customer_source`),
`groupnames`= values(`groupnames`),
`visits`= values(`visits`),
`notes`= values(`notes`),
`opted_in`= values(`opted_in`),
`patient_type`= values(`patient_type`),
`customer_status`= values(`customer_status`),
`violations`= values(`violations`),
`netSales`= values(`netSales`),
`AvgSales`= values(`AvgSales`),
`street_1`= values(`street_1`),
`city`= values(`city`),
`state`= values(`state`),
`zipcode`= values(`zipcode`),
`longitude`= values(`longitude`),
`latitude`= values(`latitude`),
`physician_first`= values(`physician_first`),
`physician_last`= values(`physician_last`),
`physician_phone`= values(`physician_phone`),
`physician_address`= values(`physician_address`),
`physician_medical_id`= values(`physician_medical_id`),
`physician_email`= values(`physician_email`),
`physician_notes`= values(`physician_notes`),
`caregiver` = values(`caregiver`),
`report_last_updated` = values(`report_last_updated`);

   replace into custom_batch_job(report_name, last_run_dtm) values(rpt_name, @end_dtm);

   commit;
END ;;
DELIMITER ;
/*!50003 SET sql_mode              = @saved_sql_mode */ ;
/*!50003 SET character_set_client  = @saved_cs_client */ ;
/*!50003 SET character_set_results = @saved_cs_results */ ;
/*!50003 SET collation_connection  = @saved_col_connection */ ;
ALTER DATABASE `inventory` CHARACTER SET utf8 COLLATE utf8_general_ci ;
/*!50003 DROP PROCEDURE IF EXISTS `report_discount_sp` */;
ALTER DATABASE `inventory` CHARACTER SET latin1 COLLATE latin1_swedish_ci ;
/*!50003 SET @saved_cs_client      = @@character_set_client */ ;
/*!50003 SET @saved_cs_results     = @@character_set_results */ ;
/*!50003 SET @saved_col_connection = @@collation_connection */ ;
/*!50003 SET character_set_client  = latin1 */ ;
/*!50003 SET character_set_results = latin1 */ ;
/*!50003 SET collation_connection  = latin1_swedish_ci */ ;
/*!50003 SET @saved_sql_mode       = @@sql_mode */ ;
/*!50003 SET sql_mode              = 'STRICT_TRANS_TABLES,NO_ZERO_DATE,NO_ENGINE_SUBSTITUTION' */ ;
DELIMITER ;;
CREATE DEFINER=`root`@`localhost` PROCEDURE `report_discount_sp`(start_dtm_in datetime, end_dtm_in datetime, clear_period_in boolean)
proc:begin
   declare rpt_name varchar(25) default 'report_discount_sp';

   select ifnull(max(last_run_dtm), '1971-01-01') into @last_run
   from custom_batch_job
   where report_name = rpt_name;

   if start_dtm_in is null then
      set @start_dtm = @last_run;
   else
      set @start_dtm = start_dtm_in;
   end if;

   if end_dtm_in is null then
      set @end_dtm := now();
   else
      set @end_dtm = end_dtm_in;
   end if;

   start transaction;

if clear_period_in then
   delete from report_discount
       where discount_date >= @start_dtm
       and discount_date < @end_dtm;
end if;

INSERT INTO `inventory`.`report_discount`
(`discount_date`,
`dateOpen`,
`timeOpen`,
`dateClosed`,
`timeClose`,
`dateTimeClosed`,
`dateLastUpdate`,
`timeLastUpdate`,
`ticketAlphaId`,
`ticketlineId`,
`ticketId`,
`gender`,
`age`,
`dob`,
`customer_address`,
`customer_city`,
`customer_state`,
`customer_country`,
`customer_email`,
`customer_phone`,
`cashier`,
`cashierId`,
`productType`,
`productSubtype`,
`productBrand`,
`productName`,
`size`,
`brand`,
`pricePerUnit`,
`pricePerUnitAfterDiscount`,
`pricePerUnitDifference`,
`quantity`,
`netSales`,
`weight`,
`unitOfMeasure`,
`salesTax`,
`discountType`,
`discountMethod`,
`discountTitle`,
`discountReason`,
`discounts`,
`discountId`,
`discountLogId`,
`approver`,
`customerType`,
`customerName`,
`customerId`,
`customer_mmid`,
`customer_MMID_expiration`,
`document_id`,
`customerGroup`,
`stateTrackingId`,
`skus`,
`distributor`,
`receiving_license`,
`inventory_sku`,
`external_id`,
`total_mg_thc`,
`total_mg_cbd`,
`extraction_method`,
`inventory_type`,
`report_last_updated`)
SELECT
    ti.dateclose AS discount_date,
    DATE_FORMAT(ti.dateopen, '%m/%d/%Y') AS dateOpen,
    TIME(ti.dateopen) AS timeOpen,
    DATE_FORMAT(ti.dateclose, '%m/%d/%Y') AS dateClosed,
    TIME(ti.dateclose) AS timeClose,
    ti.dateclose AS dateTimeClosed,
    DATE_FORMAT(ti.last_update_at, '%m/%d/%Y') AS dateLastUpdate,
    TIME(ti.last_update_at) AS timeLastUpdate,
    ti.alpha_num_id AS ticketAlphaId,
    tl.id AS ticketlineId,
    ti.id AS ticketId,
    IF(ti.hints_customer_id IS NOT NULL
            AND (gender.detail_value IS NULL
            OR gender.detail_value = ''),
        'U',
        gender.detail_value) AS gender,
    IFNULL(TIMESTAMPDIFF(YEAR,
                IF(dob.detail_value REGEXP '^s*([1-2]{1}[0-9]{3})-(0{1}[1-9]{1}|1{1}[0-2]{1})-(0{1}[1-9]{1}|[1-2]{1}[0-9]{1}|3{1}[0-1]{1})s*$',
                    STR_TO_DATE(dob.detail_value, '%Y-%m-%d'),
                    NULL),
                ti.dateclose),
            'N/A') AS age,
    dob.detail_value AS dob,
    ti.hints_customer_address AS customer_address,
    ti.city AS customer_city,
    ti.state AS customer_state,
    ti.country AS customer_country,
    ti.email AS customer_email,
    ti.phone AS customer_phone,
    u.name AS cashier,
    u.id AS cashierId,
    type.name AS productType,
    IFNULL(GROUP_CONCAT(DISTINCT IF(product_metadata.field_name = 'Subtype',
                    IF(product_detail.value = '',
                        'NO PRODUCT_SUBTYPE',
                        LEFT(product_detail.value, 255)),
                    NULL)),
            'NO PRODUCT_SUBTYPE') AS productSubtype,
    IFNULL(GROUP_CONCAT(DISTINCT IF(product_metadata.field_name = 'Brand',
                    LEFT(product_detail.value, 255),
                    NULL)),
            'NO PRODUCT_BRAND') AS productBrand,
    GROUP_CONCAT(DISTINCT IF(product_metadata.field_name = 'Name',
            LEFT(product_detail.value, 255),
            NULL)) AS productName,
    GROUP_CONCAT(DISTINCT IF(product_metadata.field_name = 'Size',
            LEFT(product_detail.value, 255),
            NULL)) AS size,
    GROUP_CONCAT(DISTINCT IF(product_metadata.field_name = 'Brand',
            LEFT(product_detail.value, 255),
            NULL)) AS brand,
    tl.priceSellOrig AS pricePerUnit,
    tl.priceSell AS pricePerUnitAfterDiscount,
    tl.priceSellOrig - tl.priceSell AS pricePerUnitDifference,
    tl.amount AS Quantity,
    tl.amount * tl.priceSell AS netSales,
    GROUP_CONCAT(DISTINCT IF(product_metadata.field_name = 'Size',
            LEFT(product_detail.value, 255),
            NULL)) AS weight,
    GROUP_CONCAT(DISTINCT IF(product_metadata.field_name = 'UoM',
            LEFT(product_detail.value, 255),
            NULL)) AS unitOfMeasure,
    IFNULL(sales_tax.tax_charged, 0) AS salesTax,
    cd.discount_num_type AS discountType,
    cd.method AS discountMethod,
    CASE
        WHEN
            cd.method = 'percent'
        THEN
            IF(cd.amount IS NULL,
                cd.title,
                CONCAT(cd.title, ' % | ', cd.amount, '%'))
        WHEN
            cd.method = 'dollar'
        THEN
            IF(cd.amount IS NULL,
                cd.title,
                CONCAT(cd.title, ' $ | $', cd.amount))
    END AS discountTitle,
    IFNULL(applied_pos_discount.reason_value, 'N/A') AS discountReason,
    IF(tl.orig_ticket_line IS NOT NULL,
        cdl.savings * (tl.amount / otl.amount),
        cdl.savings) AS discounts,
    cd.id AS discountId,
    cdl.id AS discountLogId,
    verifier.name AS approver,
    ti.customer_type AS customerType,
    ti.hints_customer_name AS customerName,
    IFNULL(ti.hints_customer_id, 'N/A') AS customerId,
    ti.medical_id AS customer_mmid,
    ti.medical_id_expiration AS customer_MMID_expiration,
    ti.document_id AS document_id,
    ti.customer_groups AS customerGroup,
    package.package_label AS stateTrackingId,
    GROUP_CONCAT(DISTINCT barcode.code) AS skus,
    distributor.name AS distributor,
    package.dispensary_license AS receiving_license,
    GROUP_CONCAT(DISTINCT barcode_package.code) AS inventory_sku,
    GROUP_CONCAT(DISTINCT IF(product_metadata.field_name = 'External ID',
            LEFT(product_detail.value, 255),
            NULL)) AS external_id,
    GROUP_CONCAT(DISTINCT IF(product_metadata.field_name = 'Total Mg THC',
            LEFT(product_detail.value, 255),
            NULL)) AS total_mg_thc,
    GROUP_CONCAT(DISTINCT IF(product_metadata.field_name = 'Total Mg CBD',
            LEFT(product_detail.value, 255),
            NULL)) AS total_cbd_thc,
    GROUP_CONCAT(DISTINCT IF(product_metadata.field_name = 'Extraction Method',
            LEFT(product_detail.value, 255),
            NULL)) AS extraction_method,
    tl.package_customer_type AS inventory_type,
    NOW() AS report_last_updated
FROM
    dispensary.posper_ticket ti
        JOIN
    dispensary.posper_ticketline tl ON tl.ticket_ticketline = ti.id
        JOIN
    dispensary.crm_discount_log cdl ON cdl.ticketline_id = CASE
        WHEN tl.orig_ticket_line IS NOT NULL THEN tl.orig_ticket_line
        ELSE tl.id
    END
        JOIN
    dispensary.crm_discount cd ON cdl.discount_id = cd.id
        LEFT JOIN
    dispensary.posper_ticketline otl ON otl.id = tl.orig_ticket_line
        LEFT JOIN
    inventory.tz_product product ON tl.product_id = product.id
        LEFT JOIN
    inventory.tz_product_detail product_detail ON product_detail.product_id = product.id
        LEFT JOIN
    inventory.tz_product_metadata product_metadata ON product_detail.product_metadata_id = product_metadata.id
        LEFT JOIN
    inventory.tz_type type ON product.type_id = type.id
        LEFT JOIN
    dispensary.crm_area_tax_ticketline_log sales_tax ON sales_tax.ticketline_id = tl.id
        AND sales_tax.area_tax_type = 'SALES'
        LEFT JOIN
    dispensary.crm_area_tax_ticketline_log city_tax ON city_tax.ticketline_id = tl.id
        AND city_tax.area_tax_type = 'CUSTOM'
        LEFT JOIN
    dispensary.crm_applied_pos_discount applied_pos_discount ON applied_pos_discount.id = cdl.application_id
        LEFT JOIN
    dispensary.crm_user verifier ON applied_pos_discount.verifier_id = verifier.id
        LEFT JOIN
    inventory.tz_invoice_line invoice_line ON invoice_line.product_id = product.id
        LEFT JOIN
    inventory.tz_package package ON package.invoice_line_id = invoice_line.id
        LEFT JOIN
    inventory.tz_invoice invoice ON invoice.id = invoice_line.invoice_id
        LEFT JOIN
    inventory.tz_distributor distributor ON package.distributor_id = distributor.id
        LEFT JOIN
    inventory.tz_invoice_line_cost line_cost ON invoice_line.cost_id = line_cost.id
        LEFT JOIN
    inventory.tz_barcode barcode ON product.id = barcode.reference_id
        AND barcode.reference_type = 'product'
        AND barcode.current_flag = 1
        LEFT JOIN
    dispensary.crm_user u ON (u.id = ti.userid)
        LEFT JOIN
    dispensary.crm_shift shift ON ((shift.id = ti.shift_id))
        LEFT JOIN
    dispensary.crm_account account ON ((account.id = shift.cash_drawer_id))
        LEFT JOIN
    dispensary.crm_customer_detail dob ON dob.customer_id = ti.hints_customer_id
        AND dob.detail_category = 'LICENSE'
        AND dob.detail_name = 'DOB'
        AND dob.restaurant_id = 1
        LEFT JOIN
    dispensary.crm_customer_detail gender ON gender.customer_id = ti.hints_customer_id
        AND gender.detail_category = 'LICENSE'
        AND gender.detail_name = 'SEX'
        AND gender.restaurant_id = 1
        LEFT JOIN
    inventory.tz_barcode barcode_package ON package.id = barcode_package.reference_id
        AND barcode_package.reference_type = 'package'
        AND barcode_package.source != 'PKG_LABEL'
        AND barcode_package.current_flag = 1
WHERE
    tl.updated_at >= DATE_SUB(@start_dtm, INTERVAL 35 SECOND)
        AND tl.updated_at < @end_dtm
        AND ti.dateclose IS NOT NULL
GROUP BY cdl.id , tl.id
UNION SELECT
    ti.dateclose AS discount_date,
    DATE_FORMAT(ti.dateopen, '%m/%d/%Y') AS dateOpen,
    TIME(ti.dateopen) AS timeOpen,
    DATE_FORMAT(ti.dateclose, '%m/%d/%Y') AS dateClosed,
    TIME(ti.dateclose) AS timeClose,
    ti.dateclose AS dateTimeClosed,
    DATE_FORMAT(ti.last_update_at, '%m/%d/%Y') AS dateLastUpdate,
    TIME(ti.last_update_at) AS timeLastUpdate,
    ti.alpha_num_id AS ticketAlphaId,
    tl.id AS ticketlineId,
    ti.id AS ticketId,
    IF(ti.hints_customer_id IS NOT NULL
            AND (gender.detail_value IS NULL
            OR gender.detail_value = ''),
        'U',
        gender.detail_value) AS gender,
    IFNULL(TIMESTAMPDIFF(YEAR,
                IF(dob.detail_value REGEXP '^s*([1-2]{1}[0-9]{3})-(0{1}[1-9]{1}|1{1}[0-2]{1})-(0{1}[1-9]{1}|[1-2]{1}[0-9]{1}|3{1}[0-1]{1})s*$',
                    STR_TO_DATE(dob.detail_value, '%Y-%m-%d'),
                    NULL),
                ti.dateclose),
            'N/A') AS age,
    dob.detail_value AS dob,
    ti.hints_customer_address AS customer_address,
    ti.city AS customer_city,
    ti.state AS customer_state,
    ti.country AS customer_country,
    ti.email AS customer_email,
    ti.phone AS customer_phone,
    u.name AS cashier,
    u.id AS cashierId,
    type.name AS productType,
    IFNULL(GROUP_CONCAT(DISTINCT IF(product_metadata.field_name = 'Subtype',
                    IF(product_detail.value = '',
                        'NO PRODUCT_SUBTYPE',
                        LEFT(product_detail.value, 255)),
                    NULL)),
            'NO PRODUCT_SUBTYPE') AS productSubtype,
    IFNULL(GROUP_CONCAT(DISTINCT IF(product_metadata.field_name = 'Brand',
                    LEFT(product_detail.value, 255),
                    NULL)),
            'NO PRODUCT_BRAND') AS productBrand,
    GROUP_CONCAT(DISTINCT IF(product_metadata.field_name = 'Name',
            LEFT(product_detail.value, 255),
            NULL)) AS productName,
    GROUP_CONCAT(DISTINCT IF(product_metadata.field_name = 'Size',
            LEFT(product_detail.value, 255),
            NULL)) AS size,
    GROUP_CONCAT(DISTINCT IF(product_metadata.field_name = 'Brand',
            LEFT(product_detail.value, 255),
            NULL)) AS brand,
    tl.priceSellOrig AS pricePerUnit,
    tl.priceSell AS pricePerUnitAfterDiscount,
    tl.priceSellOrig - tl.priceSell AS pricePerUnitDifference,
    tl.amount AS Quantity,
    tl.amount * tl.priceSell AS netSales,
    GROUP_CONCAT(DISTINCT IF(product_metadata.field_name = 'Size',
            LEFT(product_detail.value, 255),
            NULL)) AS weight,
    GROUP_CONCAT(DISTINCT IF(product_metadata.field_name = 'UoM',
            LEFT(product_detail.value, 255),
            NULL)) AS unitOfMeasure,
    IFNULL(sales_tax.tax_charged, 0) AS salesTax,
    cd.discount_num_type AS discountType,
    cd.method AS discountMethod,
    CASE
        WHEN
            cd.method = 'percent'
        THEN
            IF(cd.amount IS NULL,
                cd.title,
                CONCAT(cd.title, ' % | ', cd.amount, '%'))
        WHEN
            cd.method = 'dollar'
        THEN
            IF(cd.amount IS NULL,
                cd.title,
                CONCAT(cd.title, ' $ | $', cd.amount))
    END AS discountTitle,
    IFNULL(applied_pos_discount.reason_value, 'N/A') AS discountReason,
    IF(tl.orig_ticket_line IS NOT NULL,
        cdl.savings * (tl.amount / otl.amount),
        cdl.savings) AS discounts,
    cd.id AS discountId,
    cdl.id AS discountLogId,
    verifier.name AS approver,
    ti.customer_type AS customerType,
    ti.hints_customer_name AS customerName,
    IFNULL(ti.hints_customer_id, 'N/A') AS customerId,
    ti.medical_id AS customer_mmid,
    ti.medical_id_expiration AS customer_MMID_expiration,
    ti.document_id AS document_id,
    ti.customer_groups AS customerGroup,
    package.package_label AS stateTrackingId,
    GROUP_CONCAT(DISTINCT barcode.code) AS skus,
    distributor.name AS distributor,
    package.dispensary_license AS receiving_license,
    GROUP_CONCAT(DISTINCT barcode_package.code) AS inventory_sku,
    GROUP_CONCAT(DISTINCT IF(product_metadata.field_name = 'External ID',
            LEFT(product_detail.value, 255),
            NULL)) AS external_id,
    GROUP_CONCAT(DISTINCT IF(product_metadata.field_name = 'Total Mg THC',
            LEFT(product_detail.value, 255),
            NULL)) AS total_mg_thc,
    GROUP_CONCAT(DISTINCT IF(product_metadata.field_name = 'Total Mg CBD',
            LEFT(product_detail.value, 255),
            NULL)) AS total_cbd_thc,
    GROUP_CONCAT(DISTINCT IF(product_metadata.field_name = 'Extraction Method',
            LEFT(product_detail.value, 255),
            NULL)) AS extraction_method,
    tl.package_customer_type AS inventory_type,
    NOW() AS report_last_updated
FROM
    dispensary.posper_ticket ti
        JOIN
    dispensary.posper_ticketline tl ON tl.ticket_ticketline = ti.id
        JOIN
    dispensary.crm_discount_log cdl ON cdl.ticketline_id = CASE
        WHEN tl.orig_ticket_line IS NOT NULL THEN tl.orig_ticket_line
        ELSE tl.id
    END
        JOIN
    dispensary.crm_discount cd ON cdl.discount_id = cd.id
        LEFT JOIN
    dispensary.posper_ticketline otl ON otl.id = tl.orig_ticket_line
        LEFT JOIN
    inventory.tz_product product ON tl.product_id = product.id
        LEFT JOIN
    inventory.tz_product_detail product_detail ON product_detail.product_id = product.id
        LEFT JOIN
    inventory.tz_product_metadata product_metadata ON product_detail.product_metadata_id = product_metadata.id
        LEFT JOIN
    inventory.tz_type type ON product.type_id = type.id
        LEFT JOIN
    dispensary.crm_area_tax_ticketline_log sales_tax ON sales_tax.ticketline_id = tl.id
        AND sales_tax.area_tax_type = 'SALES'
        LEFT JOIN
    dispensary.crm_area_tax_ticketline_log city_tax ON city_tax.ticketline_id = tl.id
        AND city_tax.area_tax_type = 'CUSTOM'
        LEFT JOIN
    dispensary.crm_applied_pos_discount applied_pos_discount ON applied_pos_discount.id = cdl.application_id
        LEFT JOIN
    dispensary.crm_user verifier ON applied_pos_discount.verifier_id = verifier.id
        LEFT JOIN
    inventory.tz_invoice_line invoice_line ON invoice_line.product_id = product.id
        LEFT JOIN
    inventory.tz_package package ON package.invoice_line_id = invoice_line.id
        LEFT JOIN
    inventory.tz_invoice invoice ON invoice.id = invoice_line.invoice_id
        LEFT JOIN
    inventory.tz_distributor distributor ON package.distributor_id = distributor.id
        LEFT JOIN
    inventory.tz_invoice_line_cost line_cost ON invoice_line.cost_id = line_cost.id
        LEFT JOIN
    inventory.tz_barcode barcode ON product.id = barcode.reference_id
        AND barcode.reference_type = 'product'
        AND barcode.current_flag = 1
        LEFT JOIN
    dispensary.crm_user u ON (u.id = ti.userid)
        LEFT JOIN
    dispensary.crm_shift shift ON ((shift.id = ti.shift_id))
        LEFT JOIN
    dispensary.crm_account account ON ((account.id = shift.cash_drawer_id))
        LEFT JOIN
    dispensary.crm_customer_detail dob ON dob.customer_id = ti.hints_customer_id
        AND dob.detail_category = 'LICENSE'
        AND dob.detail_name = 'DOB'
        AND dob.restaurant_id = 1
        LEFT JOIN
    dispensary.crm_customer_detail gender ON gender.customer_id = ti.hints_customer_id
        AND gender.detail_category = 'LICENSE'
        AND gender.detail_name = 'SEX'
        AND gender.restaurant_id = 1
        LEFT JOIN
    inventory.tz_barcode barcode_package ON package.id = barcode_package.reference_id
        AND barcode_package.reference_type = 'package'
        AND barcode_package.source != 'PKG_LABEL'
        AND barcode_package.current_flag = 1
WHERE
    tl.id IN (SELECT
            tl.id
        FROM
            dispensary.posper_ticket ti
                JOIN
            dispensary.posper_ticketline tl ON tl.ticket_ticketline = ti.id
                AND ti.dateclose IS NOT NULL
                AND tl.updated_at >= DATE_SUB(@start_dtm, INTERVAL 1 HOUR)
                AND tl.updated_at < DATE_SUB(@start_dtm, INTERVAL 5 MINUTE)
                JOIN
            dispensary.crm_discount_log cdl ON cdl.ticketline_id = tl.id
                AND cdl.id NOT IN (SELECT
                    discountLogId
                FROM
                    inventory.report_discount))
GROUP BY cdl.id , tl.id
ON DUPLICATE KEY UPDATE
`discount_date` = values(`discount_date`),
`dateOpen` = values(`dateOpen`),
`timeOpen` = values(`timeOpen`),
`dateClosed` = values(`dateClosed`),
`timeClose` = values(`timeClose`),
`dateTimeClosed` = values(`dateTimeClosed`),
`dateLastUpdate` = values(`dateLastUpdate`),
`timeLastUpdate` = values(`timeLastUpdate`),
`ticketAlphaId` = values(`ticketAlphaId`),
`ticketlineId` = values(`ticketlineId`),
`ticketId` = values(`ticketId`),
`gender` = values(`gender`),
`age` = values(`age`),
`dob` = values(`dob`),
`customer_address` = values(`customer_address`),
`customer_city` = values(`customer_city`),
`customer_state` = values(`customer_state`),
`customer_country` = values(`customer_country`),
`customer_email` = values(`customer_email`),
`customer_phone` = values(`customer_phone`),
`cashier` = values(`cashier`),
`cashierId` = values(`cashierId`),
`productType` = values(`productType`),
`productSubtype` = values(`productSubtype`),
`productBrand` = values(`productBrand`),
`productName` = values(`productName`),
`size` = values(`size`),
`brand` = values(`brand`),
`pricePerUnit` = values(`pricePerUnit`),
`pricePerUnitAfterDiscount` = values(`pricePerUnitAfterDiscount`),
`pricePerUnitDifference` = values(`pricePerUnitDifference`),
`quantity` = values(`quantity`),
`netSales` = values(`netSales`),
`weight` = values(`weight`),
`unitOfMeasure` = values(`unitOfMeasure`),
`salesTax` = values(`salesTax`),
`discountType` = values(`discountType`),
`discountMethod` = values(`discountMethod`),
`discountTitle` = values(`discountTitle`),
`discountReason` = values(`discountReason`),
`discounts` = values(`discounts`),
`discountId` = values(`discountId`),
`discountLogId` = values(`discountLogId`),
`approver` = values(`approver`),
`customerType` = values(`customerType`),
`customerName` = values(`customerName`),
`customerId` = values(`customerId`),
`customer_mmid` = values(`customer_mmid`),
`customer_MMID_expiration` = values(`customer_MMID_expiration`),
`document_id` = values(`document_id`),
`customerGroup` = values(`customerGroup`),
`stateTrackingId` = values(`stateTrackingId`),
`skus` = values(`skus`),
`distributor` = values(`distributor`),
`receiving_license` = values(`receiving_license`),
`inventory_sku` = values(`inventory_sku`),
`external_id` = values(`external_id`),
`total_mg_thc` = values(`total_mg_thc`),
`total_mg_cbd` = values(`total_mg_cbd`),
`extraction_method` = values(`extraction_method`),
`inventory_type` = values(`inventory_type`),
`report_last_updated` = values(`report_last_updated`);

   replace into custom_batch_job(report_name, last_run_dtm) values(rpt_name, @end_dtm);

   commit;
END ;;
DELIMITER ;
/*!50003 SET sql_mode              = @saved_sql_mode */ ;
/*!50003 SET character_set_client  = @saved_cs_client */ ;
/*!50003 SET character_set_results = @saved_cs_results */ ;
/*!50003 SET collation_connection  = @saved_col_connection */ ;
ALTER DATABASE `inventory` CHARACTER SET utf8 COLLATE utf8_general_ci ;
/*!50003 DROP PROCEDURE IF EXISTS `report_payment_sp` */;
ALTER DATABASE `inventory` CHARACTER SET latin1 COLLATE latin1_swedish_ci ;
/*!50003 SET @saved_cs_client      = @@character_set_client */ ;
/*!50003 SET @saved_cs_results     = @@character_set_results */ ;
/*!50003 SET @saved_col_connection = @@collation_connection */ ;
/*!50003 SET character_set_client  = latin1 */ ;
/*!50003 SET character_set_results = latin1 */ ;
/*!50003 SET collation_connection  = latin1_swedish_ci */ ;
/*!50003 SET @saved_sql_mode       = @@sql_mode */ ;
/*!50003 SET sql_mode              = 'STRICT_TRANS_TABLES,NO_ZERO_DATE,NO_ENGINE_SUBSTITUTION' */ ;
DELIMITER ;;
CREATE DEFINER=`root`@`localhost` PROCEDURE `report_payment_sp`(start_dtm_in datetime, end_dtm_in datetime, clear_period_in boolean)
proc:begin
   declare rpt_name varchar(25) default 'report_payment_sp';

   select ifnull(max(last_run_dtm), '1971-01-01') into @last_run 
   from custom_batch_job 
   where report_name = rpt_name;
   
   if start_dtm_in is null then
      set @start_dtm = @last_run;
   else
      set @start_dtm = start_dtm_in;
   end if;

   if end_dtm_in is null then
      set @end_dtm := now();
   else
      set @end_dtm = end_dtm_in;
   end if;

   start transaction;

if clear_period_in then
   delete from report_payment
       where payment_date >= @start_dtm
       and payment_date < @end_dtm;
end if;

INSERT INTO `inventory`.`report_payment`
(`payment_date`,
`paymentid`,
`paymentName`,
`originalAmount`,
`changeAmount`,
`grossReceiptsPaid`,
`percent_of_ticket`,
`ticketId`,
`ticketAlphaNum`,
`dateClosed`,
`timeClosed`,
`paymentType`,
`customerType`,
`customerName`,
`customerId`,
`seconds_to_payment`,
`mmid`,
`customerGroups`,
`dateOpen`,
`timeOpened`,
`dateLastModified`,
`timeLastModified`,
`datePaymentProcessed`,
`timePaymentProcessed`,
`authCode`,
`refCode`,
`ticketLineId`,
`metrcReceipt`,
`activity`,
`cashier`,
`approver`,
`documentId`,
`age`,
`dob`,
`city`,
`stateProvince`,
`country`,
`primaryAddress`,
`zip`,
`gender`,
`email`,
`phone`,
`report_last_updated`)
SELECT
    ticket.dateclose AS payment_date,
    payment.id AS paymentid,
    payment_type.display_name AS paymentName,
    IFNULL(MAX(CASE
                WHEN pdet.detail_name = 'ORIGINAL_PAYMENT' THEN pdet.detail_value
            END),
            payment.amount) AS originalAmount,
    IFNULL(MAX(CASE
                WHEN pdet.detail_name = 'CHANGE_GIVEN' THEN pdet.detail_value
            END),
            0) AS changeAmount,
    IFNULL(MAX(CASE
                WHEN pdet.detail_name = 'CHANGE_GIVEN' THEN - pdet.detail_value
            END),
            0) + IFNULL(MAX(CASE
                WHEN pdet.detail_name = 'ORIGINAL_PAYMENT' THEN pdet.detail_value
            END),
            payment.amount) AS grossReceiptsPaid,
    NULL AS percent_of_ticket,
    ticket.id AS ticketId,
    ticket.alpha_num_id AS ticketAlphaNum,
    DATE(ticket.dateclose) AS dateClosed,
    TIME(ticket.dateclose) AS timeClosed,
    IF(payment.is_refund = '1',
        CONCAT(payment_type.display_name, ' Refund'),
        payment_type.display_name) AS paymentType,
    ticket.customer_type AS customerType,
    ticket.hints_customer_name AS customerName,
    IFNULL(ticket.hints_customer_id, '') AS customerId,
    TIMESTAMPDIFF(SECOND,
        ticket.dateopen,
        ticket.dateclose) AS seconds_to_payment,
    IFNULL(ticket.medical_id, 'N/A') AS mmid,
    IFNULL(ticket_groups.groupConcat, 'N/A') AS customerGroups,
    DATE(ticket.dateOpen) AS dateOpen,
    TIME(ticket.dateOpen) AS timeOpened,
    DATE(ticket.last_update_at) AS dateLastModified,
    TIME(ticket.last_update_at) AS timeLastModified,
    DATE(pdet.date_created) AS datePaymentProcessed,
    TIME(pdet.date_created) AS timePaymentProcessed,
    IF(pdet.detail_name = 'AUTHCODE',
        pdet.detail_value,
        'N/A') AS authCode,
    IF(pdet.detail_name = 'REFNO',
        pdet.detail_value,
        'N/A') AS refCode,
    '' AS ticketLineId,
    metrc.receipt_number AS metrcReceipt,
    ticket.ticket_type AS activity,
    user.name AS cashier,
    user.name AS approver,
    IFNULL(document_id_detail.detail_value, 'N/A') AS documentId,
    IF((TIMESTAMPDIFF(YEAR,
            dob_detail.dob,
            ticket.dateClose) <= 255)
            AND (TIMESTAMPDIFF(YEAR,
            dob_detail.dob,
            ticket.dateClose) >= 0)
            AND ticket.dateClose IS NOT NULL,
        TIMESTAMPDIFF(YEAR,
            dob_detail.dob,
            ticket.dateClose) + IF((TIMESTAMPDIFF(MONTH,
                dob_detail.dob,
                ticket.dateClose) - TIMESTAMPDIFF(YEAR,
                dob_detail.dob,
                ticket.dateClose) * 12) >= 6,
            1,
            0),
        NULL) AS age,
    dob_detail.dob AS dob,
    IFNULL(address.city, 'N/A') AS city,
    IFNULL(state.abbreviation, 'N/A') AS stateProvince,
    IF(address.country IS NULL,
        'N/A',
        'USA') AS country,
    CONCAT_WS(' ',
            address.street_1,
            address.street_2,
            address.city,
            state.abbreviation,
            address.zipcode) AS primaryAddress,
    address.zipcode AS zip,
    IF(customer.id IS NOT NULL
            AND (gender_detail.detail_value IS NULL
            OR gender_detail.detail_value = ''),
        'U',
        gender_detail.detail_value) AS gender,
    customer.email,
    customer.phone,
    NOW() AS report_last_updated
FROM
    dispensary.posper_ticket ticket
        JOIN
    dispensary.posper_payment payment ON ticket.id = payment.ticket_id
        LEFT JOIN
    dispensary.crm_payment_type payment_type ON payment_type.id = payment.payment_type_id
        LEFT JOIN
    dispensary.crm_payment_detail pdet ON pdet.payment_id = payment.id
        LEFT JOIN
    dispensary.crm_sale_tracking_receipt metrc ON metrc.ticket_id = ticket.id
        LEFT JOIN
    dispensary.crm_user user ON user.id = ticket.userid
        LEFT JOIN
    dispensary.crm_customer_detail document_id_detail ON ticket.hints_customer_id = document_id_detail.customer_id
        AND document_id_detail.detail_category = 'LICENSE'
        AND document_id_detail.detail_name = 'ID'
        AND document_id_detail.restaurant_id = 1
        LEFT JOIN
    (SELECT
        cd.customer_id,
            STR_TO_DATE(cd.detail_value, '%Y-%m-%d') AS dob
    FROM
        dispensary.crm_customer_detail cd
    WHERE
        cd.restaurant_id = 1
            AND cd.detail_name = 'DOB'
            AND cd.detail_value REGEXP '^s*([1-2]{1}[0-9]{3})-(0{1}[1-9]{1}|1{1}[0-2]{1})-(0{1}[1-9]{1}|[1-2]{1}[0-9]{1}|3{1}[0-1]{1})s*$') AS dob_detail ON ticket.hints_customer_id = dob_detail.customer_id
        LEFT JOIN
    dispensary.crm_address address ON address.id = (SELECT
            ad.id
        FROM
            dispensary.crm_address ad
        WHERE
            ad.customer_id = ticket.hints_customer_id
                AND ad.primary = '1'
        LIMIT 1)
        LEFT JOIN
    dispensary.crm_customer_detail gender_detail ON ticket.hints_customer_id = gender_detail.customer_id
        AND gender_detail.detail_category = 'LICENSE'
        AND gender_detail.detail_name = 'SEX'
        AND gender_detail.restaurant_id = 1
        LEFT JOIN
    dispensary.crm_customer customer ON ticket.hints_customer_id = customer.id
        LEFT JOIN
    dispensary.usa_states state ON address.state = state.id
        LEFT JOIN
    (SELECT
        ticket_group.id,
            GROUP_CONCAT(DISTINCT IFNULL(TRIM(customer_group.name), '')) AS groupConcat
    FROM
        dispensary.posper_ticket ticket_group
    JOIN dispensary.crm_customer customer ON ticket_group.hints_customer_id = customer.id
    JOIN dispensary.crm_customer_customer_group ccg ON ccg.customer_id = customer.id
    JOIN dispensary.crm_customer_group customer_group ON ccg.group_id = customer_group.id
    WHERE
        ticket_group.dateclose IS NOT NULL
            AND ticket_group.last_update_at >= DATE_SUB(@start_dtm, INTERVAL 35 SECOND)
            AND ticket_group.last_update_at < @end_dtm
    GROUP BY ticket_group.id) AS ticket_groups ON ticket.id = ticket_groups.id
WHERE
    (ticket.dateclose IS NOT NULL
        AND ticket.last_update_at >= DATE_SUB(@start_dtm, INTERVAL 35 SECOND)
        AND ticket.last_update_at < @end_dtm)
GROUP BY payment.id
UNION SELECT
    ticket.dateclose AS payment_date,
    payment.id AS paymentid,
    payment_type.display_name AS paymentName,
    IFNULL(MAX(CASE
                WHEN pdet.detail_name = 'ORIGINAL_PAYMENT' THEN pdet.detail_value
            END),
            payment.amount) AS originalAmount,
    IFNULL(MAX(CASE
                WHEN pdet.detail_name = 'CHANGE_GIVEN' THEN pdet.detail_value
            END),
            0) AS changeAmount,
    IFNULL(MAX(CASE
                WHEN pdet.detail_name = 'CHANGE_GIVEN' THEN - pdet.detail_value
            END),
            0) + IFNULL(MAX(CASE
                WHEN pdet.detail_name = 'ORIGINAL_PAYMENT' THEN pdet.detail_value
            END),
            payment.amount) AS grossReceiptsPaid,
    NULL AS percent_of_ticket,
    ticket.id AS ticketId,
    ticket.alpha_num_id AS ticketAlphaNum,
    DATE(ticket.dateclose) AS dateClosed,
    TIME(ticket.dateclose) AS timeClosed,
    IF(payment.is_refund = '1',
        CONCAT(payment_type.display_name, ' Refund'),
        payment_type.display_name) AS paymentType,
    ticket.customer_type AS customerType,
    ticket.hints_customer_name AS customerName,
    IFNULL(ticket.hints_customer_id, '') AS customerId,
    TIMESTAMPDIFF(SECOND,
        ticket.dateopen,
        ticket.dateclose) AS seconds_to_payment,
    IFNULL(ticket.medical_id, 'N/A') AS mmid,
    IFNULL(ticket_groups.groupConcat, 'N/A') AS customerGroups,
    DATE(ticket.dateOpen) AS dateOpen,
    TIME(ticket.dateOpen) AS timeOpened,
    DATE(ticket.last_update_at) AS dateLastModified,
    TIME(ticket.last_update_at) AS timeLastModified,
    DATE(pdet.date_created) AS datePaymentProcessed,
    TIME(pdet.date_created) AS timePaymentProcessed,
    IF(pdet.detail_name = 'AUTHCODE',
        pdet.detail_value,
        'N/A') AS authCode,
    IF(pdet.detail_name = 'REFNO',
        pdet.detail_value,
        'N/A') AS refCode,
    '' AS ticketLineId,
    metrc.receipt_number AS metrcReceipt,
    ticket.ticket_type AS activity,
    user.name AS cashier,
    user.name AS approver,
    IFNULL(document_id_detail.detail_value, 'N/A') AS documentId,
    IF((TIMESTAMPDIFF(YEAR,
            dob_detail.dob,
            ticket.dateClose) <= 255)
            AND (TIMESTAMPDIFF(YEAR,
            dob_detail.dob,
            ticket.dateClose) >= 0)
            AND ticket.dateClose IS NOT NULL,
        TIMESTAMPDIFF(YEAR,
            dob_detail.dob,
            ticket.dateClose) + IF((TIMESTAMPDIFF(MONTH,
                dob_detail.dob,
                ticket.dateClose) - TIMESTAMPDIFF(YEAR,
                dob_detail.dob,
                ticket.dateClose) * 12) >= 6,
            1,
            0),
        NULL) AS age,
    dob_detail.dob AS dob,
    IFNULL(address.city, 'N/A') AS city,
    IFNULL(state.abbreviation, 'N/A') AS stateProvince,
    IF(address.country IS NULL,
        'N/A',
        'USA') AS country,
    CONCAT_WS(' ',
            address.street_1,
            address.street_2,
            address.city,
            state.abbreviation,
            address.zipcode) AS primaryAddress,
    address.zipcode AS zip,
    IF(customer.id IS NOT NULL
            AND (gender_detail.detail_value IS NULL
            OR gender_detail.detail_value = ''),
        'U',
        gender_detail.detail_value) AS gender,
    customer.email,
    customer.phone,
    NOW() AS report_last_updated
FROM
    dispensary.posper_ticket ticket
        JOIN
    dispensary.posper_payment payment ON ticket.id = payment.ticket_id
        LEFT JOIN
    dispensary.crm_payment_type payment_type ON payment_type.id = payment.payment_type_id
        LEFT JOIN
    dispensary.crm_payment_detail pdet ON pdet.payment_id = payment.id
        LEFT JOIN
    dispensary.crm_sale_tracking_receipt metrc ON metrc.ticket_id = ticket.id
        LEFT JOIN
    dispensary.crm_user user ON user.id = ticket.userid
        LEFT JOIN
    dispensary.crm_customer_detail document_id_detail ON ticket.hints_customer_id = document_id_detail.customer_id
        AND document_id_detail.detail_category = 'LICENSE'
        AND document_id_detail.detail_name = 'ID'
        AND document_id_detail.restaurant_id = 1
        LEFT JOIN
    (SELECT
        cd.customer_id,
            STR_TO_DATE(cd.detail_value, '%Y-%m-%d') AS dob
    FROM
        dispensary.crm_customer_detail cd
    WHERE
        cd.restaurant_id = 1
            AND cd.detail_name = 'DOB'
            AND cd.detail_value REGEXP '^s*([1-2]{1}[0-9]{3})-(0{1}[1-9]{1}|1{1}[0-2]{1})-(0{1}[1-9]{1}|[1-2]{1}[0-9]{1}|3{1}[0-1]{1})s*$') AS dob_detail ON ticket.hints_customer_id = dob_detail.customer_id
        LEFT JOIN
    dispensary.crm_address address ON address.id = (SELECT
            ad.id
        FROM
            dispensary.crm_address ad
        WHERE
            ad.customer_id = ticket.hints_customer_id
                AND ad.primary = '1'
        LIMIT 1)
        LEFT JOIN
    dispensary.crm_customer_detail gender_detail ON ticket.hints_customer_id = gender_detail.customer_id
        AND gender_detail.detail_category = 'LICENSE'
        AND gender_detail.detail_name = 'SEX'
        AND gender_detail.restaurant_id = 1
        LEFT JOIN
    dispensary.crm_customer customer ON ticket.hints_customer_id = customer.id
        LEFT JOIN
    dispensary.usa_states state ON address.state = state.id
        LEFT JOIN
    (SELECT
        ticket_group.id,
            GROUP_CONCAT(DISTINCT IFNULL(TRIM(customer_group.name), '')) AS groupConcat
    FROM
        dispensary.posper_ticket ticket_group
    JOIN dispensary.crm_customer customer ON ticket_group.hints_customer_id = customer.id
    JOIN dispensary.crm_customer_customer_group ccg ON ccg.customer_id = customer.id
    JOIN dispensary.crm_customer_group customer_group ON ccg.group_id = customer_group.id
    WHERE
        ticket_group.id IN (SELECT
                tl.id
            FROM
                dispensary.posper_ticket ti
            JOIN dispensary.posper_ticketline tl ON tl.ticket_ticketline = ti.id
                AND ti.dateclose IS NOT NULL
                AND tl.updated_at >= DATE_SUB(@start_dtm, INTERVAL 1 HOUR)
                AND tl.updated_at < DATE_SUB(@start_dtm, INTERVAL 5 MINUTE)
            JOIN dispensary.posper_payment pa ON pa.ticket_id = ti.id
                AND pa.id NOT IN (SELECT
                    paymentid
                FROM
                    inventory.report_payment))
    GROUP BY ticket_group.id) AS ticket_groups ON ticket.id = ticket_groups.id
WHERE
    payment.id IN (SELECT
            pa.id
        FROM
            dispensary.posper_ticket ti
                JOIN
            dispensary.posper_ticketline tl ON tl.ticket_ticketline = ti.id
                AND ti.dateclose IS NOT NULL
                AND tl.updated_at >= DATE_SUB(@start_dtm, INTERVAL 1 HOUR)
                AND tl.updated_at < DATE_SUB(@start_dtm, INTERVAL 5 MINUTE)
                JOIN
            dispensary.posper_payment pa ON pa.ticket_id = ti.id
                AND pa.id NOT IN (SELECT
                    paymentid
                FROM
                    inventory.report_payment))
GROUP BY payment.id
ON DUPLICATE KEY UPDATE
`payment_date` = values(`payment_date`),
`paymentid` = values(`paymentid`),
`paymentName` = values(`paymentName`),
`originalAmount` = values(`originalAmount`),
`changeAmount` = values(`changeAmount`),
`grossReceiptsPaid` = values(`grossReceiptsPaid`),
`percent_of_ticket` = values(`percent_of_ticket`),
`ticketId` = values(`ticketId`),
`ticketAlphaNum` = values(`ticketAlphaNum`),
`dateClosed` = values(`dateClosed`),
`timeClosed` = values(`timeClosed`),
`paymentType` = values(`paymentType`),
`customerType` = values(`customerType`),
`customerName` = values(`customerName`),
`customerId` = values(`customerId`),
`seconds_to_payment` = values(`seconds_to_payment`),
`mmid` = values(`mmid`),
`customerGroups` = values(`customerGroups`),
`dateOpen` = values(`dateOpen`),
`timeOpened` = values(`timeOpened`),
`dateLastModified` = values(`dateLastModified`),
`timeLastModified` = values(`timeLastModified`),
`datePaymentProcessed` = values(`datePaymentProcessed`),
`timePaymentProcessed` = values(`timePaymentProcessed`),
`authCode` = values(`authCode`),
`refCode` = values(`refCode`),
`ticketLineId` = values(`ticketLineId`),
`metrcReceipt` = values(`metrcReceipt`),
`activity` = values(`activity`),
`cashier` = values(`cashier`),
`approver` = values(`approver`),
`documentId` = values(`documentId`),
`age` = values(`age`),
`dob` = values(`dob`),
`city` = values(`city`),
`stateProvince` = values(`stateProvince`),
`country` = values(`country`),
`primaryAddress` = values(`primaryAddress`),
`zip` = values(`zip`),
`gender` = values(`gender`),
`email` = values(`email`),
`phone` = values(`phone`),
`report_last_updated` = values(`report_last_updated`);

   replace into custom_batch_job(report_name, last_run_dtm) values(rpt_name, @end_dtm);

   commit;
END ;;
DELIMITER ;
/*!50003 SET sql_mode              = @saved_sql_mode */ ;
/*!50003 SET character_set_client  = @saved_cs_client */ ;
/*!50003 SET character_set_results = @saved_cs_results */ ;
/*!50003 SET collation_connection  = @saved_col_connection */ ;
ALTER DATABASE `inventory` CHARACTER SET utf8 COLLATE utf8_general_ci ;
/*!50003 DROP PROCEDURE IF EXISTS `report_product_sp` */;
ALTER DATABASE `inventory` CHARACTER SET latin1 COLLATE latin1_swedish_ci ;
/*!50003 SET @saved_cs_client      = @@character_set_client */ ;
/*!50003 SET @saved_cs_results     = @@character_set_results */ ;
/*!50003 SET @saved_col_connection = @@collation_connection */ ;
/*!50003 SET character_set_client  = latin1 */ ;
/*!50003 SET character_set_results = latin1 */ ;
/*!50003 SET collation_connection  = latin1_swedish_ci */ ;
/*!50003 SET @saved_sql_mode       = @@sql_mode */ ;
/*!50003 SET sql_mode              = 'STRICT_TRANS_TABLES,NO_ZERO_DATE,NO_ENGINE_SUBSTITUTION' */ ;
DELIMITER ;;
CREATE DEFINER=`root`@`localhost` PROCEDURE `report_product_sp`(IN start_dtm_in datetime, IN end_dtm_in datetime, IN clear_period_in tinyint(1))
proc:
  begin
    declare rpt_name varchar(25) default 'report_product_sp';

    select ifnull(max(last_run_dtm), '1971-01-01') into @last_run from custom_batch_job where report_name = rpt_name;

    if start_dtm_in is null
    then
      set @start_dtm = @last_run;
    else
      set @start_dtm = start_dtm_in;
    end if;

    if end_dtm_in is null
    then
      set @end_dtm := now();
    else
      set @end_dtm = end_dtm_in;
    end if;

    start transaction;

    if clear_period_in then
       delete from report_product
           where line_updated_date >= @start_dtm
           and line_updated_date < @end_dtm;
    end if;

    INSERT INTO `inventory`.`report_product` (`ticket_status`,
                                               `register`,
                                               `ticket_type`,
                                               `customer_type`,
                                               `type`,
                                               `customer`,
                                               `address`,
                                               `alternative_address`,
                                               `secondary_address`,
                                               `customer_country`,
                                               `customer_state`,
                                               `customer_city`,
                                               `zip_code`,
                                               `customer_groups`,
                                               `customer_MMID`,
                                               `customer_MMID_expiration`,
                                               `document_id`,
                                               `email`,
                                               `phone`,
                                               `gender`,
                                               `age`,
                                               `age group`,
                                               `dob`,
                                               `cashier`,
                                               `approver`,
                                               `productType`,
                                               `productSubtype`,
                                               `productAttributes`,
                                               `productBrand`,
                                               `productName`,
                                               `classification`,
                                               `tier`,
                                               `weight`,
                                               `unitOfMeasure`,
                                               `size`,
                                               `priceUnit`,
                                               `qty`,
                                               `grossSales`,
                                               `discounts`,
                                               `returns`,
                                               `netSales`,
                                               `taxes`,
                                               `grossReceipts`,
                                               `cost`,
                                               `cost_without_excise`,
                                               `grossIncome`,
                                               `avgProductMarginPreExcise`,
                                               `avgProductMargin`,
                                               `invoiceId`,
                                               `stateTrackingId`,
                                               `ticketId`,
                                               `ticketlineid`,
                                               `ticketAlphaId`,
                                               `customer_id`,
                                               `dateClosed`,
                                               `timeClosed`,
                                               `date_time_closed`,
                                               `date_time_opened`,
                                               `sku`,
                                               `customer_uuid`,
                                               `customer_signup_date`,
                                               `customer_cancel_date`,
                                               `reward_balance`,
                                               `inventory_location`,
                                               `ticket_updated_date`,
                                               `line_updated_date`,
                                               `ticket_notes`,
                                               `last_visit`,
                                               `customer_source`,
                                               `custom`,
                                               `customName`,
                                               `customTaxAmount`,
                                               `dynamic`,
                                               `dynamicTaxName`,
                                               `dynamicdTaxAmount`,
                                               `excise`,
                                               `exciseTaxName`,
                                               `ExciseTaxAmount`,
                                               `sales`,
                                               `salesTaxName`,
                                               `salesTaxAmount`,
                                               `is_arms_length`,
                                               `distributor`,
                                               `distributor_address`,
                                               `is_cannabis`,
                                               `receiving_license`,
                                               `batchId`,
                                               `inventory_sku`,
                                               `product_id`,
                                               `harvest_date`,
                                               `inventory_date`,
                                               `external_id`,
                                               `total_mg_thc`,
                                               `total_mg_cbd`,
                                               `extraction_method`,
                                               `caregiver_id`,
                                               `caregiver_name`,
                                               `inventory_type`,
                                               `ticket_created_user`,
                                               `ticketline_created_user`,
                                               `report_last_updated`)
SELECT
    ti.ticket_status,
    account.name AS register,
    ti.ticket_type,
    ti.customer_type,
    (CASE
        WHEN (tl.amount < 0) THEN 'Return'
        ELSE 'Sale'
    END) AS type,
    ti.hints_customer_name AS customer,
    ti.hints_customer_address AS address,
    (SELECT
            CONCAT_WS(', ',
                        a.street_1,
                        a.street_2,
                        a.city,
                        s.abbreviation,
                        a.zipcode) AS address
        FROM
            dispensary.crm_address a
                LEFT JOIN
            dispensary.usa_states s ON a.state = s.id
        WHERE
            `primary` = 0
                AND customer_id = ti.hints_customer_id
        LIMIT 1) AS alternative_address,
    (SELECT
            CONCAT_WS(', ',
                        a.street_1,
                        a.street_2,
                        a.city,
                        s.abbreviation,
                        a.zipcode) AS address
        FROM
            dispensary.crm_address a
                LEFT JOIN
            dispensary.usa_states s ON a.state = s.id
        WHERE
            `primary` = 0
                AND customer_id = ti.hints_customer_id
        LIMIT 1 OFFSET 1) AS secondary_address,
    ti.country AS customer_country,
    ti.state AS customer_state,
    ti.city AS customer_city,
    ti.zipcode AS zip_code,
    ti.customer_groups AS customer_groups,
    ti.medical_id AS customer_mmid,
    IF(CAST(ti.medical_id_expiration AS CHAR (20)) = '0000-00-00 00:00:00',
        NULL,
        ti.medical_id_expiration) AS customer_MMID_expiration,
    ti.document_id AS document_id,
    ti.email AS email,
    ti.phone AS phone,
    IF(c.id IS NOT NULL
            AND (gender.detail_value IS NULL
            OR gender.detail_value = ''),
        'U',
        IF(gender.detail_value = ''
                OR gender.detail_value IS NULL,
            'None',
            gender.detail_value)) AS gender,
    IFNULL(TIMESTAMPDIFF(YEAR,
                IF(dob.detail_value REGEXP '^s*([1-2]{1}[0-9]{3})-(0{1}[1-9]{1}|1{1}[0-2]{1})-(0{1}[1-9]{1}|[1-2]{1}[0-9]{1}|3{1}[0-1]{1})s*$',
                    STR_TO_DATE(dob.detail_value, '%Y-%m-%d'),
                    NULL),
                ti.dateclose),
            'N/A') AS age,
    (CASE
        WHEN
            (IFNULL(TIMESTAMPDIFF(YEAR,
                        IF(dob.detail_value REGEXP '^s*([1-2]{1}[0-9]{3})-(0{1}[1-9]{1}|1{1}[0-2]{1})-(0{1}[1-9]{1}|[1-2]{1}[0-9]{1}|3{1}[0-1]{1})s*$',
                            STR_TO_DATE(dob.detail_value, '%Y-%m-%d'),
                            NULL),
                        CURDATE()),
                    'None') = 'None')
        THEN
            'None'
        WHEN
            (IFNULL(TIMESTAMPDIFF(YEAR,
                        IF(dob.detail_value REGEXP '^s*([1-2]{1}[0-9]{3})-(0{1}[1-9]{1}|1{1}[0-2]{1})-(0{1}[1-9]{1}|[1-2]{1}[0-9]{1}|3{1}[0-1]{1})s*$',
                            STR_TO_DATE(dob.detail_value, '%Y-%m-%d'),
                            NULL),
                        CURDATE()),
                    'None') >= 60)
        THEN
            '60+'
        WHEN
            (IFNULL(TIMESTAMPDIFF(YEAR,
                        IF(dob.detail_value REGEXP '^s*([1-2]{1}[0-9]{3})-(0{1}[1-9]{1}|1{1}[0-2]{1})-(0{1}[1-9]{1}|[1-2]{1}[0-9]{1}|3{1}[0-1]{1})s*$',
                            STR_TO_DATE(dob.detail_value, '%Y-%m-%d'),
                            NULL),
                        CURDATE()),
                    'None') >= 50)
        THEN
            '50-59'
        WHEN
            (IFNULL(TIMESTAMPDIFF(YEAR,
                        IF(dob.detail_value REGEXP '^s*([1-2]{1}[0-9]{3})-(0{1}[1-9]{1}|1{1}[0-2]{1})-(0{1}[1-9]{1}|[1-2]{1}[0-9]{1}|3{1}[0-1]{1})s*$',
                            STR_TO_DATE(dob.detail_value, '%Y-%m-%d'),
                            NULL),
                        CURDATE()),
                    'None') >= 40)
        THEN
            '40-49'
        WHEN
            (IFNULL(TIMESTAMPDIFF(YEAR,
                        IF(dob.detail_value REGEXP '^s*([1-2]{1}[0-9]{3})-(0{1}[1-9]{1}|1{1}[0-2]{1})-(0{1}[1-9]{1}|[1-2]{1}[0-9]{1}|3{1}[0-1]{1})s*$',
                            STR_TO_DATE(dob.detail_value, '%Y-%m-%d'),
                            NULL),
                        CURDATE()),
                    'None') >= 30)
        THEN
            '30-39'
        WHEN
            (IFNULL(TIMESTAMPDIFF(YEAR,
                        IF(dob.detail_value REGEXP '^s*([1-2]{1}[0-9]{3})-(0{1}[1-9]{1}|1{1}[0-2]{1})-(0{1}[1-9]{1}|[1-2]{1}[0-9]{1}|3{1}[0-1]{1})s*$',
                            STR_TO_DATE(dob.detail_value, '%Y-%m-%d'),
                            NULL),
                        CURDATE()),
                    'None') >= 21)
        THEN
            '21-29'
        ELSE '0-20'
    END) AS `age group`,
    dob.detail_value AS dob,
    u.name AS cashier,
    u.name AS approver,
    type.name AS productType,
    IFNULL(GROUP_CONCAT(DISTINCT IF(product_metadata.field_name = 'Subtype',
                    IF(product_detail.value = '',
                        'NO PRODUCT_SUBTYPE',
                        LEFT(product_detail.value, 255)),
                    NULL)),
            'NO PRODUCT_SUBTYPE') AS productSubtype,
    GROUP_CONCAT(DISTINCT product_attribute.name) AS productAttributes,
    IFNULL(GROUP_CONCAT(DISTINCT IF(product_metadata.field_name = 'Brand',
                    LEFT(product_detail.value, 255),
                    NULL)),
            'NO PRODUCT_BRAND') AS productBrand,
    GROUP_CONCAT(DISTINCT IF(product_metadata.field_name = 'Name',
            LEFT(product_detail.value, 255),
            NULL)) AS productName,
    IFNULL(GROUP_CONCAT(DISTINCT IF(product_metadata.field_name = 'Classification',
                    LEFT(product_detail.value, 255),
                    NULL)),
            'N/A') AS classification,
    price_tier.label AS tier,
    GROUP_CONCAT(DISTINCT IF(product_metadata.field_name = 'Amount',
            LEFT(product_detail.value, 255),
            NULL)) AS weight,
    GROUP_CONCAT(DISTINCT IF(product_metadata.field_name = 'UoM',
            LEFT(product_detail.value, 255),
            NULL)) AS unitOfMeasure,
    GROUP_CONCAT(DISTINCT IF(product_metadata.field_name = 'Size',
            LEFT(product_detail.value, 255),
            NULL)) AS size,
    tl.priceSellOrig AS priceUnit,
    tl.amount AS qty,
    IF(tl.amount > 0,
        tl.priceSellOrig * tl.amount,
        0) AS grossSales,
    (tl.priceSellOrig - tl.priceSell) * tl.amount AS discounts,
    IF(tl.amount < 0,
        ABS(tl.priceSellOrig * tl.amount),
        0) AS returns,
    tl.priceSell * tl.amount AS netSales,
    IFNULL(SUM(ca.tax_charged) * COUNT(DISTINCT ca.id) / COUNT(*),
            0) AS taxes,
    (tl.priceSell * tl.amount) + IFNULL(SUM(ca.tax_charged) * COUNT(DISTINCT ca.id) / COUNT(*),
            0) AS grossReceipts,
    (inventory.cost_per_unit + inventory.excise_tax_per_unit) * tl.amount AS cost,
    (inventory.cost_per_unit) * tl.amount AS cost_without_excise,
    (tl.priceSell * tl.amount) - ((inventory.cost_per_unit + inventory.excise_tax_per_unit) * tl.amount) AS grossIncome,
    (((tl.priceSell * tl.amount) - ((inventory.cost_per_unit) * tl.amount)) / (tl.priceSellOrig * tl.amount)) * 100 AS avgProductMarginPreExcise,
    (((tl.priceSell * tl.amount) - ((inventory.cost_per_unit + inventory.excise_tax_per_unit) * tl.amount)) / (tl.priceSellOrig * tl.amount)) * 100 AS avgProductMargin,
    invoice.visible_id AS invoiceId,
    package.package_label AS stateTrackingId,
    ti.id AS ticketId,
    tl.id AS ticketlineid,
    ti.alpha_num_id AS ticketAlphaId,
    ti.hints_customer_id AS customer_id,
    DATE(ti.dateClose) AS dateClosed,
    TIME(ti.dateClose) AS timeClosed,
    ti.dateClose AS date_time_closed,
    ti.dateOpen AS date_time_opened,
    GROUP_CONCAT(DISTINCT barcode.code) AS sku,
    c.customer_uuid,
    c.signup_date customer_signup_date,
    c.cancel_date AS customer_cancel_date,
    r.current_balance AS reward_balance,
    location.name AS inventory_location,
    ti.last_update_at AS ticket_updated_date,
    CASE
        WHEN tl.updated_at IS NULL THEN tl.created_at
        ELSE tl.updated_at
    END AS line_updated_date,
    ctd.detail_value AS ticket_notes,
    last_visit.detail_value AS last_visit,
    source.detail_value AS customer_source,
    MAX((CASE
        WHEN (ca.area_tax_type = 'CUSTOM') THEN ca.area_tax_type
        ELSE NULL
    END)) AS custom,
    MAX((CASE
        WHEN (ca.area_tax_type = 'CUSTOM') THEN cat.name
        ELSE NULL
    END)) AS customName,
    MAX((CASE
        WHEN (ca.area_tax_type = 'CUSTOM') THEN ca.tax_charged
        ELSE NULL
    END)) AS customTaxAmount,
    MAX((CASE
        WHEN (ca.area_tax_type = 'DYNAMIC') THEN ca.area_tax_type
        ELSE NULL
    END)) AS dynamic,
    MAX((CASE
        WHEN (ca.area_tax_type = 'DYNAMIC') THEN cat.name
        ELSE NULL
    END)) AS dynamicTaxName,
    MAX((CASE
        WHEN (ca.area_tax_type = 'DYNAMIC') THEN ca.tax_charged
        ELSE NULL
    END)) AS dynamicdTaxAmount,
    MAX((CASE
        WHEN (ca.area_tax_type = 'EXCISE') THEN ca.area_tax_type
        ELSE NULL
    END)) AS excise,
    MAX((CASE
        WHEN (ca.area_tax_type = 'EXCISE') THEN cat.name
        ELSE NULL
    END)) AS exciseTaxName,
    MAX((CASE
        WHEN (ca.area_tax_type = 'EXCISE') THEN ca.tax_charged
        ELSE NULL
    END)) AS ExciseTaxAmount,
    MAX((CASE
        WHEN (ca.area_tax_type = 'SALES') THEN ca.area_tax_type
        ELSE NULL
    END)) AS sales,
    MAX((CASE
        WHEN (ca.area_tax_type = 'SALES') THEN cat.name
        ELSE NULL
    END)) AS salesTaxName,
    MAX((CASE
        WHEN (ca.area_tax_type = 'SALES') THEN ca.tax_charged
        ELSE NULL
    END)) AS salesTaxAmount,
    COALESCE(distributor.arms_length,
            IF(vd.detail_value = 'NON_ARMS_LENGTH',
                '0',
                '1')) AS is_arms_length,
    COALESCE(distributor.name, ve.company) AS distributor,
    distributor.address AS distributor_address,
    type.is_cannabis AS is_cannabis,
    package.dispensary_license AS receiving_license,
    COALESCE(inventory.batch_id, ut.visible_id) AS batchId,
    GROUP_CONCAT(DISTINCT barcode_package.code) AS inventory_sku,
    product.id AS product_id,
    package.harvest_date AS harvest_date,
    inventory.original_start_date AS inventory_date,
    GROUP_CONCAT(DISTINCT IF(product_metadata.field_name = 'External ID',
            LEFT(product_detail.value, 255),
            NULL)) AS external_id,
    GROUP_CONCAT(DISTINCT IF(product_metadata.field_name = 'Total Mg THC',
            LEFT(product_detail.value, 255),
            NULL)) AS total_mg_thc,
    GROUP_CONCAT(DISTINCT IF(product_metadata.field_name = 'Total Mg CBD',
            LEFT(product_detail.value, 255),
            NULL)) AS total_cbd_thc,
    GROUP_CONCAT(DISTINCT IF(product_metadata.field_name = 'Extraction Method',
            LEFT(product_detail.value, 255),
            NULL)) AS extraction_method,
    ti.group_leader_license_id AS caregiver_id,
    CONCAT(group_leader.first_name,
            ' ',
            group_leader.last_name) AS caregiver_name,
    tl.package_customer_type AS inventory_type,
    ta_ticket_u.name AS ticket_created_user,
    ta_ticketline_u.name AS ticketline_created_user,
    NOW() AS report_last_updated
FROM
    dispensary.posper_ticketline tl
        JOIN
    dispensary.posper_ticket ti ON tl.ticket_ticketline = ti.id
        LEFT JOIN
    inventory.tz_product product ON tl.product_id = product.id
        LEFT JOIN
    inventory.tz_product_detail product_detail ON product_detail.product_id = product.id
        AND product_detail.current_flag = 1
        LEFT JOIN
    inventory.tz_product_metadata product_metadata ON product_detail.product_metadata_id = product_metadata.id
        AND product_metadata.current_flag = 1
        LEFT JOIN
    inventory.tz_type type ON product.type_id = type.id
        LEFT JOIN
    inventory.tz_inventory inventory ON tl.unit_id = inventory.id
        AND inventory.current_flag = 1
        LEFT JOIN
    inventory.tz_invoice_line invoice_line ON inventory.invoice_line_id = invoice_line.id
        AND invoice_line.current_flag = 1
        LEFT JOIN
    inventory.tz_invoice_line_cost line_cost ON invoice_line.cost_id = line_cost.id
        AND line_cost.current_flag = 1
        LEFT JOIN
    inventory.tz_invoice invoice ON invoice_line.invoice_id = invoice.id
        AND invoice.current_flag = 1
        LEFT JOIN
    inventory.tz_package package ON package.invoice_line_id = invoice_line.id
        AND package.current_flag = 1
        LEFT JOIN
    inventory.tz_barcode barcode ON product.id = barcode.reference_id
        AND barcode.reference_type = 'product'
        AND barcode.current_flag = 1
        LEFT JOIN
    inventory.tz_product_attribute product_attribute ON product.id = product_attribute.product_id
        AND product_attribute.current_flag = 1
        LEFT JOIN
    inventory.tz_product_tier product_tier ON product.id = product_tier.product_id
        AND product_tier.current_flag = 1
        LEFT JOIN
    inventory.tz_price_tier price_tier ON product_tier.tier_id = price_tier.id
        AND price_tier.current_flag = 1
        LEFT JOIN
    inventory.tz_distributor distributor ON package.distributor_id = distributor.id
        AND distributor.current_flag = 1
        LEFT JOIN
    dispensary.crm_user u ON (u.id = ti.userid)
        LEFT JOIN
    dispensary.crm_shift shift ON ((shift.id = ti.shift_id))
        LEFT JOIN
    dispensary.crm_account account ON ((account.id = shift.cash_drawer_id))
        LEFT JOIN
    dispensary.crm_customer c ON c.id = ti.hints_customer_id
        LEFT JOIN
    dispensary.crm_reward r ON r.customer_id = c.id
        LEFT JOIN
    inventory.tz_location location ON inventory.location_id = location.id
        AND location.current_flag = 1
        LEFT JOIN
    dispensary.crm_ticket_detail ctd ON ctd.ticket_id = ti.id
        AND ctd.detail_name = 'TICKET_NOTES'
        LEFT JOIN
    dispensary.crm_customer_detail dob ON dob.customer_id = ti.hints_customer_id
        AND dob.detail_category = 'LICENSE'
        AND dob.detail_name = 'DOB'
        AND dob.restaurant_id = 1
        LEFT JOIN
    dispensary.crm_customer_detail gender ON gender.customer_id = ti.hints_customer_id
        AND gender.detail_category = 'LICENSE'
        AND gender.detail_name = 'SEX'
        AND gender.restaurant_id = 1
        LEFT JOIN
    dispensary.crm_customer_detail last_visit ON last_visit.customer_id = ti.hints_customer_id
        AND last_visit.detail_category = 'VISITS'
        AND last_visit.detail_name = 'LAST_VISIT'
        AND last_visit.restaurant_id = 1
        LEFT JOIN
    dispensary.crm_customer_detail source ON source.customer_id = ti.hints_customer_id
        AND source.detail_category = 'INFO'
        AND source.detail_name = 'SOURCE'
        AND source.restaurant_id = 1
        LEFT JOIN
    dispensary.crm_area_tax_ticketline_log ca ON ((tl.id = ca.ticketline_id))
        LEFT JOIN
    dispensary.crm_area_tax cat ON ((cat.id = ca.area_tax_id))
        LEFT JOIN
    dispensary.posper_ticketline tl_original ON tl.orig_ticket_line = tl_original.id
        LEFT JOIN
    inventory.tz_barcode barcode_package ON package.id = barcode_package.reference_id
        AND barcode_package.reference_type = 'package'
        AND barcode_package.source != 'PKG_LABEL'
        AND barcode_package.current_flag = 1
        LEFT JOIN
    dispensary.crm_inv_unit ut ON ut.id = tl.unit_id
        AND distributor.id IS NULL
        LEFT JOIN
    dispensary.crm_inv_shipment sm ON sm.id = ut.shipment_id
        LEFT JOIN
    dispensary.crm_inv_vendor ve ON ve.id = sm.vendor_id
        LEFT JOIN
    dispensary.crm_inv_vendor_detail vd ON vd.vendor_id = ve.id
        AND vd.detail_category = 'VENDOR_INFO'
        AND vd.detail_name = 'TYPE'
        LEFT JOIN
    dispensary.crm_customer group_leader ON group_leader.id = ti.group_leader_customer_id
        LEFT JOIN
    dispensary.crm_ticket_action ta_ticket ON ta_ticket.ticket_id = ti.id
        AND ta_ticket.action = 'CREATE'
        LEFT JOIN
    dispensary.crm_user ta_ticket_u ON ta_ticket_u.id = ta_ticket.user_id
        LEFT JOIN
    dispensary.crm_ticket_action ta_ticketline ON ta_ticketline.ticketline_id = tl.id
        AND ta_ticketline.action = 'ADD_TICKETLINE'
        LEFT JOIN
    dispensary.crm_user ta_ticketline_u ON ta_ticketline_u.id = ta_ticketline.user_id
WHERE
    tl.updated_at >= DATE_SUB(@start_dtm, INTERVAL 35 SECOND)
        AND tl.updated_at < @end_dtm
        AND ti.dateclose IS NOT NULL
GROUP BY tl.id
UNION SELECT
    ti.ticket_status,
    account.name AS register,
    ti.ticket_type,
    ti.customer_type,
    (CASE
        WHEN (tl.amount < 0) THEN 'Return'
        ELSE 'Sale'
    END) AS type,
    ti.hints_customer_name AS customer,
    ti.hints_customer_address AS address,
    (SELECT
            CONCAT_WS(', ',
                        a.street_1,
                        a.street_2,
                        a.city,
                        s.abbreviation,
                        a.zipcode) AS address
        FROM
            dispensary.crm_address a
                LEFT JOIN
            dispensary.usa_states s ON a.state = s.id
        WHERE
            `primary` = 0
                AND customer_id = ti.hints_customer_id
        LIMIT 1) AS alternative_address,
    (SELECT
            CONCAT_WS(', ',
                        a.street_1,
                        a.street_2,
                        a.city,
                        s.abbreviation,
                        a.zipcode) AS address
        FROM
            dispensary.crm_address a
                LEFT JOIN
            dispensary.usa_states s ON a.state = s.id
        WHERE
            `primary` = 0
                AND customer_id = ti.hints_customer_id
        LIMIT 1 OFFSET 1) AS secondary_address,
    ti.country AS customer_country,
    ti.state AS customer_state,
    ti.city AS customer_city,
    ti.zipcode AS zip_code,
    ti.customer_groups AS customer_groups,
    ti.medical_id AS customer_mmid,
    IF(CAST(ti.medical_id_expiration AS CHAR (20)) = '0000-00-00 00:00:00',
        NULL,
        ti.medical_id_expiration) AS customer_MMID_expiration,
    ti.document_id AS document_id,
    ti.email AS email,
    ti.phone AS phone,
    IF(c.id IS NOT NULL
            AND (gender.detail_value IS NULL
            OR gender.detail_value = ''),
        'U',
        IF(gender.detail_value = ''
                OR gender.detail_value IS NULL,
            'None',
            gender.detail_value)) AS gender,
    IFNULL(TIMESTAMPDIFF(YEAR,
                IF(dob.detail_value REGEXP '^s*([1-2]{1}[0-9]{3})-(0{1}[1-9]{1}|1{1}[0-2]{1})-(0{1}[1-9]{1}|[1-2]{1}[0-9]{1}|3{1}[0-1]{1})s*$',
                    STR_TO_DATE(dob.detail_value, '%Y-%m-%d'),
                    NULL),
                ti.dateclose),
            'N/A') AS age,
    (CASE
        WHEN
            (IFNULL(TIMESTAMPDIFF(YEAR,
                        IF(dob.detail_value REGEXP '^s*([1-2]{1}[0-9]{3})-(0{1}[1-9]{1}|1{1}[0-2]{1})-(0{1}[1-9]{1}|[1-2]{1}[0-9]{1}|3{1}[0-1]{1})s*$',
                            STR_TO_DATE(dob.detail_value, '%Y-%m-%d'),
                            NULL),
                        CURDATE()),
                    'None') = 'None')
        THEN
            'None'
        WHEN
            (IFNULL(TIMESTAMPDIFF(YEAR,
                        IF(dob.detail_value REGEXP '^s*([1-2]{1}[0-9]{3})-(0{1}[1-9]{1}|1{1}[0-2]{1})-(0{1}[1-9]{1}|[1-2]{1}[0-9]{1}|3{1}[0-1]{1})s*$',
                            STR_TO_DATE(dob.detail_value, '%Y-%m-%d'),
                            NULL),
                        CURDATE()),
                    'None') >= 60)
        THEN
            '60+'
        WHEN
            (IFNULL(TIMESTAMPDIFF(YEAR,
                        IF(dob.detail_value REGEXP '^s*([1-2]{1}[0-9]{3})-(0{1}[1-9]{1}|1{1}[0-2]{1})-(0{1}[1-9]{1}|[1-2]{1}[0-9]{1}|3{1}[0-1]{1})s*$',
                            STR_TO_DATE(dob.detail_value, '%Y-%m-%d'),
                            NULL),
                        CURDATE()),
                    'None') >= 50)
        THEN
            '50-59'
        WHEN
            (IFNULL(TIMESTAMPDIFF(YEAR,
                        IF(dob.detail_value REGEXP '^s*([1-2]{1}[0-9]{3})-(0{1}[1-9]{1}|1{1}[0-2]{1})-(0{1}[1-9]{1}|[1-2]{1}[0-9]{1}|3{1}[0-1]{1})s*$',
                            STR_TO_DATE(dob.detail_value, '%Y-%m-%d'),
                            NULL),
                        CURDATE()),
                    'None') >= 40)
        THEN
            '40-49'
        WHEN
            (IFNULL(TIMESTAMPDIFF(YEAR,
                        IF(dob.detail_value REGEXP '^s*([1-2]{1}[0-9]{3})-(0{1}[1-9]{1}|1{1}[0-2]{1})-(0{1}[1-9]{1}|[1-2]{1}[0-9]{1}|3{1}[0-1]{1})s*$',
                            STR_TO_DATE(dob.detail_value, '%Y-%m-%d'),
                            NULL),
                        CURDATE()),
                    'None') >= 30)
        THEN
            '30-39'
        WHEN
            (IFNULL(TIMESTAMPDIFF(YEAR,
                        IF(dob.detail_value REGEXP '^s*([1-2]{1}[0-9]{3})-(0{1}[1-9]{1}|1{1}[0-2]{1})-(0{1}[1-9]{1}|[1-2]{1}[0-9]{1}|3{1}[0-1]{1})s*$',
                            STR_TO_DATE(dob.detail_value, '%Y-%m-%d'),
                            NULL),
                        CURDATE()),
                    'None') >= 21)
        THEN
            '21-29'
        ELSE '0-20'
    END) AS `age group`,
    dob.detail_value AS dob,
    u.name AS cashier,
    u.name AS approver,
    type.name AS productType,
    IFNULL(GROUP_CONCAT(DISTINCT IF(product_metadata.field_name = 'Subtype',
                    IF(product_detail.value = '',
                        'NO PRODUCT_SUBTYPE',
                        LEFT(product_detail.value, 255)),
                    NULL)),
            'NO PRODUCT_SUBTYPE') AS productSubtype,
    GROUP_CONCAT(DISTINCT product_attribute.name) AS productAttributes,
    IFNULL(GROUP_CONCAT(DISTINCT IF(product_metadata.field_name = 'Brand',
                    LEFT(product_detail.value, 255),
                    NULL)),
            'NO PRODUCT_BRAND') AS productBrand,
    GROUP_CONCAT(DISTINCT IF(product_metadata.field_name = 'Name',
            LEFT(product_detail.value, 255),
            NULL)) AS productName,
    IFNULL(GROUP_CONCAT(DISTINCT IF(product_metadata.field_name = 'Classification',
                    LEFT(product_detail.value, 255),
                    NULL)),
            'N/A') AS classification,
    price_tier.label AS tier,
    GROUP_CONCAT(DISTINCT IF(product_metadata.field_name = 'Amount',
            LEFT(product_detail.value, 255),
            NULL)) AS weight,
    GROUP_CONCAT(DISTINCT IF(product_metadata.field_name = 'UoM',
            LEFT(product_detail.value, 255),
            NULL)) AS unitOfMeasure,
    GROUP_CONCAT(DISTINCT IF(product_metadata.field_name = 'Size',
            LEFT(product_detail.value, 255),
            NULL)) AS size,
    tl.priceSellOrig AS priceUnit,
    tl.amount AS qty,
    IF(tl.amount > 0,
        tl.priceSellOrig * tl.amount,
        0) AS grossSales,
    (tl.priceSellOrig - tl.priceSell) * tl.amount AS discounts,
    IF(tl.amount < 0,
        ABS(tl.priceSellOrig * tl.amount),
        0) AS returns,
    tl.priceSell * tl.amount AS netSales,
    IFNULL(SUM(ca.tax_charged) * COUNT(DISTINCT ca.id) / COUNT(*),
            0) AS taxes,
    (tl.priceSell * tl.amount) + IFNULL(SUM(ca.tax_charged) * COUNT(DISTINCT ca.id) / COUNT(*),
            0) AS grossReceipts,
    (inventory.cost_per_unit + inventory.excise_tax_per_unit) * tl.amount AS cost,
    (inventory.cost_per_unit) * tl.amount AS cost_without_excise,
    (tl.priceSell * tl.amount) - ((inventory.cost_per_unit + inventory.excise_tax_per_unit) * tl.amount) AS grossIncome,
    (((tl.priceSell * tl.amount) - ((inventory.cost_per_unit) * tl.amount)) / (tl.priceSellOrig * tl.amount)) * 100 AS avgProductMarginPreExcise,
    (((tl.priceSell * tl.amount) - ((inventory.cost_per_unit + inventory.excise_tax_per_unit) * tl.amount)) / (tl.priceSellOrig * tl.amount)) * 100 AS avgProductMargin,
    invoice.visible_id AS invoiceId,
    package.package_label AS stateTrackingId,
    ti.id AS ticketId,
    tl.id AS ticketlineid,
    ti.alpha_num_id AS ticketAlphaId,
    ti.hints_customer_id AS customer_id,
    DATE(ti.dateClose) AS dateClosed,
    TIME(ti.dateClose) AS timeClosed,
    ti.dateClose AS date_time_closed,
    ti.dateOpen AS date_time_opened,
    GROUP_CONCAT(DISTINCT barcode.code) AS sku,
    c.customer_uuid,
    c.signup_date customer_signup_date,
    c.cancel_date AS customer_cancel_date,
    r.current_balance AS reward_balance,
    location.name AS inventory_location,
    ti.last_update_at AS ticket_updated_date,
    CASE
        WHEN tl.updated_at IS NULL THEN tl.created_at
        ELSE tl.updated_at
    END AS line_updated_date,
    ctd.detail_value AS ticket_notes,
    last_visit.detail_value AS last_visit,
    source.detail_value AS customer_source,
    MAX((CASE
        WHEN (ca.area_tax_type = 'CUSTOM') THEN ca.area_tax_type
        ELSE NULL
    END)) AS custom,
    MAX((CASE
        WHEN (ca.area_tax_type = 'CUSTOM') THEN cat.name
        ELSE NULL
    END)) AS customName,
    MAX((CASE
        WHEN (ca.area_tax_type = 'CUSTOM') THEN ca.tax_charged
        ELSE NULL
    END)) AS customTaxAmount,
    MAX((CASE
        WHEN (ca.area_tax_type = 'DYNAMIC') THEN ca.area_tax_type
        ELSE NULL
    END)) AS dynamic,
    MAX((CASE
        WHEN (ca.area_tax_type = 'DYNAMIC') THEN cat.name
        ELSE NULL
    END)) AS dynamicTaxName,
    MAX((CASE
        WHEN (ca.area_tax_type = 'DYNAMIC') THEN ca.tax_charged
        ELSE NULL
    END)) AS dynamicdTaxAmount,
    MAX((CASE
        WHEN (ca.area_tax_type = 'EXCISE') THEN ca.area_tax_type
        ELSE NULL
    END)) AS excise,
    MAX((CASE
        WHEN (ca.area_tax_type = 'EXCISE') THEN cat.name
        ELSE NULL
    END)) AS exciseTaxName,
    MAX((CASE
        WHEN (ca.area_tax_type = 'EXCISE') THEN ca.tax_charged
        ELSE NULL
    END)) AS ExciseTaxAmount,
    MAX((CASE
        WHEN (ca.area_tax_type = 'SALES') THEN ca.area_tax_type
        ELSE NULL
    END)) AS sales,
    MAX((CASE
        WHEN (ca.area_tax_type = 'SALES') THEN cat.name
        ELSE NULL
    END)) AS salesTaxName,
    MAX((CASE
        WHEN (ca.area_tax_type = 'SALES') THEN ca.tax_charged
        ELSE NULL
    END)) AS salesTaxAmount,
    COALESCE(distributor.arms_length,
            IF(vd.detail_value = 'NON_ARMS_LENGTH',
                '0',
                '1')) AS is_arms_length,
    COALESCE(distributor.name, ve.company) AS distributor,
    distributor.address AS distributor_address,
    type.is_cannabis AS is_cannabis,
    package.dispensary_license AS receiving_license,
    COALESCE(inventory.batch_id, ut.visible_id) AS batchId,
    GROUP_CONCAT(DISTINCT barcode_package.code) AS inventory_sku,
    product.id AS product_id,
    package.harvest_date AS harvest_date,
    inventory.original_start_date AS inventory_date,
    GROUP_CONCAT(DISTINCT IF(product_metadata.field_name = 'External ID',
            LEFT(product_detail.value, 255),
            NULL)) AS external_id,
    GROUP_CONCAT(DISTINCT IF(product_metadata.field_name = 'Total Mg THC',
            LEFT(product_detail.value, 255),
            NULL)) AS total_mg_thc,
    GROUP_CONCAT(DISTINCT IF(product_metadata.field_name = 'Total Mg CBD',
            LEFT(product_detail.value, 255),
            NULL)) AS total_cbd_thc,
    GROUP_CONCAT(DISTINCT IF(product_metadata.field_name = 'Extraction Method',
            LEFT(product_detail.value, 255),
            NULL)) AS extraction_method,
    ti.group_leader_license_id AS caregiver_id,
    CONCAT(group_leader.first_name,
            ' ',
            group_leader.last_name) AS caregiver_name,
    tl.package_customer_type AS inventory_type,
    ta_ticket_u.name AS ticket_created_user,
    ta_ticketline_u.name AS ticketline_created_user,
    NOW() AS report_last_updated
FROM
    dispensary.posper_ticketline tl
        JOIN
    dispensary.posper_ticket ti ON tl.ticket_ticketline = ti.id
        LEFT JOIN
    inventory.tz_product product ON tl.product_id = product.id
        LEFT JOIN
    inventory.tz_product_detail product_detail ON product_detail.product_id = product.id
        AND product_detail.current_flag = 1
        LEFT JOIN
    inventory.tz_product_metadata product_metadata ON product_detail.product_metadata_id = product_metadata.id
        AND product_metadata.current_flag = 1
        LEFT JOIN
    inventory.tz_type type ON product.type_id = type.id
        LEFT JOIN
    inventory.tz_inventory inventory ON tl.unit_id = inventory.id
        AND inventory.current_flag = 1
        LEFT JOIN
    inventory.tz_invoice_line invoice_line ON inventory.invoice_line_id = invoice_line.id
        AND invoice_line.current_flag = 1
        LEFT JOIN
    inventory.tz_invoice_line_cost line_cost ON invoice_line.cost_id = line_cost.id
        AND line_cost.current_flag = 1
        LEFT JOIN
    inventory.tz_invoice invoice ON invoice_line.invoice_id = invoice.id
        AND invoice.current_flag = 1
        LEFT JOIN
    inventory.tz_package package ON package.invoice_line_id = invoice_line.id
        AND package.current_flag = 1
        LEFT JOIN
    inventory.tz_barcode barcode ON product.id = barcode.reference_id
        AND barcode.reference_type = 'product'
        AND barcode.current_flag = 1
        LEFT JOIN
    inventory.tz_product_attribute product_attribute ON product.id = product_attribute.product_id
        AND product_attribute.current_flag = 1
        LEFT JOIN
    inventory.tz_product_tier product_tier ON product.id = product_tier.product_id
        AND product_tier.current_flag = 1
        LEFT JOIN
    inventory.tz_price_tier price_tier ON product_tier.tier_id = price_tier.id
        AND price_tier.current_flag = 1
        LEFT JOIN
    inventory.tz_distributor distributor ON package.distributor_id = distributor.id
        AND distributor.current_flag = 1
        LEFT JOIN
    dispensary.crm_user u ON (u.id = ti.userid)
        LEFT JOIN
    dispensary.crm_shift shift ON ((shift.id = ti.shift_id))
        LEFT JOIN
    dispensary.crm_account account ON ((account.id = shift.cash_drawer_id))
        LEFT JOIN
    dispensary.crm_customer c ON c.id = ti.hints_customer_id
        LEFT JOIN
    dispensary.crm_reward r ON r.customer_id = c.id
        LEFT JOIN
    inventory.tz_location location ON inventory.location_id = location.id
        AND location.current_flag = 1
        LEFT JOIN
    dispensary.crm_ticket_detail ctd ON ctd.ticket_id = ti.id
        AND ctd.detail_name = 'TICKET_NOTES'
        LEFT JOIN
    dispensary.crm_customer_detail dob ON dob.customer_id = ti.hints_customer_id
        AND dob.detail_category = 'LICENSE'
        AND dob.detail_name = 'DOB'
        AND dob.restaurant_id = 1
        LEFT JOIN
    dispensary.crm_customer_detail gender ON gender.customer_id = ti.hints_customer_id
        AND gender.detail_category = 'LICENSE'
        AND gender.detail_name = 'SEX'
        AND gender.restaurant_id = 1
        LEFT JOIN
    dispensary.crm_customer_detail last_visit ON last_visit.customer_id = ti.hints_customer_id
        AND last_visit.detail_category = 'VISITS'
        AND last_visit.detail_name = 'LAST_VISIT'
        AND last_visit.restaurant_id = 1
        LEFT JOIN
    dispensary.crm_customer_detail source ON source.customer_id = ti.hints_customer_id
        AND source.detail_category = 'INFO'
        AND source.detail_name = 'SOURCE'
        AND source.restaurant_id = 1
        LEFT JOIN
    dispensary.crm_area_tax_ticketline_log ca ON ((tl.id = ca.ticketline_id))
        LEFT JOIN
    dispensary.crm_area_tax cat ON ((cat.id = ca.area_tax_id))
        LEFT JOIN
    dispensary.posper_ticketline tl_original ON tl.orig_ticket_line = tl_original.id
        LEFT JOIN
    inventory.tz_barcode barcode_package ON package.id = barcode_package.reference_id
        AND barcode_package.reference_type = 'package'
        AND barcode_package.source != 'PKG_LABEL'
        AND barcode_package.current_flag = 1
        LEFT JOIN
    dispensary.crm_inv_unit ut ON ut.id = tl.unit_id
        AND distributor.id IS NULL
        LEFT JOIN
    dispensary.crm_inv_shipment sm ON sm.id = ut.shipment_id
        LEFT JOIN
    dispensary.crm_inv_vendor ve ON ve.id = sm.vendor_id
        LEFT JOIN
    dispensary.crm_inv_vendor_detail vd ON vd.vendor_id = ve.id
        AND vd.detail_category = 'VENDOR_INFO'
        AND vd.detail_name = 'TYPE'
        LEFT JOIN
    dispensary.crm_customer group_leader ON group_leader.id = ti.group_leader_customer_id
        LEFT JOIN
    dispensary.crm_ticket_action ta_ticket ON ta_ticket.ticket_id = ti.id
        AND ta_ticket.action = 'CREATE'
        LEFT JOIN
    dispensary.crm_user ta_ticket_u ON ta_ticket_u.id = ta_ticket.user_id
        LEFT JOIN
    dispensary.crm_ticket_action ta_ticketline ON ta_ticketline.ticketline_id = tl.id
        AND ta_ticketline.action = 'ADD_TICKETLINE'
        LEFT JOIN
    dispensary.crm_user ta_ticketline_u ON ta_ticketline_u.id = ta_ticketline.user_id
WHERE
    tl.id IN (SELECT
            tl.id
        FROM
            dispensary.posper_ticket ti
                JOIN
            dispensary.posper_ticketline tl ON tl.ticket_ticketline = ti.id
                AND tl.id NOT IN (SELECT
                    ticketlineid
                FROM
                    inventory.report_product)
                AND ti.dateclose IS NOT NULL
                AND tl.updated_at >= DATE_SUB(@start_dtm, INTERVAL 1 HOUR)
                AND tl.updated_at < DATE_SUB(@start_dtm, INTERVAL 5 MINUTE))
GROUP BY tl.id
    ON DUPLICATE KEY UPDATE
    `ticket_status`= values(`ticket_status`),
    `register`= values(`register`),
    `ticket_type`= values(`ticket_type`),
    `customer_type`= values(`customer_type`),
    `type`= values(`type`),
    `customer`= values(`customer`),
    `address`= values(`address`),
    `alternative_address`= values(`alternative_address`),
    `secondary_address`= values(`secondary_address`),
    `customer_country`= values(`customer_country`),
    `customer_state`= values(`customer_state`),
    `customer_city`= values(`customer_city`),
    `zip_code`= values(`zip_code`),
    `customer_groups`= values(`customer_groups`),
    `customer_MMID`= values(`customer_MMID`),
    `customer_MMID_expiration`= values(`customer_MMID_expiration`),
    `document_id`= values(`document_id`),
    `email`= values(`email`),
    `phone`= values(`phone`),
    `gender`= values(`gender`),
    `age`= values(`age`),
    `age group`= values(`age group`),
    `dob`= values(`dob`),
    `cashier`= values(`cashier`),
    `approver`= values(`approver`),
    `productType`= values(`productType`),
    `productSubtype`= values(`productSubtype`),
    `productAttributes`= values(`productAttributes`),
    `productBrand`= values(`productBrand`),
    `productName`= values(`productName`),
    `classification`= values(`classification`),
    `tier`= values(`tier`),
    `weight`= values(`weight`),
    `unitOfMeasure`= values(`unitOfMeasure`),
    `size`= values(`size`),
    `priceUnit`= values(`priceUnit`),
    `qty`= values(`qty`),
    `grossSales`= values(`grossSales`),
    `discounts`= values(`discounts`),
    `returns`= values(`returns`),
    `netSales`= values(`netSales`),
    `taxes`= values(`taxes`),
    `grossReceipts`= values(`grossReceipts`),
    `cost`= values(`cost`),
    `cost_without_excise`= values(`cost_without_excise`),
    `grossIncome`= values(`grossIncome`),
    `avgProductMarginPreExcise`= values(`avgProductMarginPreExcise`),
    `avgProductMargin`= values(`avgProductMargin`),
    `invoiceId`= values(`invoiceId`),
    `stateTrackingId`= values(`stateTrackingId`),
    `ticketId`= values(`ticketId`),
    `ticketlineid`= values(`ticketlineid`),
    `ticketAlphaId`= values(`ticketAlphaId`),
    `customer_id`= values(`customer_id`),
    `dateClosed`= values(`dateClosed`),
    `timeClosed`= values(`timeClosed`),
    `date_time_closed`= values(`date_time_closed`),
    `date_time_opened`= values(`date_time_opened`),
    `sku`= values(`sku`),
    `customer_uuid`= values(`customer_uuid`),
    `customer_signup_date`= values(`customer_signup_date`),
    `customer_cancel_date`= values(`customer_cancel_date`),
    `reward_balance`= values(`reward_balance`),
    `inventory_location`= values(`inventory_location`),
    `ticket_updated_date`= values(`ticket_updated_date`),
    `line_updated_date`= values(`line_updated_date`),
    `ticket_notes`= values(`ticket_notes`),
    `last_visit`= values(`last_visit`),
    `customer_source`= values(`customer_source`),
    `custom`= values(`custom`),
    `customName`= values(`customName`),
    `customTaxAmount`= values(`customTaxAmount`),
    `dynamic`= values(`dynamic`),
    `dynamicTaxName`= values(`dynamicTaxName`),
    `dynamicdTaxAmount`= values(`dynamicdTaxAmount`),
    `excise`= values(`excise`),
    `exciseTaxName`= values(`exciseTaxName`),
    `ExciseTaxAmount`= values(`ExciseTaxAmount`),
    `sales`= values(`sales`),
    `salesTaxName`= values(`salesTaxName`),
    `salesTaxAmount`= values(`salesTaxAmount`),
    `is_arms_length`= values(`is_arms_length`),
    `distributor`= values(`distributor`),
    `distributor_address`= values(`distributor_address`),
    `is_cannabis` = values(`is_cannabis`),
    `receiving_license` = values(`receiving_license`),
    `batchId` = values(`batchId`),
    `inventory_sku` = values(`inventory_sku`),
    `product_id` = values(`product_id`),
    `harvest_date` = values(`harvest_date`),
    `inventory_date` = values(`inventory_date`),
    `external_id` = values(`external_id`),
    `total_mg_thc` = values(`total_mg_thc`),
    `total_mg_cbd` = values(`total_mg_cbd`),
    `extraction_method` = values(`extraction_method`),
    `caregiver_id` = values(`caregiver_id`),
    `caregiver_name` = values(`caregiver_name`),
    `inventory_type` = values(`inventory_type`),
    `ticket_created_user` = values(`ticket_created_user`),
    `ticketline_created_user` = values(`ticketline_created_user`),
    `report_last_updated` = values(`report_last_updated`);

    replace into custom_batch_job (report_name, last_run_dtm) values (rpt_name, @end_dtm);

    commit;
  END ;;
DELIMITER ;
/*!50003 SET sql_mode              = @saved_sql_mode */ ;
/*!50003 SET character_set_client  = @saved_cs_client */ ;
/*!50003 SET character_set_results = @saved_cs_results */ ;
/*!50003 SET collation_connection  = @saved_col_connection */ ;
ALTER DATABASE `inventory` CHARACTER SET utf8 COLLATE utf8_general_ci ;
/*!50003 DROP PROCEDURE IF EXISTS `report_visitor_sp` */;
ALTER DATABASE `inventory` CHARACTER SET latin1 COLLATE latin1_swedish_ci ;
/*!50003 SET @saved_cs_client      = @@character_set_client */ ;
/*!50003 SET @saved_cs_results     = @@character_set_results */ ;
/*!50003 SET @saved_col_connection = @@collation_connection */ ;
/*!50003 SET character_set_client  = latin1 */ ;
/*!50003 SET character_set_results = latin1 */ ;
/*!50003 SET collation_connection  = latin1_swedish_ci */ ;
/*!50003 SET @saved_sql_mode       = @@sql_mode */ ;
/*!50003 SET sql_mode              = 'STRICT_TRANS_TABLES,NO_ZERO_DATE,NO_ENGINE_SUBSTITUTION' */ ;
DELIMITER ;;
CREATE DEFINER=`root`@`localhost` PROCEDURE `report_visitor_sp`(IN start_dtm_in datetime, IN end_dtm_in datetime, IN clear_period_in tinyint(1))
proc:
  begin
    declare rpt_name varchar(25) default 'report_visitor_sp';

    select ifnull(max(last_run_dtm), '1971-01-01') into @last_run from custom_batch_job where report_name = rpt_name;

    if start_dtm_in is null
    then
      set @start_dtm = @last_run;
    else
      set @start_dtm = start_dtm_in;
    end if;

    if end_dtm_in is null
    then
      set @end_dtm := now();
    else
      set @end_dtm = end_dtm_in;
    end if;

    start transaction;

    if clear_period_in then
       delete from report_visitor
           where last_updated_at >= @start_dtm
           and last_updated_at < @end_dtm;
    end if;

INSERT INTO `inventory`.`report_visitor`
(`visit_id`,
`customer_id`,
`visit_time`,
`first_name`,
`last_name`,
`phone`,
`email`,
`city`,
`state`,
`zipcode`,
`longitude`,
`latitude`,
`report_last_updated`)
SELECT
    coc.id AS visit_id,
    coc.customer_id,
    coc.login_time AS visit_time,
    cc.first_name,
    cc.last_name,
    IFNULL(cc.phone, '') AS phone,
    IFNULL(cc.email, '') AS email,
    ca.city,
    us.abbreviation AS state,
    ca.zipcode,
    ca.longitude,
    ca.latitude,
    NOW() AS report_last_updated
FROM
    dispensary.crm_onsite_customer coc
        JOIN
    dispensary.crm_customer cc ON cc.id = coc.customer_id
        JOIN
    dispensary.crm_address ca ON ca.customer_id = coc.customer_id
        AND ca.primary = 1
        JOIN
    dispensary.usa_states us ON us.id = ca.state
WHERE
    coc.login_time >= @start_dtm
        AND coc.login_time < @end_dtm
ON DUPLICATE KEY UPDATE
`visit_id` = values(`visit_id`),
`customer_id` = values(`customer_id`),
`visit_time`= values(`visit_time`),
`first_name`= values(`first_name`),
`last_name`= values(`last_name`),
`phone`= values(`phone`),
`email`= values(`email`),
`city`= values(`city`),
`state`= values(`state`),
`zipcode`= values(`zipcode`),
`longitude`= values(`longitude`),
`latitude`= values(`latitude`),
`report_last_updated` = values(`report_last_updated`);

   replace into custom_batch_job(report_name, last_run_dtm) values(rpt_name, @end_dtm);

   commit;
END ;;
DELIMITER ;
/*!50003 SET sql_mode              = @saved_sql_mode */ ;
/*!50003 SET character_set_client  = @saved_cs_client */ ;
/*!50003 SET character_set_results = @saved_cs_results */ ;
/*!50003 SET collation_connection  = @saved_col_connection */ ;
ALTER DATABASE `inventory` CHARACTER SET utf8 COLLATE utf8_general_ci ;

--
-- Final view structure for view `current_inventory`
--

/*!50001 DROP VIEW IF EXISTS `current_inventory`*/;
/*!50001 SET @saved_cs_client          = @@character_set_client */;
/*!50001 SET @saved_cs_results         = @@character_set_results */;
/*!50001 SET @saved_col_connection     = @@collation_connection */;
/*!50001 SET character_set_client      = latin1 */;
/*!50001 SET character_set_results     = latin1 */;
/*!50001 SET collation_connection      = latin1_swedish_ci */;
/*!50001 CREATE ALGORITHM=UNDEFINED */
/*!50013 DEFINER=`root`@`localhost` SQL SECURITY DEFINER */
/*!50001 VIEW `current_inventory` AS select `inv1`.`id` AS `id`,`inv1`.`inventory` AS `inventory`,`inv1`.`status` AS `status`,`inv1`.`productId` AS `productId`,`inv1`.`distributor` AS `distributor`,`inv1`.`vendor` AS `vendor`,`inv1`.`distributor_type` AS `distributor_type`,sum(`inv1`.`totalCost`) AS `totalCost`,`inv1`.`type` AS `type`,`inv1`.`strainName` AS `strainName`,`inv1`.`productName` AS `productName`,`inv1`.`Amount` AS `Amount`,`inv1`.`unitOfMeasure` AS `unitOfMeasure`,`inv1`.`Total Mg THC` AS `Total Mg THC`,sum(`inv1`.`units`) AS `units`,`inv1`.`brand` AS `brand`,`inv1`.`classification` AS `classification`,`inv1`.`subtype` AS `subtype`,`inv1`.`effect` AS `effect`,`inv1`.`flavor` AS `flavor`,`inv1`.`general` AS `general`,`inv1`.`sizes` AS `sizes`,`inv1`.`priceSell` AS `priceSell`,`inv1`.`purchaseDate` AS `purchaseDate`,`inv1`.`goLiveDate` AS `goLiveDate`,sum(`inv1`.`preExciseCost`) AS `preExciseCost`,`inv1`.`po_status` AS `po_status`,`inv1`.`sku` AS `sku`,sum(`inv1`.`postExciseCost`) AS `postExciseCost` from (select `inventory`.`id` AS `id`,'live' AS `inventory`,'live' AS `status`,`product`.`id` AS `productId`,NULL AS `categoryId`,`tzd`.`name` AS `distributor`,`tzd`.`name` AS `vendor`,(case when (`tzd`.`arms_length` = 1) then 'ARMS_LENGTH' else 'NON_ARMS_LENGTH' end) AS `distributor_type`,ifnull((`inventory`.`cost_per_unit` + `inventory`.`excise_tax_per_unit`),0) AS `costPerUnit`,ifnull(((`inventory`.`cost_per_unit` + `inventory`.`excise_tax_per_unit`) * ((`inventory`.`available_units` + `inventory`.`packed_and_ready_units`) + `inventory`.`reserved_units`)),0) AS `totalCost`,NULL AS `totalGram`,`inventory`.`batch_id` AS `batch`,NULL AS `unitNumber`,`type`.`name` AS `type`,left(group_concat(distinct if((`product_metadata`.`field_name` = 'Name'),`product_detail`.`value`,NULL) separator ','),255) AS `strainName`,left(group_concat(distinct if((`product_metadata`.`field_name` = 'Name'),`product_detail`.`value`,NULL) separator ','),255) AS `productName`,NULL AS `label`,left(group_concat(distinct if((`product_metadata`.`field_name` = 'Amount'),`product_detail`.`value`,NULL) separator ','),255) AS `Amount`,left(group_concat(distinct if((`product_metadata`.`field_name` = 'UoM'),`product_detail`.`value`,NULL) separator ','),255) AS `unitOfMeasure`,left(group_concat(distinct if((`product_metadata`.`field_name` = 'Total Mg THC'),`product_detail`.`value`,NULL) separator ','),255) AS `Total Mg THC`,((`inventory`.`available_units` + `inventory`.`packed_and_ready_units`) + `inventory`.`reserved_units`) AS `units`,NULL AS `batchSize`,left(if((isnull(group_concat(distinct if((`product_metadata`.`field_name` = 'Brand'),`product_detail`.`value`,NULL) separator ',')) or (group_concat(distinct if((`product_metadata`.`field_name` = 'Brand'),`product_detail`.`value`,NULL) separator ',') = '')),'NO PRODUCT_BRAND',group_concat(distinct if((`product_metadata`.`field_name` = 'Brand'),`product_detail`.`value`,NULL) separator ',')),255) AS `brand`,left(group_concat(distinct if((`product_metadata`.`field_name` = 'Classification'),`product_detail`.`value`,NULL) separator ','),255) AS `classification`,left(if((isnull(group_concat(distinct if((`product_metadata`.`field_name` = 'Subtype'),`product_detail`.`value`,NULL) separator ',')) or (group_concat(distinct if((`product_metadata`.`field_name` = 'Subtype'),`product_detail`.`value`,NULL) separator ',') = '')),'NO PRODUCT_SUBTYPE',group_concat(distinct if((`product_metadata`.`field_name` = 'Subtype'),`product_detail`.`value`,NULL) separator ',')),255) AS `subtype`,`tzpa_effect`.`value` AS `effect`,`tzpa_flavor`.`value` AS `flavor`,`tzpa_general`.`value` AS `general`,left(group_concat(distinct if((`product_metadata`.`field_name` = 'Size'),`product_detail`.`value`,NULL) separator ','),255) AS `sizes`,NULL AS `priceTier`,`price_flat`.`price` AS `priceSell`,NULL AS `purchaseDate`,(select max(`inventory`.`tz_inventory`.`original_start_date`) from `inventory`.`tz_inventory` where (`inventory`.`tz_inventory`.`product_id` = `inventory`.`product_id`)) AS `goLiveDate`,NULL AS `outofstockDate`,ifnull((`inventory`.`cost_per_unit` * ((`inventory`.`available_units` + `inventory`.`packed_and_ready_units`) + `inventory`.`reserved_units`)),0) AS `preExciseCost`,`invoice`.`status` AS `po_status`,`sku1`.`sku` AS `sku`,ifnull(((`inventory`.`cost_per_unit` + `inventory`.`excise_tax_per_unit`) * ((`inventory`.`available_units` + `inventory`.`packed_and_ready_units`) + `inventory`.`reserved_units`)),0) AS `postExciseCost`,`tzp`.`package_label` AS `state_tracking_id`,`location`.`name` AS `Location Name` from ((((((((((((((`inventory`.`tz_inventory` `inventory` join `inventory`.`tz_product` `product` on(((`inventory`.`product_id` = `product`.`id`) and (((`inventory`.`available_units` + `inventory`.`packed_and_ready_units`) + `inventory`.`reserved_units`) > 0) and (`inventory`.`current_flag` = 1)))) join `inventory`.`tz_type` `type` on((`product`.`type_id` = `type`.`id`))) left join (select `inventory`.`tz_barcode`.`reference_id` AS `reference_id`,group_concat(`inventory`.`tz_barcode`.`code` separator ',') AS `sku` from `inventory`.`tz_barcode` where (`inventory`.`tz_barcode`.`reference_type` = 'package') group by `inventory`.`tz_barcode`.`reference_id`) `sku1` on((`sku1`.`reference_id` = `inventory`.`package_id`))) left join `inventory`.`tz_invoice_line` `invoice_line` on((`inventory`.`invoice_line_id` = `invoice_line`.`id`))) left join `inventory`.`tz_invoice` `invoice` on((`invoice`.`id` = `invoice_line`.`invoice_id`))) left join `inventory`.`tz_location` `location` on((`inventory`.`location_id` = `location`.`id`))) left join `inventory`.`tz_price_flat` `price_flat` on((`product`.`id` = `price_flat`.`product_id`))) left join `inventory`.`tz_product_detail` `product_detail` on((`product_detail`.`product_id` = `product`.`id`))) left join `inventory`.`tz_product_metadata` `product_metadata` on((`product_detail`.`product_metadata_id` = `product_metadata`.`id`))) left join `inventory`.`tz_package` `tzp` on((`inventory`.`package_id` = `tzp`.`id`))) left join `inventory`.`tz_distributor` `tzd` on((`tzp`.`distributor_id` = `tzd`.`id`))) left join `inventory`.`tz_product_attribute` `tzpa_general` on(((`tzpa_general`.`product_id` = `product`.`id`) and (`tzpa_general`.`name` = 'GENERAL')))) left join `inventory`.`tz_product_attribute` `tzpa_effect` on(((`tzpa_effect`.`product_id` = `product`.`id`) and (`tzpa_effect`.`name` = 'EFFECT')))) left join `inventory`.`tz_product_attribute` `tzpa_flavor` on(((`tzpa_flavor`.`product_id` = `product`.`id`) and (`tzpa_flavor`.`name` = 'FLAVOR')))) group by `inventory`.`id`) `inv1` group by `inv1`.`productId` */;
/*!50001 SET character_set_client      = @saved_cs_client */;
/*!50001 SET character_set_results     = @saved_cs_results */;
/*!50001 SET collation_connection      = @saved_col_connection */;

--
-- Final view structure for view `invoice_report`
--

/*!50001 DROP VIEW IF EXISTS `invoice_report`*/;
/*!50001 SET @saved_cs_client          = @@character_set_client */;
/*!50001 SET @saved_cs_results         = @@character_set_results */;
/*!50001 SET @saved_col_connection     = @@collation_connection */;
/*!50001 SET character_set_client      = latin1 */;
/*!50001 SET character_set_results     = latin1 */;
/*!50001 SET collation_connection      = latin1_swedish_ci */;
/*!50001 CREATE ALGORITHM=UNDEFINED */
/*!50013 DEFINER=`root`@`localhost` SQL SECURITY DEFINER */
/*!50001 VIEW `invoice_report` AS select `invoice_line`.`id` AS `id`,`invoice`.`visible_id` AS `invoice_number`,`invoice`.`status` AS `po_status`,cast(`invoice_line`.`original_start_date` as date) AS `invoice_date`,`invoice_line`.`original_start_date` AS `receiving_date`,'N' AS `transfer`,`tzd`.`name` AS `distributor`,(case when (`tzd`.`arms_length` = 1) then 'ARMS_LENGTH' else 'NON_ARMS_LENGTH' end) AS `distributor_type`,`type`.`name` AS `type`,left(group_concat(distinct if((`product_metadata`.`field_name` = 'Name'),`product_detail`.`value`,NULL) separator ','),255) AS `product`,`invoice_line_cost`.`units` AS `units`,`invoice_line_cost`.`base_cost_total` AS `pre_excise_cost`,(`invoice_line_cost`.`base_cost_total` + if(`type`.`is_cannabis`,((`invoice_line_cost`.`base_cost_per_unit` * `invoice_line_cost`.`effective_excise_ratio`) * `invoice_line_cost`.`units`),0)) AS `post_excise_cost` from ((((((((((`tz_invoice_line` `invoice_line` join `tz_invoice` `invoice` on(((`invoice_line`.`invoice_id` = `invoice`.`id`) and (`invoice_line`.`current_flag` = 1) and (`invoice`.`current_flag` = 1)))) left join `tz_location` `location` on(((`invoice`.`location_id` = `location`.`id`) and (`location`.`current_flag` = 1)))) left join `tz_invoice_line_cost` `invoice_line_cost` on(((`invoice_line`.`cost_id` = `invoice_line_cost`.`id`) and (`invoice_line_cost`.`current_flag` = 1)))) left join `tz_product` `product` on(((`invoice_line`.`product_id` = `product`.`id`) and (`product`.`current_flag` = 1)))) left join `tz_product_detail` `product_detail` on(((`product_detail`.`product_id` = `product`.`id`) and (`product_detail`.`current_flag` = 1)))) left join `tz_product_metadata` `product_metadata` on(((`product_detail`.`product_metadata_id` = `product_metadata`.`id`) and (`product_metadata`.`current_flag` = 1)))) left join `tz_type` `type` on(((`invoice_line`.`type_id` = `type`.`id`) and (`type`.`current_flag` = 1)))) left join `tz_inventory` `inventory` on(((`invoice_line`.`id` = `inventory`.`invoice_line_id`) and (`inventory`.`current_flag` = 1)))) left join `tz_distributor` `tzd` on((`invoice_line`.`distributor_id` = `tzd`.`id`))) left join `tz_barcode` `barcode` on(((`product`.`id` = `barcode`.`reference_id`) and (`barcode`.`current_flag` = 1)))) group by `invoice_line`.`id` */;
/*!50001 SET character_set_client      = @saved_cs_client */;
/*!50001 SET character_set_results     = @saved_cs_results */;
/*!50001 SET collation_connection      = @saved_col_connection */;
/*!40103 SET TIME_ZONE=@OLD_TIME_ZONE */;

/*!40101 SET SQL_MODE=@OLD_SQL_MODE */;
/*!40014 SET FOREIGN_KEY_CHECKS=@OLD_FOREIGN_KEY_CHECKS */;
/*!40014 SET UNIQUE_CHECKS=@OLD_UNIQUE_CHECKS */;
/*!40101 SET CHARACTER_SET_CLIENT=@OLD_CHARACTER_SET_CLIENT */;
/*!40101 SET CHARACTER_SET_RESULTS=@OLD_CHARACTER_SET_RESULTS */;
/*!40101 SET COLLATION_CONNECTION=@OLD_COLLATION_CONNECTION */;
/*!40111 SET SQL_NOTES=@OLD_SQL_NOTES */;

-- Dump completed on 2020-02-18 13:53:04
